Main Topic,Subtopic,Learning Outcome,Subject,Exam Board,Qualification,Level,Component Name,Paper Code,Duration (min),Total Marks,Weighting (%)
1 Data processing and information,1.1 Data and information,"Differences between data and information, including: identifying that data becomes information through context and meaning",Information Technology,Cambridge Assessment International Education,Cambridge International AS & A Level,AS Level,Paper 1 Theory,9626/1,105,70,50
1 Data processing and information,1.1 Data and information,"Differences between data and information, including: identifying that data becomes information through context and meaning",Information Technology,Cambridge Assessment International Education,Cambridge International AS & A Level,A Level,Paper 1 Theory,9626/1,105,70,25
1 Data processing and information,1.1 Data and information,Uses of direct and indirect data and their suitability for given purposes,Information Technology,Cambridge Assessment International Education,Cambridge International AS & A Level,AS Level,Paper 1 Theory,9626/1,105,70,50
1 Data processing and information,1.1 Data and information,Uses of direct and indirect data and their suitability for given purposes,Information Technology,Cambridge Assessment International Education,Cambridge International AS & A Level,A Level,Paper 1 Theory,9626/1,105,70,25
1 Data processing and information,1.1 Data and information,"Sources of direct data, for example: questionnaires; interviews; data logging; observation",Information Technology,Cambridge Assessment International Education,Cambridge International AS & A Level,AS Level,Paper 1 Theory,9626/1,105,70,50
1 Data processing and information,1.1 Data and information,"Sources of direct data, for example: questionnaires; interviews; data logging; observation",Information Technology,Cambridge Assessment International Education,Cambridge International AS & A Level,A Level,Paper 1 Theory,9626/1,105,70,25
1 Data processing and information,1.1 Data and information,"Sources of indirect data, for example: weather data; census data; electoral register; businesses collecting personal information when used by third parties; research from textbooks, journals and websites",Information Technology,Cambridge Assessment International Education,Cambridge International AS & A Level,AS Level,Paper 1 Theory,9626/1,105,70,50
1 Data processing and information,1.1 Data and information,"Sources of indirect data, for example: weather data; census data; electoral register; businesses collecting personal information when used by third parties; research from textbooks, journals and websites",Information Technology,Cambridge Assessment International Education,Cambridge International AS & A Level,A Level,Paper 1 Theory,9626/1,105,70,25
1 Data processing and information,1.1 Data and information,Advantages and disadvantages of direct and indirect data,Information Technology,Cambridge Assessment International Education,Cambridge International AS & A Level,AS Level,Paper 1 Theory,9626/1,105,70,50
1 Data processing and information,1.1 Data and information,Advantages and disadvantages of direct and indirect data,Information Technology,Cambridge Assessment International Education,Cambridge International AS & A Level,A Level,Paper 1 Theory,9626/1,105,70,25
1 Data processing and information,1.2 Quality of information,"Factors that affect the quality of information, for example: accuracy; relevance; age; level of detail; completeness of information",Information Technology,Cambridge Assessment International Education,Cambridge International AS & A Level,AS Level,Paper 1 Theory,9626/1,105,70,50
1 Data processing and information,1.2 Quality of information,"Factors that affect the quality of information, for example: accuracy; relevance; age; level of detail; completeness of information",Information Technology,Cambridge Assessment International Education,Cambridge International AS & A Level,A Level,Paper 1 Theory,9626/1,105,70,25
1 Data processing and information,1.3 Encryption,The need for encryption,Information Technology,Cambridge Assessment International Education,Cambridge International AS & A Level,AS Level,Paper 1 Theory,9626/1,105,70,50
1 Data processing and information,1.3 Encryption,The need for encryption,Information Technology,Cambridge Assessment International Education,Cambridge International AS & A Level,A Level,Paper 1 Theory,9626/1,105,70,25
1 Data processing and information,1.3 Encryption,"Methods of encryption, including: symmetric (using private key only); asymmetric (using private and public keys)",Information Technology,Cambridge Assessment International Education,Cambridge International AS & A Level,AS Level,Paper 1 Theory,9626/1,105,70,50
1 Data processing and information,1.3 Encryption,"Methods of encryption, including: symmetric (using private key only); asymmetric (using private and public keys)",Information Technology,Cambridge Assessment International Education,Cambridge International AS & A Level,A Level,Paper 1 Theory,9626/1,105,70,25
1 Data processing and information,1.3 Encryption,"Encryption protocols, including: the purpose of Transport Layer Security (TLS)/Secure Socket Layer (SSL) and Internet Protocol Security (IPsec); the use of TLS/SSL and IPsec in client server communication",Information Technology,Cambridge Assessment International Education,Cambridge International AS & A Level,AS Level,Paper 1 Theory,9626/1,105,70,50
1 Data processing and information,1.3 Encryption,"Encryption protocols, including: the purpose of Transport Layer Security (TLS)/Secure Socket Layer (SSL) and Internet Protocol Security (IPsec); the use of TLS/SSL and IPsec in client server communication",Information Technology,Cambridge Assessment International Education,Cambridge International AS & A Level,A Level,Paper 1 Theory,9626/1,105,70,25
1 Data processing and information,1.3 Encryption,"Uses of encryption, including: protection of data; systems encryption",Information Technology,Cambridge Assessment International Education,Cambridge International AS & A Level,AS Level,Paper 1 Theory,9626/1,105,70,50
1 Data processing and information,1.3 Encryption,"Uses of encryption, including: protection of data; systems encryption",Information Technology,Cambridge Assessment International Education,Cambridge International AS & A Level,A Level,Paper 1 Theory,9626/1,105,70,25
1 Data processing and information,1.3 Encryption,Advantages and disadvantages of different protocols and methods of encryption,Information Technology,Cambridge Assessment International Education,Cambridge International AS & A Level,AS Level,Paper 1 Theory,9626/1,105,70,50
1 Data processing and information,1.3 Encryption,Advantages and disadvantages of different protocols and methods of encryption,Information Technology,Cambridge Assessment International Education,Cambridge International AS & A Level,A Level,Paper 1 Theory,9626/1,105,70,25
1 Data processing and information,1.4 Checking the accuracy of data,"Methods and uses of validation and verification, including: validation: presence check; range check; type check; length check; format check; check digit; lookup check; consistency check; limit check; verification: visual checking and double data entry; parity check; checksum; hash total; control total",Information Technology,Cambridge Assessment International Education,Cambridge International AS & A Level,AS Level,Paper 1 Theory,9626/1,105,70,50
1 Data processing and information,1.4 Checking the accuracy of data,"Methods and uses of validation and verification, including: validation: presence check; range check; type check; length check; format check; check digit; lookup check; consistency check; limit check; verification: visual checking and double data entry; parity check; checksum; hash total; control total",Information Technology,Cambridge Assessment International Education,Cambridge International AS & A Level,A Level,Paper 1 Theory,9626/1,105,70,25
1 Data processing and information,1.4 Checking the accuracy of data,The difference between validation and verification,Information Technology,Cambridge Assessment International Education,Cambridge International AS & A Level,AS Level,Paper 1 Theory,9626/1,105,70,50
1 Data processing and information,1.4 Checking the accuracy of data,The difference between validation and verification,Information Technology,Cambridge Assessment International Education,Cambridge International AS & A Level,A Level,Paper 1 Theory,9626/1,105,70,25
1 Data processing and information,1.4 Checking the accuracy of data,The need for both validation and verification,Information Technology,Cambridge Assessment International Education,Cambridge International AS & A Level,AS Level,Paper 1 Theory,9626/1,105,70,50
1 Data processing and information,1.4 Checking the accuracy of data,The need for both validation and verification,Information Technology,Cambridge Assessment International Education,Cambridge International AS & A Level,A Level,Paper 1 Theory,9626/1,105,70,25
1 Data processing and information,1.4 Checking the accuracy of data,Advantages and disadvantages of validation and verification,Information Technology,Cambridge Assessment International Education,Cambridge International AS & A Level,AS Level,Paper 1 Theory,9626/1,105,70,50
1 Data processing and information,1.4 Checking the accuracy of data,Advantages and disadvantages of validation and verification,Information Technology,Cambridge Assessment International Education,Cambridge International AS & A Level,A Level,Paper 1 Theory,9626/1,105,70,25
1 Data processing and information,1.5 Data processing,"Methods and uses of batch processing, including: utility bills; credit card and debit card accounts; customer accounts; master and transaction files and their use in payroll and customer orders; the steps involved in sequentially updating a master file using a transaction file",Information Technology,Cambridge Assessment International Education,Cambridge International AS & A Level,AS Level,Paper 1 Theory,9626/1,105,70,50
1 Data processing and information,1.5 Data processing,"Methods and uses of batch processing, including: utility bills; credit card and debit card accounts; customer accounts; master and transaction files and their use in payroll and customer orders; the steps involved in sequentially updating a master file using a transaction file",Information Technology,Cambridge Assessment International Education,Cambridge International AS & A Level,A Level,Paper 1 Theory,9626/1,105,70,25
1 Data processing and information,1.5 Data processing,"Methods and uses of online processing, including the steps involved in carrying out: electronic funds transfer; automatic stock control; electronic data interchange (exchange); business-to-business buying and selling; online shopping",Information Technology,Cambridge Assessment International Education,Cambridge International AS & A Level,AS Level,Paper 1 Theory,9626/1,105,70,50
1 Data processing and information,1.5 Data processing,"Methods and uses of online processing, including the steps involved in carrying out: electronic funds transfer; automatic stock control; electronic data interchange (exchange); business-to-business buying and selling; online shopping",Information Technology,Cambridge Assessment International Education,Cambridge International AS & A Level,A Level,Paper 1 Theory,9626/1,105,70,25
1 Data processing and information,1.5 Data processing,"Methods and uses of real-time processing systems where the output affects the input, including: microprocessor-controlled/computer-controlled systems, including: greenhouses; central heating systems; air conditioning systems; burglar alarms; control of traffic/pedestrian flow/smart motorways; car park barriers; traffic lights; wireless sensor and actuator networks, including: smart homes; guidance systems (for space rockets, etc.); autonomous vehicles (including aircraft, cars/automobiles, drones and ships)",Information Technology,Cambridge Assessment International Education,Cambridge International AS & A Level,AS Level,Paper 1 Theory,9626/1,105,70,50
1 Data processing and information,1.5 Data processing,"Methods and uses of real-time processing systems where the output affects the input, including: microprocessor-controlled/computer-controlled systems, including: greenhouses; central heating systems; air conditioning systems; burglar alarms; control of traffic/pedestrian flow/smart motorways; car park barriers; traffic lights; wireless sensor and actuator networks, including: smart homes; guidance systems (for space rockets, etc.); autonomous vehicles (including aircraft, cars/automobiles, drones and ships)",Information Technology,Cambridge Assessment International Education,Cambridge International AS & A Level,A Level,Paper 1 Theory,9626/1,105,70,25
1 Data processing and information,1.5 Data processing,Write an algorithm to show the steps involved in different methods of processing (see 4.1),Information Technology,Cambridge Assessment International Education,Cambridge International AS & A Level,AS Level,Paper 1 Theory,9626/1,105,70,50
1 Data processing and information,1.5 Data processing,Write an algorithm to show the steps involved in different methods of processing (see 4.1),Information Technology,Cambridge Assessment International Education,Cambridge International AS & A Level,A Level,Paper 1 Theory,9626/1,105,70,25
1 Data processing and information,1.5 Data processing,Advantages and disadvantages of different methods of data processing,Information Technology,Cambridge Assessment International Education,Cambridge International AS & A Level,AS Level,Paper 1 Theory,9626/1,105,70,50
1 Data processing and information,1.5 Data processing,Advantages and disadvantages of different methods of data processing,Information Technology,Cambridge Assessment International Education,Cambridge International AS & A Level,A Level,Paper 1 Theory,9626/1,105,70,25
2 Hardware and software,2.1 Mainframe computers and supercomputers,"Characteristics of mainframe computers and supercomputers, including: longevity; reliability, availability and serviceability (RAS); security; performance metrics (MIPS and FLOPS); volume of input, output and throughput; fault tolerance; operating system; number of processors; heat maintenance",Information Technology,Cambridge Assessment International Education,Cambridge International AS & A Level,AS Level,Paper 1 Theory,9626/1,105,70,50
2 Hardware and software,2.1 Mainframe computers and supercomputers,"Characteristics of mainframe computers and supercomputers, including: longevity; reliability, availability and serviceability (RAS); security; performance metrics (MIPS and FLOPS); volume of input, output and throughput; fault tolerance; operating system; number of processors; heat maintenance",Information Technology,Cambridge Assessment International Education,Cambridge International AS & A Level,A Level,Paper 1 Theory,9626/1,105,70,25
2 Hardware and software,2.1 Mainframe computers and supercomputers,"Uses of mainframe computers, including: census; transaction processing; industry statistics; consumer statistics",Information Technology,Cambridge Assessment International Education,Cambridge International AS & A Level,AS Level,Paper 1 Theory,9626/1,105,70,50
2 Hardware and software,2.1 Mainframe computers and supercomputers,"Uses of mainframe computers, including: census; transaction processing; industry statistics; consumer statistics",Information Technology,Cambridge Assessment International Education,Cambridge International AS & A Level,A Level,Paper 1 Theory,9626/1,105,70,25
2 Hardware and software,2.1 Mainframe computers and supercomputers,"Uses of supercomputers, including: weather forecasting; climate research; quantum mechanics",Information Technology,Cambridge Assessment International Education,Cambridge International AS & A Level,AS Level,Paper 1 Theory,9626/1,105,70,50
2 Hardware and software,2.1 Mainframe computers and supercomputers,"Uses of supercomputers, including: weather forecasting; climate research; quantum mechanics",Information Technology,Cambridge Assessment International Education,Cambridge International AS & A Level,A Level,Paper 1 Theory,9626/1,105,70,25
2 Hardware and software,2.1 Mainframe computers and supercomputers,Advantages and disadvantages of mainframe computers and supercomputers,Information Technology,Cambridge Assessment International Education,Cambridge International AS & A Level,AS Level,Paper 1 Theory,9626/1,105,70,50
2 Hardware and software,2.1 Mainframe computers and supercomputers,Advantages and disadvantages of mainframe computers and supercomputers,Information Technology,Cambridge Assessment International Education,Cambridge International AS & A Level,A Level,Paper 1 Theory,9626/1,105,70,25
2 Hardware and software,2.2 System software,"Types and functions of system software, including: compilers; interpreters; linkers; device drivers; operating systems; utilities",Information Technology,Cambridge Assessment International Education,Cambridge International AS & A Level,AS Level,Paper 1 Theory,9626/1,105,70,50
2 Hardware and software,2.2 System software,"Types and functions of system software, including: compilers; interpreters; linkers; device drivers; operating systems; utilities",Information Technology,Cambridge Assessment International Education,Cambridge International AS & A Level,A Level,Paper 1 Theory,9626/1,105,70,25
2 Hardware and software,2.2 System software,"Uses of system software, including: how a high-level language is translated to run on different computer systems using: interpreters; cross compilers",Information Technology,Cambridge Assessment International Education,Cambridge International AS & A Level,AS Level,Paper 1 Theory,9626/1,105,70,50
2 Hardware and software,2.2 System software,"Uses of system software, including: how a high-level language is translated to run on different computer systems using: interpreters; cross compilers",Information Technology,Cambridge Assessment International Education,Cambridge International AS & A Level,A Level,Paper 1 Theory,9626/1,105,70,25
2 Hardware and software,2.2 System software,Advantages and disadvantages of different types of system software,Information Technology,Cambridge Assessment International Education,Cambridge International AS & A Level,AS Level,Paper 1 Theory,9626/1,105,70,50
2 Hardware and software,2.2 System software,Advantages and disadvantages of different types of system software,Information Technology,Cambridge Assessment International Education,Cambridge International AS & A Level,A Level,Paper 1 Theory,9626/1,105,70,25
2 Hardware and software,2.3 Utility software,"The need for utility software, including: anti-virus; back-up; data compression; disk defragmentation (including understanding the structure of hard disk storage); formatting (including low-level, partitioning and high-level); file copying; deleting files",Information Technology,Cambridge Assessment International Education,Cambridge International AS & A Level,AS Level,Paper 1 Theory,9626/1,105,70,50
2 Hardware and software,2.3 Utility software,"The need for utility software, including: anti-virus; back-up; data compression; disk defragmentation (including understanding the structure of hard disk storage); formatting (including low-level, partitioning and high-level); file copying; deleting files",Information Technology,Cambridge Assessment International Education,Cambridge International AS & A Level,A Level,Paper 1 Theory,9626/1,105,70,25
2 Hardware and software,2.3 Utility software,"Types of utility software, including: file management systems; disk management systems; data compression utilities",Information Technology,Cambridge Assessment International Education,Cambridge International AS & A Level,AS Level,Paper 1 Theory,9626/1,105,70,50
2 Hardware and software,2.3 Utility software,"Types of utility software, including: file management systems; disk management systems; data compression utilities",Information Technology,Cambridge Assessment International Education,Cambridge International AS & A Level,A Level,Paper 1 Theory,9626/1,105,70,25
2 Hardware and software,2.3 Utility software,Uses of the different types of utility software,Information Technology,Cambridge Assessment International Education,Cambridge International AS & A Level,AS Level,Paper 1 Theory,9626/1,105,70,50
2 Hardware and software,2.3 Utility software,Uses of the different types of utility software,Information Technology,Cambridge Assessment International Education,Cambridge International AS & A Level,A Level,Paper 1 Theory,9626/1,105,70,25
2 Hardware and software,2.3 Utility software,Advantages and disadvantages of different types of utility software,Information Technology,Cambridge Assessment International Education,Cambridge International AS & A Level,AS Level,Paper 1 Theory,9626/1,105,70,50
2 Hardware and software,2.3 Utility software,Advantages and disadvantages of different types of utility software,Information Technology,Cambridge Assessment International Education,Cambridge International AS & A Level,A Level,Paper 1 Theory,9626/1,105,70,25
2 Hardware and software,2.4 Custom-written software and off-the-shelf software,Custom-written software: uses by individuals and organisations,Information Technology,Cambridge Assessment International Education,Cambridge International AS & A Level,AS Level,Paper 1 Theory,9626/1,105,70,50
2 Hardware and software,2.4 Custom-written software and off-the-shelf software,Custom-written software: uses by individuals and organisations,Information Technology,Cambridge Assessment International Education,Cambridge International AS & A Level,A Level,Paper 1 Theory,9626/1,105,70,25
2 Hardware and software,2.4 Custom-written software and off-the-shelf software,Off-the-shelf software: uses by individuals and organisations,Information Technology,Cambridge Assessment International Education,Cambridge International AS & A Level,AS Level,Paper 1 Theory,9626/1,105,70,50
2 Hardware and software,2.4 Custom-written software and off-the-shelf software,Off-the-shelf software: uses by individuals and organisations,Information Technology,Cambridge Assessment International Education,Cambridge International AS & A Level,A Level,Paper 1 Theory,9626/1,105,70,25
2 Hardware and software,2.4 Custom-written software and off-the-shelf software,"Advantages and disadvantages of different types of custom-written and off-the-shelf software, including: degree of testing; level of support; cost; adaptability",Information Technology,Cambridge Assessment International Education,Cambridge International AS & A Level,AS Level,Paper 1 Theory,9626/1,105,70,50
2 Hardware and software,2.4 Custom-written software and off-the-shelf software,"Advantages and disadvantages of different types of custom-written and off-the-shelf software, including: degree of testing; level of support; cost; adaptability",Information Technology,Cambridge Assessment International Education,Cambridge International AS & A Level,A Level,Paper 1 Theory,9626/1,105,70,25
2 Hardware and software,2.4 Custom-written software and off-the-shelf software,Proprietary and open-source software,Information Technology,Cambridge Assessment International Education,Cambridge International AS & A Level,AS Level,Paper 1 Theory,9626/1,105,70,50
2 Hardware and software,2.4 Custom-written software and off-the-shelf software,Proprietary and open-source software,Information Technology,Cambridge Assessment International Education,Cambridge International AS & A Level,A Level,Paper 1 Theory,9626/1,105,70,25
2 Hardware and software,2.5 User interfaces,"Types of user interfaces, including: command line interface; graphical user interface; dialogue interface; gesture-based interface",Information Technology,Cambridge Assessment International Education,Cambridge International AS & A Level,AS Level,Paper 1 Theory,9626/1,105,70,50
2 Hardware and software,2.5 User interfaces,"Types of user interfaces, including: command line interface; graphical user interface; dialogue interface; gesture-based interface",Information Technology,Cambridge Assessment International Education,Cambridge International AS & A Level,A Level,Paper 1 Theory,9626/1,105,70,25
2 Hardware and software,2.5 User interfaces,Uses of the different types of user interfaces,Information Technology,Cambridge Assessment International Education,Cambridge International AS & A Level,AS Level,Paper 1 Theory,9626/1,105,70,50
2 Hardware and software,2.5 User interfaces,Uses of the different types of user interfaces,Information Technology,Cambridge Assessment International Education,Cambridge International AS & A Level,A Level,Paper 1 Theory,9626/1,105,70,25
2 Hardware and software,2.5 User interfaces,Advantages and disadvantages of different types of user interfaces,Information Technology,Cambridge Assessment International Education,Cambridge International AS & A Level,AS Level,Paper 1 Theory,9626/1,105,70,50
2 Hardware and software,2.5 User interfaces,Advantages and disadvantages of different types of user interfaces,Information Technology,Cambridge Assessment International Education,Cambridge International AS & A Level,A Level,Paper 1 Theory,9626/1,105,70,25
3 Monitoring and control,3.1 Monitoring and measurement technologies,"Sensors, including: light/UV; temperature; pressure; humidity; pH; gas sensors (including oxygen, carbon dioxide, carbon monoxide and oxides of nitrogen); sound; infrared; touch sensors; (electro)magnetic field sensors; proximity sensors",Information Technology,Cambridge Assessment International Education,Cambridge International AS & A Level,AS Level,Paper 1 Theory,9626/1,105,70,50
3 Monitoring and control,3.1 Monitoring and measurement technologies,"Sensors, including: light/UV; temperature; pressure; humidity; pH; gas sensors (including oxygen, carbon dioxide, carbon monoxide and oxides of nitrogen); sound; infrared; touch sensors; (electro)magnetic field sensors; proximity sensors",Information Technology,Cambridge Assessment International Education,Cambridge International AS & A Level,A Level,Paper 1 Theory,9626/1,105,70,25
3 Monitoring and control,3.1 Monitoring and measurement technologies,"Uses of monitoring and measurement technologies, including: environmental monitoring: monitoring water pollution; weather stations, including the use of sensors by weather stations; temperature sensors to measure ambient temperature; pressure sensors to measure atmospheric pressure; humidity sensors to measure absolute and relative humidity; light sensors to measure sunlight; monitoring patients",Information Technology,Cambridge Assessment International Education,Cambridge International AS & A Level,AS Level,Paper 1 Theory,9626/1,105,70,50
3 Monitoring and control,3.1 Monitoring and measurement technologies,"Uses of monitoring and measurement technologies, including: environmental monitoring: monitoring water pollution; weather stations, including the use of sensors by weather stations; temperature sensors to measure ambient temperature; pressure sensors to measure atmospheric pressure; humidity sensors to measure absolute and relative humidity; light sensors to measure sunlight; monitoring patients",Information Technology,Cambridge Assessment International Education,Cambridge International AS & A Level,A Level,Paper 1 Theory,9626/1,105,70,25
3 Monitoring and control,3.1 Monitoring and measurement technologies,"Calibration, including: the importance of calibration; the various methods used to calibrate devices, including when to use: one-point calibration; two-point calibration; multipoint calibration; methods of calibrating readings from sensors, for example, temperature sensors",Information Technology,Cambridge Assessment International Education,Cambridge International AS & A Level,AS Level,Paper 1 Theory,9626/1,105,70,50
3 Monitoring and control,3.1 Monitoring and measurement technologies,"Calibration, including: the importance of calibration; the various methods used to calibrate devices, including when to use: one-point calibration; two-point calibration; multipoint calibration; methods of calibrating readings from sensors, for example, temperature sensors",Information Technology,Cambridge Assessment International Education,Cambridge International AS & A Level,A Level,Paper 1 Theory,9626/1,105,70,25
3 Monitoring and control,3.2 Control technologies,"Sensors and their uses, including: touch sensors incorporated within detection devices used to measure fluid levels (for example, cooling water level in nuclear power plants); temperature sensors; light sensors to measure light level; light sensors to detect light source, for example, in a car park barrier system; moisture sensors to measure water content of soil; pH sensors to measure the acidity of soil; gas sensors; infrared sensors to detect movement of human bodies which emit heat, for example, in burglar alarm systems; (electro)magnetic field sensors; ultrasonic sensors; the use of induction (inductive) loops in car parking and car park barrier systems; sound sensors in burglar alarm systems; proximity sensor in smartphones to switch off screen display when phone is held near to the ear",Information Technology,Cambridge Assessment International Education,Cambridge International AS & A Level,AS Level,Paper 1 Theory,9626/1,105,70,50
3 Monitoring and control,3.2 Control technologies,"Sensors and their uses, including: touch sensors incorporated within detection devices used to measure fluid levels (for example, cooling water level in nuclear power plants); temperature sensors; light sensors to measure light level; light sensors to detect light source, for example, in a car park barrier system; moisture sensors to measure water content of soil; pH sensors to measure the acidity of soil; gas sensors; infrared sensors to detect movement of human bodies which emit heat, for example, in burglar alarm systems; (electro)magnetic field sensors; ultrasonic sensors; the use of induction (inductive) loops in car parking and car park barrier systems; sound sensors in burglar alarm systems; proximity sensor in smartphones to switch off screen display when phone is held near to the ear",Information Technology,Cambridge Assessment International Education,Cambridge International AS & A Level,A Level,Paper 1 Theory,9626/1,105,70,25
3 Monitoring and control,3.2 Control technologies,"Actuators and their uses, including: carrying out an action/movement, including: linear; rotary; soft; hydraulic; pneumatic; electric; thermal; magnetic; mechanic",Information Technology,Cambridge Assessment International Education,Cambridge International AS & A Level,AS Level,Paper 1 Theory,9626/1,105,70,50
3 Monitoring and control,3.2 Control technologies,"Actuators and their uses, including: carrying out an action/movement, including: linear; rotary; soft; hydraulic; pneumatic; electric; thermal; magnetic; mechanic",Information Technology,Cambridge Assessment International Education,Cambridge International AS & A Level,A Level,Paper 1 Theory,9626/1,105,70,25
3 Monitoring and control,3.2 Control technologies,"Microprocessor-controlled/computer-controlled technology, including: greenhouses; central heating systems; air conditioning systems; burglar alarms; control of traffic/pedestrian flow (including smart motorways); car park barriers; traffic lights; Wireless Sensor and Actuator Networks; smart homes",Information Technology,Cambridge Assessment International Education,Cambridge International AS & A Level,AS Level,Paper 1 Theory,9626/1,105,70,50
3 Monitoring and control,3.2 Control technologies,"Microprocessor-controlled/computer-controlled technology, including: greenhouses; central heating systems; air conditioning systems; burglar alarms; control of traffic/pedestrian flow (including smart motorways); car park barriers; traffic lights; Wireless Sensor and Actuator Networks; smart homes",Information Technology,Cambridge Assessment International Education,Cambridge International AS & A Level,A Level,Paper 1 Theory,9626/1,105,70,25
3 Monitoring and control,3.2 Control technologies,Advantages and disadvantages of different control technologies,Information Technology,Cambridge Assessment International Education,Cambridge International AS & A Level,AS Level,Paper 1 Theory,9626/1,105,70,50
3 Monitoring and control,3.2 Control technologies,Advantages and disadvantages of different control technologies,Information Technology,Cambridge Assessment International Education,Cambridge International AS & A Level,A Level,Paper 1 Theory,9626/1,105,70,25
3 Monitoring and control,3.2 Control technologies,Write an algorithm or draw a flowchart to represent the processing involved in the control technologies listed above (see 4.1),Information Technology,Cambridge Assessment International Education,Cambridge International AS & A Level,AS Level,Paper 1 Theory,9626/1,105,70,50
3 Monitoring and control,3.2 Control technologies,Write an algorithm or draw a flowchart to represent the processing involved in the control technologies listed above (see 4.1),Information Technology,Cambridge Assessment International Education,Cambridge International AS & A Level,A Level,Paper 1 Theory,9626/1,105,70,25
4 Algorithms and flowcharts,4.1 Algorithms,"Writing and editing a given algorithm that demonstrates a decision-making process, including: conditional branching; looping; nested loops; procedures/subroutines",Information Technology,Cambridge Assessment International Education,Cambridge International AS & A Level,AS Level,Paper 1 Theory,9626/1,105,70,50
4 Algorithms and flowcharts,4.1 Algorithms,"Writing and editing a given algorithm that demonstrates a decision-making process, including: conditional branching; looping; nested loops; procedures/subroutines",Information Technology,Cambridge Assessment International Education,Cambridge International AS & A Level,A Level,Paper 1 Theory,9626/1,105,70,25
4 Algorithms and flowcharts,4.1 Algorithms,"Writing an algorithm using pseudocode to solve a given problem, including: INPUT/READ; WRITE/PRINT; FOR…NEXT; FOR…NEXT…STEP; IF...ELSE...ENDIF; WHILE...ENDWHILE; REPEAT...UNTIL; CASE...ENDCASE; Comparison operators >, <, =; Arithmetic operators +, -, *, /",Information Technology,Cambridge Assessment International Education,Cambridge International AS & A Level,AS Level,Paper 1 Theory,9626/1,105,70,50
4 Algorithms and flowcharts,4.1 Algorithms,"Writing an algorithm using pseudocode to solve a given problem, including: INPUT/READ; WRITE/PRINT; FOR…NEXT; FOR…NEXT…STEP; IF...ELSE...ENDIF; WHILE...ENDWHILE; REPEAT...UNTIL; CASE...ENDCASE; Comparison operators >, <, =; Arithmetic operators +, -, *, /",Information Technology,Cambridge Assessment International Education,Cambridge International AS & A Level,A Level,Paper 1 Theory,9626/1,105,70,25
4 Algorithms and flowcharts,4.2 Flowcharts,Drawing a basic program flowchart to solve a given problem,Information Technology,Cambridge Assessment International Education,Cambridge International AS & A Level,AS Level,Paper 1 Theory,9626/1,105,70,50
4 Algorithms and flowcharts,4.2 Flowcharts,Drawing a basic program flowchart to solve a given problem,Information Technology,Cambridge Assessment International Education,Cambridge International AS & A Level,A Level,Paper 1 Theory,9626/1,105,70,25
4 Algorithms and flowcharts,4.2 Flowcharts,"Drawing a basic program flowchart that demonstrates a decision-making process (see symbols at the end of the ‘Subject content’ section), including: input/output; decision (using comparison operators); terminator (start, stop); process boxes (using arithmetic operators); subroutine; connector; flowline",Information Technology,Cambridge Assessment International Education,Cambridge International AS & A Level,AS Level,Paper 1 Theory,9626/1,105,70,50
4 Algorithms and flowcharts,4.2 Flowcharts,"Drawing a basic program flowchart that demonstrates a decision-making process (see symbols at the end of the ‘Subject content’ section), including: input/output; decision (using comparison operators); terminator (start, stop); process boxes (using arithmetic operators); subroutine; connector; flowline",Information Technology,Cambridge Assessment International Education,Cambridge International AS & A Level,A Level,Paper 1 Theory,9626/1,105,70,25
4 Algorithms and flowcharts,4.2 Flowcharts,Editing a given basic program flowchart that demonstrates a decision-making process,Information Technology,Cambridge Assessment International Education,Cambridge International AS & A Level,AS Level,Paper 1 Theory,9626/1,105,70,50
4 Algorithms and flowcharts,4.2 Flowcharts,Editing a given basic program flowchart that demonstrates a decision-making process,Information Technology,Cambridge Assessment International Education,Cambridge International AS & A Level,A Level,Paper 1 Theory,9626/1,105,70,25
4 Algorithms and flowcharts,4.2 Flowcharts,Identifying errors in an algorithm/program flowchart for a given scenario,Information Technology,Cambridge Assessment International Education,Cambridge International AS & A Level,AS Level,Paper 1 Theory,9626/1,105,70,50
4 Algorithms and flowcharts,4.2 Flowcharts,Identifying errors in an algorithm/program flowchart for a given scenario,Information Technology,Cambridge Assessment International Education,Cambridge International AS & A Level,A Level,Paper 1 Theory,9626/1,105,70,25
5 eSecurity,5.1 Personal data,What personal data is,Information Technology,Cambridge Assessment International Education,Cambridge International AS & A Level,AS Level,Paper 1 Theory,9626/1,105,70,50
5 eSecurity,5.1 Personal data,What personal data is,Information Technology,Cambridge Assessment International Education,Cambridge International AS & A Level,A Level,Paper 1 Theory,9626/1,105,70,25
5 eSecurity,5.1 Personal data,"Keeping personal data secure and confidential, including: why personal data should be kept confidential; how personal data can be kept confidential, including the removal of geotags from photos/videos, anonymising and aggregating information and duty of confidence measures",Information Technology,Cambridge Assessment International Education,Cambridge International AS & A Level,AS Level,Paper 1 Theory,9626/1,105,70,50
5 eSecurity,5.1 Personal data,"Keeping personal data secure and confidential, including: why personal data should be kept confidential; how personal data can be kept confidential, including the removal of geotags from photos/videos, anonymising and aggregating information and duty of confidence measures",Information Technology,Cambridge Assessment International Education,Cambridge International AS & A Level,A Level,Paper 1 Theory,9626/1,105,70,25
5 eSecurity,5.1 Personal data,"Preventing misuse of personal data, including: how personal data can be kept secure, including network security measures; how personal data can be gathered by unauthorised persons (smishing, vishing, phishing and pharming) and how this might be prevented, including firewalls (hardware and software)",Information Technology,Cambridge Assessment International Education,Cambridge International AS & A Level,AS Level,Paper 1 Theory,9626/1,105,70,50
5 eSecurity,5.1 Personal data,"Preventing misuse of personal data, including: how personal data can be kept secure, including network security measures; how personal data can be gathered by unauthorised persons (smishing, vishing, phishing and pharming) and how this might be prevented, including firewalls (hardware and software)",Information Technology,Cambridge Assessment International Education,Cambridge International AS & A Level,A Level,Paper 1 Theory,9626/1,105,70,25
5 eSecurity,5.1 Personal data,Advantages and disadvantages of the different methods of preventing misuse of personal data,Information Technology,Cambridge Assessment International Education,Cambridge International AS & A Level,AS Level,Paper 1 Theory,9626/1,105,70,50
5 eSecurity,5.1 Personal data,Advantages and disadvantages of the different methods of preventing misuse of personal data,Information Technology,Cambridge Assessment International Education,Cambridge International AS & A Level,A Level,Paper 1 Theory,9626/1,105,70,25
5 eSecurity,5.2 Malware,"Types of malware, including: trojan; worms; spyware; adware; rootkit; malicious bots; ransomware",Information Technology,Cambridge Assessment International Education,Cambridge International AS & A Level,AS Level,Paper 1 Theory,9626/1,105,70,50
5 eSecurity,5.2 Malware,"Types of malware, including: trojan; worms; spyware; adware; rootkit; malicious bots; ransomware",Information Technology,Cambridge Assessment International Education,Cambridge International AS & A Level,A Level,Paper 1 Theory,9626/1,105,70,25
5 eSecurity,5.2 Malware,"Uses of malware, including: fraud; theft; industrial espionage; sabotage",Information Technology,Cambridge Assessment International Education,Cambridge International AS & A Level,AS Level,Paper 1 Theory,9626/1,105,70,50
5 eSecurity,5.2 Malware,"Uses of malware, including: fraud; theft; industrial espionage; sabotage",Information Technology,Cambridge Assessment International Education,Cambridge International AS & A Level,A Level,Paper 1 Theory,9626/1,105,70,25
5 eSecurity,5.2 Malware,Consequences of malware for organisations and individuals,Information Technology,Cambridge Assessment International Education,Cambridge International AS & A Level,AS Level,Paper 1 Theory,9626/1,105,70,50
5 eSecurity,5.2 Malware,Consequences of malware for organisations and individuals,Information Technology,Cambridge Assessment International Education,Cambridge International AS & A Level,A Level,Paper 1 Theory,9626/1,105,70,25
5 eSecurity,5.2 Malware,Malware prevention software and physical malware prevention methods,Information Technology,Cambridge Assessment International Education,Cambridge International AS & A Level,AS Level,Paper 1 Theory,9626/1,105,70,50
5 eSecurity,5.2 Malware,Malware prevention software and physical malware prevention methods,Information Technology,Cambridge Assessment International Education,Cambridge International AS & A Level,A Level,Paper 1 Theory,9626/1,105,70,25
5 eSecurity,5.2 Malware,Advantages and disadvantages of the methods of malware prevention,Information Technology,Cambridge Assessment International Education,Cambridge International AS & A Level,AS Level,Paper 1 Theory,9626/1,105,70,50
5 eSecurity,5.2 Malware,Advantages and disadvantages of the methods of malware prevention,Information Technology,Cambridge Assessment International Education,Cambridge International AS & A Level,A Level,Paper 1 Theory,9626/1,105,70,25
6 The digital divide,6.1 The digital divide,"What the digital divide is, including: between people and regions that have access to modern technology and information (for example, smart phones, television, personal computers, tablet computers, laptop computers and internet access) and those with restricted or no access",Information Technology,Cambridge Assessment International Education,Cambridge International AS & A Level,AS Level,Paper 1 Theory,9626/1,105,70,50
6 The digital divide,6.1 The digital divide,"What the digital divide is, including: between people and regions that have access to modern technology and information (for example, smart phones, television, personal computers, tablet computers, laptop computers and internet access) and those with restricted or no access",Information Technology,Cambridge Assessment International Education,Cambridge International AS & A Level,A Level,Paper 1 Theory,9626/1,105,70,25
6 The digital divide,6.1 The digital divide,"Causes of the digital divide, including: the availability of high and low performance computers; wireless connections",Information Technology,Cambridge Assessment International Education,Cambridge International AS & A Level,AS Level,Paper 1 Theory,9626/1,105,70,50
6 The digital divide,6.1 The digital divide,"Causes of the digital divide, including: the availability of high and low performance computers; wireless connections",Information Technology,Cambridge Assessment International Education,Cambridge International AS & A Level,A Level,Paper 1 Theory,9626/1,105,70,25
6 The digital divide,6.1 The digital divide,"Effects of the digital divide, including: inequality of access to all types of internet services and technology; reducing the effects, including digital literacy teaching",Information Technology,Cambridge Assessment International Education,Cambridge International AS & A Level,AS Level,Paper 1 Theory,9626/1,105,70,50
6 The digital divide,6.1 The digital divide,"Effects of the digital divide, including: inequality of access to all types of internet services and technology; reducing the effects, including digital literacy teaching",Information Technology,Cambridge Assessment International Education,Cambridge International AS & A Level,A Level,Paper 1 Theory,9626/1,105,70,25
6 The digital divide,6.1 The digital divide,"Groups affected by the digital divide, including: people in different age groups; people in cities and people in rural areas; people with differing levels of education; people in different socioeconomic groups; people with accessibility barriers due to learning difficulties or physical or sensory impairments; people in more and less industrially developed nations, with different levels of technological awareness/infrastructure",Information Technology,Cambridge Assessment International Education,Cambridge International AS & A Level,AS Level,Paper 1 Theory,9626/1,105,70,50
6 The digital divide,6.1 The digital divide,"Groups affected by the digital divide, including: people in different age groups; people in cities and people in rural areas; people with differing levels of education; people in different socioeconomic groups; people with accessibility barriers due to learning difficulties or physical or sensory impairments; people in more and less industrially developed nations, with different levels of technological awareness/infrastructure",Information Technology,Cambridge Assessment International Education,Cambridge International AS & A Level,A Level,Paper 1 Theory,9626/1,105,70,25
7 Expert systems,7.1 Expert systems,How expert systems are used to produce possible solutions for different scenarios,Information Technology,Cambridge Assessment International Education,Cambridge International AS & A Level,AS Level,Paper 1 Theory,9626/1,105,70,50
7 Expert systems,7.1 Expert systems,How expert systems are used to produce possible solutions for different scenarios,Information Technology,Cambridge Assessment International Education,Cambridge International AS & A Level,A Level,Paper 1 Theory,9626/1,105,70,25
7 Expert systems,7.1 Expert systems,"Components, including: user interface; inference engine; knowledge base (as a database of facts and rules base); explanation system; knowledge base editor",Information Technology,Cambridge Assessment International Education,Cambridge International AS & A Level,AS Level,Paper 1 Theory,9626/1,105,70,50
7 Expert systems,7.1 Expert systems,"Components, including: user interface; inference engine; knowledge base (as a database of facts and rules base); explanation system; knowledge base editor",Information Technology,Cambridge Assessment International Education,Cambridge International AS & A Level,A Level,Paper 1 Theory,9626/1,105,70,25
7 Expert systems,7.1 Expert systems,"Scenarios, including: mineral prospecting; investment analysis; financial planning; insurance planning; car engine fault diagnosis; medical diagnosis; route scheduling for delivery vehicles; plant and animal identification",Information Technology,Cambridge Assessment International Education,Cambridge International AS & A Level,AS Level,Paper 1 Theory,9626/1,105,70,50
7 Expert systems,7.1 Expert systems,"Scenarios, including: mineral prospecting; investment analysis; financial planning; insurance planning; car engine fault diagnosis; medical diagnosis; route scheduling for delivery vehicles; plant and animal identification",Information Technology,Cambridge Assessment International Education,Cambridge International AS & A Level,A Level,Paper 1 Theory,9626/1,105,70,25
7 Expert systems,7.1 Expert systems,"The concepts of backward chaining and forward chaining, including the use of the IF…THEN constructs",Information Technology,Cambridge Assessment International Education,Cambridge International AS & A Level,AS Level,Paper 1 Theory,9626/1,105,70,50
7 Expert systems,7.1 Expert systems,"The concepts of backward chaining and forward chaining, including the use of the IF…THEN constructs",Information Technology,Cambridge Assessment International Education,Cambridge International AS & A Level,A Level,Paper 1 Theory,9626/1,105,70,25
7 Expert systems,7.1 Expert systems,"The terms data driven and goal driven, including their use in: diagnoses; gaming; artificial intelligence (for use in manipulating social media)",Information Technology,Cambridge Assessment International Education,Cambridge International AS & A Level,AS Level,Paper 1 Theory,9626/1,105,70,50
7 Expert systems,7.1 Expert systems,"The terms data driven and goal driven, including their use in: diagnoses; gaming; artificial intelligence (for use in manipulating social media)",Information Technology,Cambridge Assessment International Education,Cambridge International AS & A Level,A Level,Paper 1 Theory,9626/1,105,70,25
7 Expert systems,7.1 Expert systems,Advantages and disadvantages of expert systems,Information Technology,Cambridge Assessment International Education,Cambridge International AS & A Level,AS Level,Paper 1 Theory,9626/1,105,70,50
7 Expert systems,7.1 Expert systems,Advantages and disadvantages of expert systems,Information Technology,Cambridge Assessment International Education,Cambridge International AS & A Level,A Level,Paper 1 Theory,9626/1,105,70,25
8 Spreadsheets,8.1 Creating a spreadsheet,"Creating page/screen structures to meet the requirements of an audience and/or task specification/house style, including: page orientation; page size; fit to page; margins; header and footer",Information Technology,Cambridge Assessment International Education,Cambridge International AS & A Level,AS Level,Paper 1 Theory,9626/1,105,70,50
8 Spreadsheets,8.1 Creating a spreadsheet,"Creating page/screen structures to meet the requirements of an audience and/or task specification/house style, including: page orientation; page size; fit to page; margins; header and footer",Information Technology,Cambridge Assessment International Education,Cambridge International AS & A Level,A Level,Paper 1 Theory,9626/1,105,70,25
8 Spreadsheets,8.1 Creating a spreadsheet,"Creating page/screen structures to meet the requirements of an audience and/or task specification/house style, including: page orientation; page size; fit to page; margins; header and footer",Information Technology,Cambridge Assessment International Education,Cambridge International AS & A Level,AS Level,Paper 2 Practical,9626/2,150,90,50
8 Spreadsheets,8.1 Creating a spreadsheet,"Creating page/screen structures to meet the requirements of an audience and/or task specification/house style, including: page orientation; page size; fit to page; margins; header and footer",Information Technology,Cambridge Assessment International Education,Cambridge International AS & A Level,A Level,Paper 2 Practical,9626/2,150,90,25
8 Spreadsheets,8.1 Creating a spreadsheet,"Creating page/screen structures to meet the requirements of an audience and/or task specification/house style, including: page orientation; page size; fit to page; margins; header and footer",Information Technology,Cambridge Assessment International Education,Cambridge International AS & A Level,A Level,Paper 4 Advanced Practical,9626/4,150,90,25
8 Spreadsheets,8.1 Creating a spreadsheet,"Creating/editing spreadsheet structures, including: insert rows and columns; delete rows and columns; hide rows and columns; resize rows and columns; merge cells",Information Technology,Cambridge Assessment International Education,Cambridge International AS & A Level,AS Level,Paper 1 Theory,9626/1,105,70,50
8 Spreadsheets,8.1 Creating a spreadsheet,"Creating/editing spreadsheet structures, including: insert rows and columns; delete rows and columns; hide rows and columns; resize rows and columns; merge cells",Information Technology,Cambridge Assessment International Education,Cambridge International AS & A Level,A Level,Paper 1 Theory,9626/1,105,70,25
8 Spreadsheets,8.1 Creating a spreadsheet,"Creating/editing spreadsheet structures, including: insert rows and columns; delete rows and columns; hide rows and columns; resize rows and columns; merge cells",Information Technology,Cambridge Assessment International Education,Cambridge International AS & A Level,AS Level,Paper 2 Practical,9626/2,150,90,50
8 Spreadsheets,8.1 Creating a spreadsheet,"Creating/editing spreadsheet structures, including: insert rows and columns; delete rows and columns; hide rows and columns; resize rows and columns; merge cells",Information Technology,Cambridge Assessment International Education,Cambridge International AS & A Level,A Level,Paper 2 Practical,9626/2,150,90,25
8 Spreadsheets,8.1 Creating a spreadsheet,"Creating/editing spreadsheet structures, including: insert rows and columns; delete rows and columns; hide rows and columns; resize rows and columns; merge cells",Information Technology,Cambridge Assessment International Education,Cambridge International AS & A Level,A Level,Paper 4 Advanced Practical,9626/4,150,90,25
8 Spreadsheets,8.1 Creating a spreadsheet,"Controlling data input using validation techniques, for example, drop-down menu",Information Technology,Cambridge Assessment International Education,Cambridge International AS & A Level,AS Level,Paper 1 Theory,9626/1,105,70,50
8 Spreadsheets,8.1 Creating a spreadsheet,"Controlling data input using validation techniques, for example, drop-down menu",Information Technology,Cambridge Assessment International Education,Cambridge International AS & A Level,A Level,Paper 1 Theory,9626/1,105,70,25
8 Spreadsheets,8.1 Creating a spreadsheet,"Controlling data input using validation techniques, for example, drop-down menu",Information Technology,Cambridge Assessment International Education,Cambridge International AS & A Level,AS Level,Paper 2 Practical,9626/2,150,90,50
8 Spreadsheets,8.1 Creating a spreadsheet,"Controlling data input using validation techniques, for example, drop-down menu",Information Technology,Cambridge Assessment International Education,Cambridge International AS & A Level,A Level,Paper 2 Practical,9626/2,150,90,25
8 Spreadsheets,8.1 Creating a spreadsheet,"Controlling data input using validation techniques, for example, drop-down menu",Information Technology,Cambridge Assessment International Education,Cambridge International AS & A Level,A Level,Paper 4 Advanced Practical,9626/4,150,90,25
8 Spreadsheets,8.1 Creating a spreadsheet,"Protecting cells and their content, including: cells; rows; columns; worksheets; workbooks",Information Technology,Cambridge Assessment International Education,Cambridge International AS & A Level,AS Level,Paper 1 Theory,9626/1,105,70,50
8 Spreadsheets,8.1 Creating a spreadsheet,"Protecting cells and their content, including: cells; rows; columns; worksheets; workbooks",Information Technology,Cambridge Assessment International Education,Cambridge International AS & A Level,A Level,Paper 1 Theory,9626/1,105,70,25
8 Spreadsheets,8.1 Creating a spreadsheet,"Protecting cells and their content, including: cells; rows; columns; worksheets; workbooks",Information Technology,Cambridge Assessment International Education,Cambridge International AS & A Level,AS Level,Paper 2 Practical,9626/2,150,90,50
8 Spreadsheets,8.1 Creating a spreadsheet,"Protecting cells and their content, including: cells; rows; columns; worksheets; workbooks",Information Technology,Cambridge Assessment International Education,Cambridge International AS & A Level,A Level,Paper 2 Practical,9626/2,150,90,25
8 Spreadsheets,8.1 Creating a spreadsheet,"Protecting cells and their content, including: cells; rows; columns; worksheets; workbooks",Information Technology,Cambridge Assessment International Education,Cambridge International AS & A Level,A Level,Paper 4 Advanced Practical,9626/4,150,90,25
8 Spreadsheets,8.1 Creating a spreadsheet,Freezing and unfreezing panes and windows,Information Technology,Cambridge Assessment International Education,Cambridge International AS & A Level,AS Level,Paper 1 Theory,9626/1,105,70,50
8 Spreadsheets,8.1 Creating a spreadsheet,Freezing and unfreezing panes and windows,Information Technology,Cambridge Assessment International Education,Cambridge International AS & A Level,A Level,Paper 1 Theory,9626/1,105,70,25
8 Spreadsheets,8.1 Creating a spreadsheet,Freezing and unfreezing panes and windows,Information Technology,Cambridge Assessment International Education,Cambridge International AS & A Level,AS Level,Paper 2 Practical,9626/2,150,90,50
8 Spreadsheets,8.1 Creating a spreadsheet,Freezing and unfreezing panes and windows,Information Technology,Cambridge Assessment International Education,Cambridge International AS & A Level,A Level,Paper 2 Practical,9626/2,150,90,25
8 Spreadsheets,8.1 Creating a spreadsheet,Freezing and unfreezing panes and windows,Information Technology,Cambridge Assessment International Education,Cambridge International AS & A Level,A Level,Paper 4 Advanced Practical,9626/4,150,90,25
8 Spreadsheets,8.1 Creating a spreadsheet,Creating and using formulas that include/contain: addition; subtraction; multiplication; division; indices,Information Technology,Cambridge Assessment International Education,Cambridge International AS & A Level,AS Level,Paper 1 Theory,9626/1,105,70,50
8 Spreadsheets,8.1 Creating a spreadsheet,Creating and using formulas that include/contain: addition; subtraction; multiplication; division; indices,Information Technology,Cambridge Assessment International Education,Cambridge International AS & A Level,A Level,Paper 1 Theory,9626/1,105,70,25
8 Spreadsheets,8.1 Creating a spreadsheet,Creating and using formulas that include/contain: addition; subtraction; multiplication; division; indices,Information Technology,Cambridge Assessment International Education,Cambridge International AS & A Level,AS Level,Paper 2 Practical,9626/2,150,90,50
8 Spreadsheets,8.1 Creating a spreadsheet,Creating and using formulas that include/contain: addition; subtraction; multiplication; division; indices,Information Technology,Cambridge Assessment International Education,Cambridge International AS & A Level,A Level,Paper 2 Practical,9626/2,150,90,25
8 Spreadsheets,8.1 Creating a spreadsheet,Creating and using formulas that include/contain: addition; subtraction; multiplication; division; indices,Information Technology,Cambridge Assessment International Education,Cambridge International AS & A Level,A Level,Paper 4 Advanced Practical,9626/4,150,90,25
8 Spreadsheets,8.1 Creating a spreadsheet,"Using absolute, relative and mixed referencing to replicate formulas, including: named cells (across several worksheets or workbooks); named ranges (across several worksheets or workbooks)",Information Technology,Cambridge Assessment International Education,Cambridge International AS & A Level,AS Level,Paper 1 Theory,9626/1,105,70,50
8 Spreadsheets,8.1 Creating a spreadsheet,"Using absolute, relative and mixed referencing to replicate formulas, including: named cells (across several worksheets or workbooks); named ranges (across several worksheets or workbooks)",Information Technology,Cambridge Assessment International Education,Cambridge International AS & A Level,A Level,Paper 1 Theory,9626/1,105,70,25
8 Spreadsheets,8.1 Creating a spreadsheet,"Using absolute, relative and mixed referencing to replicate formulas, including: named cells (across several worksheets or workbooks); named ranges (across several worksheets or workbooks)",Information Technology,Cambridge Assessment International Education,Cambridge International AS & A Level,AS Level,Paper 2 Practical,9626/2,150,90,50
8 Spreadsheets,8.1 Creating a spreadsheet,"Using absolute, relative and mixed referencing to replicate formulas, including: named cells (across several worksheets or workbooks); named ranges (across several worksheets or workbooks)",Information Technology,Cambridge Assessment International Education,Cambridge International AS & A Level,A Level,Paper 2 Practical,9626/2,150,90,25
8 Spreadsheets,8.1 Creating a spreadsheet,"Using absolute, relative and mixed referencing to replicate formulas, including: named cells (across several worksheets or workbooks); named ranges (across several worksheets or workbooks)",Information Technology,Cambridge Assessment International Education,Cambridge International AS & A Level,A Level,Paper 4 Advanced Practical,9626/4,150,90,25
8 Spreadsheets,8.1 Creating a spreadsheet,"Understanding why absolute, relative and mixed referencing are used",Information Technology,Cambridge Assessment International Education,Cambridge International AS & A Level,AS Level,Paper 1 Theory,9626/1,105,70,50
8 Spreadsheets,8.1 Creating a spreadsheet,"Understanding why absolute, relative and mixed referencing are used",Information Technology,Cambridge Assessment International Education,Cambridge International AS & A Level,A Level,Paper 1 Theory,9626/1,105,70,25
8 Spreadsheets,8.1 Creating a spreadsheet,"Understanding why absolute, relative and mixed referencing are used",Information Technology,Cambridge Assessment International Education,Cambridge International AS & A Level,AS Level,Paper 2 Practical,9626/2,150,90,50
8 Spreadsheets,8.1 Creating a spreadsheet,"Understanding why absolute, relative and mixed referencing are used",Information Technology,Cambridge Assessment International Education,Cambridge International AS & A Level,A Level,Paper 2 Practical,9626/2,150,90,25
8 Spreadsheets,8.1 Creating a spreadsheet,"Understanding why absolute, relative and mixed referencing are used",Information Technology,Cambridge Assessment International Education,Cambridge International AS & A Level,A Level,Paper 4 Advanced Practical,9626/4,150,90,25
8 Spreadsheets,8.1 Creating a spreadsheet,"Using functions that: perform calculations, for example: SUM, AVERAGE, MIN, MAX, MAXA, INT, ROUND, SUBTOTAL; count the number of cells that meet a criterion, for example: COUNT, COUNTIF, COUNTIFS, COUNTA, COUNTBLANK; look up data, for example: LOOKUP, VLOOKUP, HLOOKUP, XLOOKUP, INDEX, MATCH; make decisions based on certain criteria, for example: IF, IFS, nested IF, AND, OR; insert, extract and calculate with date and time, for example: DATE, TIME, WEEKDAY, DAY, MONTH, YEAR; extract numeric values from strings, concatenate strings, test cell contents, including text values, numeric values, blank cells; extract characters from strings, for example: LEFT, RIGHT, MID, FIND; apply conditional formulas, for example: SUMIF, SUMIFS, COUNTIF, COUNTIFS, AVERAGEIF, AVERAGEIFS, MAXIF, MAXIFS and MINIF, MINIFS; perform error trapping, for example: ISERROR, IFERROR; insert nested functions; rotate data from columns to rows or vice versa, for example: TRANSPOSE",Information Technology,Cambridge Assessment International Education,Cambridge International AS & A Level,AS Level,Paper 1 Theory,9626/1,105,70,50
8 Spreadsheets,8.1 Creating a spreadsheet,"Using functions that: perform calculations, for example: SUM, AVERAGE, MIN, MAX, MAXA, INT, ROUND, SUBTOTAL; count the number of cells that meet a criterion, for example: COUNT, COUNTIF, COUNTIFS, COUNTA, COUNTBLANK; look up data, for example: LOOKUP, VLOOKUP, HLOOKUP, XLOOKUP, INDEX, MATCH; make decisions based on certain criteria, for example: IF, IFS, nested IF, AND, OR; insert, extract and calculate with date and time, for example: DATE, TIME, WEEKDAY, DAY, MONTH, YEAR; extract numeric values from strings, concatenate strings, test cell contents, including text values, numeric values, blank cells; extract characters from strings, for example: LEFT, RIGHT, MID, FIND; apply conditional formulas, for example: SUMIF, SUMIFS, COUNTIF, COUNTIFS, AVERAGEIF, AVERAGEIFS, MAXIF, MAXIFS and MINIF, MINIFS; perform error trapping, for example: ISERROR, IFERROR; insert nested functions; rotate data from columns to rows or vice versa, for example: TRANSPOSE",Information Technology,Cambridge Assessment International Education,Cambridge International AS & A Level,A Level,Paper 1 Theory,9626/1,105,70,25
8 Spreadsheets,8.1 Creating a spreadsheet,"Using functions that: perform calculations, for example: SUM, AVERAGE, MIN, MAX, MAXA, INT, ROUND, SUBTOTAL; count the number of cells that meet a criterion, for example: COUNT, COUNTIF, COUNTIFS, COUNTA, COUNTBLANK; look up data, for example: LOOKUP, VLOOKUP, HLOOKUP, XLOOKUP, INDEX, MATCH; make decisions based on certain criteria, for example: IF, IFS, nested IF, AND, OR; insert, extract and calculate with date and time, for example: DATE, TIME, WEEKDAY, DAY, MONTH, YEAR; extract numeric values from strings, concatenate strings, test cell contents, including text values, numeric values, blank cells; extract characters from strings, for example: LEFT, RIGHT, MID, FIND; apply conditional formulas, for example: SUMIF, SUMIFS, COUNTIF, COUNTIFS, AVERAGEIF, AVERAGEIFS, MAXIF, MAXIFS and MINIF, MINIFS; perform error trapping, for example: ISERROR, IFERROR; insert nested functions; rotate data from columns to rows or vice versa, for example: TRANSPOSE",Information Technology,Cambridge Assessment International Education,Cambridge International AS & A Level,AS Level,Paper 2 Practical,9626/2,150,90,50
8 Spreadsheets,8.1 Creating a spreadsheet,"Using functions that: perform calculations, for example: SUM, AVERAGE, MIN, MAX, MAXA, INT, ROUND, SUBTOTAL; count the number of cells that meet a criterion, for example: COUNT, COUNTIF, COUNTIFS, COUNTA, COUNTBLANK; look up data, for example: LOOKUP, VLOOKUP, HLOOKUP, XLOOKUP, INDEX, MATCH; make decisions based on certain criteria, for example: IF, IFS, nested IF, AND, OR; insert, extract and calculate with date and time, for example: DATE, TIME, WEEKDAY, DAY, MONTH, YEAR; extract numeric values from strings, concatenate strings, test cell contents, including text values, numeric values, blank cells; extract characters from strings, for example: LEFT, RIGHT, MID, FIND; apply conditional formulas, for example: SUMIF, SUMIFS, COUNTIF, COUNTIFS, AVERAGEIF, AVERAGEIFS, MAXIF, MAXIFS and MINIF, MINIFS; perform error trapping, for example: ISERROR, IFERROR; insert nested functions; rotate data from columns to rows or vice versa, for example: TRANSPOSE",Information Technology,Cambridge Assessment International Education,Cambridge International AS & A Level,A Level,Paper 2 Practical,9626/2,150,90,25
8 Spreadsheets,8.1 Creating a spreadsheet,"Using functions that: perform calculations, for example: SUM, AVERAGE, MIN, MAX, MAXA, INT, ROUND, SUBTOTAL; count the number of cells that meet a criterion, for example: COUNT, COUNTIF, COUNTIFS, COUNTA, COUNTBLANK; look up data, for example: LOOKUP, VLOOKUP, HLOOKUP, XLOOKUP, INDEX, MATCH; make decisions based on certain criteria, for example: IF, IFS, nested IF, AND, OR; insert, extract and calculate with date and time, for example: DATE, TIME, WEEKDAY, DAY, MONTH, YEAR; extract numeric values from strings, concatenate strings, test cell contents, including text values, numeric values, blank cells; extract characters from strings, for example: LEFT, RIGHT, MID, FIND; apply conditional formulas, for example: SUMIF, SUMIFS, COUNTIF, COUNTIFS, AVERAGEIF, AVERAGEIFS, MAXIF, MAXIFS and MINIF, MINIFS; perform error trapping, for example: ISERROR, IFERROR; insert nested functions; rotate data from columns to rows or vice versa, for example: TRANSPOSE",Information Technology,Cambridge Assessment International Education,Cambridge International AS & A Level,A Level,Paper 4 Advanced Practical,9626/4,150,90,25
8 Spreadsheets,8.1 Creating a spreadsheet,Using appropriate input and error messages,Information Technology,Cambridge Assessment International Education,Cambridge International AS & A Level,AS Level,Paper 1 Theory,9626/1,105,70,50
8 Spreadsheets,8.1 Creating a spreadsheet,Using appropriate input and error messages,Information Technology,Cambridge Assessment International Education,Cambridge International AS & A Level,A Level,Paper 1 Theory,9626/1,105,70,25
8 Spreadsheets,8.1 Creating a spreadsheet,Using appropriate input and error messages,Information Technology,Cambridge Assessment International Education,Cambridge International AS & A Level,AS Level,Paper 2 Practical,9626/2,150,90,50
8 Spreadsheets,8.1 Creating a spreadsheet,Using appropriate input and error messages,Information Technology,Cambridge Assessment International Education,Cambridge International AS & A Level,A Level,Paper 2 Practical,9626/2,150,90,25
8 Spreadsheets,8.1 Creating a spreadsheet,Using appropriate input and error messages,Information Technology,Cambridge Assessment International Education,Cambridge International AS & A Level,A Level,Paper 4 Advanced Practical,9626/4,150,90,25
8 Spreadsheets,8.1 Creating a spreadsheet,"Formatting cells, including: date and time; text; numeric; currency; percentage; fractions; text orientation; alignment",Information Technology,Cambridge Assessment International Education,Cambridge International AS & A Level,AS Level,Paper 1 Theory,9626/1,105,70,50
8 Spreadsheets,8.1 Creating a spreadsheet,"Formatting cells, including: date and time; text; numeric; currency; percentage; fractions; text orientation; alignment",Information Technology,Cambridge Assessment International Education,Cambridge International AS & A Level,A Level,Paper 1 Theory,9626/1,105,70,25
8 Spreadsheets,8.1 Creating a spreadsheet,"Formatting cells, including: date and time; text; numeric; currency; percentage; fractions; text orientation; alignment",Information Technology,Cambridge Assessment International Education,Cambridge International AS & A Level,AS Level,Paper 2 Practical,9626/2,150,90,50
8 Spreadsheets,8.1 Creating a spreadsheet,"Formatting cells, including: date and time; text; numeric; currency; percentage; fractions; text orientation; alignment",Information Technology,Cambridge Assessment International Education,Cambridge International AS & A Level,A Level,Paper 2 Practical,9626/2,150,90,25
8 Spreadsheets,8.1 Creating a spreadsheet,"Formatting cells, including: date and time; text; numeric; currency; percentage; fractions; text orientation; alignment",Information Technology,Cambridge Assessment International Education,Cambridge International AS & A Level,A Level,Paper 4 Advanced Practical,9626/4,150,90,25
8 Spreadsheets,8.1 Creating a spreadsheet,"Formatting cell emphasis, including: size; style; colour; shading; merge; borders; comments; conditional formatting",Information Technology,Cambridge Assessment International Education,Cambridge International AS & A Level,AS Level,Paper 1 Theory,9626/1,105,70,50
8 Spreadsheets,8.1 Creating a spreadsheet,"Formatting cell emphasis, including: size; style; colour; shading; merge; borders; comments; conditional formatting",Information Technology,Cambridge Assessment International Education,Cambridge International AS & A Level,A Level,Paper 1 Theory,9626/1,105,70,25
8 Spreadsheets,8.1 Creating a spreadsheet,"Formatting cell emphasis, including: size; style; colour; shading; merge; borders; comments; conditional formatting",Information Technology,Cambridge Assessment International Education,Cambridge International AS & A Level,AS Level,Paper 2 Practical,9626/2,150,90,50
8 Spreadsheets,8.1 Creating a spreadsheet,"Formatting cell emphasis, including: size; style; colour; shading; merge; borders; comments; conditional formatting",Information Technology,Cambridge Assessment International Education,Cambridge International AS & A Level,A Level,Paper 2 Practical,9626/2,150,90,25
8 Spreadsheets,8.1 Creating a spreadsheet,"Formatting cell emphasis, including: size; style; colour; shading; merge; borders; comments; conditional formatting",Information Technology,Cambridge Assessment International Education,Cambridge International AS & A Level,A Level,Paper 4 Advanced Practical,9626/4,150,90,25
8 Spreadsheets,8.1 Creating a spreadsheet,"Appreciation of the spreadsheet requirements, purpose and use for a variety of audiences, including people from different age groups and with different specialisms, for example, scientists, administrators, artists",Information Technology,Cambridge Assessment International Education,Cambridge International AS & A Level,AS Level,Paper 1 Theory,9626/1,105,70,50
8 Spreadsheets,8.1 Creating a spreadsheet,"Appreciation of the spreadsheet requirements, purpose and use for a variety of audiences, including people from different age groups and with different specialisms, for example, scientists, administrators, artists",Information Technology,Cambridge Assessment International Education,Cambridge International AS & A Level,A Level,Paper 1 Theory,9626/1,105,70,25
8 Spreadsheets,8.1 Creating a spreadsheet,"Appreciation of the spreadsheet requirements, purpose and use for a variety of audiences, including people from different age groups and with different specialisms, for example, scientists, administrators, artists",Information Technology,Cambridge Assessment International Education,Cambridge International AS & A Level,AS Level,Paper 2 Practical,9626/2,150,90,50
8 Spreadsheets,8.1 Creating a spreadsheet,"Appreciation of the spreadsheet requirements, purpose and use for a variety of audiences, including people from different age groups and with different specialisms, for example, scientists, administrators, artists",Information Technology,Cambridge Assessment International Education,Cambridge International AS & A Level,A Level,Paper 2 Practical,9626/2,150,90,25
8 Spreadsheets,8.1 Creating a spreadsheet,"Appreciation of the spreadsheet requirements, purpose and use for a variety of audiences, including people from different age groups and with different specialisms, for example, scientists, administrators, artists",Information Technology,Cambridge Assessment International Education,Cambridge International AS & A Level,A Level,Paper 4 Advanced Practical,9626/4,150,90,25
8 Spreadsheets,8.2 Testing a spreadsheet,"Testing a spreadsheet structure: creating and applying a test plan to test spreadsheet elements, including: functions; validation rules; conditional formatting",Information Technology,Cambridge Assessment International Education,Cambridge International AS & A Level,AS Level,Paper 1 Theory,9626/1,105,70,50
8 Spreadsheets,8.2 Testing a spreadsheet,"Testing a spreadsheet structure: creating and applying a test plan to test spreadsheet elements, including: functions; validation rules; conditional formatting",Information Technology,Cambridge Assessment International Education,Cambridge International AS & A Level,A Level,Paper 1 Theory,9626/1,105,70,25
8 Spreadsheets,8.2 Testing a spreadsheet,"Testing a spreadsheet structure: creating and applying a test plan to test spreadsheet elements, including: functions; validation rules; conditional formatting",Information Technology,Cambridge Assessment International Education,Cambridge International AS & A Level,AS Level,Paper 2 Practical,9626/2,150,90,50
8 Spreadsheets,8.2 Testing a spreadsheet,"Testing a spreadsheet structure: creating and applying a test plan to test spreadsheet elements, including: functions; validation rules; conditional formatting",Information Technology,Cambridge Assessment International Education,Cambridge International AS & A Level,A Level,Paper 2 Practical,9626/2,150,90,25
8 Spreadsheets,8.2 Testing a spreadsheet,"Testing a spreadsheet structure: creating and applying a test plan to test spreadsheet elements, including: functions; validation rules; conditional formatting",Information Technology,Cambridge Assessment International Education,Cambridge International AS & A Level,A Level,Paper 4 Advanced Practical,9626/4,150,90,25
8 Spreadsheets,8.2 Testing a spreadsheet,"Testing data: the need to choose appropriate test data; select appropriate test data to use in the test plan, including using: normal data; extreme data; abnormal data",Information Technology,Cambridge Assessment International Education,Cambridge International AS & A Level,AS Level,Paper 1 Theory,9626/1,105,70,50
8 Spreadsheets,8.2 Testing a spreadsheet,"Testing data: the need to choose appropriate test data; select appropriate test data to use in the test plan, including using: normal data; extreme data; abnormal data",Information Technology,Cambridge Assessment International Education,Cambridge International AS & A Level,A Level,Paper 1 Theory,9626/1,105,70,25
8 Spreadsheets,8.2 Testing a spreadsheet,"Testing data: the need to choose appropriate test data; select appropriate test data to use in the test plan, including using: normal data; extreme data; abnormal data",Information Technology,Cambridge Assessment International Education,Cambridge International AS & A Level,AS Level,Paper 2 Practical,9626/2,150,90,50
8 Spreadsheets,8.2 Testing a spreadsheet,"Testing data: the need to choose appropriate test data; select appropriate test data to use in the test plan, including using: normal data; extreme data; abnormal data",Information Technology,Cambridge Assessment International Education,Cambridge International AS & A Level,A Level,Paper 2 Practical,9626/2,150,90,25
8 Spreadsheets,8.2 Testing a spreadsheet,"Testing data: the need to choose appropriate test data; select appropriate test data to use in the test plan, including using: normal data; extreme data; abnormal data",Information Technology,Cambridge Assessment International Education,Cambridge International AS & A Level,A Level,Paper 4 Advanced Practical,9626/4,150,90,25
8 Spreadsheets,8.3 Using a spreadsheet,"Extracting data, including searching using: text; numeric; date and time; Boolean operators (AND, OR, NOT); >, <, =, >=, <=; contains; starts with, ends with",Information Technology,Cambridge Assessment International Education,Cambridge International AS & A Level,AS Level,Paper 1 Theory,9626/1,105,70,50
8 Spreadsheets,8.3 Using a spreadsheet,"Extracting data, including searching using: text; numeric; date and time; Boolean operators (AND, OR, NOT); >, <, =, >=, <=; contains; starts with, ends with",Information Technology,Cambridge Assessment International Education,Cambridge International AS & A Level,A Level,Paper 1 Theory,9626/1,105,70,25
8 Spreadsheets,8.3 Using a spreadsheet,"Extracting data, including searching using: text; numeric; date and time; Boolean operators (AND, OR, NOT); >, <, =, >=, <=; contains; starts with, ends with",Information Technology,Cambridge Assessment International Education,Cambridge International AS & A Level,AS Level,Paper 2 Practical,9626/2,150,90,50
8 Spreadsheets,8.3 Using a spreadsheet,"Extracting data, including searching using: text; numeric; date and time; Boolean operators (AND, OR, NOT); >, <, =, >=, <=; contains; starts with, ends with",Information Technology,Cambridge Assessment International Education,Cambridge International AS & A Level,A Level,Paper 2 Practical,9626/2,150,90,25
8 Spreadsheets,8.3 Using a spreadsheet,"Extracting data, including searching using: text; numeric; date and time; Boolean operators (AND, OR, NOT); >, <, =, >=, <=; contains; starts with, ends with",Information Technology,Cambridge Assessment International Education,Cambridge International AS & A Level,A Level,Paper 4 Advanced Practical,9626/4,150,90,25
8 Spreadsheets,8.3 Using a spreadsheet,"Sorting data, including: ascending and descending; applied to single or multiple columns",Information Technology,Cambridge Assessment International Education,Cambridge International AS & A Level,AS Level,Paper 1 Theory,9626/1,105,70,50
8 Spreadsheets,8.3 Using a spreadsheet,"Sorting data, including: ascending and descending; applied to single or multiple columns",Information Technology,Cambridge Assessment International Education,Cambridge International AS & A Level,A Level,Paper 1 Theory,9626/1,105,70,25
8 Spreadsheets,8.3 Using a spreadsheet,"Sorting data, including: ascending and descending; applied to single or multiple columns",Information Technology,Cambridge Assessment International Education,Cambridge International AS & A Level,AS Level,Paper 2 Practical,9626/2,150,90,50
8 Spreadsheets,8.3 Using a spreadsheet,"Sorting data, including: ascending and descending; applied to single or multiple columns",Information Technology,Cambridge Assessment International Education,Cambridge International AS & A Level,A Level,Paper 2 Practical,9626/2,150,90,25
8 Spreadsheets,8.3 Using a spreadsheet,"Sorting data, including: ascending and descending; applied to single or multiple columns",Information Technology,Cambridge Assessment International Education,Cambridge International AS & A Level,A Level,Paper 4 Advanced Practical,9626/4,150,90,25
8 Spreadsheets,8.3 Using a spreadsheet,Summarising and displaying data using: pivot tables; pivot charts; subtotals; groups,Information Technology,Cambridge Assessment International Education,Cambridge International AS & A Level,AS Level,Paper 1 Theory,9626/1,105,70,50
8 Spreadsheets,8.3 Using a spreadsheet,Summarising and displaying data using: pivot tables; pivot charts; subtotals; groups,Information Technology,Cambridge Assessment International Education,Cambridge International AS & A Level,A Level,Paper 1 Theory,9626/1,105,70,25
8 Spreadsheets,8.3 Using a spreadsheet,Summarising and displaying data using: pivot tables; pivot charts; subtotals; groups,Information Technology,Cambridge Assessment International Education,Cambridge International AS & A Level,AS Level,Paper 2 Practical,9626/2,150,90,50
8 Spreadsheets,8.3 Using a spreadsheet,Summarising and displaying data using: pivot tables; pivot charts; subtotals; groups,Information Technology,Cambridge Assessment International Education,Cambridge International AS & A Level,A Level,Paper 2 Practical,9626/2,150,90,25
8 Spreadsheets,8.3 Using a spreadsheet,Summarising and displaying data using: pivot tables; pivot charts; subtotals; groups,Information Technology,Cambridge Assessment International Education,Cambridge International AS & A Level,A Level,Paper 4 Advanced Practical,9626/4,150,90,25
8 Spreadsheets,8.3 Using a spreadsheet,"Importing and exporting data, including: csv; txt; pdf; graphs and charts",Information Technology,Cambridge Assessment International Education,Cambridge International AS & A Level,AS Level,Paper 1 Theory,9626/1,105,70,50
8 Spreadsheets,8.3 Using a spreadsheet,"Importing and exporting data, including: csv; txt; pdf; graphs and charts",Information Technology,Cambridge Assessment International Education,Cambridge International AS & A Level,A Level,Paper 1 Theory,9626/1,105,70,25
8 Spreadsheets,8.3 Using a spreadsheet,"Importing and exporting data, including: csv; txt; pdf; graphs and charts",Information Technology,Cambridge Assessment International Education,Cambridge International AS & A Level,AS Level,Paper 2 Practical,9626/2,150,90,50
8 Spreadsheets,8.3 Using a spreadsheet,"Importing and exporting data, including: csv; txt; pdf; graphs and charts",Information Technology,Cambridge Assessment International Education,Cambridge International AS & A Level,A Level,Paper 2 Practical,9626/2,150,90,25
8 Spreadsheets,8.3 Using a spreadsheet,"Importing and exporting data, including: csv; txt; pdf; graphs and charts",Information Technology,Cambridge Assessment International Education,Cambridge International AS & A Level,A Level,Paper 4 Advanced Practical,9626/4,150,90,25
8 Spreadsheets,8.4 Graphs and charts,"Creating a graph or chart appropriate to a specific purpose, including: appropriate data series; from contiguous data; from non-contiguous data; specified range(s); bar chart; pie chart; line graph; comparative bar chart; comparative line graph; combination chart",Information Technology,Cambridge Assessment International Education,Cambridge International AS & A Level,AS Level,Paper 1 Theory,9626/1,105,70,50
8 Spreadsheets,8.4 Graphs and charts,"Creating a graph or chart appropriate to a specific purpose, including: appropriate data series; from contiguous data; from non-contiguous data; specified range(s); bar chart; pie chart; line graph; comparative bar chart; comparative line graph; combination chart",Information Technology,Cambridge Assessment International Education,Cambridge International AS & A Level,A Level,Paper 1 Theory,9626/1,105,70,25
8 Spreadsheets,8.4 Graphs and charts,"Creating a graph or chart appropriate to a specific purpose, including: appropriate data series; from contiguous data; from non-contiguous data; specified range(s); bar chart; pie chart; line graph; comparative bar chart; comparative line graph; combination chart",Information Technology,Cambridge Assessment International Education,Cambridge International AS & A Level,AS Level,Paper 2 Practical,9626/2,150,90,50
8 Spreadsheets,8.4 Graphs and charts,"Creating a graph or chart appropriate to a specific purpose, including: appropriate data series; from contiguous data; from non-contiguous data; specified range(s); bar chart; pie chart; line graph; comparative bar chart; comparative line graph; combination chart",Information Technology,Cambridge Assessment International Education,Cambridge International AS & A Level,A Level,Paper 2 Practical,9626/2,150,90,25
8 Spreadsheets,8.4 Graphs and charts,"Creating a graph or chart appropriate to a specific purpose, including: appropriate data series; from contiguous data; from non-contiguous data; specified range(s); bar chart; pie chart; line graph; comparative bar chart; comparative line graph; combination chart",Information Technology,Cambridge Assessment International Education,Cambridge International AS & A Level,A Level,Paper 4 Advanced Practical,9626/4,150,90,25
8 Spreadsheets,8.4 Graphs and charts,"Apply chart formatting, including: title; legend; segment labels; segment values; percentages; category axis labels; series labels; field selection buttons; value axis labels; scales; axis scale (maximum and minimum); data intervals; add secondary axis; extract pie chart sector",Information Technology,Cambridge Assessment International Education,Cambridge International AS & A Level,AS Level,Paper 1 Theory,9626/1,105,70,50
8 Spreadsheets,8.4 Graphs and charts,"Apply chart formatting, including: title; legend; segment labels; segment values; percentages; category axis labels; series labels; field selection buttons; value axis labels; scales; axis scale (maximum and minimum); data intervals; add secondary axis; extract pie chart sector",Information Technology,Cambridge Assessment International Education,Cambridge International AS & A Level,A Level,Paper 1 Theory,9626/1,105,70,25
8 Spreadsheets,8.4 Graphs and charts,"Apply chart formatting, including: title; legend; segment labels; segment values; percentages; category axis labels; series labels; field selection buttons; value axis labels; scales; axis scale (maximum and minimum); data intervals; add secondary axis; extract pie chart sector",Information Technology,Cambridge Assessment International Education,Cambridge International AS & A Level,AS Level,Paper 2 Practical,9626/2,150,90,50
8 Spreadsheets,8.4 Graphs and charts,"Apply chart formatting, including: title; legend; segment labels; segment values; percentages; category axis labels; series labels; field selection buttons; value axis labels; scales; axis scale (maximum and minimum); data intervals; add secondary axis; extract pie chart sector",Information Technology,Cambridge Assessment International Education,Cambridge International AS & A Level,A Level,Paper 2 Practical,9626/2,150,90,25
8 Spreadsheets,8.4 Graphs and charts,"Apply chart formatting, including: title; legend; segment labels; segment values; percentages; category axis labels; series labels; field selection buttons; value axis labels; scales; axis scale (maximum and minimum); data intervals; add secondary axis; extract pie chart sector",Information Technology,Cambridge Assessment International Education,Cambridge International AS & A Level,A Level,Paper 4 Advanced Practical,9626/4,150,90,25
9 Modelling,9.1 Modelling and simulations,"What-if analysis, including: predict the result of changing data; change data to model different scenarios; goal seek; uses, including: financial forecasting; population growth; climate change; weather systems; queue management; traffic flow; construction",Information Technology,Cambridge Assessment International Education,Cambridge International AS & A Level,AS Level,Paper 1 Theory,9626/1,105,70,50
9 Modelling,9.1 Modelling and simulations,"What-if analysis, including: predict the result of changing data; change data to model different scenarios; goal seek; uses, including: financial forecasting; population growth; climate change; weather systems; queue management; traffic flow; construction",Information Technology,Cambridge Assessment International Education,Cambridge International AS & A Level,A Level,Paper 1 Theory,9626/1,105,70,25
9 Modelling,9.1 Modelling and simulations,"What-if analysis, including: predict the result of changing data; change data to model different scenarios; goal seek; uses, including: financial forecasting; population growth; climate change; weather systems; queue management; traffic flow; construction",Information Technology,Cambridge Assessment International Education,Cambridge International AS & A Level,AS Level,Paper 2 Practical,9626/2,150,90,50
9 Modelling,9.1 Modelling and simulations,"What-if analysis, including: predict the result of changing data; change data to model different scenarios; goal seek; uses, including: financial forecasting; population growth; climate change; weather systems; queue management; traffic flow; construction",Information Technology,Cambridge Assessment International Education,Cambridge International AS & A Level,A Level,Paper 2 Practical,9626/2,150,90,25
9 Modelling,9.1 Modelling and simulations,"What-if analysis, including: predict the result of changing data; change data to model different scenarios; goal seek; uses, including: financial forecasting; population growth; climate change; weather systems; queue management; traffic flow; construction",Information Technology,Cambridge Assessment International Education,Cambridge International AS & A Level,A Level,Paper 4 Advanced Practical,9626/4,150,90,25
9 Modelling,9.1 Modelling and simulations,The characteristics of modelling software,Information Technology,Cambridge Assessment International Education,Cambridge International AS & A Level,AS Level,Paper 1 Theory,9626/1,105,70,50
9 Modelling,9.1 Modelling and simulations,The characteristics of modelling software,Information Technology,Cambridge Assessment International Education,Cambridge International AS & A Level,A Level,Paper 1 Theory,9626/1,105,70,25
9 Modelling,9.1 Modelling and simulations,The characteristics of modelling software,Information Technology,Cambridge Assessment International Education,Cambridge International AS & A Level,AS Level,Paper 2 Practical,9626/2,150,90,50
9 Modelling,9.1 Modelling and simulations,The characteristics of modelling software,Information Technology,Cambridge Assessment International Education,Cambridge International AS & A Level,A Level,Paper 2 Practical,9626/2,150,90,25
9 Modelling,9.1 Modelling and simulations,The characteristics of modelling software,Information Technology,Cambridge Assessment International Education,Cambridge International AS & A Level,A Level,Paper 4 Advanced Practical,9626/4,150,90,25
9 Modelling,9.1 Modelling and simulations,The need for computer models,Information Technology,Cambridge Assessment International Education,Cambridge International AS & A Level,AS Level,Paper 1 Theory,9626/1,105,70,50
9 Modelling,9.1 Modelling and simulations,The need for computer models,Information Technology,Cambridge Assessment International Education,Cambridge International AS & A Level,A Level,Paper 1 Theory,9626/1,105,70,25
9 Modelling,9.1 Modelling and simulations,The need for computer models,Information Technology,Cambridge Assessment International Education,Cambridge International AS & A Level,AS Level,Paper 2 Practical,9626/2,150,90,50
9 Modelling,9.1 Modelling and simulations,The need for computer models,Information Technology,Cambridge Assessment International Education,Cambridge International AS & A Level,A Level,Paper 2 Practical,9626/2,150,90,25
9 Modelling,9.1 Modelling and simulations,The need for computer models,Information Technology,Cambridge Assessment International Education,Cambridge International AS & A Level,A Level,Paper 4 Advanced Practical,9626/4,150,90,25
9 Modelling,9.1 Modelling and simulations,The effectiveness of spreadsheet models,Information Technology,Cambridge Assessment International Education,Cambridge International AS & A Level,AS Level,Paper 1 Theory,9626/1,105,70,50
9 Modelling,9.1 Modelling and simulations,The effectiveness of spreadsheet models,Information Technology,Cambridge Assessment International Education,Cambridge International AS & A Level,A Level,Paper 1 Theory,9626/1,105,70,25
9 Modelling,9.1 Modelling and simulations,The effectiveness of spreadsheet models,Information Technology,Cambridge Assessment International Education,Cambridge International AS & A Level,AS Level,Paper 2 Practical,9626/2,150,90,50
9 Modelling,9.1 Modelling and simulations,The effectiveness of spreadsheet models,Information Technology,Cambridge Assessment International Education,Cambridge International AS & A Level,A Level,Paper 2 Practical,9626/2,150,90,25
9 Modelling,9.1 Modelling and simulations,The effectiveness of spreadsheet models,Information Technology,Cambridge Assessment International Education,Cambridge International AS & A Level,A Level,Paper 4 Advanced Practical,9626/4,150,90,25
9 Modelling,9.1 Modelling and simulations,"The use of a model to create and run simulations, including: natural disaster planning; pilot training; learning to drive a car; nuclear science research",Information Technology,Cambridge Assessment International Education,Cambridge International AS & A Level,AS Level,Paper 1 Theory,9626/1,105,70,50
9 Modelling,9.1 Modelling and simulations,"The use of a model to create and run simulations, including: natural disaster planning; pilot training; learning to drive a car; nuclear science research",Information Technology,Cambridge Assessment International Education,Cambridge International AS & A Level,A Level,Paper 1 Theory,9626/1,105,70,25
9 Modelling,9.1 Modelling and simulations,"The use of a model to create and run simulations, including: natural disaster planning; pilot training; learning to drive a car; nuclear science research",Information Technology,Cambridge Assessment International Education,Cambridge International AS & A Level,AS Level,Paper 2 Practical,9626/2,150,90,50
9 Modelling,9.1 Modelling and simulations,"The use of a model to create and run simulations, including: natural disaster planning; pilot training; learning to drive a car; nuclear science research",Information Technology,Cambridge Assessment International Education,Cambridge International AS & A Level,A Level,Paper 2 Practical,9626/2,150,90,25
9 Modelling,9.1 Modelling and simulations,"The use of a model to create and run simulations, including: natural disaster planning; pilot training; learning to drive a car; nuclear science research",Information Technology,Cambridge Assessment International Education,Cambridge International AS & A Level,A Level,Paper 4 Advanced Practical,9626/4,150,90,25
10 Database and file concepts,10.1 Creating a database,"Assigning a data type and an appropriate field size to a field, including: text; alphanumeric; numeric (integer, decimal); date; time; Boolean",Information Technology,Cambridge Assessment International Education,Cambridge International AS & A Level,AS Level,Paper 1 Theory,9626/1,105,70,50
10 Database and file concepts,10.1 Creating a database,"Assigning a data type and an appropriate field size to a field, including: text; alphanumeric; numeric (integer, decimal); date; time; Boolean",Information Technology,Cambridge Assessment International Education,Cambridge International AS & A Level,A Level,Paper 1 Theory,9626/1,105,70,25
10 Database and file concepts,10.1 Creating a database,"Assigning a data type and an appropriate field size to a field, including: text; alphanumeric; numeric (integer, decimal); date; time; Boolean",Information Technology,Cambridge Assessment International Education,Cambridge International AS & A Level,AS Level,Paper 2 Practical,9626/2,150,90,50
10 Database and file concepts,10.1 Creating a database,"Assigning a data type and an appropriate field size to a field, including: text; alphanumeric; numeric (integer, decimal); date; time; Boolean",Information Technology,Cambridge Assessment International Education,Cambridge International AS & A Level,A Level,Paper 2 Practical,9626/2,150,90,25
10 Database and file concepts,10.1 Creating a database,"Assigning a data type and an appropriate field size to a field, including: text; alphanumeric; numeric (integer, decimal); date; time; Boolean",Information Technology,Cambridge Assessment International Education,Cambridge International AS & A Level,A Level,Paper 4 Advanced Practical,9626/4,150,90,25
10 Database and file concepts,10.1 Creating a database,"The three relationships: one-to-one, one-to-many and many-to-many",Information Technology,Cambridge Assessment International Education,Cambridge International AS & A Level,AS Level,Paper 1 Theory,9626/1,105,70,50
10 Database and file concepts,10.1 Creating a database,"The three relationships: one-to-one, one-to-many and many-to-many",Information Technology,Cambridge Assessment International Education,Cambridge International AS & A Level,A Level,Paper 1 Theory,9626/1,105,70,25
10 Database and file concepts,10.1 Creating a database,"The three relationships: one-to-one, one-to-many and many-to-many",Information Technology,Cambridge Assessment International Education,Cambridge International AS & A Level,AS Level,Paper 2 Practical,9626/2,150,90,50
10 Database and file concepts,10.1 Creating a database,"The three relationships: one-to-one, one-to-many and many-to-many",Information Technology,Cambridge Assessment International Education,Cambridge International AS & A Level,A Level,Paper 2 Practical,9626/2,150,90,25
10 Database and file concepts,10.1 Creating a database,"The three relationships: one-to-one, one-to-many and many-to-many",Information Technology,Cambridge Assessment International Education,Cambridge International AS & A Level,A Level,Paper 4 Advanced Practical,9626/4,150,90,25
10 Database and file concepts,10.1 Creating a database,"The function of key fields, including: primary key; compound key; foreign key; composite key",Information Technology,Cambridge Assessment International Education,Cambridge International AS & A Level,AS Level,Paper 1 Theory,9626/1,105,70,50
10 Database and file concepts,10.1 Creating a database,"The function of key fields, including: primary key; compound key; foreign key; composite key",Information Technology,Cambridge Assessment International Education,Cambridge International AS & A Level,A Level,Paper 1 Theory,9626/1,105,70,25
10 Database and file concepts,10.1 Creating a database,"The function of key fields, including: primary key; compound key; foreign key; composite key",Information Technology,Cambridge Assessment International Education,Cambridge International AS & A Level,AS Level,Paper 2 Practical,9626/2,150,90,50
10 Database and file concepts,10.1 Creating a database,"The function of key fields, including: primary key; compound key; foreign key; composite key",Information Technology,Cambridge Assessment International Education,Cambridge International AS & A Level,A Level,Paper 2 Practical,9626/2,150,90,25
10 Database and file concepts,10.1 Creating a database,"The function of key fields, including: primary key; compound key; foreign key; composite key",Information Technology,Cambridge Assessment International Education,Cambridge International AS & A Level,A Level,Paper 4 Advanced Practical,9626/4,150,90,25
10 Database and file concepts,10.1 Creating a database,Referential integrity and its importance,Information Technology,Cambridge Assessment International Education,Cambridge International AS & A Level,AS Level,Paper 1 Theory,9626/1,105,70,50
10 Database and file concepts,10.1 Creating a database,Referential integrity and its importance,Information Technology,Cambridge Assessment International Education,Cambridge International AS & A Level,A Level,Paper 1 Theory,9626/1,105,70,25
10 Database and file concepts,10.1 Creating a database,Referential integrity and its importance,Information Technology,Cambridge Assessment International Education,Cambridge International AS & A Level,AS Level,Paper 2 Practical,9626/2,150,90,50
10 Database and file concepts,10.1 Creating a database,Referential integrity and its importance,Information Technology,Cambridge Assessment International Education,Cambridge International AS & A Level,A Level,Paper 2 Practical,9626/2,150,90,25
10 Database and file concepts,10.1 Creating a database,Referential integrity and its importance,Information Technology,Cambridge Assessment International Education,Cambridge International AS & A Level,A Level,Paper 4 Advanced Practical,9626/4,150,90,25
10 Database and file concepts,10.1 Creating a database,The difference between a flat file and a relational database and why one might be more appropriate in certain situations,Information Technology,Cambridge Assessment International Education,Cambridge International AS & A Level,AS Level,Paper 1 Theory,9626/1,105,70,50
10 Database and file concepts,10.1 Creating a database,The difference between a flat file and a relational database and why one might be more appropriate in certain situations,Information Technology,Cambridge Assessment International Education,Cambridge International AS & A Level,A Level,Paper 1 Theory,9626/1,105,70,25
10 Database and file concepts,10.1 Creating a database,The difference between a flat file and a relational database and why one might be more appropriate in certain situations,Information Technology,Cambridge Assessment International Education,Cambridge International AS & A Level,AS Level,Paper 2 Practical,9626/2,150,90,50
10 Database and file concepts,10.1 Creating a database,The difference between a flat file and a relational database and why one might be more appropriate in certain situations,Information Technology,Cambridge Assessment International Education,Cambridge International AS & A Level,A Level,Paper 2 Practical,9626/2,150,90,25
10 Database and file concepts,10.1 Creating a database,The difference between a flat file and a relational database and why one might be more appropriate in certain situations,Information Technology,Cambridge Assessment International Education,Cambridge International AS & A Level,A Level,Paper 4 Advanced Practical,9626/4,150,90,25
10 Database and file concepts,10.1 Creating a database,"Creating and using relationships, including: one-to-one; one-to-many",Information Technology,Cambridge Assessment International Education,Cambridge International AS & A Level,AS Level,Paper 1 Theory,9626/1,105,70,50
10 Database and file concepts,10.1 Creating a database,"Creating and using relationships, including: one-to-one; one-to-many",Information Technology,Cambridge Assessment International Education,Cambridge International AS & A Level,A Level,Paper 1 Theory,9626/1,105,70,25
10 Database and file concepts,10.1 Creating a database,"Creating and using relationships, including: one-to-one; one-to-many",Information Technology,Cambridge Assessment International Education,Cambridge International AS & A Level,AS Level,Paper 2 Practical,9626/2,150,90,50
10 Database and file concepts,10.1 Creating a database,"Creating and using relationships, including: one-to-one; one-to-many",Information Technology,Cambridge Assessment International Education,Cambridge International AS & A Level,A Level,Paper 2 Practical,9626/2,150,90,25
10 Database and file concepts,10.1 Creating a database,"Creating and using relationships, including: one-to-one; one-to-many",Information Technology,Cambridge Assessment International Education,Cambridge International AS & A Level,A Level,Paper 4 Advanced Practical,9626/4,150,90,25
10 Database and file concepts,10.1 Creating a database,"Creating and interpreting an Entity Relationship Diagram (ERD), including: conceptual entity relationship diagrams; logical entity relationship diagrams; physical entity relationship diagrams",Information Technology,Cambridge Assessment International Education,Cambridge International AS & A Level,AS Level,Paper 1 Theory,9626/1,105,70,50
10 Database and file concepts,10.1 Creating a database,"Creating and interpreting an Entity Relationship Diagram (ERD), including: conceptual entity relationship diagrams; logical entity relationship diagrams; physical entity relationship diagrams",Information Technology,Cambridge Assessment International Education,Cambridge International AS & A Level,A Level,Paper 1 Theory,9626/1,105,70,25
10 Database and file concepts,10.1 Creating a database,"Creating and interpreting an Entity Relationship Diagram (ERD), including: conceptual entity relationship diagrams; logical entity relationship diagrams; physical entity relationship diagrams",Information Technology,Cambridge Assessment International Education,Cambridge International AS & A Level,AS Level,Paper 2 Practical,9626/2,150,90,50
10 Database and file concepts,10.1 Creating a database,"Creating and interpreting an Entity Relationship Diagram (ERD), including: conceptual entity relationship diagrams; logical entity relationship diagrams; physical entity relationship diagrams",Information Technology,Cambridge Assessment International Education,Cambridge International AS & A Level,A Level,Paper 2 Practical,9626/2,150,90,25
10 Database and file concepts,10.1 Creating a database,"Creating and interpreting an Entity Relationship Diagram (ERD), including: conceptual entity relationship diagrams; logical entity relationship diagrams; physical entity relationship diagrams",Information Technology,Cambridge Assessment International Education,Cambridge International AS & A Level,A Level,Paper 4 Advanced Practical,9626/4,150,90,25
10 Database and file concepts,10.1 Creating a database,Creating a relational database,Information Technology,Cambridge Assessment International Education,Cambridge International AS & A Level,AS Level,Paper 1 Theory,9626/1,105,70,50
10 Database and file concepts,10.1 Creating a database,Creating a relational database,Information Technology,Cambridge Assessment International Education,Cambridge International AS & A Level,A Level,Paper 1 Theory,9626/1,105,70,25
10 Database and file concepts,10.1 Creating a database,Creating a relational database,Information Technology,Cambridge Assessment International Education,Cambridge International AS & A Level,AS Level,Paper 2 Practical,9626/2,150,90,50
10 Database and file concepts,10.1 Creating a database,Creating a relational database,Information Technology,Cambridge Assessment International Education,Cambridge International AS & A Level,A Level,Paper 2 Practical,9626/2,150,90,25
10 Database and file concepts,10.1 Creating a database,Creating a relational database,Information Technology,Cambridge Assessment International Education,Cambridge International AS & A Level,A Level,Paper 4 Advanced Practical,9626/4,150,90,25
10 Database and file concepts,10.1 Creating a database,Setting key fields,Information Technology,Cambridge Assessment International Education,Cambridge International AS & A Level,AS Level,Paper 1 Theory,9626/1,105,70,50
10 Database and file concepts,10.1 Creating a database,Setting key fields,Information Technology,Cambridge Assessment International Education,Cambridge International AS & A Level,A Level,Paper 1 Theory,9626/1,105,70,25
10 Database and file concepts,10.1 Creating a database,Setting key fields,Information Technology,Cambridge Assessment International Education,Cambridge International AS & A Level,AS Level,Paper 2 Practical,9626/2,150,90,50
10 Database and file concepts,10.1 Creating a database,Setting key fields,Information Technology,Cambridge Assessment International Education,Cambridge International AS & A Level,A Level,Paper 2 Practical,9626/2,150,90,25
10 Database and file concepts,10.1 Creating a database,Setting key fields,Information Technology,Cambridge Assessment International Education,Cambridge International AS & A Level,A Level,Paper 4 Advanced Practical,9626/4,150,90,25
10 Database and file concepts,10.1 Creating a database,Validate and verify data entry: using validation rules; testing validation applied to a database; verifying data entry,Information Technology,Cambridge Assessment International Education,Cambridge International AS & A Level,AS Level,Paper 1 Theory,9626/1,105,70,50
10 Database and file concepts,10.1 Creating a database,Validate and verify data entry: using validation rules; testing validation applied to a database; verifying data entry,Information Technology,Cambridge Assessment International Education,Cambridge International AS & A Level,A Level,Paper 1 Theory,9626/1,105,70,25
10 Database and file concepts,10.1 Creating a database,Validate and verify data entry: using validation rules; testing validation applied to a database; verifying data entry,Information Technology,Cambridge Assessment International Education,Cambridge International AS & A Level,AS Level,Paper 2 Practical,9626/2,150,90,50
10 Database and file concepts,10.1 Creating a database,Validate and verify data entry: using validation rules; testing validation applied to a database; verifying data entry,Information Technology,Cambridge Assessment International Education,Cambridge International AS & A Level,A Level,Paper 2 Practical,9626/2,150,90,25
10 Database and file concepts,10.1 Creating a database,Validate and verify data entry: using validation rules; testing validation applied to a database; verifying data entry,Information Technology,Cambridge Assessment International Education,Cambridge International AS & A Level,A Level,Paper 4 Advanced Practical,9626/4,150,90,25
10 Database and file concepts,10.1 Creating a database,"Selecting appropriate query types, including: when static and dynamic parameters should be used; when simple, complex, nested and summary queries (including cross-tab queries/pivot tables) should be used",Information Technology,Cambridge Assessment International Education,Cambridge International AS & A Level,AS Level,Paper 1 Theory,9626/1,105,70,50
10 Database and file concepts,10.1 Creating a database,"Selecting appropriate query types, including: when static and dynamic parameters should be used; when simple, complex, nested and summary queries (including cross-tab queries/pivot tables) should be used",Information Technology,Cambridge Assessment International Education,Cambridge International AS & A Level,A Level,Paper 1 Theory,9626/1,105,70,25
10 Database and file concepts,10.1 Creating a database,"Selecting appropriate query types, including: when static and dynamic parameters should be used; when simple, complex, nested and summary queries (including cross-tab queries/pivot tables) should be used",Information Technology,Cambridge Assessment International Education,Cambridge International AS & A Level,AS Level,Paper 2 Practical,9626/2,150,90,50
10 Database and file concepts,10.1 Creating a database,"Selecting appropriate query types, including: when static and dynamic parameters should be used; when simple, complex, nested and summary queries (including cross-tab queries/pivot tables) should be used",Information Technology,Cambridge Assessment International Education,Cambridge International AS & A Level,A Level,Paper 2 Practical,9626/2,150,90,25
10 Database and file concepts,10.1 Creating a database,"Selecting appropriate query types, including: when static and dynamic parameters should be used; when simple, complex, nested and summary queries (including cross-tab queries/pivot tables) should be used",Information Technology,Cambridge Assessment International Education,Cambridge International AS & A Level,A Level,Paper 4 Advanced Practical,9626/4,150,90,25
10 Database and file concepts,10.1 Creating a database,"Performing searches, including: simple query on a single criterion; complex queries using multiple criteria; static parameter queries; dynamic parameter queries; nested queries; using queries to find and remove duplicate records; using queries to create new tables, append records to tables, delete records in tables and update data in tables; summarising data (including using cross-tab queries); using text, numeric, date, time, wildcard, Boolean operators (AND, OR, NOT), >, <, =, >=, <=",Information Technology,Cambridge Assessment International Education,Cambridge International AS & A Level,AS Level,Paper 1 Theory,9626/1,105,70,50
10 Database and file concepts,10.1 Creating a database,"Performing searches, including: simple query on a single criterion; complex queries using multiple criteria; static parameter queries; dynamic parameter queries; nested queries; using queries to find and remove duplicate records; using queries to create new tables, append records to tables, delete records in tables and update data in tables; summarising data (including using cross-tab queries); using text, numeric, date, time, wildcard, Boolean operators (AND, OR, NOT), >, <, =, >=, <=",Information Technology,Cambridge Assessment International Education,Cambridge International AS & A Level,A Level,Paper 1 Theory,9626/1,105,70,25
10 Database and file concepts,10.1 Creating a database,"Performing searches, including: simple query on a single criterion; complex queries using multiple criteria; static parameter queries; dynamic parameter queries; nested queries; using queries to find and remove duplicate records; using queries to create new tables, append records to tables, delete records in tables and update data in tables; summarising data (including using cross-tab queries); using text, numeric, date, time, wildcard, Boolean operators (AND, OR, NOT), >, <, =, >=, <=",Information Technology,Cambridge Assessment International Education,Cambridge International AS & A Level,AS Level,Paper 2 Practical,9626/2,150,90,50
10 Database and file concepts,10.1 Creating a database,"Performing searches, including: simple query on a single criterion; complex queries using multiple criteria; static parameter queries; dynamic parameter queries; nested queries; using queries to find and remove duplicate records; using queries to create new tables, append records to tables, delete records in tables and update data in tables; summarising data (including using cross-tab queries); using text, numeric, date, time, wildcard, Boolean operators (AND, OR, NOT), >, <, =, >=, <=",Information Technology,Cambridge Assessment International Education,Cambridge International AS & A Level,A Level,Paper 2 Practical,9626/2,150,90,25
10 Database and file concepts,10.1 Creating a database,"Performing searches, including: simple query on a single criterion; complex queries using multiple criteria; static parameter queries; dynamic parameter queries; nested queries; using queries to find and remove duplicate records; using queries to create new tables, append records to tables, delete records in tables and update data in tables; summarising data (including using cross-tab queries); using text, numeric, date, time, wildcard, Boolean operators (AND, OR, NOT), >, <, =, >=, <=",Information Technology,Cambridge Assessment International Education,Cambridge International AS & A Level,A Level,Paper 4 Advanced Practical,9626/4,150,90,25
10 Database and file concepts,10.1 Creating a database,"Performing calculations with arithmetic operations and numeric and logical functions, including: calculated controls and calculated fields",Information Technology,Cambridge Assessment International Education,Cambridge International AS & A Level,AS Level,Paper 1 Theory,9626/1,105,70,50
10 Database and file concepts,10.1 Creating a database,"Performing calculations with arithmetic operations and numeric and logical functions, including: calculated controls and calculated fields",Information Technology,Cambridge Assessment International Education,Cambridge International AS & A Level,A Level,Paper 1 Theory,9626/1,105,70,25
10 Database and file concepts,10.1 Creating a database,"Performing calculations with arithmetic operations and numeric and logical functions, including: calculated controls and calculated fields",Information Technology,Cambridge Assessment International Education,Cambridge International AS & A Level,AS Level,Paper 2 Practical,9626/2,150,90,50
10 Database and file concepts,10.1 Creating a database,"Performing calculations with arithmetic operations and numeric and logical functions, including: calculated controls and calculated fields",Information Technology,Cambridge Assessment International Education,Cambridge International AS & A Level,A Level,Paper 2 Practical,9626/2,150,90,25
10 Database and file concepts,10.1 Creating a database,"Performing calculations with arithmetic operations and numeric and logical functions, including: calculated controls and calculated fields",Information Technology,Cambridge Assessment International Education,Cambridge International AS & A Level,A Level,Paper 4 Advanced Practical,9626/4,150,90,25
10 Database and file concepts,10.1 Creating a database,"Sorting data, including: ascending, descending, sorting on more than one criteria",Information Technology,Cambridge Assessment International Education,Cambridge International AS & A Level,AS Level,Paper 1 Theory,9626/1,105,70,50
10 Database and file concepts,10.1 Creating a database,"Sorting data, including: ascending, descending, sorting on more than one criteria",Information Technology,Cambridge Assessment International Education,Cambridge International AS & A Level,A Level,Paper 1 Theory,9626/1,105,70,25
10 Database and file concepts,10.1 Creating a database,"Sorting data, including: ascending, descending, sorting on more than one criteria",Information Technology,Cambridge Assessment International Education,Cambridge International AS & A Level,AS Level,Paper 2 Practical,9626/2,150,90,50
10 Database and file concepts,10.1 Creating a database,"Sorting data, including: ascending, descending, sorting on more than one criteria",Information Technology,Cambridge Assessment International Education,Cambridge International AS & A Level,A Level,Paper 2 Practical,9626/2,150,90,25
10 Database and file concepts,10.1 Creating a database,"Sorting data, including: ascending, descending, sorting on more than one criteria",Information Technology,Cambridge Assessment International Education,Cambridge International AS & A Level,A Level,Paper 4 Advanced Practical,9626/4,150,90,25
10 Database and file concepts,10.1 Creating a database,"Designing and creating an appropriate data entry form, including appropriate: font styles and sizes; spacing between fields; object width and height to display data; use of white space; radio buttons; drop-down menus; highlighting key fields; form controls; linked subforms",Information Technology,Cambridge Assessment International Education,Cambridge International AS & A Level,AS Level,Paper 1 Theory,9626/1,105,70,50
10 Database and file concepts,10.1 Creating a database,"Designing and creating an appropriate data entry form, including appropriate: font styles and sizes; spacing between fields; object width and height to display data; use of white space; radio buttons; drop-down menus; highlighting key fields; form controls; linked subforms",Information Technology,Cambridge Assessment International Education,Cambridge International AS & A Level,A Level,Paper 1 Theory,9626/1,105,70,25
10 Database and file concepts,10.1 Creating a database,"Designing and creating an appropriate data entry form, including appropriate: font styles and sizes; spacing between fields; object width and height to display data; use of white space; radio buttons; drop-down menus; highlighting key fields; form controls; linked subforms",Information Technology,Cambridge Assessment International Education,Cambridge International AS & A Level,AS Level,Paper 2 Practical,9626/2,150,90,50
10 Database and file concepts,10.1 Creating a database,"Designing and creating an appropriate data entry form, including appropriate: font styles and sizes; spacing between fields; object width and height to display data; use of white space; radio buttons; drop-down menus; highlighting key fields; form controls; linked subforms",Information Technology,Cambridge Assessment International Education,Cambridge International AS & A Level,A Level,Paper 2 Practical,9626/2,150,90,25
10 Database and file concepts,10.1 Creating a database,"Designing and creating an appropriate data entry form, including appropriate: font styles and sizes; spacing between fields; object width and height to display data; use of white space; radio buttons; drop-down menus; highlighting key fields; form controls; linked subforms",Information Technology,Cambridge Assessment International Education,Cambridge International AS & A Level,A Level,Paper 4 Advanced Practical,9626/4,150,90,25
10 Database and file concepts,10.1 Creating a database,"Designing, creating and editing a database report, including: grouped report; controls; calculated controls",Information Technology,Cambridge Assessment International Education,Cambridge International AS & A Level,AS Level,Paper 1 Theory,9626/1,105,70,50
10 Database and file concepts,10.1 Creating a database,"Designing, creating and editing a database report, including: grouped report; controls; calculated controls",Information Technology,Cambridge Assessment International Education,Cambridge International AS & A Level,A Level,Paper 1 Theory,9626/1,105,70,25
10 Database and file concepts,10.1 Creating a database,"Designing, creating and editing a database report, including: grouped report; controls; calculated controls",Information Technology,Cambridge Assessment International Education,Cambridge International AS & A Level,AS Level,Paper 2 Practical,9626/2,150,90,50
10 Database and file concepts,10.1 Creating a database,"Designing, creating and editing a database report, including: grouped report; controls; calculated controls",Information Technology,Cambridge Assessment International Education,Cambridge International AS & A Level,A Level,Paper 2 Practical,9626/2,150,90,25
10 Database and file concepts,10.1 Creating a database,"Designing, creating and editing a database report, including: grouped report; controls; calculated controls",Information Technology,Cambridge Assessment International Education,Cambridge International AS & A Level,A Level,Paper 4 Advanced Practical,9626/4,150,90,25
10 Database and file concepts,10.1 Creating a database,Designing and creating a switchboard/menu within a database,Information Technology,Cambridge Assessment International Education,Cambridge International AS & A Level,AS Level,Paper 1 Theory,9626/1,105,70,50
10 Database and file concepts,10.1 Creating a database,Designing and creating a switchboard/menu within a database,Information Technology,Cambridge Assessment International Education,Cambridge International AS & A Level,A Level,Paper 1 Theory,9626/1,105,70,25
10 Database and file concepts,10.1 Creating a database,Designing and creating a switchboard/menu within a database,Information Technology,Cambridge Assessment International Education,Cambridge International AS & A Level,AS Level,Paper 2 Practical,9626/2,150,90,50
10 Database and file concepts,10.1 Creating a database,Designing and creating a switchboard/menu within a database,Information Technology,Cambridge Assessment International Education,Cambridge International AS & A Level,A Level,Paper 2 Practical,9626/2,150,90,25
10 Database and file concepts,10.1 Creating a database,Designing and creating a switchboard/menu within a database,Information Technology,Cambridge Assessment International Education,Cambridge International AS & A Level,A Level,Paper 4 Advanced Practical,9626/4,150,90,25
10 Database and file concepts,10.1 Creating a database,"Importing data, including: csv; txt",Information Technology,Cambridge Assessment International Education,Cambridge International AS & A Level,AS Level,Paper 1 Theory,9626/1,105,70,50
10 Database and file concepts,10.1 Creating a database,"Importing data, including: csv; txt",Information Technology,Cambridge Assessment International Education,Cambridge International AS & A Level,A Level,Paper 1 Theory,9626/1,105,70,25
10 Database and file concepts,10.1 Creating a database,"Importing data, including: csv; txt",Information Technology,Cambridge Assessment International Education,Cambridge International AS & A Level,AS Level,Paper 2 Practical,9626/2,150,90,50
10 Database and file concepts,10.1 Creating a database,"Importing data, including: csv; txt",Information Technology,Cambridge Assessment International Education,Cambridge International AS & A Level,A Level,Paper 2 Practical,9626/2,150,90,25
10 Database and file concepts,10.1 Creating a database,"Importing data, including: csv; txt",Information Technology,Cambridge Assessment International Education,Cambridge International AS & A Level,A Level,Paper 4 Advanced Practical,9626/4,150,90,25
10 Database and file concepts,10.1 Creating a database,"Exporting data, including: table; query; report; csv; txt; rtf",Information Technology,Cambridge Assessment International Education,Cambridge International AS & A Level,AS Level,Paper 1 Theory,9626/1,105,70,50
10 Database and file concepts,10.1 Creating a database,"Exporting data, including: table; query; report; csv; txt; rtf",Information Technology,Cambridge Assessment International Education,Cambridge International AS & A Level,A Level,Paper 1 Theory,9626/1,105,70,25
10 Database and file concepts,10.1 Creating a database,"Exporting data, including: table; query; report; csv; txt; rtf",Information Technology,Cambridge Assessment International Education,Cambridge International AS & A Level,AS Level,Paper 2 Practical,9626/2,150,90,50
10 Database and file concepts,10.1 Creating a database,"Exporting data, including: table; query; report; csv; txt; rtf",Information Technology,Cambridge Assessment International Education,Cambridge International AS & A Level,A Level,Paper 2 Practical,9626/2,150,90,25
10 Database and file concepts,10.1 Creating a database,"Exporting data, including: table; query; report; csv; txt; rtf",Information Technology,Cambridge Assessment International Education,Cambridge International AS & A Level,A Level,Paper 4 Advanced Practical,9626/4,150,90,25
10 Database and file concepts,10.2 Normalisation to third normal form (3NF),The characteristics of data in: unnormalised form (UNF); first normal form (1NF); second normal form (2NF); third normal form (3NF),Information Technology,Cambridge Assessment International Education,Cambridge International AS & A Level,AS Level,Paper 1 Theory,9626/1,105,70,50
10 Database and file concepts,10.2 Normalisation to third normal form (3NF),The characteristics of data in: unnormalised form (UNF); first normal form (1NF); second normal form (2NF); third normal form (3NF),Information Technology,Cambridge Assessment International Education,Cambridge International AS & A Level,A Level,Paper 1 Theory,9626/1,105,70,25
10 Database and file concepts,10.2 Normalisation to third normal form (3NF),The characteristics of data in: unnormalised form (UNF); first normal form (1NF); second normal form (2NF); third normal form (3NF),Information Technology,Cambridge Assessment International Education,Cambridge International AS & A Level,AS Level,Paper 2 Practical,9626/2,150,90,50
10 Database and file concepts,10.2 Normalisation to third normal form (3NF),The characteristics of data in: unnormalised form (UNF); first normal form (1NF); second normal form (2NF); third normal form (3NF),Information Technology,Cambridge Assessment International Education,Cambridge International AS & A Level,A Level,Paper 2 Practical,9626/2,150,90,25
10 Database and file concepts,10.2 Normalisation to third normal form (3NF),The characteristics of data in: unnormalised form (UNF); first normal form (1NF); second normal form (2NF); third normal form (3NF),Information Technology,Cambridge Assessment International Education,Cambridge International AS & A Level,A Level,Paper 4 Advanced Practical,9626/4,150,90,25
10 Database and file concepts,10.2 Normalisation to third normal form (3NF),The normalisation of data including the advantages and disadvantages,Information Technology,Cambridge Assessment International Education,Cambridge International AS & A Level,AS Level,Paper 1 Theory,9626/1,105,70,50
10 Database and file concepts,10.2 Normalisation to third normal form (3NF),The normalisation of data including the advantages and disadvantages,Information Technology,Cambridge Assessment International Education,Cambridge International AS & A Level,A Level,Paper 1 Theory,9626/1,105,70,25
10 Database and file concepts,10.2 Normalisation to third normal form (3NF),The normalisation of data including the advantages and disadvantages,Information Technology,Cambridge Assessment International Education,Cambridge International AS & A Level,AS Level,Paper 2 Practical,9626/2,150,90,50
10 Database and file concepts,10.2 Normalisation to third normal form (3NF),The normalisation of data including the advantages and disadvantages,Information Technology,Cambridge Assessment International Education,Cambridge International AS & A Level,A Level,Paper 2 Practical,9626/2,150,90,25
10 Database and file concepts,10.2 Normalisation to third normal form (3NF),The normalisation of data including the advantages and disadvantages,Information Technology,Cambridge Assessment International Education,Cambridge International AS & A Level,A Level,Paper 4 Advanced Practical,9626/4,150,90,25
10 Database and file concepts,10.2 Normalisation to third normal form (3NF),Normalise a database to: first normal form (1NF); second normal form (2NF); third normal form (3NF),Information Technology,Cambridge Assessment International Education,Cambridge International AS & A Level,AS Level,Paper 1 Theory,9626/1,105,70,50
10 Database and file concepts,10.2 Normalisation to third normal form (3NF),Normalise a database to: first normal form (1NF); second normal form (2NF); third normal form (3NF),Information Technology,Cambridge Assessment International Education,Cambridge International AS & A Level,A Level,Paper 1 Theory,9626/1,105,70,25
10 Database and file concepts,10.2 Normalisation to third normal form (3NF),Normalise a database to: first normal form (1NF); second normal form (2NF); third normal form (3NF),Information Technology,Cambridge Assessment International Education,Cambridge International AS & A Level,AS Level,Paper 2 Practical,9626/2,150,90,50
10 Database and file concepts,10.2 Normalisation to third normal form (3NF),Normalise a database to: first normal form (1NF); second normal form (2NF); third normal form (3NF),Information Technology,Cambridge Assessment International Education,Cambridge International AS & A Level,A Level,Paper 2 Practical,9626/2,150,90,25
10 Database and file concepts,10.2 Normalisation to third normal form (3NF),Normalise a database to: first normal form (1NF); second normal form (2NF); third normal form (3NF),Information Technology,Cambridge Assessment International Education,Cambridge International AS & A Level,A Level,Paper 4 Advanced Practical,9626/4,150,90,25
10 Database and file concepts,10.3 Data dictionary,"Identifying different data types, including: text, alphanumeric; numeric (integer, decimal, currency); percentage; date and time; Boolean/logical (yes/no, true/false)",Information Technology,Cambridge Assessment International Education,Cambridge International AS & A Level,AS Level,Paper 1 Theory,9626/1,105,70,50
10 Database and file concepts,10.3 Data dictionary,"Identifying different data types, including: text, alphanumeric; numeric (integer, decimal, currency); percentage; date and time; Boolean/logical (yes/no, true/false)",Information Technology,Cambridge Assessment International Education,Cambridge International AS & A Level,A Level,Paper 1 Theory,9626/1,105,70,25
10 Database and file concepts,10.3 Data dictionary,"Identifying different data types, including: text, alphanumeric; numeric (integer, decimal, currency); percentage; date and time; Boolean/logical (yes/no, true/false)",Information Technology,Cambridge Assessment International Education,Cambridge International AS & A Level,AS Level,Paper 2 Practical,9626/2,150,90,50
10 Database and file concepts,10.3 Data dictionary,"Identifying different data types, including: text, alphanumeric; numeric (integer, decimal, currency); percentage; date and time; Boolean/logical (yes/no, true/false)",Information Technology,Cambridge Assessment International Education,Cambridge International AS & A Level,A Level,Paper 2 Practical,9626/2,150,90,25
10 Database and file concepts,10.3 Data dictionary,"Identifying different data types, including: text, alphanumeric; numeric (integer, decimal, currency); percentage; date and time; Boolean/logical (yes/no, true/false)",Information Technology,Cambridge Assessment International Education,Cambridge International AS & A Level,A Level,Paper 4 Advanced Practical,9626/4,150,90,25
10 Database and file concepts,10.3 Data dictionary,Components of a data dictionary,Information Technology,Cambridge Assessment International Education,Cambridge International AS & A Level,AS Level,Paper 1 Theory,9626/1,105,70,50
10 Database and file concepts,10.3 Data dictionary,Components of a data dictionary,Information Technology,Cambridge Assessment International Education,Cambridge International AS & A Level,A Level,Paper 1 Theory,9626/1,105,70,25
10 Database and file concepts,10.3 Data dictionary,Components of a data dictionary,Information Technology,Cambridge Assessment International Education,Cambridge International AS & A Level,AS Level,Paper 2 Practical,9626/2,150,90,50
10 Database and file concepts,10.3 Data dictionary,Components of a data dictionary,Information Technology,Cambridge Assessment International Education,Cambridge International AS & A Level,A Level,Paper 2 Practical,9626/2,150,90,25
10 Database and file concepts,10.3 Data dictionary,Components of a data dictionary,Information Technology,Cambridge Assessment International Education,Cambridge International AS & A Level,A Level,Paper 4 Advanced Practical,9626/4,150,90,25
10 Database and file concepts,10.3 Data dictionary,Creating a data dictionary and selecting appropriate data types for a given set of data and a given situation,Information Technology,Cambridge Assessment International Education,Cambridge International AS & A Level,AS Level,Paper 1 Theory,9626/1,105,70,50
10 Database and file concepts,10.3 Data dictionary,Creating a data dictionary and selecting appropriate data types for a given set of data and a given situation,Information Technology,Cambridge Assessment International Education,Cambridge International AS & A Level,A Level,Paper 1 Theory,9626/1,105,70,25
10 Database and file concepts,10.3 Data dictionary,Creating a data dictionary and selecting appropriate data types for a given set of data and a given situation,Information Technology,Cambridge Assessment International Education,Cambridge International AS & A Level,AS Level,Paper 2 Practical,9626/2,150,90,50
10 Database and file concepts,10.3 Data dictionary,Creating a data dictionary and selecting appropriate data types for a given set of data and a given situation,Information Technology,Cambridge Assessment International Education,Cambridge International AS & A Level,A Level,Paper 2 Practical,9626/2,150,90,25
10 Database and file concepts,10.3 Data dictionary,Creating a data dictionary and selecting appropriate data types for a given set of data and a given situation,Information Technology,Cambridge Assessment International Education,Cambridge International AS & A Level,A Level,Paper 4 Advanced Practical,9626/4,150,90,25
10 Database and file concepts,10.4 File and data management,Different file types and their use,Information Technology,Cambridge Assessment International Education,Cambridge International AS & A Level,AS Level,Paper 1 Theory,9626/1,105,70,50
10 Database and file concepts,10.4 File and data management,Different file types and their use,Information Technology,Cambridge Assessment International Education,Cambridge International AS & A Level,A Level,Paper 1 Theory,9626/1,105,70,25
10 Database and file concepts,10.4 File and data management,Different file types and their use,Information Technology,Cambridge Assessment International Education,Cambridge International AS & A Level,AS Level,Paper 2 Practical,9626/2,150,90,50
10 Database and file concepts,10.4 File and data management,Different file types and their use,Information Technology,Cambridge Assessment International Education,Cambridge International AS & A Level,A Level,Paper 2 Practical,9626/2,150,90,25
10 Database and file concepts,10.4 File and data management,Different file types and their use,Information Technology,Cambridge Assessment International Education,Cambridge International AS & A Level,A Level,Paper 4 Advanced Practical,9626/4,150,90,25
10 Database and file concepts,10.4 File and data management,Why generic file formats are needed,Information Technology,Cambridge Assessment International Education,Cambridge International AS & A Level,AS Level,Paper 1 Theory,9626/1,105,70,50
10 Database and file concepts,10.4 File and data management,Why generic file formats are needed,Information Technology,Cambridge Assessment International Education,Cambridge International AS & A Level,A Level,Paper 1 Theory,9626/1,105,70,25
10 Database and file concepts,10.4 File and data management,Why generic file formats are needed,Information Technology,Cambridge Assessment International Education,Cambridge International AS & A Level,AS Level,Paper 2 Practical,9626/2,150,90,50
10 Database and file concepts,10.4 File and data management,Why generic file formats are needed,Information Technology,Cambridge Assessment International Education,Cambridge International AS & A Level,A Level,Paper 2 Practical,9626/2,150,90,25
10 Database and file concepts,10.4 File and data management,Why generic file formats are needed,Information Technology,Cambridge Assessment International Education,Cambridge International AS & A Level,A Level,Paper 4 Advanced Practical,9626/4,150,90,25
10 Database and file concepts,10.4 File and data management,"Proprietary and open-source file formats, including why open-source file formats are needed",Information Technology,Cambridge Assessment International Education,Cambridge International AS & A Level,AS Level,Paper 1 Theory,9626/1,105,70,50
10 Database and file concepts,10.4 File and data management,"Proprietary and open-source file formats, including why open-source file formats are needed",Information Technology,Cambridge Assessment International Education,Cambridge International AS & A Level,A Level,Paper 1 Theory,9626/1,105,70,25
10 Database and file concepts,10.4 File and data management,"Proprietary and open-source file formats, including why open-source file formats are needed",Information Technology,Cambridge Assessment International Education,Cambridge International AS & A Level,AS Level,Paper 2 Practical,9626/2,150,90,50
10 Database and file concepts,10.4 File and data management,"Proprietary and open-source file formats, including why open-source file formats are needed",Information Technology,Cambridge Assessment International Education,Cambridge International AS & A Level,A Level,Paper 2 Practical,9626/2,150,90,25
10 Database and file concepts,10.4 File and data management,"Proprietary and open-source file formats, including why open-source file formats are needed",Information Technology,Cambridge Assessment International Education,Cambridge International AS & A Level,A Level,Paper 4 Advanced Practical,9626/4,150,90,25
10 Database and file concepts,10.4 File and data management,Using indexed sequential access,Information Technology,Cambridge Assessment International Education,Cambridge International AS & A Level,AS Level,Paper 1 Theory,9626/1,105,70,50
10 Database and file concepts,10.4 File and data management,Using indexed sequential access,Information Technology,Cambridge Assessment International Education,Cambridge International AS & A Level,A Level,Paper 1 Theory,9626/1,105,70,25
10 Database and file concepts,10.4 File and data management,Using indexed sequential access,Information Technology,Cambridge Assessment International Education,Cambridge International AS & A Level,AS Level,Paper 2 Practical,9626/2,150,90,50
10 Database and file concepts,10.4 File and data management,Using indexed sequential access,Information Technology,Cambridge Assessment International Education,Cambridge International AS & A Level,A Level,Paper 2 Practical,9626/2,150,90,25
10 Database and file concepts,10.4 File and data management,Using indexed sequential access,Information Technology,Cambridge Assessment International Education,Cambridge International AS & A Level,A Level,Paper 4 Advanced Practical,9626/4,150,90,25
10 Database and file concepts,10.4 File and data management,Using direct file access,Information Technology,Cambridge Assessment International Education,Cambridge International AS & A Level,AS Level,Paper 1 Theory,9626/1,105,70,50
10 Database and file concepts,10.4 File and data management,Using direct file access,Information Technology,Cambridge Assessment International Education,Cambridge International AS & A Level,A Level,Paper 1 Theory,9626/1,105,70,25
10 Database and file concepts,10.4 File and data management,Using direct file access,Information Technology,Cambridge Assessment International Education,Cambridge International AS & A Level,AS Level,Paper 2 Practical,9626/2,150,90,50
10 Database and file concepts,10.4 File and data management,Using direct file access,Information Technology,Cambridge Assessment International Education,Cambridge International AS & A Level,A Level,Paper 2 Practical,9626/2,150,90,25
10 Database and file concepts,10.4 File and data management,Using direct file access,Information Technology,Cambridge Assessment International Education,Cambridge International AS & A Level,A Level,Paper 4 Advanced Practical,9626/4,150,90,25
10 Database and file concepts,10.4 File and data management,"Using database management systems, including: hierarchical; network; object-oriented; relational",Information Technology,Cambridge Assessment International Education,Cambridge International AS & A Level,AS Level,Paper 1 Theory,9626/1,105,70,50
10 Database and file concepts,10.4 File and data management,"Using database management systems, including: hierarchical; network; object-oriented; relational",Information Technology,Cambridge Assessment International Education,Cambridge International AS & A Level,A Level,Paper 1 Theory,9626/1,105,70,25
10 Database and file concepts,10.4 File and data management,"Using database management systems, including: hierarchical; network; object-oriented; relational",Information Technology,Cambridge Assessment International Education,Cambridge International AS & A Level,AS Level,Paper 2 Practical,9626/2,150,90,50
10 Database and file concepts,10.4 File and data management,"Using database management systems, including: hierarchical; network; object-oriented; relational",Information Technology,Cambridge Assessment International Education,Cambridge International AS & A Level,A Level,Paper 2 Practical,9626/2,150,90,25
10 Database and file concepts,10.4 File and data management,"Using database management systems, including: hierarchical; network; object-oriented; relational",Information Technology,Cambridge Assessment International Education,Cambridge International AS & A Level,A Level,Paper 4 Advanced Practical,9626/4,150,90,25
10 Database and file concepts,10.4 File and data management,The features of a management information system (MIS),Information Technology,Cambridge Assessment International Education,Cambridge International AS & A Level,AS Level,Paper 1 Theory,9626/1,105,70,50
10 Database and file concepts,10.4 File and data management,The features of a management information system (MIS),Information Technology,Cambridge Assessment International Education,Cambridge International AS & A Level,A Level,Paper 1 Theory,9626/1,105,70,25
10 Database and file concepts,10.4 File and data management,The features of a management information system (MIS),Information Technology,Cambridge Assessment International Education,Cambridge International AS & A Level,AS Level,Paper 2 Practical,9626/2,150,90,50
10 Database and file concepts,10.4 File and data management,The features of a management information system (MIS),Information Technology,Cambridge Assessment International Education,Cambridge International AS & A Level,A Level,Paper 2 Practical,9626/2,150,90,25
10 Database and file concepts,10.4 File and data management,The features of a management information system (MIS),Information Technology,Cambridge Assessment International Education,Cambridge International AS & A Level,A Level,Paper 4 Advanced Practical,9626/4,150,90,25
10 Database and file concepts,10.4 File and data management,How a management information system (MIS) can be used by organisations,Information Technology,Cambridge Assessment International Education,Cambridge International AS & A Level,AS Level,Paper 1 Theory,9626/1,105,70,50
10 Database and file concepts,10.4 File and data management,How a management information system (MIS) can be used by organisations,Information Technology,Cambridge Assessment International Education,Cambridge International AS & A Level,A Level,Paper 1 Theory,9626/1,105,70,25
10 Database and file concepts,10.4 File and data management,How a management information system (MIS) can be used by organisations,Information Technology,Cambridge Assessment International Education,Cambridge International AS & A Level,AS Level,Paper 2 Practical,9626/2,150,90,50
10 Database and file concepts,10.4 File and data management,How a management information system (MIS) can be used by organisations,Information Technology,Cambridge Assessment International Education,Cambridge International AS & A Level,A Level,Paper 2 Practical,9626/2,150,90,25
10 Database and file concepts,10.4 File and data management,How a management information system (MIS) can be used by organisations,Information Technology,Cambridge Assessment International Education,Cambridge International AS & A Level,A Level,Paper 4 Advanced Practical,9626/4,150,90,25
10 Database and file concepts,10.4 File and data management,Advantages and disadvantages of the different types of database management systems,Information Technology,Cambridge Assessment International Education,Cambridge International AS & A Level,AS Level,Paper 1 Theory,9626/1,105,70,50
10 Database and file concepts,10.4 File and data management,Advantages and disadvantages of the different types of database management systems,Information Technology,Cambridge Assessment International Education,Cambridge International AS & A Level,A Level,Paper 1 Theory,9626/1,105,70,25
10 Database and file concepts,10.4 File and data management,Advantages and disadvantages of the different types of database management systems,Information Technology,Cambridge Assessment International Education,Cambridge International AS & A Level,AS Level,Paper 2 Practical,9626/2,150,90,50
10 Database and file concepts,10.4 File and data management,Advantages and disadvantages of the different types of database management systems,Information Technology,Cambridge Assessment International Education,Cambridge International AS & A Level,A Level,Paper 2 Practical,9626/2,150,90,25
10 Database and file concepts,10.4 File and data management,Advantages and disadvantages of the different types of database management systems,Information Technology,Cambridge Assessment International Education,Cambridge International AS & A Level,A Level,Paper 4 Advanced Practical,9626/4,150,90,25
11 Video and audio editing,11.1 Video editing,"Editing a video clip to meet the requirements of its intended application and audience, including: setting an aspect ratio; trimming a video clip to remove unwanted footage; splicing/joining together video clips; adding titles, subtitles and captions; adding credits with appropriate source information; using scrolling credits with appropriate blank lines; ensuring readability of text; adding fading effects; adding pan and zoom effects; adding transitions; extracting a still image from a video clip; resizing and cropping a still image to match a video’s aspect ratio; inserting a still image; adding audio to a video clip; editing audio within a video clip; removing audio from a video clip; altering the speed of a video clip; using filters and colour correction; exporting a video clip in different file formats (including: MP4, AVI, MOV, WMV); compressing a video to different resolutions to suit different media (including: DVD, internet, mobile devices)",Information Technology,Cambridge Assessment International Education,Cambridge International AS & A Level,AS Level,Paper 1 Theory,9626/1,105,70,50
11 Video and audio editing,11.1 Video editing,"Editing a video clip to meet the requirements of its intended application and audience, including: setting an aspect ratio; trimming a video clip to remove unwanted footage; splicing/joining together video clips; adding titles, subtitles and captions; adding credits with appropriate source information; using scrolling credits with appropriate blank lines; ensuring readability of text; adding fading effects; adding pan and zoom effects; adding transitions; extracting a still image from a video clip; resizing and cropping a still image to match a video’s aspect ratio; inserting a still image; adding audio to a video clip; editing audio within a video clip; removing audio from a video clip; altering the speed of a video clip; using filters and colour correction; exporting a video clip in different file formats (including: MP4, AVI, MOV, WMV); compressing a video to different resolutions to suit different media (including: DVD, internet, mobile devices)",Information Technology,Cambridge Assessment International Education,Cambridge International AS & A Level,A Level,Paper 1 Theory,9626/1,105,70,25
11 Video and audio editing,11.1 Video editing,"Editing a video clip to meet the requirements of its intended application and audience, including: setting an aspect ratio; trimming a video clip to remove unwanted footage; splicing/joining together video clips; adding titles, subtitles and captions; adding credits with appropriate source information; using scrolling credits with appropriate blank lines; ensuring readability of text; adding fading effects; adding pan and zoom effects; adding transitions; extracting a still image from a video clip; resizing and cropping a still image to match a video’s aspect ratio; inserting a still image; adding audio to a video clip; editing audio within a video clip; removing audio from a video clip; altering the speed of a video clip; using filters and colour correction; exporting a video clip in different file formats (including: MP4, AVI, MOV, WMV); compressing a video to different resolutions to suit different media (including: DVD, internet, mobile devices)",Information Technology,Cambridge Assessment International Education,Cambridge International AS & A Level,AS Level,Paper 2 Practical,9626/2,150,90,50
11 Video and audio editing,11.1 Video editing,"Editing a video clip to meet the requirements of its intended application and audience, including: setting an aspect ratio; trimming a video clip to remove unwanted footage; splicing/joining together video clips; adding titles, subtitles and captions; adding credits with appropriate source information; using scrolling credits with appropriate blank lines; ensuring readability of text; adding fading effects; adding pan and zoom effects; adding transitions; extracting a still image from a video clip; resizing and cropping a still image to match a video’s aspect ratio; inserting a still image; adding audio to a video clip; editing audio within a video clip; removing audio from a video clip; altering the speed of a video clip; using filters and colour correction; exporting a video clip in different file formats (including: MP4, AVI, MOV, WMV); compressing a video to different resolutions to suit different media (including: DVD, internet, mobile devices)",Information Technology,Cambridge Assessment International Education,Cambridge International AS & A Level,A Level,Paper 2 Practical,9626/2,150,90,25
11 Video and audio editing,11.1 Video editing,"The effects of different methods of compression on video, including: how the different compression methods affect video quality",Information Technology,Cambridge Assessment International Education,Cambridge International AS & A Level,AS Level,Paper 1 Theory,9626/1,105,70,50
11 Video and audio editing,11.1 Video editing,"The effects of different methods of compression on video, including: how the different compression methods affect video quality",Information Technology,Cambridge Assessment International Education,Cambridge International AS & A Level,A Level,Paper 1 Theory,9626/1,105,70,25
11 Video and audio editing,11.1 Video editing,"The effects of different methods of compression on video, including: how the different compression methods affect video quality",Information Technology,Cambridge Assessment International Education,Cambridge International AS & A Level,AS Level,Paper 2 Practical,9626/2,150,90,50
11 Video and audio editing,11.1 Video editing,"The effects of different methods of compression on video, including: how the different compression methods affect video quality",Information Technology,Cambridge Assessment International Education,Cambridge International AS & A Level,A Level,Paper 2 Practical,9626/2,150,90,25
11 Video and audio editing,11.1 Video editing,"Why typical features found in video editing software are used, including: trimming and cropping a video clip; creating text-based slides; creating credits; adding captions and subtitles; adding fading effects; extracting a still image from a video clip; inserting a still image; editing audio within a video clip; exporting a video clip in different file formats; compressing a video to different resolutions",Information Technology,Cambridge Assessment International Education,Cambridge International AS & A Level,AS Level,Paper 1 Theory,9626/1,105,70,50
11 Video and audio editing,11.1 Video editing,"Why typical features found in video editing software are used, including: trimming and cropping a video clip; creating text-based slides; creating credits; adding captions and subtitles; adding fading effects; extracting a still image from a video clip; inserting a still image; editing audio within a video clip; exporting a video clip in different file formats; compressing a video to different resolutions",Information Technology,Cambridge Assessment International Education,Cambridge International AS & A Level,A Level,Paper 1 Theory,9626/1,105,70,25
11 Video and audio editing,11.1 Video editing,"Why typical features found in video editing software are used, including: trimming and cropping a video clip; creating text-based slides; creating credits; adding captions and subtitles; adding fading effects; extracting a still image from a video clip; inserting a still image; editing audio within a video clip; exporting a video clip in different file formats; compressing a video to different resolutions",Information Technology,Cambridge Assessment International Education,Cambridge International AS & A Level,AS Level,Paper 2 Practical,9626/2,150,90,50
11 Video and audio editing,11.1 Video editing,"Why typical features found in video editing software are used, including: trimming and cropping a video clip; creating text-based slides; creating credits; adding captions and subtitles; adding fading effects; extracting a still image from a video clip; inserting a still image; editing audio within a video clip; exporting a video clip in different file formats; compressing a video to different resolutions",Information Technology,Cambridge Assessment International Education,Cambridge International AS & A Level,A Level,Paper 2 Practical,9626/2,150,90,25
11 Video and audio editing,11.1 Video editing,Advantages and disadvantages of export file formats,Information Technology,Cambridge Assessment International Education,Cambridge International AS & A Level,AS Level,Paper 1 Theory,9626/1,105,70,50
11 Video and audio editing,11.1 Video editing,Advantages and disadvantages of export file formats,Information Technology,Cambridge Assessment International Education,Cambridge International AS & A Level,A Level,Paper 1 Theory,9626/1,105,70,25
11 Video and audio editing,11.1 Video editing,Advantages and disadvantages of export file formats,Information Technology,Cambridge Assessment International Education,Cambridge International AS & A Level,AS Level,Paper 2 Practical,9626/2,150,90,50
11 Video and audio editing,11.1 Video editing,Advantages and disadvantages of export file formats,Information Technology,Cambridge Assessment International Education,Cambridge International AS & A Level,A Level,Paper 2 Practical,9626/2,150,90,25
11 Video and audio editing,11.2 Audio editing,"Editing an audio clip to meet the requirements of its intended application and audience, including: importing new tracks; adding a track to an existing audio clip; normalising an audio clip, including removing any DC offset; trimming an audio clip to remove unwanted material; splicing/joining together two audio clips; fading in and fading out; altering the clip speed; changing the pitch; adding or adjusting delay/echo; adding or adjusting reverberation; changing an audio clip from stereo to mono; applying equalisation, high and low pass filters; applying noise reduction; overdubbing an audio clip, including voiceover; compressing an audio file to different sample rates to suit different media; exporting an audio clip in different file formats, (including: MP4, AVI, MOV, WMV)",Information Technology,Cambridge Assessment International Education,Cambridge International AS & A Level,AS Level,Paper 1 Theory,9626/1,105,70,50
11 Video and audio editing,11.2 Audio editing,"Editing an audio clip to meet the requirements of its intended application and audience, including: importing new tracks; adding a track to an existing audio clip; normalising an audio clip, including removing any DC offset; trimming an audio clip to remove unwanted material; splicing/joining together two audio clips; fading in and fading out; altering the clip speed; changing the pitch; adding or adjusting delay/echo; adding or adjusting reverberation; changing an audio clip from stereo to mono; applying equalisation, high and low pass filters; applying noise reduction; overdubbing an audio clip, including voiceover; compressing an audio file to different sample rates to suit different media; exporting an audio clip in different file formats, (including: MP4, AVI, MOV, WMV)",Information Technology,Cambridge Assessment International Education,Cambridge International AS & A Level,A Level,Paper 1 Theory,9626/1,105,70,25
11 Video and audio editing,11.2 Audio editing,"Editing an audio clip to meet the requirements of its intended application and audience, including: importing new tracks; adding a track to an existing audio clip; normalising an audio clip, including removing any DC offset; trimming an audio clip to remove unwanted material; splicing/joining together two audio clips; fading in and fading out; altering the clip speed; changing the pitch; adding or adjusting delay/echo; adding or adjusting reverberation; changing an audio clip from stereo to mono; applying equalisation, high and low pass filters; applying noise reduction; overdubbing an audio clip, including voiceover; compressing an audio file to different sample rates to suit different media; exporting an audio clip in different file formats, (including: MP4, AVI, MOV, WMV)",Information Technology,Cambridge Assessment International Education,Cambridge International AS & A Level,AS Level,Paper 2 Practical,9626/2,150,90,50
11 Video and audio editing,11.2 Audio editing,"Editing an audio clip to meet the requirements of its intended application and audience, including: importing new tracks; adding a track to an existing audio clip; normalising an audio clip, including removing any DC offset; trimming an audio clip to remove unwanted material; splicing/joining together two audio clips; fading in and fading out; altering the clip speed; changing the pitch; adding or adjusting delay/echo; adding or adjusting reverberation; changing an audio clip from stereo to mono; applying equalisation, high and low pass filters; applying noise reduction; overdubbing an audio clip, including voiceover; compressing an audio file to different sample rates to suit different media; exporting an audio clip in different file formats, (including: MP4, AVI, MOV, WMV)",Information Technology,Cambridge Assessment International Education,Cambridge International AS & A Level,A Level,Paper 2 Practical,9626/2,150,90,25
11 Video and audio editing,11.2 Audio editing,"How and why typical features found in audio editing software are used, including: trimming; splicing/joining together two audio clips; fading in and fading out; normalising audio; applying noise reduction; overdubbing an audio clip, including voiceover; exporting an audio clip in different file formats; compressing an audio file",Information Technology,Cambridge Assessment International Education,Cambridge International AS & A Level,AS Level,Paper 1 Theory,9626/1,105,70,50
11 Video and audio editing,11.2 Audio editing,"How and why typical features found in audio editing software are used, including: trimming; splicing/joining together two audio clips; fading in and fading out; normalising audio; applying noise reduction; overdubbing an audio clip, including voiceover; exporting an audio clip in different file formats; compressing an audio file",Information Technology,Cambridge Assessment International Education,Cambridge International AS & A Level,A Level,Paper 1 Theory,9626/1,105,70,25
11 Video and audio editing,11.2 Audio editing,"How and why typical features found in audio editing software are used, including: trimming; splicing/joining together two audio clips; fading in and fading out; normalising audio; applying noise reduction; overdubbing an audio clip, including voiceover; exporting an audio clip in different file formats; compressing an audio file",Information Technology,Cambridge Assessment International Education,Cambridge International AS & A Level,AS Level,Paper 2 Practical,9626/2,150,90,50
11 Video and audio editing,11.2 Audio editing,"How and why typical features found in audio editing software are used, including: trimming; splicing/joining together two audio clips; fading in and fading out; normalising audio; applying noise reduction; overdubbing an audio clip, including voiceover; exporting an audio clip in different file formats; compressing an audio file",Information Technology,Cambridge Assessment International Education,Cambridge International AS & A Level,A Level,Paper 2 Practical,9626/2,150,90,25
11 Video and audio editing,11.2 Audio editing,Advantages and disadvantages of export file formats,Information Technology,Cambridge Assessment International Education,Cambridge International AS & A Level,AS Level,Paper 1 Theory,9626/1,105,70,50
11 Video and audio editing,11.2 Audio editing,Advantages and disadvantages of export file formats,Information Technology,Cambridge Assessment International Education,Cambridge International AS & A Level,A Level,Paper 1 Theory,9626/1,105,70,25
11 Video and audio editing,11.2 Audio editing,Advantages and disadvantages of export file formats,Information Technology,Cambridge Assessment International Education,Cambridge International AS & A Level,AS Level,Paper 2 Practical,9626/2,150,90,50
11 Video and audio editing,11.2 Audio editing,Advantages and disadvantages of export file formats,Information Technology,Cambridge Assessment International Education,Cambridge International AS & A Level,A Level,Paper 2 Practical,9626/2,150,90,25
11 Video and audio editing,11.2 Audio editing,"Why file sizes depend on sampling rate and sampling resolution, including: describing sampling rate and sampling resolution",Information Technology,Cambridge Assessment International Education,Cambridge International AS & A Level,AS Level,Paper 1 Theory,9626/1,105,70,50
11 Video and audio editing,11.2 Audio editing,"Why file sizes depend on sampling rate and sampling resolution, including: describing sampling rate and sampling resolution",Information Technology,Cambridge Assessment International Education,Cambridge International AS & A Level,A Level,Paper 1 Theory,9626/1,105,70,25
11 Video and audio editing,11.2 Audio editing,"Why file sizes depend on sampling rate and sampling resolution, including: describing sampling rate and sampling resolution",Information Technology,Cambridge Assessment International Education,Cambridge International AS & A Level,AS Level,Paper 2 Practical,9626/2,150,90,50
11 Video and audio editing,11.2 Audio editing,"Why file sizes depend on sampling rate and sampling resolution, including: describing sampling rate and sampling resolution",Information Technology,Cambridge Assessment International Education,Cambridge International AS & A Level,A Level,Paper 2 Practical,9626/2,150,90,25
11 Video and audio editing,11.2 Audio editing,"The effects of different methods of compression on audio, including: how the different compression methods affect the audio quality; saving in files v containers; lossy and lossless",Information Technology,Cambridge Assessment International Education,Cambridge International AS & A Level,AS Level,Paper 1 Theory,9626/1,105,70,50
11 Video and audio editing,11.2 Audio editing,"The effects of different methods of compression on audio, including: how the different compression methods affect the audio quality; saving in files v containers; lossy and lossless",Information Technology,Cambridge Assessment International Education,Cambridge International AS & A Level,A Level,Paper 1 Theory,9626/1,105,70,25
11 Video and audio editing,11.2 Audio editing,"The effects of different methods of compression on audio, including: how the different compression methods affect the audio quality; saving in files v containers; lossy and lossless",Information Technology,Cambridge Assessment International Education,Cambridge International AS & A Level,AS Level,Paper 2 Practical,9626/2,150,90,50
11 Video and audio editing,11.2 Audio editing,"The effects of different methods of compression on audio, including: how the different compression methods affect the audio quality; saving in files v containers; lossy and lossless",Information Technology,Cambridge Assessment International Education,Cambridge International AS & A Level,A Level,Paper 2 Practical,9626/2,150,90,25
12 IT in society,12.1 Digital currencies,"Types, characteristics and uses of digital currencies, including: digital/electronic currency, virtual currency, cryptocurrency, central bank digital base money, stored value cards; centralised systems (debit, credit cards, electronic point of sale); decentralised systems (Bitcoin, Litecoin, peer-to-peer electronic monetary systems, mobile electronic wallets)",Information Technology,Cambridge Assessment International Education,Cambridge International AS & A Level,A Level,Paper 3 Advanced Theory,9626/3,105,70,25
12 IT in society,12.1 Digital currencies,Use of blockchains as distributed ledgers for cryptocurrencies,Information Technology,Cambridge Assessment International Education,Cambridge International AS & A Level,A Level,Paper 3 Advanced Theory,9626/3,105,70,25
12 IT in society,12.1 Digital currencies,"Impact and risks of digital currencies, including on: individuals; businesses; governments; the global economy",Information Technology,Cambridge Assessment International Education,Cambridge International AS & A Level,A Level,Paper 3 Advanced Theory,9626/3,105,70,25
12 IT in society,12.1 Digital currencies,Advantages and disadvantages of different types of digital currency,Information Technology,Cambridge Assessment International Education,Cambridge International AS & A Level,A Level,Paper 3 Advanced Theory,9626/3,105,70,25
12 IT in society,12.2 Data mining,Process of data mining,Information Technology,Cambridge Assessment International Education,Cambridge International AS & A Level,A Level,Paper 3 Advanced Theory,9626/3,105,70,25
12 IT in society,12.2 Data mining,Stages in the data mining process: 1 Business understanding; 2 Data understanding; 3 Data preparation; 4 Data modelling; 5 Evaluation; 6 Deployment,Information Technology,Cambridge Assessment International Education,Cambridge International AS & A Level,A Level,Paper 3 Advanced Theory,9626/3,105,70,25
12 IT in society,12.2 Data mining,"How and why data mining is used, including in: national security; surveillance; businesses; scientific research; healthcare; the analysis of social and economic trends",Information Technology,Cambridge Assessment International Education,Cambridge International AS & A Level,A Level,Paper 3 Advanced Theory,9626/3,105,70,25
12 IT in society,12.2 Data mining,"Advantages and disadvantages of data mining to individuals and organisations, including: all information is in one place; ethical and privacy concerns",Information Technology,Cambridge Assessment International Education,Cambridge International AS & A Level,A Level,Paper 3 Advanced Theory,9626/3,105,70,25
12 IT in society,12.3 Social networking services/platforms,"Types of social networking services/platforms, including: chat rooms; instant messaging; email; social media such as forums, blogs, microblogs",Information Technology,Cambridge Assessment International Education,Cambridge International AS & A Level,A Level,Paper 3 Advanced Theory,9626/3,105,70,25
12 IT in society,12.3 Social networking services/platforms,"Uses of social networking services/platforms, including: by individuals, businesses, organisations, governments; for education, finance, healthcare, news sources",Information Technology,Cambridge Assessment International Education,Cambridge International AS & A Level,A Level,Paper 3 Advanced Theory,9626/3,105,70,25
12 IT in society,12.3 Social networking services/platforms,"The impact of social networking services/platforms, including: on individuals – for example, meeting new people, keeping in contact with family and friends, common interest groups, exchanging ideas, intellectual isolation, physical and mental health of different age groups, ideological polarisation, stereotyping, cognitive issues; on businesses – for example, advertising, product information, safety information about products, customer feedback; on organisations – for example, to disseminate information, weather warnings; on governments – for example, distribution of useful information, updating of regulations, advice and discussions on current issues, government news, feedback from citizens, censorship, false/distorted information",Information Technology,Cambridge Assessment International Education,Cambridge International AS & A Level,A Level,Paper 3 Advanced Theory,9626/3,105,70,25
12 IT in society,12.3 Social networking services/platforms,Advantages and disadvantages of different types of social networking services/platforms,Information Technology,Cambridge Assessment International Education,Cambridge International AS & A Level,A Level,Paper 3 Advanced Theory,9626/3,105,70,25
12 IT in society,12.4 The impact of IT,"The impact of IT on society, including on: sport; manufacturing; healthcare; education; banking; e-business and finance; news; entertainment and media; family and home; government; politics; individuals and organisations",Information Technology,Cambridge Assessment International Education,Cambridge International AS & A Level,A Level,Paper 3 Advanced Theory,9626/3,105,70,25
12 IT in society,12.4 The impact of IT,"The impact of IT on monitoring and surveillance in society, including on: individuals; organisations; security and policing",Information Technology,Cambridge Assessment International Education,Cambridge International AS & A Level,A Level,Paper 3 Advanced Theory,9626/3,105,70,25
12 IT in society,12.5 Technology enhanced learning,"Methods of delivery of technology enhanced learning, including: computer-based training; online tutorials; networked courses; massive open online courses (MOOC); video-conferencing",Information Technology,Cambridge Assessment International Education,Cambridge International AS & A Level,A Level,Paper 3 Advanced Theory,9626/3,105,70,25
12 IT in society,12.5 Technology enhanced learning,"Impact of technology enhanced learning, including on: student and teacher motivation; achievement; autonomy",Information Technology,Cambridge Assessment International Education,Cambridge International AS & A Level,A Level,Paper 3 Advanced Theory,9626/3,105,70,25
12 IT in society,12.5 Technology enhanced learning,Advantages and disadvantages of different methods of delivery,Information Technology,Cambridge Assessment International Education,Cambridge International AS & A Level,A Level,Paper 3 Advanced Theory,9626/3,105,70,25
13 New and emerging technologies,13.1 New and emerging technologies,"Types of new and emerging technologies, including: artificial intelligence; augmented reality; virtual reality; robotics; computer-assisted translation; holographic imaging; holographic and 4th generation optical data storage; 3D printing; vision enhancement; wearable computing; blockchain technology; Internet of Things (IoT); molecular data storage; autonomous transport systems",Information Technology,Cambridge Assessment International Education,Cambridge International AS & A Level,A Level,Paper 3 Advanced Theory,9626/3,105,70,25
13 New and emerging technologies,13.1 New and emerging technologies,"Impact of new and emerging technologies, including on: individuals; organisations; medicine and healthcare, including patient care and monitoring, development of prosthetics and medical products, tissue engineering, artificial blood vessels, the design of medical tools and equipment; scientific research; the environment, including e-waste, recycling, power consumption, manufacturing processes, energy from wireless signals",Information Technology,Cambridge Assessment International Education,Cambridge International AS & A Level,A Level,Paper 3 Advanced Theory,9626/3,105,70,25
13 New and emerging technologies,13.1 New and emerging technologies,Advantages and disadvantages of different types of new and emerging technologies,Information Technology,Cambridge Assessment International Education,Cambridge International AS & A Level,A Level,Paper 3 Advanced Theory,9626/3,105,70,25
14 Communications technology,14.1 Networks,"Types of networks, including: local area network (LAN); wide area network (WAN); client-server; peer-to-peer; virtual private network (VPN); mobile networks",Information Technology,Cambridge Assessment International Education,Cambridge International AS & A Level,A Level,Paper 3 Advanced Theory,9626/3,105,70,25
14 Communications technology,14.1 Networks,"Characteristics of each type of network, including: topologies (physical and logical); architecture; protocols",Information Technology,Cambridge Assessment International Education,Cambridge International AS & A Level,A Level,Paper 3 Advanced Theory,9626/3,105,70,25
14 Communications technology,14.1 Networks,"Uses of each type of network, including: sharing and storage of resources; sharing of peripherals; exchange of data; BitTorrent for transferring large files; access to internet services; tunneling; access to telephony services; access to content delivery services such as those used, for example, for streaming videos and to download software",Information Technology,Cambridge Assessment International Education,Cambridge International AS & A Level,A Level,Paper 3 Advanced Theory,9626/3,105,70,25
14 Communications technology,14.1 Networks,Advantages and disadvantages of each type of network,Information Technology,Cambridge Assessment International Education,Cambridge International AS & A Level,A Level,Paper 3 Advanced Theory,9626/3,105,70,25
14 Communications technology,14.2 Components in a network,"The role of components in a network, including: network interface cards; wireless network interface cards; repeaters; hubs; switches; wireless access points; gateways; bridges; routers",Information Technology,Cambridge Assessment International Education,Cambridge International AS & A Level,A Level,Paper 3 Advanced Theory,9626/3,105,70,25
14 Communications technology,14.2 Components in a network,"The operations of networking components, including: how each component carries out its role; how each component works with the others in a network",Information Technology,Cambridge Assessment International Education,Cambridge International AS & A Level,A Level,Paper 3 Advanced Theory,9626/3,105,70,25
14 Communications technology,14.3 Network servers,"Types of network servers, including: file server; web server; mail server; applications server; print server; FTP server; proxy server; virtual server",Information Technology,Cambridge Assessment International Education,Cambridge International AS & A Level,A Level,Paper 3 Advanced Theory,9626/3,105,70,25
14 Communications technology,14.3 Network servers,"The role of servers in a network, including: the function of servers in a network",Information Technology,Cambridge Assessment International Education,Cambridge International AS & A Level,A Level,Paper 3 Advanced Theory,9626/3,105,70,25
14 Communications technology,14.3 Network servers,"The operations of servers in a network, including: the ‘request and response’ method of communication between servers and clients; within server farms",Information Technology,Cambridge Assessment International Education,Cambridge International AS & A Level,A Level,Paper 3 Advanced Theory,9626/3,105,70,25
14 Communications technology,14.3 Network servers,Advantages and disadvantages of each type of server for a given scenario,Information Technology,Cambridge Assessment International Education,Cambridge International AS & A Level,A Level,Paper 3 Advanced Theory,9626/3,105,70,25
14 Communications technology,14.4 Cloud computing,"Characteristics of cloud computing, including: sharing computing resources",Information Technology,Cambridge Assessment International Education,Cambridge International AS & A Level,A Level,Paper 3 Advanced Theory,9626/3,105,70,25
14 Communications technology,14.4 Cloud computing,"Uses of cloud computing, including: by individuals and organisations",Information Technology,Cambridge Assessment International Education,Cambridge International AS & A Level,A Level,Paper 3 Advanced Theory,9626/3,105,70,25
14 Communications technology,14.4 Cloud computing,Advantages and disadvantages of cloud computing for individuals and organisations,Information Technology,Cambridge Assessment International Education,Cambridge International AS & A Level,A Level,Paper 3 Advanced Theory,9626/3,105,70,25
14 Communications technology,14.5 Data transmission across networks,"Speed of transmission, including: how bandwidth is defined; how bit rates are defined; the bandwidths made available by different transmission media and different internet access technologies, for example, ethernet, fibre optic, wireless, mobile communications",Information Technology,Cambridge Assessment International Education,Cambridge International AS & A Level,A Level,Paper 3 Advanced Theory,9626/3,105,70,25
14 Communications technology,14.5 Data transmission across networks,"Data streaming, including: real time and on demand media streams; the impact of bit rate and bandwidth on the streaming of audio and video data",Information Technology,Cambridge Assessment International Education,Cambridge International AS & A Level,A Level,Paper 3 Advanced Theory,9626/3,105,70,25
14 Communications technology,14.5 Data transmission across networks,"The properties, features and characteristics of different transmission methods, including: fibre optic; copper cables (coaxial and twisted pair); lasers",Information Technology,Cambridge Assessment International Education,Cambridge International AS & A Level,A Level,Paper 3 Advanced Theory,9626/3,105,70,25
14 Communications technology,14.5 Data transmission across networks,Typical applications of each method of data transmission across networks,Information Technology,Cambridge Assessment International Education,Cambridge International AS & A Level,A Level,Paper 3 Advanced Theory,9626/3,105,70,25
14 Communications technology,14.5 Data transmission across networks,The effect of the medium on the available bandwidth for: data transmission; audio and video streaming services; ultra-high definition television systems,Information Technology,Cambridge Assessment International Education,Cambridge International AS & A Level,A Level,Paper 3 Advanced Theory,9626/3,105,70,25
14 Communications technology,14.5 Data transmission across networks,Advantages and disadvantages of each method of data transmission across networks,Information Technology,Cambridge Assessment International Education,Cambridge International AS & A Level,A Level,Paper 3 Advanced Theory,9626/3,105,70,25
14 Communications technology,14.6 Network protocols,The definition of a protocol,Information Technology,Cambridge Assessment International Education,Cambridge International AS & A Level,A Level,Paper 3 Advanced Theory,9626/3,105,70,25
14 Communications technology,14.6 Network protocols,"Explain the term protocol, as used in networking, and why protocols are necessary",Information Technology,Cambridge Assessment International Education,Cambridge International AS & A Level,A Level,Paper 3 Advanced Theory,9626/3,105,70,25
14 Communications technology,14.6 Network protocols,"The purposes and uses of protocols in the preparation, addressing, sending and receiving of data across networks, including: Transmission Control Protocol (TCP); Internet Protocol (IP); Internet Control Message Protocol (ICMP); Address Resolution Protocol (ARP) and inverse address Resolution Protocol (InARP); Dynamic Host Configuration Protocol (DHCP); User Datagram Protocol (UDP); Hypertext Transfer Protocols (HTTP and HTTPS); File Transfer Protocol (FTP); tunneling protocol, for example, L2TP; Simple Mail Transfer Protocol (SMTP); Post Office Protocols, for example, POP3; Internet Message Access Protocol (IMAP); Telnet; SSH; Internet Protocol Security (IPsec); TLS/SSL",Information Technology,Cambridge Assessment International Education,Cambridge International AS & A Level,A Level,Paper 3 Advanced Theory,9626/3,105,70,25
14 Communications technology,14.6 Network protocols,"Methods of sending data over a network, including: packet switching: the structure of packets, including what is contained in the packets; the modes of connection – how and why they are used, including: connection mode, for example, frame relay, Transmission Control Protocol (TCP); connectionless (datagram) mode, for example, ethernet, Internet Protocol (IP), User Datagram Protocol (UDP); circuit switching, including: the use of communication channels in circuit switching; message switching, including: the store of and forward method of sending messages across networks",Information Technology,Cambridge Assessment International Education,Cambridge International AS & A Level,A Level,Paper 3 Advanced Theory,9626/3,105,70,25
14 Communications technology,14.6 Network protocols,"The purpose and use of network addressing systems, including: Media Access Control (MAC) addressing; IP addressing (IPv4 and IPv6)",Information Technology,Cambridge Assessment International Education,Cambridge International AS & A Level,A Level,Paper 3 Advanced Theory,9626/3,105,70,25
14 Communications technology,14.6 Network protocols,"Static and dynamic routing, including: the selection of paths for network traffic and the use of routing tables; advantages and disadvantages of static and dynamic routing",Information Technology,Cambridge Assessment International Education,Cambridge International AS & A Level,A Level,Paper 3 Advanced Theory,9626/3,105,70,25
14 Communications technology,14.6 Network protocols,"Function of routing protocols, including: interior gateway protocols; exterior gateway protocols; border gateway protocols",Information Technology,Cambridge Assessment International Education,Cambridge International AS & A Level,A Level,Paper 3 Advanced Theory,9626/3,105,70,25
14 Communications technology,14.6 Network protocols,"Use of protocol layering, including: TCP/IP and Open Systems Interconnection model (OSI model); the function of each layer in the TCP/IP suite; the function of each layer in the OSI model; comparison of the schemes",Information Technology,Cambridge Assessment International Education,Cambridge International AS & A Level,A Level,Paper 3 Advanced Theory,9626/3,105,70,25
14 Communications technology,14.6 Network protocols,"Firewalls, including: their use and configuration in controlling access to networks",Information Technology,Cambridge Assessment International Education,Cambridge International AS & A Level,A Level,Paper 3 Advanced Theory,9626/3,105,70,25
14 Communications technology,14.7 Wireless technology,"Methods of wireless transmission of data, including: Wi-Fi; Bluetooth; infrared; microwave; radio; NFC (Near Field Communication)",Information Technology,Cambridge Assessment International Education,Cambridge International AS & A Level,A Level,Paper 3 Advanced Theory,9626/3,105,70,25
14 Communications technology,14.7 Wireless technology,"The operation of wireless transmission methods, including: methods of data transfer; wireless protocols; wireless power transfer",Information Technology,Cambridge Assessment International Education,Cambridge International AS & A Level,A Level,Paper 3 Advanced Theory,9626/3,105,70,25
14 Communications technology,14.7 Wireless technology,"Uses of wireless transmission methods, including: data exchange; mobile communications; the Internet of Things (IoT)",Information Technology,Cambridge Assessment International Education,Cambridge International AS & A Level,A Level,Paper 3 Advanced Theory,9626/3,105,70,25
14 Communications technology,14.7 Wireless technology,"Security issues associated with wireless transmission, including: methods of prevention; the use of wireless security protocols, for example, WEP, WPA and their variants",Information Technology,Cambridge Assessment International Education,Cambridge International AS & A Level,A Level,Paper 3 Advanced Theory,9626/3,105,70,25
14 Communications technology,14.7 Wireless technology,Advantages and disadvantages of wireless transmission methods,Information Technology,Cambridge Assessment International Education,Cambridge International AS & A Level,A Level,Paper 3 Advanced Theory,9626/3,105,70,25
14 Communications technology,14.8 Mobile communication systems,"Cellular networks, including: structure of a cellular network; use of 3G, 4G and 5G systems for mobile communications",Information Technology,Cambridge Assessment International Education,Cambridge International AS & A Level,A Level,Paper 3 Advanced Theory,9626/3,105,70,25
14 Communications technology,14.8 Mobile communication systems,"How satellite communication systems are used for transferring data, including: how communications data is prepared, sent and received by satellite communication systems; global positioning systems (GPS); global mapping systems; surveillance, telecommunications (for example, television and radio broadcasting, telephones); ultra-high definition television systems",Information Technology,Cambridge Assessment International Education,Cambridge International AS & A Level,A Level,Paper 3 Advanced Theory,9626/3,105,70,25
14 Communications technology,14.9 Network security,"Network security threats, including: brute force; denial of service (DoS); botnets; malware; malicious actors (perpetrators); Structured Query Language (SQL) injection; (poor) network policies",Information Technology,Cambridge Assessment International Education,Cambridge International AS & A Level,A Level,Paper 3 Advanced Theory,9626/3,105,70,25
14 Communications technology,14.9 Network security,"Impact of network security threats on individuals and organisations, including: data destruction; manipulation and modification and theft by unauthorised users; identity theft",Information Technology,Cambridge Assessment International Education,Cambridge International AS & A Level,A Level,Paper 3 Advanced Theory,9626/3,105,70,25
14 Communications technology,14.9 Network security,"Methods of preventing network security issues, including: use of barriers, locks, surveillance, alarm systems, security guards; how software methods can prevent unauthorised access, including: biometric methods; anti-malware; anti-virus and anti-spyware software for protecting data, files and systems; encryption; access rights/permissions for protecting data and files; how firewalls can be configured to control access to networks",Information Technology,Cambridge Assessment International Education,Cambridge International AS & A Level,A Level,Paper 3 Advanced Theory,9626/3,105,70,25
14 Communications technology,14.9 Network security,Advantages and disadvantages of the various methods of network security for preventing networking security threats,Information Technology,Cambridge Assessment International Education,Cambridge International AS & A Level,A Level,Paper 3 Advanced Theory,9626/3,105,70,25
14 Communications technology,14.10 Disaster recovery management,"Identification of threats and risks, including: types of disaster that cause data loss and business disruption, including: natural disasters; equipment and power failures; cybercrime; malware; criminal activity; accidental disruptive events; risk analysis; perpetrator analysis; risk testing; quantifying the risk",Information Technology,Cambridge Assessment International Education,Cambridge International AS & A Level,A Level,Paper 3 Advanced Theory,9626/3,105,70,25
14 Communications technology,14.10 Disaster recovery management,"Control of threats, including: how to detect threats and prevent a disaster; how to restore after a disaster",Information Technology,Cambridge Assessment International Education,Cambridge International AS & A Level,A Level,Paper 3 Advanced Theory,9626/3,105,70,25
14 Communications technology,14.10 Disaster recovery management,"Strategies to minimise risks, including: use of protection for power supplies; use of password and access controls for data and file protection; protection of data and software from malware, unauthorised access; use of back-up strategies",Information Technology,Cambridge Assessment International Education,Cambridge International AS & A Level,A Level,Paper 3 Advanced Theory,9626/3,105,70,25
15 Project management,15.1 The stages of the project life cycle,"Project initiation, including: identifying objectives; resources required; success criteria; stakeholders and their needs; project scope and developing high-level schedules",Information Technology,Cambridge Assessment International Education,Cambridge International AS & A Level,A Level,Paper 3 Advanced Theory,9626/3,105,70,25
15 Project management,15.1 The stages of the project life cycle,"Project planning, including: detailed planning of resources; scheduling of tasks",Information Technology,Cambridge Assessment International Education,Cambridge International AS & A Level,A Level,Paper 3 Advanced Theory,9626/3,105,70,25
15 Project management,15.1 The stages of the project life cycle,"Project execution and monitoring, including: implementing the plan; monitoring progress against time; cost and quality; reporting to stakeholders",Information Technology,Cambridge Assessment International Education,Cambridge International AS & A Level,A Level,Paper 3 Advanced Theory,9626/3,105,70,25
15 Project management,15.1 The stages of the project life cycle,"Project close, including: project completion and review; why project reviews are conducted",Information Technology,Cambridge Assessment International Education,Cambridge International AS & A Level,A Level,Paper 3 Advanced Theory,9626/3,105,70,25
15 Project management,15.2 Project management software,"Types of project management software, including: desktop, web-based, mobile; personal, single-user, collaborative",Information Technology,Cambridge Assessment International Education,Cambridge International AS & A Level,A Level,Paper 3 Advanced Theory,9626/3,105,70,25
15 Project management,15.2 Project management software,"Uses for supporting projects, including: supporting planning; scheduling of tasks; allocation of resources; costings; communication; collaborative working and decisions",Information Technology,Cambridge Assessment International Education,Cambridge International AS & A Level,A Level,Paper 3 Advanced Theory,9626/3,105,70,25
15 Project management,15.2 Project management software,Advantages and disadvantages of: the types of project management software; the use of project management software for supporting projects,Information Technology,Cambridge Assessment International Education,Cambridge International AS & A Level,A Level,Paper 3 Advanced Theory,9626/3,105,70,25
15 Project management,15.3 Tools and techniques for project management tasks,"Gantt charts, including: creating Gantt charts; using and interpreting Gantt charts",Information Technology,Cambridge Assessment International Education,Cambridge International AS & A Level,A Level,Paper 3 Advanced Theory,9626/3,105,70,25
15 Project management,15.3 Tools and techniques for project management tasks,"Performance Evaluation and Review Technique (PERT) and Critical Path Method (CPM), including: creating PERT charts; using and interpreting PERT charts for the analysis and management of projects; components such as: activities/tasks/work breakdown structures (WBS); timings; float; end points; milestones; dependencies; deliverables; critical path calculations and determinations to identify the longest path of dependent activities; the use of critical path analysis for, for example, work flow control such as authorising work, costings, allocating resources",Information Technology,Cambridge Assessment International Education,Cambridge International AS & A Level,A Level,Paper 3 Advanced Theory,9626/3,105,70,25
15 Project management,15.3 Tools and techniques for project management tasks,"Advantages and disadvantages of Gantt charts, PERT charts and CPM",Information Technology,Cambridge Assessment International Education,Cambridge International AS & A Level,A Level,Paper 3 Advanced Theory,9626/3,105,70,25
16 System life cycle,16.1 The stages in the system life cycle,"The definition of a system, i.e. a collection of components to form a whole system, including: a hardware system; a software system; a combination of hardware and software",Information Technology,Cambridge Assessment International Education,Cambridge International AS & A Level,A Level,Paper 3 Advanced Theory,9626/3,105,70,25
16 System life cycle,16.1 The stages in the system life cycle,The different stages of developing a system,Information Technology,Cambridge Assessment International Education,Cambridge International AS & A Level,A Level,Paper 3 Advanced Theory,9626/3,105,70,25
16 System life cycle,16.1 The stages in the system life cycle,The relationship between the different stages of the system life cycle,Information Technology,Cambridge Assessment International Education,Cambridge International AS & A Level,A Level,Paper 3 Advanced Theory,9626/3,105,70,25
16 System life cycle,16.2 Analysis,"Methods of researching for a given situation, including: questionnaires; interviews; observation; document analysis",Information Technology,Cambridge Assessment International Education,Cambridge International AS & A Level,A Level,Paper 3 Advanced Theory,9626/3,105,70,25
16 System life cycle,16.2 Analysis,"Content and purpose of specifications, including: user requirements specification; system specification; design specification",Information Technology,Cambridge Assessment International Education,Cambridge International AS & A Level,A Level,Paper 3 Advanced Theory,9626/3,105,70,25
16 System life cycle,16.2 Analysis,Advantages and disadvantages of the different methods of researching a given situation,Information Technology,Cambridge Assessment International Education,Cambridge International AS & A Level,A Level,Paper 3 Advanced Theory,9626/3,105,70,25
16 System life cycle,16.3 Design,"System processing and flow of data through a system, including: Data flow diagrams (DFD), level 0 (context-level), level 1 and level 2 diagrams; construct a system flowchart and a data flow diagram (DFD) using correct symbols (see symbols at the end of the ‘Subject content’ section)",Information Technology,Cambridge Assessment International Education,Cambridge International AS & A Level,A Level,Paper 3 Advanced Theory,9626/3,105,70,25
16 System life cycle,16.3 Design,"Data storage, including: databases; files (input and output)",Information Technology,Cambridge Assessment International Education,Cambridge International AS & A Level,A Level,Paper 3 Advanced Theory,9626/3,105,70,25
16 System life cycle,16.3 Design,"Input forms, including: features and elements of forms; appropriate use of forms for data collection; validation and checking of data collected by forms; input screen layouts",Information Technology,Cambridge Assessment International Education,Cambridge International AS & A Level,A Level,Paper 3 Advanced Theory,9626/3,105,70,25
16 System life cycle,16.3 Design,"Output reports, including: output screen layouts; printed copy layouts",Information Technology,Cambridge Assessment International Education,Cambridge International AS & A Level,A Level,Paper 3 Advanced Theory,9626/3,105,70,25
16 System life cycle,16.4 Development and testing,"Test plans, including: the need for testing and the purpose of a test plan; contents of a test plan; create a test plan for a given situation",Information Technology,Cambridge Assessment International Education,Cambridge International AS & A Level,A Level,Paper 3 Advanced Theory,9626/3,105,70,25
16 System life cycle,16.4 Development and testing,"Test data, including: the types and purpose of test data",Information Technology,Cambridge Assessment International Education,Cambridge International AS & A Level,A Level,Paper 3 Advanced Theory,9626/3,105,70,25
16 System life cycle,16.4 Development and testing,"Alpha and beta testing, including: differences between alpha and beta testing",Information Technology,Cambridge Assessment International Education,Cambridge International AS & A Level,A Level,Paper 3 Advanced Theory,9626/3,105,70,25
16 System life cycle,16.4 Development and testing,"White box and black box testing, including: differences between white box and black box testing",Information Technology,Cambridge Assessment International Education,Cambridge International AS & A Level,A Level,Paper 3 Advanced Theory,9626/3,105,70,25
16 System life cycle,16.4 Development and testing,Advantages and disadvantages of the different types of testing,Information Technology,Cambridge Assessment International Education,Cambridge International AS & A Level,A Level,Paper 3 Advanced Theory,9626/3,105,70,25
16 System life cycle,16.5 Implementation,"Methods of implementing a system, including: parallel running; direct changeover; phased implementation; pilot implementation",Information Technology,Cambridge Assessment International Education,Cambridge International AS & A Level,A Level,Paper 3 Advanced Theory,9626/3,105,70,25
16 System life cycle,16.5 Implementation,"Advantages and disadvantages of each implementation method for a given situation, including: how each method is implemented in a given situation; the suitability of an implementation method for a given situation",Information Technology,Cambridge Assessment International Education,Cambridge International AS & A Level,A Level,Paper 3 Advanced Theory,9626/3,105,70,25
16 System life cycle,16.6 Documentation,"Types of documentation and why each is needed, including: requirements and design documentation; technical documentation; user and marketing documentation",Information Technology,Cambridge Assessment International Education,Cambridge International AS & A Level,A Level,Paper 3 Advanced Theory,9626/3,105,70,25
16 System life cycle,16.6 Documentation,Contents of the different types of documentation,Information Technology,Cambridge Assessment International Education,Cambridge International AS & A Level,A Level,Paper 3 Advanced Theory,9626/3,105,70,25
16 System life cycle,16.6 Documentation,Advantages and disadvantages of the different types of documentation,Information Technology,Cambridge Assessment International Education,Cambridge International AS & A Level,A Level,Paper 3 Advanced Theory,9626/3,105,70,25
16 System life cycle,16.7 Evaluation,"Evaluating a new system, including the efficiency, ease of use and appropriateness for intended use",Information Technology,Cambridge Assessment International Education,Cambridge International AS & A Level,A Level,Paper 3 Advanced Theory,9626/3,105,70,25
16 System life cycle,16.7 Evaluation,"Evaluation techniques, including: checking against specifications; meeting user requirements; feedback from users",Information Technology,Cambridge Assessment International Education,Cambridge International AS & A Level,A Level,Paper 3 Advanced Theory,9626/3,105,70,25
16 System life cycle,16.8 Methods of software development,"Stages and processes of each method, including: agile; iterative; incremental; rapid application development (RAD); waterfall",Information Technology,Cambridge Assessment International Education,Cambridge International AS & A Level,A Level,Paper 3 Advanced Theory,9626/3,105,70,25
16 System life cycle,16.8 Methods of software development,Advantages and disadvantages of each method,Information Technology,Cambridge Assessment International Education,Cambridge International AS & A Level,A Level,Paper 3 Advanced Theory,9626/3,105,70,25
16 System life cycle,16.9 Prototyping,"Types of prototyping and why each is needed, including: evolutionary; incremental; throwaway; rapid",Information Technology,Cambridge Assessment International Education,Cambridge International AS & A Level,A Level,Paper 3 Advanced Theory,9626/3,105,70,25
16 System life cycle,16.9 Prototyping,Advantages and disadvantages of each type of prototyping,Information Technology,Cambridge Assessment International Education,Cambridge International AS & A Level,A Level,Paper 3 Advanced Theory,9626/3,105,70,25
16 System life cycle,16.10 Maintenance,"Types of maintenance and why each is needed, including: perfective; adaptive; preventive; corrective maintenance",Information Technology,Cambridge Assessment International Education,Cambridge International AS & A Level,A Level,Paper 3 Advanced Theory,9626/3,105,70,25
16 System life cycle,16.10 Maintenance,How each type of maintenance is carried out,Information Technology,Cambridge Assessment International Education,Cambridge International AS & A Level,A Level,Paper 3 Advanced Theory,9626/3,105,70,25
16 System life cycle,16.10 Maintenance,Advantages and disadvantages of different types of maintenance,Information Technology,Cambridge Assessment International Education,Cambridge International AS & A Level,A Level,Paper 3 Advanced Theory,9626/3,105,70,25
17 Data Analysis and Visualisation,17.1 Data Analysis and Visualisation,Transforming and cleaning data to extract meaningful information,Information Technology,Cambridge Assessment International Education,Cambridge International AS & A Level,A Level,Paper 3 Advanced Theory,9626/3,105,70,25
17 Data Analysis and Visualisation,17.1 Data Analysis and Visualisation,Transforming and cleaning data to extract meaningful information,Information Technology,Cambridge Assessment International Education,Cambridge International AS & A Level,A Level,Paper 4 Advanced Practical,9626/4,150,90,25
17 Data Analysis and Visualisation,17.1 Data Analysis and Visualisation,"Getting data from different sources, including: comparing and consolidating data from two data sources; splitting data into discrete fields; merging and combining data into required fields",Information Technology,Cambridge Assessment International Education,Cambridge International AS & A Level,A Level,Paper 3 Advanced Theory,9626/3,105,70,25
17 Data Analysis and Visualisation,17.1 Data Analysis and Visualisation,"Getting data from different sources, including: comparing and consolidating data from two data sources; splitting data into discrete fields; merging and combining data into required fields",Information Technology,Cambridge Assessment International Education,Cambridge International AS & A Level,A Level,Paper 4 Advanced Practical,9626/4,150,90,25
17 Data Analysis and Visualisation,17.1 Data Analysis and Visualisation,"Displaying data to communicate information, including: pivot table reports; pivot charts",Information Technology,Cambridge Assessment International Education,Cambridge International AS & A Level,A Level,Paper 3 Advanced Theory,9626/3,105,70,25
17 Data Analysis and Visualisation,17.1 Data Analysis and Visualisation,"Displaying data to communicate information, including: pivot table reports; pivot charts",Information Technology,Cambridge Assessment International Education,Cambridge International AS & A Level,A Level,Paper 4 Advanced Practical,9626/4,150,90,25
18 Mail merge,18.1 Mail merge,When and why mail merge is used,Information Technology,Cambridge Assessment International Education,Cambridge International AS & A Level,A Level,Paper 3 Advanced Theory,9626/3,105,70,25
18 Mail merge,18.1 Mail merge,When and why mail merge is used,Information Technology,Cambridge Assessment International Education,Cambridge International AS & A Level,A Level,Paper 4 Advanced Practical,9626/4,150,90,25
18 Mail merge,18.1 Mail merge,The need for data sources and master documents,Information Technology,Cambridge Assessment International Education,Cambridge International AS & A Level,A Level,Paper 3 Advanced Theory,9626/3,105,70,25
18 Mail merge,18.1 Mail merge,The need for data sources and master documents,Information Technology,Cambridge Assessment International Education,Cambridge International AS & A Level,A Level,Paper 4 Advanced Practical,9626/4,150,90,25
18 Mail merge,18.1 Mail merge,Creating/editing and using source data using appropriate software,Information Technology,Cambridge Assessment International Education,Cambridge International AS & A Level,A Level,Paper 3 Advanced Theory,9626/3,105,70,25
18 Mail merge,18.1 Mail merge,Creating/editing and using source data using appropriate software,Information Technology,Cambridge Assessment International Education,Cambridge International AS & A Level,A Level,Paper 4 Advanced Practical,9626/4,150,90,25
18 Mail merge,18.1 Mail merge,Creating a master document for: letters; labels (including custom labels); a directory,Information Technology,Cambridge Assessment International Education,Cambridge International AS & A Level,A Level,Paper 3 Advanced Theory,9626/3,105,70,25
18 Mail merge,18.1 Mail merge,Creating a master document for: letters; labels (including custom labels); a directory,Information Technology,Cambridge Assessment International Education,Cambridge International AS & A Level,A Level,Paper 4 Advanced Practical,9626/4,150,90,25
18 Mail merge,18.1 Mail merge,"Link a master document to a source file, including: identifying and using correct field names; embedding a chart/table",Information Technology,Cambridge Assessment International Education,Cambridge International AS & A Level,A Level,Paper 3 Advanced Theory,9626/3,105,70,25
18 Mail merge,18.1 Mail merge,"Link a master document to a source file, including: identifying and using correct field names; embedding a chart/table",Information Technology,Cambridge Assessment International Education,Cambridge International AS & A Level,A Level,Paper 4 Advanced Practical,9626/4,150,90,25
18 Mail merge,18.1 Mail merge,Inserting: specified merge fields; document properties; document fields; date/time fields,Information Technology,Cambridge Assessment International Education,Cambridge International AS & A Level,A Level,Paper 3 Advanced Theory,9626/3,105,70,25
18 Mail merge,18.1 Mail merge,Inserting: specified merge fields; document properties; document fields; date/time fields,Information Technology,Cambridge Assessment International Education,Cambridge International AS & A Level,A Level,Paper 4 Advanced Practical,9626/4,150,90,25
18 Mail merge,18.1 Mail merge,"Setting up fields: for manual completion, including: using Fill-in and Ask fields; creating appropriate prompts to the user for manual completion; for automatic completion calculations, including inserting formulas; when and why fields need to be set up",Information Technology,Cambridge Assessment International Education,Cambridge International AS & A Level,A Level,Paper 3 Advanced Theory,9626/3,105,70,25
18 Mail merge,18.1 Mail merge,"Setting up fields: for manual completion, including: using Fill-in and Ask fields; creating appropriate prompts to the user for manual completion; for automatic completion calculations, including inserting formulas; when and why fields need to be set up",Information Technology,Cambridge Assessment International Education,Cambridge International AS & A Level,A Level,Paper 4 Advanced Practical,9626/4,150,90,25
18 Mail merge,18.1 Mail merge,"Specifying rules: for selecting recipients, including: editing; sorting; filtering; for excluding recipients; for excluding recipients by inserting conditional fields, including the use of: If Then Else; Skip Record If; Next Record If; when and why rules need to be specified",Information Technology,Cambridge Assessment International Education,Cambridge International AS & A Level,A Level,Paper 3 Advanced Theory,9626/3,105,70,25
18 Mail merge,18.1 Mail merge,"Specifying rules: for selecting recipients, including: editing; sorting; filtering; for excluding recipients; for excluding recipients by inserting conditional fields, including the use of: If Then Else; Skip Record If; Next Record If; when and why rules need to be specified",Information Technology,Cambridge Assessment International Education,Cambridge International AS & A Level,A Level,Paper 4 Advanced Practical,9626/4,150,90,25
19 Graphics creation,19.1 Common graphics skills,"Using software tools for the creation and editing of digital graphics, including: graphics tools, including: add layers; remove layers; select active layer; order; toggle visibility; lock/unlock layers; change opacity/transparency; blend/flatten/merge layers; transform tools, including: resize; skew; reflect; rotate; move; scale; shear; apply envelope and perspective; grouping or merging tools, including: group; ungroup; combine/join; add/subtract; intersect; alignment and distribution tools, including: left; right; top; bottom; centre alignment; vertical and horizontal distribution; order; raise; lower; bring to front; send to back; layout tools, including: rulers; grids; guidelines; snapping; colour picker tools, including select a colour or colour range within an image or from other sources; crop tools, including crop/clip to objects; colour systems, including: RGB; HSL; CMYK; CMS; how each produces colour; their properties, purpose and uses; the need for different image resolutions, including the impact of having too low/high resolution for an image on screen or in print; different bitmap and vector file formats, including their suitability and selection for use in a given scenario; exporting an image in different file formats, including: SVG; BMP; JPG; PNG; GIF; TIF; PDF; changing solid and gradient fills",Information Technology,Cambridge Assessment International Education,Cambridge International AS & A Level,A Level,Paper 3 Advanced Theory,9626/3,105,70,25
19 Graphics creation,19.1 Common graphics skills,"Using software tools for the creation and editing of digital graphics, including: graphics tools, including: add layers; remove layers; select active layer; order; toggle visibility; lock/unlock layers; change opacity/transparency; blend/flatten/merge layers; transform tools, including: resize; skew; reflect; rotate; move; scale; shear; apply envelope and perspective; grouping or merging tools, including: group; ungroup; combine/join; add/subtract; intersect; alignment and distribution tools, including: left; right; top; bottom; centre alignment; vertical and horizontal distribution; order; raise; lower; bring to front; send to back; layout tools, including: rulers; grids; guidelines; snapping; colour picker tools, including select a colour or colour range within an image or from other sources; crop tools, including crop/clip to objects; colour systems, including: RGB; HSL; CMYK; CMS; how each produces colour; their properties, purpose and uses; the need for different image resolutions, including the impact of having too low/high resolution for an image on screen or in print; different bitmap and vector file formats, including their suitability and selection for use in a given scenario; exporting an image in different file formats, including: SVG; BMP; JPG; PNG; GIF; TIF; PDF; changing solid and gradient fills",Information Technology,Cambridge Assessment International Education,Cambridge International AS & A Level,A Level,Paper 4 Advanced Practical,9626/4,150,90,25
19 Graphics creation,19.2 Vector graphics,"Using software tools for the creation and editing of vector graphics, including: creating a vector graphic that meets the requirements of its intended application and audience; vector drawing tools: freehand drawing; Bezier curves; straight lines; shape tools – creation of rectangles, ellipses, circles, arcs, stars, polygons and spirals; application of envelopes and perspectives; selection tools to select and manipulate parts of a vector graphic, including: convert to curves; replication; transformation tools; fill tools to colour elements, including: solid; gradient; node and path editing, including: adding, moving and deleting nodes to simplify paths; using Bezier handles; working with symmetrical, asymmetrical, cusp, and smooth nodes; align and distribute nodes",Information Technology,Cambridge Assessment International Education,Cambridge International AS & A Level,A Level,Paper 3 Advanced Theory,9626/3,105,70,25
19 Graphics creation,19.2 Vector graphics,"Using software tools for the creation and editing of vector graphics, including: creating a vector graphic that meets the requirements of its intended application and audience; vector drawing tools: freehand drawing; Bezier curves; straight lines; shape tools – creation of rectangles, ellipses, circles, arcs, stars, polygons and spirals; application of envelopes and perspectives; selection tools to select and manipulate parts of a vector graphic, including: convert to curves; replication; transformation tools; fill tools to colour elements, including: solid; gradient; node and path editing, including: adding, moving and deleting nodes to simplify paths; using Bezier handles; working with symmetrical, asymmetrical, cusp, and smooth nodes; align and distribute nodes",Information Technology,Cambridge Assessment International Education,Cambridge International AS & A Level,A Level,Paper 4 Advanced Practical,9626/4,150,90,25
19 Graphics creation,19.2 Vector graphics,"Converting bitmap images into editable vector shapes, including trace bitmaps",Information Technology,Cambridge Assessment International Education,Cambridge International AS & A Level,A Level,Paper 3 Advanced Theory,9626/3,105,70,25
19 Graphics creation,19.2 Vector graphics,"Converting bitmap images into editable vector shapes, including trace bitmaps",Information Technology,Cambridge Assessment International Education,Cambridge International AS & A Level,A Level,Paper 4 Advanced Practical,9626/4,150,90,25
19 Graphics creation,19.2 Vector graphics,Advantages and disadvantages of converting a bitmap image into an editable vector shape,Information Technology,Cambridge Assessment International Education,Cambridge International AS & A Level,A Level,Paper 3 Advanced Theory,9626/3,105,70,25
19 Graphics creation,19.2 Vector graphics,Advantages and disadvantages of converting a bitmap image into an editable vector shape,Information Technology,Cambridge Assessment International Education,Cambridge International AS & A Level,A Level,Paper 4 Advanced Practical,9626/4,150,90,25
19 Graphics creation,19.3 Bitmap images,"Using software tools for the creation and editing of bitmap graphics, including: creating and editing bitmap images that meet the requirements of their intended application and audience; selection tools to select, remove or hide parts of a bitmap image, including: lasso; magic wand; colour select; cut-out; crop; masking tools; working with colour, including: solid and gradient fills; convert to black and white, greyscale; adjust brightness, contrast, colour balance, shadows and highlights; brush, pencil and pen tools, including: pre-set and customised options; tools/filters to alter parts of an image, including: distort; clone; erase; blur; smudge; sharpen; red eye removal; resizing the image/canvas, including the use of: changing colour depth; changing resolution",Information Technology,Cambridge Assessment International Education,Cambridge International AS & A Level,A Level,Paper 3 Advanced Theory,9626/3,105,70,25
19 Graphics creation,19.3 Bitmap images,"Using software tools for the creation and editing of bitmap graphics, including: creating and editing bitmap images that meet the requirements of their intended application and audience; selection tools to select, remove or hide parts of a bitmap image, including: lasso; magic wand; colour select; cut-out; crop; masking tools; working with colour, including: solid and gradient fills; convert to black and white, greyscale; adjust brightness, contrast, colour balance, shadows and highlights; brush, pencil and pen tools, including: pre-set and customised options; tools/filters to alter parts of an image, including: distort; clone; erase; blur; smudge; sharpen; red eye removal; resizing the image/canvas, including the use of: changing colour depth; changing resolution",Information Technology,Cambridge Assessment International Education,Cambridge International AS & A Level,A Level,Paper 4 Advanced Practical,9626/4,150,90,25
19 Graphics creation,19.4 Compression,What compression is,Information Technology,Cambridge Assessment International Education,Cambridge International AS & A Level,A Level,Paper 3 Advanced Theory,9626/3,105,70,25
19 Graphics creation,19.4 Compression,What compression is,Information Technology,Cambridge Assessment International Education,Cambridge International AS & A Level,A Level,Paper 4 Advanced Practical,9626/4,150,90,25
19 Graphics creation,19.4 Compression,Methods of compression: lossless compression; lossy compression,Information Technology,Cambridge Assessment International Education,Cambridge International AS & A Level,A Level,Paper 3 Advanced Theory,9626/3,105,70,25
19 Graphics creation,19.4 Compression,Methods of compression: lossless compression; lossy compression,Information Technology,Cambridge Assessment International Education,Cambridge International AS & A Level,A Level,Paper 4 Advanced Practical,9626/4,150,90,25
19 Graphics creation,19.4 Compression,Effects of different methods of compression on images,Information Technology,Cambridge Assessment International Education,Cambridge International AS & A Level,A Level,Paper 3 Advanced Theory,9626/3,105,70,25
19 Graphics creation,19.4 Compression,Effects of different methods of compression on images,Information Technology,Cambridge Assessment International Education,Cambridge International AS & A Level,A Level,Paper 4 Advanced Practical,9626/4,150,90,25
19 Graphics creation,19.5 Text,"Selecting font style, including: font face; size; kerning; letter spacing; line spacing",Information Technology,Cambridge Assessment International Education,Cambridge International AS & A Level,A Level,Paper 3 Advanced Theory,9626/3,105,70,25
19 Graphics creation,19.5 Text,"Selecting font style, including: font face; size; kerning; letter spacing; line spacing",Information Technology,Cambridge Assessment International Education,Cambridge International AS & A Level,A Level,Paper 4 Advanced Practical,9626/4,150,90,25
19 Graphics creation,19.5 Text,Fitting text to path or shape: aligning text along a line or around a shape,Information Technology,Cambridge Assessment International Education,Cambridge International AS & A Level,A Level,Paper 3 Advanced Theory,9626/3,105,70,25
19 Graphics creation,19.5 Text,Fitting text to path or shape: aligning text along a line or around a shape,Information Technology,Cambridge Assessment International Education,Cambridge International AS & A Level,A Level,Paper 4 Advanced Practical,9626/4,150,90,25
19 Graphics creation,19.5 Text,Setting text in a shape,Information Technology,Cambridge Assessment International Education,Cambridge International AS & A Level,A Level,Paper 3 Advanced Theory,9626/3,105,70,25
19 Graphics creation,19.5 Text,Setting text in a shape,Information Technology,Cambridge Assessment International Education,Cambridge International AS & A Level,A Level,Paper 4 Advanced Practical,9626/4,150,90,25
19 Graphics creation,19.5 Text,Converting text to curves: converting fonts into editable vector shapes,Information Technology,Cambridge Assessment International Education,Cambridge International AS & A Level,A Level,Paper 3 Advanced Theory,9626/3,105,70,25
19 Graphics creation,19.5 Text,Converting text to curves: converting fonts into editable vector shapes,Information Technology,Cambridge Assessment International Education,Cambridge International AS & A Level,A Level,Paper 4 Advanced Practical,9626/4,150,90,25
19 Graphics creation,19.5 Text,Use of text and its manipulation within graphics software,Information Technology,Cambridge Assessment International Education,Cambridge International AS & A Level,A Level,Paper 3 Advanced Theory,9626/3,105,70,25
19 Graphics creation,19.5 Text,Use of text and its manipulation within graphics software,Information Technology,Cambridge Assessment International Education,Cambridge International AS & A Level,A Level,Paper 4 Advanced Practical,9626/4,150,90,25
20 Animation,20.1 Animation,"Using software tools for the creation and editing of computer animations, including: creating an animation (stop motion and key frame) that meets the requirements of its intended application and audience; configuring the stage/frame/canvas for an animation, including setting: colour; size; the aspect ratio using rulers, guides and grid settings; snapping options; importing and creating vector objects, including: tracing bitmaps; adding text; controlling object properties, including: stroke and fill settings; size position and orientation; transparency; setting paths; using layers; applying masks; controlling animations by: adjusting frame rates; looping or stopping animations",Information Technology,Cambridge Assessment International Education,Cambridge International AS & A Level,A Level,Paper 3 Advanced Theory,9626/3,105,70,25
20 Animation,20.1 Animation,"Using software tools for the creation and editing of computer animations, including: creating an animation (stop motion and key frame) that meets the requirements of its intended application and audience; configuring the stage/frame/canvas for an animation, including setting: colour; size; the aspect ratio using rulers, guides and grid settings; snapping options; importing and creating vector objects, including: tracing bitmaps; adding text; controlling object properties, including: stroke and fill settings; size position and orientation; transparency; setting paths; using layers; applying masks; controlling animations by: adjusting frame rates; looping or stopping animations",Information Technology,Cambridge Assessment International Education,Cambridge International AS & A Level,A Level,Paper 4 Advanced Practical,9626/4,150,90,25
20 Animation,20.1 Animation,"The basic principles of animation, including: frames; key frames; property key frames; timings; coordinates; inbetweening (‘tweening’) tools to change: motion; shape; size; colour; morphing and the effect it creates",Information Technology,Cambridge Assessment International Education,Cambridge International AS & A Level,A Level,Paper 3 Advanced Theory,9626/3,105,70,25
20 Animation,20.1 Animation,"The basic principles of animation, including: frames; key frames; property key frames; timings; coordinates; inbetweening (‘tweening’) tools to change: motion; shape; size; colour; morphing and the effect it creates",Information Technology,Cambridge Assessment International Education,Cambridge International AS & A Level,A Level,Paper 4 Advanced Practical,9626/4,150,90,25
20 Animation,20.1 Animation,"Different animation types and methods, including: cel animation; stop motion; time lapse; flip book; CGI; 2D; 3D",Information Technology,Cambridge Assessment International Education,Cambridge International AS & A Level,A Level,Paper 3 Advanced Theory,9626/3,105,70,25
20 Animation,20.1 Animation,"Different animation types and methods, including: cel animation; stop motion; time lapse; flip book; CGI; 2D; 3D",Information Technology,Cambridge Assessment International Education,Cambridge International AS & A Level,A Level,Paper 4 Advanced Practical,9626/4,150,90,25
20 Animation,20.1 Animation,"Components of an animation: the primary, for example, the main focus of the animation, such as main characters; the secondary, for example: sound; background; other components of animation",Information Technology,Cambridge Assessment International Education,Cambridge International AS & A Level,A Level,Paper 3 Advanced Theory,9626/3,105,70,25
20 Animation,20.1 Animation,"Components of an animation: the primary, for example, the main focus of the animation, such as main characters; the secondary, for example: sound; background; other components of animation",Information Technology,Cambridge Assessment International Education,Cambridge International AS & A Level,A Level,Paper 4 Advanced Practical,9626/4,150,90,25
20 Animation,20.1 Animation,"The use of animation variables when creating animations, including: to control the position of an animated object or parts of an animated object",Information Technology,Cambridge Assessment International Education,Cambridge International AS & A Level,A Level,Paper 3 Advanced Theory,9626/3,105,70,25
20 Animation,20.1 Animation,"The use of animation variables when creating animations, including: to control the position of an animated object or parts of an animated object",Information Technology,Cambridge Assessment International Education,Cambridge International AS & A Level,A Level,Paper 4 Advanced Practical,9626/4,150,90,25
20 Animation,20.1 Animation,Advantages and disadvantages of different animation types,Information Technology,Cambridge Assessment International Education,Cambridge International AS & A Level,A Level,Paper 3 Advanced Theory,9626/3,105,70,25
20 Animation,20.1 Animation,Advantages and disadvantages of different animation types,Information Technology,Cambridge Assessment International Education,Cambridge International AS & A Level,A Level,Paper 4 Advanced Practical,9626/4,150,90,25
21 Programming for the web,21.1 Programming for the web,"Using JavaScript to: add interactivity to web pages, including by: inserting JavaScript in HTML; creating and using external scripts; change HTML content: text/number, including calculations and string manipulation; images and image properties; change HTML styles: change style of HTML elements using document.getElementById(id).style.property = new style; show/hide HTML elements using: document.getElementById(id).style.visibility=; document.getElementById(id).style.display=; display data in different ways, including by writing into: an HTML element, using innerHTML; the HTML output using document.write(); an alert box, using window.alert(); the browser console, using console.log(); react to common HTML Events, including: onload; onchange; onclick; onmouseover; onmouseout; onkeydown; provide user interaction using: confirm() and prompt() popups",Information Technology,Cambridge Assessment International Education,Cambridge International AS & A Level,A Level,Paper 3 Advanced Theory,9626/3,105,70,25
21 Programming for the web,21.1 Programming for the web,"Using JavaScript to: add interactivity to web pages, including by: inserting JavaScript in HTML; creating and using external scripts; change HTML content: text/number, including calculations and string manipulation; images and image properties; change HTML styles: change style of HTML elements using document.getElementById(id).style.property = new style; show/hide HTML elements using: document.getElementById(id).style.visibility=; document.getElementById(id).style.display=; display data in different ways, including by writing into: an HTML element, using innerHTML; the HTML output using document.write(); an alert box, using window.alert(); the browser console, using console.log(); react to common HTML Events, including: onload; onchange; onclick; onmouseover; onmouseout; onkeydown; provide user interaction using: confirm() and prompt() popups",Information Technology,Cambridge Assessment International Education,Cambridge International AS & A Level,A Level,Paper 4 Advanced Practical,9626/4,150,90,25
21 Programming for the web,21.1 Programming for the web,"The structure and syntax of JavaScript code, including: JavaScript statements composed of: values (literals and variables); operators (assignment, arithmetic, algebraic, string); comparison (logical, conditional, type); expressions; keywords; comments; functions to be executed: when an event occurs; when invoked from code; automatically (self-invoked); JavaScript timing events, including: execution interval methods setTimeout() and setInterval(); comments to annotate and explain code, including: single line and multi-line; JavaScript loops for iterative methods, including: for loop; for/in loop; while loop; do/while loop",Information Technology,Cambridge Assessment International Education,Cambridge International AS & A Level,A Level,Paper 3 Advanced Theory,9626/3,105,70,25
21 Programming for the web,21.1 Programming for the web,"The structure and syntax of JavaScript code, including: JavaScript statements composed of: values (literals and variables); operators (assignment, arithmetic, algebraic, string); comparison (logical, conditional, type); expressions; keywords; comments; functions to be executed: when an event occurs; when invoked from code; automatically (self-invoked); JavaScript timing events, including: execution interval methods setTimeout() and setInterval(); comments to annotate and explain code, including: single line and multi-line; JavaScript loops for iterative methods, including: for loop; for/in loop; while loop; do/while loop",Information Technology,Cambridge Assessment International Education,Cambridge International AS & A Level,A Level,Paper 4 Advanced Practical,9626/4,150,90,25
21 Programming for the web,21.1 Programming for the web,"Object-based JavaScript programming techniques and terms, including: JavaScript statements; data types (including: number, string, Boolean, array, object); type conversions; variables and arrays; JavaScript operators; logical operators (AND, OR, NOT); comparison operators (Logical, Ternary, equal to, equal value and equal type, not equal to, not equal value and not equal type, greater than, less than, greater than or equal to, less than or equal to); conditional operators (if, else, else if, switch); loops; break; interaction: alert(), prompt(), confirm(); functions; execution interval methods: setTimeout(), setInterval()",Information Technology,Cambridge Assessment International Education,Cambridge International AS & A Level,A Level,Paper 3 Advanced Theory,9626/3,105,70,25
21 Programming for the web,21.1 Programming for the web,"Object-based JavaScript programming techniques and terms, including: JavaScript statements; data types (including: number, string, Boolean, array, object); type conversions; variables and arrays; JavaScript operators; logical operators (AND, OR, NOT); comparison operators (Logical, Ternary, equal to, equal value and equal type, not equal to, not equal value and not equal type, greater than, less than, greater than or equal to, less than or equal to); conditional operators (if, else, else if, switch); loops; break; interaction: alert(), prompt(), confirm(); functions; execution interval methods: setTimeout(), setInterval()",Information Technology,Cambridge Assessment International Education,Cambridge International AS & A Level,A Level,Paper 4 Advanced Practical,9626/4,150,90,25
