Main Topic,Subtopic,Learning Outcome,Subject,Exam Board,Qualification,Level,Component Name,Paper Code,Duration (min),Total Marks,Weighting (%)
"1 Hydrology, river processes and hazards",1.1 The drainage basin system,"1.1.1 The concept of the drainage basin as an open system: The drainage basin has inputs, outputs, stores and transfers.",Geography,Cambridge Assessment International Education,Cambridge International AS & A Level,AS Level,Paper 1 Physical Geography,9696/1,90,60,50
"1 Hydrology, river processes and hazards",1.1 The drainage basin system,"1.1.1 The concept of the drainage basin as an open system: The drainage basin has inputs, outputs, stores and transfers.",Geography,Cambridge Assessment International Education,Cambridge International AS & A Level,A Level,Paper 1 Physical Geography,9696/1,90,60,25
"1 Hydrology, river processes and hazards",1.1 The drainage basin system,"1.1.1 The concept of the drainage basin as an open system: The relationship between inputs, outputs, stores and transfers.",Geography,Cambridge Assessment International Education,Cambridge International AS & A Level,AS Level,Paper 1 Physical Geography,9696/1,90,60,50
"1 Hydrology, river processes and hazards",1.1 The drainage basin system,"1.1.1 The concept of the drainage basin as an open system: The relationship between inputs, outputs, stores and transfers.",Geography,Cambridge Assessment International Education,Cambridge International AS & A Level,A Level,Paper 1 Physical Geography,9696/1,90,60,25
"1 Hydrology, river processes and hazards",1.1 The drainage basin system,"1.1.2 Movement of water through the drainage system: Inputs: precipitation (rainfall, snow, hail).",Geography,Cambridge Assessment International Education,Cambridge International AS & A Level,AS Level,Paper 1 Physical Geography,9696/1,90,60,50
"1 Hydrology, river processes and hazards",1.1 The drainage basin system,"1.1.2 Movement of water through the drainage system: Inputs: precipitation (rainfall, snow, hail).",Geography,Cambridge Assessment International Education,Cambridge International AS & A Level,A Level,Paper 1 Physical Geography,9696/1,90,60,25
"1 Hydrology, river processes and hazards",1.1 The drainage basin system,"1.1.2 Movement of water through the drainage system: Outputs: evaporation, evapotranspiration, condensation, channel flow.",Geography,Cambridge Assessment International Education,Cambridge International AS & A Level,AS Level,Paper 1 Physical Geography,9696/1,90,60,50
"1 Hydrology, river processes and hazards",1.1 The drainage basin system,"1.1.2 Movement of water through the drainage system: Outputs: evaporation, evapotranspiration, condensation, channel flow.",Geography,Cambridge Assessment International Education,Cambridge International AS & A Level,A Level,Paper 1 Physical Geography,9696/1,90,60,25
"1 Hydrology, river processes and hazards",1.1 The drainage basin system,"1.1.2 Movement of water through the drainage system: Stores: atmosphere (clouds), vegetation (interception and through roots), surface (channel, lake), soil, bedrock (groundwater store below water table).",Geography,Cambridge Assessment International Education,Cambridge International AS & A Level,AS Level,Paper 1 Physical Geography,9696/1,90,60,50
"1 Hydrology, river processes and hazards",1.1 The drainage basin system,"1.1.2 Movement of water through the drainage system: Stores: atmosphere (clouds), vegetation (interception and through roots), surface (channel, lake), soil, bedrock (groundwater store below water table).",Geography,Cambridge Assessment International Education,Cambridge International AS & A Level,A Level,Paper 1 Physical Geography,9696/1,90,60,25
"1 Hydrology, river processes and hazards",1.1 The drainage basin system,"1.1.2 Movement of water through the drainage system: Transfers: stemflow, throughfall, infiltration, overland flow/surface runoff (Hortonian and saturation-excess overland flow), throughflow, percolation, groundwater flow/baseflow, water table.",Geography,Cambridge Assessment International Education,Cambridge International AS & A Level,AS Level,Paper 1 Physical Geography,9696/1,90,60,50
"1 Hydrology, river processes and hazards",1.1 The drainage basin system,"1.1.2 Movement of water through the drainage system: Transfers: stemflow, throughfall, infiltration, overland flow/surface runoff (Hortonian and saturation-excess overland flow), throughflow, percolation, groundwater flow/baseflow, water table.",Geography,Cambridge Assessment International Education,Cambridge International AS & A Level,A Level,Paper 1 Physical Geography,9696/1,90,60,25
"1 Hydrology, river processes and hazards",1.1 The drainage basin system,"1.1.3 Drainage basin characteristics influencing the movement of water: Size and shape of drainage basin (catchment), drainage density, porosity and permeability of soils (clay, silt, sand), rock types (granite, limestone, chalk, sandstone, clay), vegetation type, land use.",Geography,Cambridge Assessment International Education,Cambridge International AS & A Level,AS Level,Paper 1 Physical Geography,9696/1,90,60,50
"1 Hydrology, river processes and hazards",1.1 The drainage basin system,"1.1.3 Drainage basin characteristics influencing the movement of water: Size and shape of drainage basin (catchment), drainage density, porosity and permeability of soils (clay, silt, sand), rock types (granite, limestone, chalk, sandstone, clay), vegetation type, land use.",Geography,Cambridge Assessment International Education,Cambridge International AS & A Level,A Level,Paper 1 Physical Geography,9696/1,90,60,25
"1 Hydrology, river processes and hazards",1.1 The drainage basin system,"1.1.3 Drainage basin characteristics influencing the movement of water: Climate: precipitation type, duration and intensity, temperature, evapotranspiration, antecedent moisture.",Geography,Cambridge Assessment International Education,Cambridge International AS & A Level,AS Level,Paper 1 Physical Geography,9696/1,90,60,50
"1 Hydrology, river processes and hazards",1.1 The drainage basin system,"1.1.3 Drainage basin characteristics influencing the movement of water: Climate: precipitation type, duration and intensity, temperature, evapotranspiration, antecedent moisture.",Geography,Cambridge Assessment International Education,Cambridge International AS & A Level,A Level,Paper 1 Physical Geography,9696/1,90,60,25
"1 Hydrology, river processes and hazards",1.1 The drainage basin system,"1.1.4 Discharge relationships and hydrographs: Annual hydrographs: reading and interpreting variations in discharge through the year using hydrographs; factors influencing variations in discharge through the year: climate (precipitation type, duration and intensity, temperature, evapotranspiration, antecedent moisture), vegetation type, land use.",Geography,Cambridge Assessment International Education,Cambridge International AS & A Level,AS Level,Paper 1 Physical Geography,9696/1,90,60,50
"1 Hydrology, river processes and hazards",1.1 The drainage basin system,"1.1.4 Discharge relationships and hydrographs: Annual hydrographs: reading and interpreting variations in discharge through the year using hydrographs; factors influencing variations in discharge through the year: climate (precipitation type, duration and intensity, temperature, evapotranspiration, antecedent moisture), vegetation type, land use.",Geography,Cambridge Assessment International Education,Cambridge International AS & A Level,A Level,Paper 1 Physical Geography,9696/1,90,60,25
"1 Hydrology, river processes and hazards",1.1 The drainage basin system,"1.1.4 Discharge relationships and hydrographs: Storm hydrographs: components of storm hydrographs: rising/falling limbs, peaks, lags, amount and timing of precipitation; factors influencing storm hydrographs: climate (precipitation type, duration and intensity, temperature, evapotranspiration, antecedent moisture), vegetation type, land use, drainage basin characteristics.",Geography,Cambridge Assessment International Education,Cambridge International AS & A Level,AS Level,Paper 1 Physical Geography,9696/1,90,60,50
"1 Hydrology, river processes and hazards",1.1 The drainage basin system,"1.1.4 Discharge relationships and hydrographs: Storm hydrographs: components of storm hydrographs: rising/falling limbs, peaks, lags, amount and timing of precipitation; factors influencing storm hydrographs: climate (precipitation type, duration and intensity, temperature, evapotranspiration, antecedent moisture), vegetation type, land use, drainage basin characteristics.",Geography,Cambridge Assessment International Education,Cambridge International AS & A Level,A Level,Paper 1 Physical Geography,9696/1,90,60,25
"1 Hydrology, river processes and hazards",1.2 River channel processes and landforms,"1.2.1 River channel processes: Erosion: abrasion/corrasion, solution, cavitation, hydraulic action.",Geography,Cambridge Assessment International Education,Cambridge International AS & A Level,AS Level,Paper 1 Physical Geography,9696/1,90,60,50
"1 Hydrology, river processes and hazards",1.2 River channel processes and landforms,"1.2.1 River channel processes: Erosion: abrasion/corrasion, solution, cavitation, hydraulic action.",Geography,Cambridge Assessment International Education,Cambridge International AS & A Level,A Level,Paper 1 Physical Geography,9696/1,90,60,25
"1 Hydrology, river processes and hazards",1.2 River channel processes and landforms,"1.2.1 River channel processes: Load transport: traction, saltation, suspension, solution.",Geography,Cambridge Assessment International Education,Cambridge International AS & A Level,AS Level,Paper 1 Physical Geography,9696/1,90,60,50
"1 Hydrology, river processes and hazards",1.2 River channel processes and landforms,"1.2.1 River channel processes: Load transport: traction, saltation, suspension, solution.",Geography,Cambridge Assessment International Education,Cambridge International AS & A Level,A Level,Paper 1 Physical Geography,9696/1,90,60,25
"1 Hydrology, river processes and hazards",1.2 River channel processes and landforms,1.2.1 River channel processes: Deposition and sedimentation.,Geography,Cambridge Assessment International Education,Cambridge International AS & A Level,AS Level,Paper 1 Physical Geography,9696/1,90,60,50
"1 Hydrology, river processes and hazards",1.2 River channel processes and landforms,1.2.1 River channel processes: Deposition and sedimentation.,Geography,Cambridge Assessment International Education,Cambridge International AS & A Level,A Level,Paper 1 Physical Geography,9696/1,90,60,25
"1 Hydrology, river processes and hazards",1.2 River channel processes and landforms,"1.2.1 River channel processes: Relationship between velocity, discharge and load size.",Geography,Cambridge Assessment International Education,Cambridge International AS & A Level,AS Level,Paper 1 Physical Geography,9696/1,90,60,50
"1 Hydrology, river processes and hazards",1.2 River channel processes and landforms,"1.2.1 River channel processes: Relationship between velocity, discharge and load size.",Geography,Cambridge Assessment International Education,Cambridge International AS & A Level,A Level,Paper 1 Physical Geography,9696/1,90,60,25
"1 Hydrology, river processes and hazards",1.2 River channel processes and landforms,"1.2.2 River flow: Velocity and discharge, patterns of flow (laminar, turbulent, helicoidal), thalweg.",Geography,Cambridge Assessment International Education,Cambridge International AS & A Level,AS Level,Paper 1 Physical Geography,9696/1,90,60,50
"1 Hydrology, river processes and hazards",1.2 River channel processes and landforms,"1.2.2 River flow: Velocity and discharge, patterns of flow (laminar, turbulent, helicoidal), thalweg.",Geography,Cambridge Assessment International Education,Cambridge International AS & A Level,A Level,Paper 1 Physical Geography,9696/1,90,60,25
"1 Hydrology, river processes and hazards",1.2 River channel processes and landforms,"1.2.3 Formation of river landforms by erosion and deposition processes: Meanders (river cliffs, point bars, oxbow lakes), riffle and pool sequences, waterfalls, gorges, bluffs, floodplains, levées.",Geography,Cambridge Assessment International Education,Cambridge International AS & A Level,AS Level,Paper 1 Physical Geography,9696/1,90,60,50
"1 Hydrology, river processes and hazards",1.2 River channel processes and landforms,"1.2.3 Formation of river landforms by erosion and deposition processes: Meanders (river cliffs, point bars, oxbow lakes), riffle and pool sequences, waterfalls, gorges, bluffs, floodplains, levées.",Geography,Cambridge Assessment International Education,Cambridge International AS & A Level,A Level,Paper 1 Physical Geography,9696/1,90,60,25
"1 Hydrology, river processes and hazards",1.3 River flood hazards and impacts,"1.3.1 Causes of river floods: Physical factors that affect river discharge and cause flooding: duration and intensity of precipitation, snowmelt and ice melt, drainage basin characteristics.",Geography,Cambridge Assessment International Education,Cambridge International AS & A Level,AS Level,Paper 1 Physical Geography,9696/1,90,60,50
"1 Hydrology, river processes and hazards",1.3 River flood hazards and impacts,"1.3.1 Causes of river floods: Physical factors that affect river discharge and cause flooding: duration and intensity of precipitation, snowmelt and ice melt, drainage basin characteristics.",Geography,Cambridge Assessment International Education,Cambridge International AS & A Level,A Level,Paper 1 Physical Geography,9696/1,90,60,25
"1 Hydrology, river processes and hazards",1.3 River flood hazards and impacts,"1.3.1 Causes of river floods: Human land-use changes that affect river discharge and cause flooding: deforestation, changing agricultural systems and irrigation, urbanisation.",Geography,Cambridge Assessment International Education,Cambridge International AS & A Level,AS Level,Paper 1 Physical Geography,9696/1,90,60,50
"1 Hydrology, river processes and hazards",1.3 River flood hazards and impacts,"1.3.1 Causes of river floods: Human land-use changes that affect river discharge and cause flooding: deforestation, changing agricultural systems and irrigation, urbanisation.",Geography,Cambridge Assessment International Education,Cambridge International AS & A Level,A Level,Paper 1 Physical Geography,9696/1,90,60,25
"1 Hydrology, river processes and hazards",1.3 River flood hazards and impacts,1.3.2 Impacts of river floods: Impacts on people and the environment: short-term impacts and long-term impacts.,Geography,Cambridge Assessment International Education,Cambridge International AS & A Level,AS Level,Paper 1 Physical Geography,9696/1,90,60,50
"1 Hydrology, river processes and hazards",1.3 River flood hazards and impacts,1.3.2 Impacts of river floods: Impacts on people and the environment: short-term impacts and long-term impacts.,Geography,Cambridge Assessment International Education,Cambridge International AS & A Level,A Level,Paper 1 Physical Geography,9696/1,90,60,25
"1 Hydrology, river processes and hazards",1.3 River flood hazards and impacts,"1.3.2 Impacts of river floods: Physical factors and human factors of vulnerability to river flood hazards and impacts: scale and duration of flood event, population density, infrastructure, economic development.",Geography,Cambridge Assessment International Education,Cambridge International AS & A Level,AS Level,Paper 1 Physical Geography,9696/1,90,60,50
"1 Hydrology, river processes and hazards",1.3 River flood hazards and impacts,"1.3.2 Impacts of river floods: Physical factors and human factors of vulnerability to river flood hazards and impacts: scale and duration of flood event, population density, infrastructure, economic development.",Geography,Cambridge Assessment International Education,Cambridge International AS & A Level,A Level,Paper 1 Physical Geography,9696/1,90,60,25
"1 Hydrology, river processes and hazards",1.3 River flood hazards and impacts,"1.3.3 Management of river floods: Prediction of flood risk: recurrence intervals, hazard mapping.",Geography,Cambridge Assessment International Education,Cambridge International AS & A Level,AS Level,Paper 1 Physical Geography,9696/1,90,60,50
"1 Hydrology, river processes and hazards",1.3 River flood hazards and impacts,"1.3.3 Management of river floods: Prediction of flood risk: recurrence intervals, hazard mapping.",Geography,Cambridge Assessment International Education,Cambridge International AS & A Level,A Level,Paper 1 Physical Geography,9696/1,90,60,25
"1 Hydrology, river processes and hazards",1.3 River flood hazards and impacts,"1.3.3 Management of river floods: Forecasts (discharge measurements at gauging stations, rainfall, snowmelt and ice melt) and warnings.",Geography,Cambridge Assessment International Education,Cambridge International AS & A Level,AS Level,Paper 1 Physical Geography,9696/1,90,60,50
"1 Hydrology, river processes and hazards",1.3 River flood hazards and impacts,"1.3.3 Management of river floods: Forecasts (discharge measurements at gauging stations, rainfall, snowmelt and ice melt) and warnings.",Geography,Cambridge Assessment International Education,Cambridge International AS & A Level,A Level,Paper 1 Physical Geography,9696/1,90,60,25
"1 Hydrology, river processes and hazards",1.3 River flood hazards and impacts,"1.3.3 Management of river floods: Effectiveness of hard engineering management strategies: dams, river straightening, artificial levées, diversion spillways.",Geography,Cambridge Assessment International Education,Cambridge International AS & A Level,AS Level,Paper 1 Physical Geography,9696/1,90,60,50
"1 Hydrology, river processes and hazards",1.3 River flood hazards and impacts,"1.3.3 Management of river floods: Effectiveness of hard engineering management strategies: dams, river straightening, artificial levées, diversion spillways.",Geography,Cambridge Assessment International Education,Cambridge International AS & A Level,A Level,Paper 1 Physical Geography,9696/1,90,60,25
"1 Hydrology, river processes and hazards",1.3 River flood hazards and impacts,"1.3.3 Management of river floods: Effectiveness of soft engineering management strategies: floodplain and drainage basin management, including afforestation and wetland and riverbank conservation.",Geography,Cambridge Assessment International Education,Cambridge International AS & A Level,AS Level,Paper 1 Physical Geography,9696/1,90,60,50
"1 Hydrology, river processes and hazards",1.3 River flood hazards and impacts,"1.3.3 Management of river floods: Effectiveness of soft engineering management strategies: floodplain and drainage basin management, including afforestation and wetland and riverbank conservation.",Geography,Cambridge Assessment International Education,Cambridge International AS & A Level,A Level,Paper 1 Physical Geography,9696/1,90,60,25
"1 Hydrology, river processes and hazards",1.3 River flood hazards and impacts,1.3.3 Management of river floods: Emergency responses and recovery.,Geography,Cambridge Assessment International Education,Cambridge International AS & A Level,AS Level,Paper 1 Physical Geography,9696/1,90,60,50
"1 Hydrology, river processes and hazards",1.3 River flood hazards and impacts,1.3.3 Management of river floods: Emergency responses and recovery.,Geography,Cambridge Assessment International Education,Cambridge International AS & A Level,A Level,Paper 1 Physical Geography,9696/1,90,60,25
"1 Hydrology, river processes and hazards",1.3 River flood hazards and impacts,"1.3.3 Management of river floods: Detailed specific example of one recent river flood: prediction and forecasting, causes, impacts on people and the environment and an evaluation of the success of strategies used to manage floods in this drainage basin.",Geography,Cambridge Assessment International Education,Cambridge International AS & A Level,AS Level,Paper 1 Physical Geography,9696/1,90,60,50
"1 Hydrology, river processes and hazards",1.3 River flood hazards and impacts,"1.3.3 Management of river floods: Detailed specific example of one recent river flood: prediction and forecasting, causes, impacts on people and the environment and an evaluation of the success of strategies used to manage floods in this drainage basin.",Geography,Cambridge Assessment International Education,Cambridge International AS & A Level,A Level,Paper 1 Physical Geography,9696/1,90,60,25
2 Atmospheric processes and global climate change,2.1 Energy budgets,"2.1.1 Energy budget systems: Inputs and outputs: incoming (shortwave) solar radiation, outgoing (longwave) terrestrial radiation, absorption, reflection (albedo), scattering, conduction, back radiation.",Geography,Cambridge Assessment International Education,Cambridge International AS & A Level,AS Level,Paper 1 Physical Geography,9696/1,90,60,50
2 Atmospheric processes and global climate change,2.1 Energy budgets,"2.1.1 Energy budget systems: Inputs and outputs: incoming (shortwave) solar radiation, outgoing (longwave) terrestrial radiation, absorption, reflection (albedo), scattering, conduction, back radiation.",Geography,Cambridge Assessment International Education,Cambridge International AS & A Level,A Level,Paper 1 Physical Geography,9696/1,90,60,25
2 Atmospheric processes and global climate change,2.1 Energy budgets,2.1.1 Energy budget systems: Transfers: latent heat transfer and sensible heat transfer.,Geography,Cambridge Assessment International Education,Cambridge International AS & A Level,AS Level,Paper 1 Physical Geography,9696/1,90,60,50
2 Atmospheric processes and global climate change,2.1 Energy budgets,2.1.1 Energy budget systems: Transfers: latent heat transfer and sensible heat transfer.,Geography,Cambridge Assessment International Education,Cambridge International AS & A Level,A Level,Paper 1 Physical Geography,9696/1,90,60,25
2 Atmospheric processes and global climate change,2.1 Energy budgets,2.1.2 The global energy budget: Latitudinal pattern of radiation: excesses and deficits.,Geography,Cambridge Assessment International Education,Cambridge International AS & A Level,AS Level,Paper 1 Physical Geography,9696/1,90,60,50
2 Atmospheric processes and global climate change,2.1 Energy budgets,2.1.2 The global energy budget: Latitudinal pattern of radiation: excesses and deficits.,Geography,Cambridge Assessment International Education,Cambridge International AS & A Level,A Level,Paper 1 Physical Geography,9696/1,90,60,25
2 Atmospheric processes and global climate change,2.1 Energy budgets,2.1.2 The global energy budget: Natural greenhouse effect.,Geography,Cambridge Assessment International Education,Cambridge International AS & A Level,AS Level,Paper 1 Physical Geography,9696/1,90,60,50
2 Atmospheric processes and global climate change,2.1 Energy budgets,2.1.2 The global energy budget: Natural greenhouse effect.,Geography,Cambridge Assessment International Education,Cambridge International AS & A Level,A Level,Paper 1 Physical Geography,9696/1,90,60,25
2 Atmospheric processes and global climate change,2.1 Energy budgets,"2.1.3 Global transfers of energy: Atmospheric transfers: tri-cellular model of atmospheric transfer (Polar, Ferrel and Hadley cells, intertropical convergence zone (ITCZ)), wind belts, jet streams.",Geography,Cambridge Assessment International Education,Cambridge International AS & A Level,AS Level,Paper 1 Physical Geography,9696/1,90,60,50
2 Atmospheric processes and global climate change,2.1 Energy budgets,"2.1.3 Global transfers of energy: Atmospheric transfers: tri-cellular model of atmospheric transfer (Polar, Ferrel and Hadley cells, intertropical convergence zone (ITCZ)), wind belts, jet streams.",Geography,Cambridge Assessment International Education,Cambridge International AS & A Level,A Level,Paper 1 Physical Geography,9696/1,90,60,25
2 Atmospheric processes and global climate change,2.1 Energy budgets,2.1.3 Global transfers of energy: Oceanic transfers: vertical and horizontal transfers by ocean currents and ocean gyres.,Geography,Cambridge Assessment International Education,Cambridge International AS & A Level,AS Level,Paper 1 Physical Geography,9696/1,90,60,50
2 Atmospheric processes and global climate change,2.1 Energy budgets,2.1.3 Global transfers of energy: Oceanic transfers: vertical and horizontal transfers by ocean currents and ocean gyres.,Geography,Cambridge Assessment International Education,Cambridge International AS & A Level,A Level,Paper 1 Physical Geography,9696/1,90,60,25
2 Atmospheric processes and global climate change,2.1 Energy budgets,2.1.3 Global transfers of energy: Relationships between atmospheric transfers and oceanic transfers.,Geography,Cambridge Assessment International Education,Cambridge International AS & A Level,AS Level,Paper 1 Physical Geography,9696/1,90,60,50
2 Atmospheric processes and global climate change,2.1 Energy budgets,2.1.3 Global transfers of energy: Relationships between atmospheric transfers and oceanic transfers.,Geography,Cambridge Assessment International Education,Cambridge International AS & A Level,A Level,Paper 1 Physical Geography,9696/1,90,60,25
2 Atmospheric processes and global climate change,2.1 Energy budgets,"2.1.4 Seasonal variations in temperature, pressure and wind belts: Influence of latitude, land/sea distribution, ocean currents.",Geography,Cambridge Assessment International Education,Cambridge International AS & A Level,AS Level,Paper 1 Physical Geography,9696/1,90,60,50
2 Atmospheric processes and global climate change,2.1 Energy budgets,"2.1.4 Seasonal variations in temperature, pressure and wind belts: Influence of latitude, land/sea distribution, ocean currents.",Geography,Cambridge Assessment International Education,Cambridge International AS & A Level,A Level,Paper 1 Physical Geography,9696/1,90,60,25
2 Atmospheric processes and global climate change,2.1 Energy budgets,2.1.5 Diurnal energy budgets: Differences between daytime and nighttime.,Geography,Cambridge Assessment International Education,Cambridge International AS & A Level,AS Level,Paper 1 Physical Geography,9696/1,90,60,50
2 Atmospheric processes and global climate change,2.1 Energy budgets,2.1.5 Diurnal energy budgets: Differences between daytime and nighttime.,Geography,Cambridge Assessment International Education,Cambridge International AS & A Level,A Level,Paper 1 Physical Geography,9696/1,90,60,25
2 Atmospheric processes and global climate change,2.2 Weather processes and phenomena,"2.2.1 Atmospheric moisture processes: Evaporation, condensation, freezing, melting, sublimation.",Geography,Cambridge Assessment International Education,Cambridge International AS & A Level,AS Level,Paper 1 Physical Geography,9696/1,90,60,50
2 Atmospheric processes and global climate change,2.2 Weather processes and phenomena,"2.2.1 Atmospheric moisture processes: Evaporation, condensation, freezing, melting, sublimation.",Geography,Cambridge Assessment International Education,Cambridge International AS & A Level,A Level,Paper 1 Physical Geography,9696/1,90,60,25
2 Atmospheric processes and global climate change,2.2 Weather processes and phenomena,"2.2.2 Causes of precipitation: Convection, frontal and orographic uplift of air, radiation cooling.",Geography,Cambridge Assessment International Education,Cambridge International AS & A Level,AS Level,Paper 1 Physical Geography,9696/1,90,60,50
2 Atmospheric processes and global climate change,2.2 Weather processes and phenomena,"2.2.2 Causes of precipitation: Convection, frontal and orographic uplift of air, radiation cooling.",Geography,Cambridge Assessment International Education,Cambridge International AS & A Level,A Level,Paper 1 Physical Geography,9696/1,90,60,25
2 Atmospheric processes and global climate change,2.2 Weather processes and phenomena,"2.2.3 Types of precipitation: Clouds, rain, hail, snow, dew, fog.",Geography,Cambridge Assessment International Education,Cambridge International AS & A Level,AS Level,Paper 1 Physical Geography,9696/1,90,60,50
2 Atmospheric processes and global climate change,2.2 Weather processes and phenomena,"2.2.3 Types of precipitation: Clouds, rain, hail, snow, dew, fog.",Geography,Cambridge Assessment International Education,Cambridge International AS & A Level,A Level,Paper 1 Physical Geography,9696/1,90,60,25
2 Atmospheric processes and global climate change,2.3 Global warming and climate change,"2.3.1 Evidence for global warming and climate change: Proxy evidence for past climatic conditions: ice cores, tree rings, fossils.",Geography,Cambridge Assessment International Education,Cambridge International AS & A Level,AS Level,Paper 1 Physical Geography,9696/1,90,60,50
2 Atmospheric processes and global climate change,2.3 Global warming and climate change,"2.3.1 Evidence for global warming and climate change: Proxy evidence for past climatic conditions: ice cores, tree rings, fossils.",Geography,Cambridge Assessment International Education,Cambridge International AS & A Level,A Level,Paper 1 Physical Geography,9696/1,90,60,25
2 Atmospheric processes and global climate change,2.3 Global warming and climate change,2.3.1 Evidence for global warming and climate change: Evidence of recent atmospheric and sea temperature increases: recorded temperatures since 1850; the link between temperature records (pre- and post-1850) and carbon dioxide emissions.,Geography,Cambridge Assessment International Education,Cambridge International AS & A Level,AS Level,Paper 1 Physical Geography,9696/1,90,60,50
2 Atmospheric processes and global climate change,2.3 Global warming and climate change,2.3.1 Evidence for global warming and climate change: Evidence of recent atmospheric and sea temperature increases: recorded temperatures since 1850; the link between temperature records (pre- and post-1850) and carbon dioxide emissions.,Geography,Cambridge Assessment International Education,Cambridge International AS & A Level,A Level,Paper 1 Physical Geography,9696/1,90,60,25
2 Atmospheric processes and global climate change,2.3 Global warming and climate change,"2.3.1 Evidence for global warming and climate change: Other evidence of global warming: sea-level rise, sea ice reduction, ice sheet and glacial shrinkage.",Geography,Cambridge Assessment International Education,Cambridge International AS & A Level,AS Level,Paper 1 Physical Geography,9696/1,90,60,50
2 Atmospheric processes and global climate change,2.3 Global warming and climate change,"2.3.1 Evidence for global warming and climate change: Other evidence of global warming: sea-level rise, sea ice reduction, ice sheet and glacial shrinkage.",Geography,Cambridge Assessment International Education,Cambridge International AS & A Level,A Level,Paper 1 Physical Geography,9696/1,90,60,25
2 Atmospheric processes and global climate change,2.3 Global warming and climate change,"2.3.2 Causes of global warming and climate change: Greenhouse gases (GHG) (carbon dioxide, methane, nitrous oxide, F-gases): Global Warming Potential (GWP); longevity in the atmosphere; relative concentration in the atmosphere; carbon dioxide equivalence (CO2 equivalence).",Geography,Cambridge Assessment International Education,Cambridge International AS & A Level,AS Level,Paper 1 Physical Geography,9696/1,90,60,50
2 Atmospheric processes and global climate change,2.3 Global warming and climate change,"2.3.2 Causes of global warming and climate change: Greenhouse gases (GHG) (carbon dioxide, methane, nitrous oxide, F-gases): Global Warming Potential (GWP); longevity in the atmosphere; relative concentration in the atmosphere; carbon dioxide equivalence (CO2 equivalence).",Geography,Cambridge Assessment International Education,Cambridge International AS & A Level,A Level,Paper 1 Physical Geography,9696/1,90,60,25
2 Atmospheric processes and global climate change,2.3 Global warming and climate change,2.3.2 Causes of global warming and climate change: Physical factors that affect global energy budgets: longer-term impacts: solar output; shorter-term impacts: volcanic eruptions; other impacts: El Niño Southern Oscillation (ENSO).,Geography,Cambridge Assessment International Education,Cambridge International AS & A Level,AS Level,Paper 1 Physical Geography,9696/1,90,60,50
2 Atmospheric processes and global climate change,2.3 Global warming and climate change,2.3.2 Causes of global warming and climate change: Physical factors that affect global energy budgets: longer-term impacts: solar output; shorter-term impacts: volcanic eruptions; other impacts: El Niño Southern Oscillation (ENSO).,Geography,Cambridge Assessment International Education,Cambridge International AS & A Level,A Level,Paper 1 Physical Geography,9696/1,90,60,25
2 Atmospheric processes and global climate change,2.3 Global warming and climate change,2.3.2 Causes of global warming and climate change: Human (anthropogenic) factors that affect global energy budgets: activities causing greenhouse gas emissions; activities causing changes to greenhouse gas absorption and storage; impacts on reflection (albedo).,Geography,Cambridge Assessment International Education,Cambridge International AS & A Level,AS Level,Paper 1 Physical Geography,9696/1,90,60,50
2 Atmospheric processes and global climate change,2.3 Global warming and climate change,2.3.2 Causes of global warming and climate change: Human (anthropogenic) factors that affect global energy budgets: activities causing greenhouse gas emissions; activities causing changes to greenhouse gas absorption and storage; impacts on reflection (albedo).,Geography,Cambridge Assessment International Education,Cambridge International AS & A Level,A Level,Paper 1 Physical Geography,9696/1,90,60,25
2 Atmospheric processes and global climate change,2.3 Global warming and climate change,2.3.2 Causes of global warming and climate change: Significance of the impact of the enhanced greenhouse effect on global energy budgets.,Geography,Cambridge Assessment International Education,Cambridge International AS & A Level,AS Level,Paper 1 Physical Geography,9696/1,90,60,50
2 Atmospheric processes and global climate change,2.3 Global warming and climate change,2.3.2 Causes of global warming and climate change: Significance of the impact of the enhanced greenhouse effect on global energy budgets.,Geography,Cambridge Assessment International Education,Cambridge International AS & A Level,A Level,Paper 1 Physical Geography,9696/1,90,60,25
3 Earth processes and mass movements,3.1 Plate tectonics,"3.1.1 Tectonic plates: Continental plates and oceanic plates: density, age, thickness and composition.",Geography,Cambridge Assessment International Education,Cambridge International AS & A Level,AS Level,Paper 1 Physical Geography,9696/1,90,60,50
3 Earth processes and mass movements,3.1 Plate tectonics,"3.1.1 Tectonic plates: Continental plates and oceanic plates: density, age, thickness and composition.",Geography,Cambridge Assessment International Education,Cambridge International AS & A Level,A Level,Paper 1 Physical Geography,9696/1,90,60,25
3 Earth processes and mass movements,3.1 Plate tectonics,3.1.1 Tectonic plates: Relative directions and rates of plate movement.,Geography,Cambridge Assessment International Education,Cambridge International AS & A Level,AS Level,Paper 1 Physical Geography,9696/1,90,60,50
3 Earth processes and mass movements,3.1 Plate tectonics,3.1.1 Tectonic plates: Relative directions and rates of plate movement.,Geography,Cambridge Assessment International Education,Cambridge International AS & A Level,A Level,Paper 1 Physical Geography,9696/1,90,60,25
3 Earth processes and mass movements,3.1 Plate tectonics,3.1.2 Tectonic movement: Continental drift theory and the ‘jigsaw’ fit of continents.,Geography,Cambridge Assessment International Education,Cambridge International AS & A Level,AS Level,Paper 1 Physical Geography,9696/1,90,60,50
3 Earth processes and mass movements,3.1 Plate tectonics,3.1.2 Tectonic movement: Continental drift theory and the ‘jigsaw’ fit of continents.,Geography,Cambridge Assessment International Education,Cambridge International AS & A Level,A Level,Paper 1 Physical Geography,9696/1,90,60,25
3 Earth processes and mass movements,3.1 Plate tectonics,3.1.2 Tectonic movement: Geological and fossil records.,Geography,Cambridge Assessment International Education,Cambridge International AS & A Level,AS Level,Paper 1 Physical Geography,9696/1,90,60,50
3 Earth processes and mass movements,3.1 Plate tectonics,3.1.2 Tectonic movement: Geological and fossil records.,Geography,Cambridge Assessment International Education,Cambridge International AS & A Level,A Level,Paper 1 Physical Geography,9696/1,90,60,25
3 Earth processes and mass movements,3.1 Plate tectonics,"3.1.2 Tectonic movement: Evidence for sea floor spreading: Earth’s magnetic field recorded in rocks (palaeomagnetism), the age of sea floor rocks.",Geography,Cambridge Assessment International Education,Cambridge International AS & A Level,AS Level,Paper 1 Physical Geography,9696/1,90,60,50
3 Earth processes and mass movements,3.1 Plate tectonics,"3.1.2 Tectonic movement: Evidence for sea floor spreading: Earth’s magnetic field recorded in rocks (palaeomagnetism), the age of sea floor rocks.",Geography,Cambridge Assessment International Education,Cambridge International AS & A Level,A Level,Paper 1 Physical Geography,9696/1,90,60,25
3 Earth processes and mass movements,3.1 Plate tectonics,"3.1.2 Tectonic movement: Convection currents, slab pull, ridge push.",Geography,Cambridge Assessment International Education,Cambridge International AS & A Level,AS Level,Paper 1 Physical Geography,9696/1,90,60,50
3 Earth processes and mass movements,3.1 Plate tectonics,"3.1.2 Tectonic movement: Convection currents, slab pull, ridge push.",Geography,Cambridge Assessment International Education,Cambridge International AS & A Level,A Level,Paper 1 Physical Geography,9696/1,90,60,25
3 Earth processes and mass movements,3.1 Plate tectonics,3.1.3 Global distribution of types of plate boundaries: Divergent/constructive.,Geography,Cambridge Assessment International Education,Cambridge International AS & A Level,AS Level,Paper 1 Physical Geography,9696/1,90,60,50
3 Earth processes and mass movements,3.1 Plate tectonics,3.1.3 Global distribution of types of plate boundaries: Divergent/constructive.,Geography,Cambridge Assessment International Education,Cambridge International AS & A Level,A Level,Paper 1 Physical Geography,9696/1,90,60,25
3 Earth processes and mass movements,3.1 Plate tectonics,3.1.3 Global distribution of types of plate boundaries: Convergent/destructive.,Geography,Cambridge Assessment International Education,Cambridge International AS & A Level,AS Level,Paper 1 Physical Geography,9696/1,90,60,50
3 Earth processes and mass movements,3.1 Plate tectonics,3.1.3 Global distribution of types of plate boundaries: Convergent/destructive.,Geography,Cambridge Assessment International Education,Cambridge International AS & A Level,A Level,Paper 1 Physical Geography,9696/1,90,60,25
3 Earth processes and mass movements,3.1 Plate tectonics,3.1.3 Global distribution of types of plate boundaries: Convergent/collision.,Geography,Cambridge Assessment International Education,Cambridge International AS & A Level,AS Level,Paper 1 Physical Geography,9696/1,90,60,50
3 Earth processes and mass movements,3.1 Plate tectonics,3.1.3 Global distribution of types of plate boundaries: Convergent/collision.,Geography,Cambridge Assessment International Education,Cambridge International AS & A Level,A Level,Paper 1 Physical Geography,9696/1,90,60,25
3 Earth processes and mass movements,3.1 Plate tectonics,3.1.3 Global distribution of types of plate boundaries: Conservative/transform.,Geography,Cambridge Assessment International Education,Cambridge International AS & A Level,AS Level,Paper 1 Physical Geography,9696/1,90,60,50
3 Earth processes and mass movements,3.1 Plate tectonics,3.1.3 Global distribution of types of plate boundaries: Conservative/transform.,Geography,Cambridge Assessment International Education,Cambridge International AS & A Level,A Level,Paper 1 Physical Geography,9696/1,90,60,25
3 Earth processes and mass movements,3.2 Tectonic processes and landforms,3.2.1 Tectonic processes: Faulting and rifting at divergent/constructive boundaries.,Geography,Cambridge Assessment International Education,Cambridge International AS & A Level,AS Level,Paper 1 Physical Geography,9696/1,90,60,50
3 Earth processes and mass movements,3.2 Tectonic processes and landforms,3.2.1 Tectonic processes: Faulting and rifting at divergent/constructive boundaries.,Geography,Cambridge Assessment International Education,Cambridge International AS & A Level,A Level,Paper 1 Physical Geography,9696/1,90,60,25
3 Earth processes and mass movements,3.2 Tectonic processes and landforms,3.2.1 Tectonic processes: Sea floor spreading at divergent/constructive boundaries.,Geography,Cambridge Assessment International Education,Cambridge International AS & A Level,AS Level,Paper 1 Physical Geography,9696/1,90,60,50
3 Earth processes and mass movements,3.2 Tectonic processes and landforms,3.2.1 Tectonic processes: Sea floor spreading at divergent/constructive boundaries.,Geography,Cambridge Assessment International Education,Cambridge International AS & A Level,A Level,Paper 1 Physical Geography,9696/1,90,60,25
3 Earth processes and mass movements,3.2 Tectonic processes and landforms,3.2.1 Tectonic processes: Subduction at convergent/destructive boundaries.,Geography,Cambridge Assessment International Education,Cambridge International AS & A Level,AS Level,Paper 1 Physical Geography,9696/1,90,60,50
3 Earth processes and mass movements,3.2 Tectonic processes and landforms,3.2.1 Tectonic processes: Subduction at convergent/destructive boundaries.,Geography,Cambridge Assessment International Education,Cambridge International AS & A Level,A Level,Paper 1 Physical Geography,9696/1,90,60,25
3 Earth processes and mass movements,3.2 Tectonic processes and landforms,3.2.1 Tectonic processes: Shearing and thrusting at convergent/collision boundaries.,Geography,Cambridge Assessment International Education,Cambridge International AS & A Level,AS Level,Paper 1 Physical Geography,9696/1,90,60,50
3 Earth processes and mass movements,3.2 Tectonic processes and landforms,3.2.1 Tectonic processes: Shearing and thrusting at convergent/collision boundaries.,Geography,Cambridge Assessment International Education,Cambridge International AS & A Level,A Level,Paper 1 Physical Geography,9696/1,90,60,25
3 Earth processes and mass movements,3.2 Tectonic processes and landforms,3.2.1 Tectonic processes: Faulting at conservative/transform boundaries.,Geography,Cambridge Assessment International Education,Cambridge International AS & A Level,AS Level,Paper 1 Physical Geography,9696/1,90,60,50
3 Earth processes and mass movements,3.2 Tectonic processes and landforms,3.2.1 Tectonic processes: Faulting at conservative/transform boundaries.,Geography,Cambridge Assessment International Education,Cambridge International AS & A Level,A Level,Paper 1 Physical Geography,9696/1,90,60,25
3 Earth processes and mass movements,3.2 Tectonic processes and landforms,"3.2.2 Formation of landforms by tectonic processes: Fold mountains, volcanoes, mid-ocean ridges, ocean trenches, volcanic island arcs, fault scarps, rift valleys.",Geography,Cambridge Assessment International Education,Cambridge International AS & A Level,AS Level,Paper 1 Physical Geography,9696/1,90,60,50
3 Earth processes and mass movements,3.2 Tectonic processes and landforms,"3.2.2 Formation of landforms by tectonic processes: Fold mountains, volcanoes, mid-ocean ridges, ocean trenches, volcanic island arcs, fault scarps, rift valleys.",Geography,Cambridge Assessment International Education,Cambridge International AS & A Level,A Level,Paper 1 Physical Geography,9696/1,90,60,25
3 Earth processes and mass movements,3.3 Mass movement hazards and impacts,3.3.1 Types of mass movement: Heaves.,Geography,Cambridge Assessment International Education,Cambridge International AS & A Level,AS Level,Paper 1 Physical Geography,9696/1,90,60,50
3 Earth processes and mass movements,3.3 Mass movement hazards and impacts,3.3.1 Types of mass movement: Heaves.,Geography,Cambridge Assessment International Education,Cambridge International AS & A Level,A Level,Paper 1 Physical Geography,9696/1,90,60,25
3 Earth processes and mass movements,3.3 Mass movement hazards and impacts,"3.3.1 Types of mass movement: Flows (mudflow, debris flow).",Geography,Cambridge Assessment International Education,Cambridge International AS & A Level,AS Level,Paper 1 Physical Geography,9696/1,90,60,50
3 Earth processes and mass movements,3.3 Mass movement hazards and impacts,"3.3.1 Types of mass movement: Flows (mudflow, debris flow).",Geography,Cambridge Assessment International Education,Cambridge International AS & A Level,A Level,Paper 1 Physical Geography,9696/1,90,60,25
3 Earth processes and mass movements,3.3 Mass movement hazards and impacts,"3.3.1 Types of mass movement: Slides (landslides, rotational slides/slumps).",Geography,Cambridge Assessment International Education,Cambridge International AS & A Level,AS Level,Paper 1 Physical Geography,9696/1,90,60,50
3 Earth processes and mass movements,3.3 Mass movement hazards and impacts,"3.3.1 Types of mass movement: Slides (landslides, rotational slides/slumps).",Geography,Cambridge Assessment International Education,Cambridge International AS & A Level,A Level,Paper 1 Physical Geography,9696/1,90,60,25
3 Earth processes and mass movements,3.3 Mass movement hazards and impacts,3.3.1 Types of mass movement: Falls (rock).,Geography,Cambridge Assessment International Education,Cambridge International AS & A Level,AS Level,Paper 1 Physical Geography,9696/1,90,60,50
3 Earth processes and mass movements,3.3 Mass movement hazards and impacts,3.3.1 Types of mass movement: Falls (rock).,Geography,Cambridge Assessment International Education,Cambridge International AS & A Level,A Level,Paper 1 Physical Geography,9696/1,90,60,25
3 Earth processes and mass movements,3.3 Mass movement hazards and impacts,"3.3.2 Physical causes and human causes of mass movement: Physical causes: geology, shape of the land (topography), precipitation intensity and amounts, potential impact of climate change.",Geography,Cambridge Assessment International Education,Cambridge International AS & A Level,AS Level,Paper 1 Physical Geography,9696/1,90,60,50
3 Earth processes and mass movements,3.3 Mass movement hazards and impacts,"3.3.2 Physical causes and human causes of mass movement: Physical causes: geology, shape of the land (topography), precipitation intensity and amounts, potential impact of climate change.",Geography,Cambridge Assessment International Education,Cambridge International AS & A Level,A Level,Paper 1 Physical Geography,9696/1,90,60,25
3 Earth processes and mass movements,3.3 Mass movement hazards and impacts,"3.3.2 Physical causes and human causes of mass movement: Human causes: building and road construction, land-use change, water management.",Geography,Cambridge Assessment International Education,Cambridge International AS & A Level,AS Level,Paper 1 Physical Geography,9696/1,90,60,50
3 Earth processes and mass movements,3.3 Mass movement hazards and impacts,"3.3.2 Physical causes and human causes of mass movement: Human causes: building and road construction, land-use change, water management.",Geography,Cambridge Assessment International Education,Cambridge International AS & A Level,A Level,Paper 1 Physical Geography,9696/1,90,60,25
3 Earth processes and mass movements,3.3 Mass movement hazards and impacts,3.3.3 Management of mass movement hazards: Prediction and risk identification of mass movements (hazard mapping and monitoring).,Geography,Cambridge Assessment International Education,Cambridge International AS & A Level,AS Level,Paper 1 Physical Geography,9696/1,90,60,50
3 Earth processes and mass movements,3.3 Mass movement hazards and impacts,3.3.3 Management of mass movement hazards: Prediction and risk identification of mass movements (hazard mapping and monitoring).,Geography,Cambridge Assessment International Education,Cambridge International AS & A Level,A Level,Paper 1 Physical Geography,9696/1,90,60,25
3 Earth processes and mass movements,3.3 Mass movement hazards and impacts,3.3.3 Management of mass movement hazards: Impacts on people and the environment.,Geography,Cambridge Assessment International Education,Cambridge International AS & A Level,AS Level,Paper 1 Physical Geography,9696/1,90,60,50
3 Earth processes and mass movements,3.3 Mass movement hazards and impacts,3.3.3 Management of mass movement hazards: Impacts on people and the environment.,Geography,Cambridge Assessment International Education,Cambridge International AS & A Level,A Level,Paper 1 Physical Geography,9696/1,90,60,25
3 Earth processes and mass movements,3.3 Mass movement hazards and impacts,"3.3.3 Management of mass movement hazards: Management strategies to improve slope stability: pinning, netting; slope grading, slope drainage; afforestation; planning restrictions on building and development.",Geography,Cambridge Assessment International Education,Cambridge International AS & A Level,AS Level,Paper 1 Physical Geography,9696/1,90,60,50
3 Earth processes and mass movements,3.3 Mass movement hazards and impacts,"3.3.3 Management of mass movement hazards: Management strategies to improve slope stability: pinning, netting; slope grading, slope drainage; afforestation; planning restrictions on building and development.",Geography,Cambridge Assessment International Education,Cambridge International AS & A Level,A Level,Paper 1 Physical Geography,9696/1,90,60,25
3 Earth processes and mass movements,3.3 Mass movement hazards and impacts,3.3.3 Management of mass movement hazards: Emergency responses and recovery.,Geography,Cambridge Assessment International Education,Cambridge International AS & A Level,AS Level,Paper 1 Physical Geography,9696/1,90,60,50
3 Earth processes and mass movements,3.3 Mass movement hazards and impacts,3.3.3 Management of mass movement hazards: Emergency responses and recovery.,Geography,Cambridge Assessment International Education,Cambridge International AS & A Level,A Level,Paper 1 Physical Geography,9696/1,90,60,25
3 Earth processes and mass movements,3.3 Mass movement hazards and impacts,"3.3.3 Management of mass movement hazards: Detailed specific example of one recent mass movement event: prediction, causes, impacts on people and the environment and an evaluation of the success of strategies used to manage mass movement events in conditions similar to the event studied.",Geography,Cambridge Assessment International Education,Cambridge International AS & A Level,AS Level,Paper 1 Physical Geography,9696/1,90,60,50
3 Earth processes and mass movements,3.3 Mass movement hazards and impacts,"3.3.3 Management of mass movement hazards: Detailed specific example of one recent mass movement event: prediction, causes, impacts on people and the environment and an evaluation of the success of strategies used to manage mass movement events in conditions similar to the event studied.",Geography,Cambridge Assessment International Education,Cambridge International AS & A Level,A Level,Paper 1 Physical Geography,9696/1,90,60,25
4 Population and migration,4.1 Global population,4.1.1 Population distribution and population density: Current patterns of global population distribution.,Geography,Cambridge Assessment International Education,Cambridge International AS & A Level,AS Level,Paper 2 Human Geography,9696/2,90,60,50
4 Population and migration,4.1 Global population,4.1.1 Population distribution and population density: Current patterns of global population distribution.,Geography,Cambridge Assessment International Education,Cambridge International AS & A Level,A Level,Paper 2 Human Geography,9696/2,90,60,25
4 Population and migration,4.1 Global population,"4.1.1 Population distribution and population density: Factors (physical, environmental, social, economic, political, historical) influencing population density.",Geography,Cambridge Assessment International Education,Cambridge International AS & A Level,AS Level,Paper 2 Human Geography,9696/2,90,60,50
4 Population and migration,4.1 Global population,"4.1.1 Population distribution and population density: Factors (physical, environmental, social, economic, political, historical) influencing population density.",Geography,Cambridge Assessment International Education,Cambridge International AS & A Level,A Level,Paper 2 Human Geography,9696/2,90,60,25
4 Population and migration,4.1 Global population,"4.1.2 Trends in global population growth and regional variations: Factors (physical, environmental, social, economic, political, historical) affecting global population growth.",Geography,Cambridge Assessment International Education,Cambridge International AS & A Level,AS Level,Paper 2 Human Geography,9696/2,90,60,50
4 Population and migration,4.1 Global population,"4.1.2 Trends in global population growth and regional variations: Factors (physical, environmental, social, economic, political, historical) affecting global population growth.",Geography,Cambridge Assessment International Education,Cambridge International AS & A Level,A Level,Paper 2 Human Geography,9696/2,90,60,25
4 Population and migration,4.1 Global population,4.1.2 Trends in global population growth and regional variations: Current trends in global population growth.,Geography,Cambridge Assessment International Education,Cambridge International AS & A Level,AS Level,Paper 2 Human Geography,9696/2,90,60,50
4 Population and migration,4.1 Global population,4.1.2 Trends in global population growth and regional variations: Current trends in global population growth.,Geography,Cambridge Assessment International Education,Cambridge International AS & A Level,A Level,Paper 2 Human Geography,9696/2,90,60,25
4 Population and migration,4.1 Global population,"4.1.2 Trends in global population growth and regional variations: Factors (physical, environmental, social, economic, political, historical) influencing regional variations in population growth.",Geography,Cambridge Assessment International Education,Cambridge International AS & A Level,AS Level,Paper 2 Human Geography,9696/2,90,60,50
4 Population and migration,4.1 Global population,"4.1.2 Trends in global population growth and regional variations: Factors (physical, environmental, social, economic, political, historical) influencing regional variations in population growth.",Geography,Cambridge Assessment International Education,Cambridge International AS & A Level,A Level,Paper 2 Human Geography,9696/2,90,60,25
4 Population and migration,4.1 Global population,"4.1.3 Components of population change and their spatial variations: Natural increase and net migration: birth rate and death rate, total fertility rate (TFR), infant mortality rate (IMR), life expectancy.",Geography,Cambridge Assessment International Education,Cambridge International AS & A Level,AS Level,Paper 2 Human Geography,9696/2,90,60,50
4 Population and migration,4.1 Global population,"4.1.3 Components of population change and their spatial variations: Natural increase and net migration: birth rate and death rate, total fertility rate (TFR), infant mortality rate (IMR), life expectancy.",Geography,Cambridge Assessment International Education,Cambridge International AS & A Level,A Level,Paper 2 Human Geography,9696/2,90,60,25
4 Population and migration,4.1 Global population,"4.1.3 Components of population change and their spatial variations: Factors (social, economic, environmental, political) affecting levels of fertility and mortality.",Geography,Cambridge Assessment International Education,Cambridge International AS & A Level,AS Level,Paper 2 Human Geography,9696/2,90,60,50
4 Population and migration,4.1 Global population,"4.1.3 Components of population change and their spatial variations: Factors (social, economic, environmental, political) affecting levels of fertility and mortality.",Geography,Cambridge Assessment International Education,Cambridge International AS & A Level,A Level,Paper 2 Human Geography,9696/2,90,60,25
4 Population and migration,4.2 Population structure,"4.2.1 Population structures: Components of population structure (age, gender, dependency, dependency ratio).",Geography,Cambridge Assessment International Education,Cambridge International AS & A Level,AS Level,Paper 2 Human Geography,9696/2,90,60,50
4 Population and migration,4.2 Population structure,"4.2.1 Population structures: Components of population structure (age, gender, dependency, dependency ratio).",Geography,Cambridge Assessment International Education,Cambridge International AS & A Level,A Level,Paper 2 Human Geography,9696/2,90,60,25
4 Population and migration,4.2 Population structure,4.2.1 Population structures: Interpretation of different age/sex structure diagrams.,Geography,Cambridge Assessment International Education,Cambridge International AS & A Level,AS Level,Paper 2 Human Geography,9696/2,90,60,50
4 Population and migration,4.2 Population structure,4.2.1 Population structures: Interpretation of different age/sex structure diagrams.,Geography,Cambridge Assessment International Education,Cambridge International AS & A Level,A Level,Paper 2 Human Geography,9696/2,90,60,25
4 Population and migration,4.2 Population structure,4.2.2 Changes in population structures over time: Factors influencing population structure: natural increase and net migration.,Geography,Cambridge Assessment International Education,Cambridge International AS & A Level,AS Level,Paper 2 Human Geography,9696/2,90,60,50
4 Population and migration,4.2 Population structure,4.2.2 Changes in population structures over time: Factors influencing population structure: natural increase and net migration.,Geography,Cambridge Assessment International Education,Cambridge International AS & A Level,A Level,Paper 2 Human Geography,9696/2,90,60,25
4 Population and migration,4.2 Population structure,"4.2.2 Changes in population structures over time: Critical evaluation of the demographic transition model (DTM): purpose, limitations, usefulness when applied to a range of countries.",Geography,Cambridge Assessment International Education,Cambridge International AS & A Level,AS Level,Paper 2 Human Geography,9696/2,90,60,50
4 Population and migration,4.2 Population structure,"4.2.2 Changes in population structures over time: Critical evaluation of the demographic transition model (DTM): purpose, limitations, usefulness when applied to a range of countries.",Geography,Cambridge Assessment International Education,Cambridge International AS & A Level,A Level,Paper 2 Human Geography,9696/2,90,60,25
4 Population and migration,4.2 Population structure,"4.2.2 Changes in population structures over time: Youthful population structures and ageing population structures: environmental, social, economic, political impacts.",Geography,Cambridge Assessment International Education,Cambridge International AS & A Level,AS Level,Paper 2 Human Geography,9696/2,90,60,50
4 Population and migration,4.2 Population structure,"4.2.2 Changes in population structures over time: Youthful population structures and ageing population structures: environmental, social, economic, political impacts.",Geography,Cambridge Assessment International Education,Cambridge International AS & A Level,A Level,Paper 2 Human Geography,9696/2,90,60,25
4 Population and migration,4.2 Population structure,4.2.3 Government attempts to manage natural increase: Reasons why governments attempt to manage the consequences of natural increase.,Geography,Cambridge Assessment International Education,Cambridge International AS & A Level,AS Level,Paper 2 Human Geography,9696/2,90,60,50
4 Population and migration,4.2 Population structure,4.2.3 Government attempts to manage natural increase: Reasons why governments attempt to manage the consequences of natural increase.,Geography,Cambridge Assessment International Education,Cambridge International AS & A Level,A Level,Paper 2 Human Geography,9696/2,90,60,25
4 Population and migration,4.2 Population structure,4.2.3 Government attempts to manage natural increase: Examples of population policies in two contrasting countries.,Geography,Cambridge Assessment International Education,Cambridge International AS & A Level,AS Level,Paper 2 Human Geography,9696/2,90,60,50
4 Population and migration,4.2 Population structure,4.2.3 Government attempts to manage natural increase: Examples of population policies in two contrasting countries.,Geography,Cambridge Assessment International Education,Cambridge International AS & A Level,A Level,Paper 2 Human Geography,9696/2,90,60,25
4 Population and migration,4.2 Population structure,4.2.3 Government attempts to manage natural increase: Relative success of one country’s attempt to manage natural increase.,Geography,Cambridge Assessment International Education,Cambridge International AS & A Level,AS Level,Paper 2 Human Geography,9696/2,90,60,50
4 Population and migration,4.2 Population structure,4.2.3 Government attempts to manage natural increase: Relative success of one country’s attempt to manage natural increase.,Geography,Cambridge Assessment International Education,Cambridge International AS & A Level,A Level,Paper 2 Human Geography,9696/2,90,60,25
4 Population and migration,4.3 Migration,"4.3.1 International migration types: Voluntary: economic, social.",Geography,Cambridge Assessment International Education,Cambridge International AS & A Level,AS Level,Paper 2 Human Geography,9696/2,90,60,50
4 Population and migration,4.3 Migration,"4.3.1 International migration types: Voluntary: economic, social.",Geography,Cambridge Assessment International Education,Cambridge International AS & A Level,A Level,Paper 2 Human Geography,9696/2,90,60,25
4 Population and migration,4.3 Migration,4.3.1 International migration types: Non-voluntary (forced): asylum seekers and refugees.,Geography,Cambridge Assessment International Education,Cambridge International AS & A Level,AS Level,Paper 2 Human Geography,9696/2,90,60,50
4 Population and migration,4.3 Migration,4.3.1 International migration types: Non-voluntary (forced): asylum seekers and refugees.,Geography,Cambridge Assessment International Education,Cambridge International AS & A Level,A Level,Paper 2 Human Geography,9696/2,90,60,25
4 Population and migration,4.3 Migration,4.3.1 International migration types: Temporary and permanent.,Geography,Cambridge Assessment International Education,Cambridge International AS & A Level,AS Level,Paper 2 Human Geography,9696/2,90,60,50
4 Population and migration,4.3 Migration,4.3.1 International migration types: Temporary and permanent.,Geography,Cambridge Assessment International Education,Cambridge International AS & A Level,A Level,Paper 2 Human Geography,9696/2,90,60,25
4 Population and migration,4.3 Migration,"4.3.2 Causes of migration: Push and pull factors: environmental, economic, cultural, demographic, political.",Geography,Cambridge Assessment International Education,Cambridge International AS & A Level,AS Level,Paper 2 Human Geography,9696/2,90,60,50
4 Population and migration,4.3 Migration,"4.3.2 Causes of migration: Push and pull factors: environmental, economic, cultural, demographic, political.",Geography,Cambridge Assessment International Education,Cambridge International AS & A Level,A Level,Paper 2 Human Geography,9696/2,90,60,25
4 Population and migration,4.3 Migration,"4.3.2 Causes of migration: Constraints (obstacles and barriers) to migration: physical, environmental, social, economic, political.",Geography,Cambridge Assessment International Education,Cambridge International AS & A Level,AS Level,Paper 2 Human Geography,9696/2,90,60,50
4 Population and migration,4.3 Migration,"4.3.2 Causes of migration: Constraints (obstacles and barriers) to migration: physical, environmental, social, economic, political.",Geography,Cambridge Assessment International Education,Cambridge International AS & A Level,A Level,Paper 2 Human Geography,9696/2,90,60,25
4 Population and migration,4.3 Migration,"4.3.3 Impacts of migration: Positive and negative impacts (environmental, social, economic, political, demographic) on: source areas; receiving/destination areas; migrants.",Geography,Cambridge Assessment International Education,Cambridge International AS & A Level,AS Level,Paper 2 Human Geography,9696/2,90,60,50
4 Population and migration,4.3 Migration,"4.3.3 Impacts of migration: Positive and negative impacts (environmental, social, economic, political, demographic) on: source areas; receiving/destination areas; migrants.",Geography,Cambridge Assessment International Education,Cambridge International AS & A Level,A Level,Paper 2 Human Geography,9696/2,90,60,25
4 Population and migration,4.3 Migration,4.3.3 Impacts of migration: Factors influencing level of impact: source area characteristics; migrant characteristics; migration flow; receiving/destination area characteristics.,Geography,Cambridge Assessment International Education,Cambridge International AS & A Level,AS Level,Paper 2 Human Geography,9696/2,90,60,50
4 Population and migration,4.3 Migration,4.3.3 Impacts of migration: Factors influencing level of impact: source area characteristics; migrant characteristics; migration flow; receiving/destination area characteristics.,Geography,Cambridge Assessment International Education,Cambridge International AS & A Level,A Level,Paper 2 Human Geography,9696/2,90,60,25
4 Population and migration,4.3 Migration,"4.3.3 Impacts of migration: Detailed specific example of the impacts of international migration on one country: the causes, characteristics, scale, pattern and an evaluation of attempts at managing international migration.",Geography,Cambridge Assessment International Education,Cambridge International AS & A Level,AS Level,Paper 2 Human Geography,9696/2,90,60,50
4 Population and migration,4.3 Migration,"4.3.3 Impacts of migration: Detailed specific example of the impacts of international migration on one country: the causes, characteristics, scale, pattern and an evaluation of attempts at managing international migration.",Geography,Cambridge Assessment International Education,Cambridge International AS & A Level,A Level,Paper 2 Human Geography,9696/2,90,60,25
5 Water resources and management,5.1 Global water resources,"5.1.1 Patterns of water resources, spatial variation and changes over time: Types of water resources: rivers, lakes and reservoirs, oceans, underground water, ice sheets, precipitation, recycled.",Geography,Cambridge Assessment International Education,Cambridge International AS & A Level,AS Level,Paper 2 Human Geography,9696/2,90,60,50
5 Water resources and management,5.1 Global water resources,"5.1.1 Patterns of water resources, spatial variation and changes over time: Types of water resources: rivers, lakes and reservoirs, oceans, underground water, ice sheets, precipitation, recycled.",Geography,Cambridge Assessment International Education,Cambridge International AS & A Level,A Level,Paper 2 Human Geography,9696/2,90,60,25
5 Water resources and management,5.1 Global water resources,"5.1.1 Patterns of water resources, spatial variation and changes over time: Global pattern of water resources.",Geography,Cambridge Assessment International Education,Cambridge International AS & A Level,AS Level,Paper 2 Human Geography,9696/2,90,60,50
5 Water resources and management,5.1 Global water resources,"5.1.1 Patterns of water resources, spatial variation and changes over time: Global pattern of water resources.",Geography,Cambridge Assessment International Education,Cambridge International AS & A Level,A Level,Paper 2 Human Geography,9696/2,90,60,25
5 Water resources and management,5.1 Global water resources,"5.1.2 The human water cycle: Capture, management, use, disposal, reuse of water.",Geography,Cambridge Assessment International Education,Cambridge International AS & A Level,AS Level,Paper 2 Human Geography,9696/2,90,60,50
5 Water resources and management,5.1 Global water resources,"5.1.2 The human water cycle: Capture, management, use, disposal, reuse of water.",Geography,Cambridge Assessment International Education,Cambridge International AS & A Level,A Level,Paper 2 Human Geography,9696/2,90,60,25
5 Water resources and management,5.1 Global water resources,"5.1.2 The human water cycle: Modification to the water cycle: agriculture, deforestation and afforestation, urbanisation, industrialisation, water abstraction, flood management.",Geography,Cambridge Assessment International Education,Cambridge International AS & A Level,AS Level,Paper 2 Human Geography,9696/2,90,60,50
5 Water resources and management,5.1 Global water resources,"5.1.2 The human water cycle: Modification to the water cycle: agriculture, deforestation and afforestation, urbanisation, industrialisation, water abstraction, flood management.",Geography,Cambridge Assessment International Education,Cambridge International AS & A Level,A Level,Paper 2 Human Geography,9696/2,90,60,25
5 Water resources and management,5.1 Global water resources,5.1.3 Trends in water consumption: Water stress and water scarcity (physical and economic).,Geography,Cambridge Assessment International Education,Cambridge International AS & A Level,AS Level,Paper 2 Human Geography,9696/2,90,60,50
5 Water resources and management,5.1 Global water resources,5.1.3 Trends in water consumption: Water stress and water scarcity (physical and economic).,Geography,Cambridge Assessment International Education,Cambridge International AS & A Level,A Level,Paper 2 Human Geography,9696/2,90,60,25
5 Water resources and management,5.1 Global water resources,5.1.3 Trends in water consumption: Water consumption linked to economic development.,Geography,Cambridge Assessment International Education,Cambridge International AS & A Level,AS Level,Paper 2 Human Geography,9696/2,90,60,50
5 Water resources and management,5.1 Global water resources,5.1.3 Trends in water consumption: Water consumption linked to economic development.,Geography,Cambridge Assessment International Education,Cambridge International AS & A Level,A Level,Paper 2 Human Geography,9696/2,90,60,25
5 Water resources and management,5.1 Global water resources,"5.1.3 Trends in water consumption: Changing demands for water from human activities: agriculture, domestic use, different industrial sectors.",Geography,Cambridge Assessment International Education,Cambridge International AS & A Level,AS Level,Paper 2 Human Geography,9696/2,90,60,50
5 Water resources and management,5.1 Global water resources,"5.1.3 Trends in water consumption: Changing demands for water from human activities: agriculture, domestic use, different industrial sectors.",Geography,Cambridge Assessment International Education,Cambridge International AS & A Level,A Level,Paper 2 Human Geography,9696/2,90,60,25
5 Water resources and management,5.2 Factors influencing water resources at the regional/national scale,"5.2.1 Factors that influence the supply of water (volume and quality): Physical factors affecting water resources: climate, geology, drainage patterns, relief.",Geography,Cambridge Assessment International Education,Cambridge International AS & A Level,AS Level,Paper 2 Human Geography,9696/2,90,60,50
5 Water resources and management,5.2 Factors influencing water resources at the regional/national scale,"5.2.1 Factors that influence the supply of water (volume and quality): Physical factors affecting water resources: climate, geology, drainage patterns, relief.",Geography,Cambridge Assessment International Education,Cambridge International AS & A Level,A Level,Paper 2 Human Geography,9696/2,90,60,25
5 Water resources and management,5.2 Factors influencing water resources at the regional/national scale,"5.2.1 Factors that influence the supply of water (volume and quality): Human factors affecting water resources: storage and water transfers, water abstraction, salt removal (desalination), water treatment and recycling, type of infrastructure.",Geography,Cambridge Assessment International Education,Cambridge International AS & A Level,AS Level,Paper 2 Human Geography,9696/2,90,60,50
5 Water resources and management,5.2 Factors influencing water resources at the regional/national scale,"5.2.1 Factors that influence the supply of water (volume and quality): Human factors affecting water resources: storage and water transfers, water abstraction, salt removal (desalination), water treatment and recycling, type of infrastructure.",Geography,Cambridge Assessment International Education,Cambridge International AS & A Level,A Level,Paper 2 Human Geography,9696/2,90,60,25
5 Water resources and management,5.2 Factors influencing water resources at the regional/national scale,5.2.2 Factors that influence the demand for water: Population characteristics: number and income characteristics.,Geography,Cambridge Assessment International Education,Cambridge International AS & A Level,AS Level,Paper 2 Human Geography,9696/2,90,60,50
5 Water resources and management,5.2 Factors influencing water resources at the regional/national scale,5.2.2 Factors that influence the demand for water: Population characteristics: number and income characteristics.,Geography,Cambridge Assessment International Education,Cambridge International AS & A Level,A Level,Paper 2 Human Geography,9696/2,90,60,25
5 Water resources and management,5.2 Factors influencing water resources at the regional/national scale,"5.2.2 Factors that influence the demand for water: Economic structure: type of manufacturing industry, agriculture, recreation and tourism.",Geography,Cambridge Assessment International Education,Cambridge International AS & A Level,AS Level,Paper 2 Human Geography,9696/2,90,60,50
5 Water resources and management,5.2 Factors influencing water resources at the regional/national scale,"5.2.2 Factors that influence the demand for water: Economic structure: type of manufacturing industry, agriculture, recreation and tourism.",Geography,Cambridge Assessment International Education,Cambridge International AS & A Level,A Level,Paper 2 Human Geography,9696/2,90,60,25
5 Water resources and management,5.2 Factors influencing water resources at the regional/national scale,5.2.2 Factors that influence the demand for water: Seasonal demand.,Geography,Cambridge Assessment International Education,Cambridge International AS & A Level,AS Level,Paper 2 Human Geography,9696/2,90,60,50
5 Water resources and management,5.2 Factors influencing water resources at the regional/national scale,5.2.2 Factors that influence the demand for water: Seasonal demand.,Geography,Cambridge Assessment International Education,Cambridge International AS & A Level,A Level,Paper 2 Human Geography,9696/2,90,60,25
5 Water resources and management,5.2 Factors influencing water resources at the regional/national scale,5.2.3 Water security: The concept of water security.,Geography,Cambridge Assessment International Education,Cambridge International AS & A Level,AS Level,Paper 2 Human Geography,9696/2,90,60,50
5 Water resources and management,5.2 Factors influencing water resources at the regional/national scale,5.2.3 Water security: The concept of water security.,Geography,Cambridge Assessment International Education,Cambridge International AS & A Level,A Level,Paper 2 Human Geography,9696/2,90,60,25
5 Water resources and management,5.2 Factors influencing water resources at the regional/national scale,5.2.3 Water security: Global pattern of water security and water insecurity.,Geography,Cambridge Assessment International Education,Cambridge International AS & A Level,AS Level,Paper 2 Human Geography,9696/2,90,60,50
5 Water resources and management,5.2 Factors influencing water resources at the regional/national scale,5.2.3 Water security: Global pattern of water security and water insecurity.,Geography,Cambridge Assessment International Education,Cambridge International AS & A Level,A Level,Paper 2 Human Geography,9696/2,90,60,25
5 Water resources and management,5.2 Factors influencing water resources at the regional/national scale,5.2.3 Water security: Physical factors and human factors that contribute to water insecurity.,Geography,Cambridge Assessment International Education,Cambridge International AS & A Level,AS Level,Paper 2 Human Geography,9696/2,90,60,50
5 Water resources and management,5.2 Factors influencing water resources at the regional/national scale,5.2.3 Water security: Physical factors and human factors that contribute to water insecurity.,Geography,Cambridge Assessment International Education,Cambridge International AS & A Level,A Level,Paper 2 Human Geography,9696/2,90,60,25
5 Water resources and management,5.2 Factors influencing water resources at the regional/national scale,"5.2.3 Water security: Water access issues: poverty, pollution, infrastructure.",Geography,Cambridge Assessment International Education,Cambridge International AS & A Level,AS Level,Paper 2 Human Geography,9696/2,90,60,50
5 Water resources and management,5.2 Factors influencing water resources at the regional/national scale,"5.2.3 Water security: Water access issues: poverty, pollution, infrastructure.",Geography,Cambridge Assessment International Education,Cambridge International AS & A Level,A Level,Paper 2 Human Geography,9696/2,90,60,25
5 Water resources and management,5.2 Factors influencing water resources at the regional/national scale,5.2.3 Water security: Impact of water insecurity and drought on people and the environment.,Geography,Cambridge Assessment International Education,Cambridge International AS & A Level,AS Level,Paper 2 Human Geography,9696/2,90,60,50
5 Water resources and management,5.2 Factors influencing water resources at the regional/national scale,5.2.3 Water security: Impact of water insecurity and drought on people and the environment.,Geography,Cambridge Assessment International Education,Cambridge International AS & A Level,A Level,Paper 2 Human Geography,9696/2,90,60,25
5 Water resources and management,5.3 Management of water resources at the regional/national scale,"5.3.1 Strategies to increase water resources and access to water: Relative success of strategies: dams and reservoirs, multipurpose river schemes, water transfers, salt removal (desalination), rainwater harvesting, use of grey water, technological solutions for areas without piped and clean water supplies.",Geography,Cambridge Assessment International Education,Cambridge International AS & A Level,AS Level,Paper 2 Human Geography,9696/2,90,60,50
5 Water resources and management,5.3 Management of water resources at the regional/national scale,"5.3.1 Strategies to increase water resources and access to water: Relative success of strategies: dams and reservoirs, multipurpose river schemes, water transfers, salt removal (desalination), rainwater harvesting, use of grey water, technological solutions for areas without piped and clean water supplies.",Geography,Cambridge Assessment International Education,Cambridge International AS & A Level,A Level,Paper 2 Human Geography,9696/2,90,60,25
5 Water resources and management,5.3 Management of water resources at the regional/national scale,"5.3.2 Strategies to manage demand for water: Relative success of strategies: increasing the price, rationing, technology to reduce amount needed, publicity/education on water conservation.",Geography,Cambridge Assessment International Education,Cambridge International AS & A Level,AS Level,Paper 2 Human Geography,9696/2,90,60,50
5 Water resources and management,5.3 Management of water resources at the regional/national scale,"5.3.2 Strategies to manage demand for water: Relative success of strategies: increasing the price, rationing, technology to reduce amount needed, publicity/education on water conservation.",Geography,Cambridge Assessment International Education,Cambridge International AS & A Level,A Level,Paper 2 Human Geography,9696/2,90,60,25
5 Water resources and management,5.3 Management of water resources at the regional/national scale,"5.3.3 Management of water resources: Variability in water resources (volume and quality) and impacts: environmental, social, economic, political.",Geography,Cambridge Assessment International Education,Cambridge International AS & A Level,AS Level,Paper 2 Human Geography,9696/2,90,60,50
5 Water resources and management,5.3 Management of water resources at the regional/national scale,"5.3.3 Management of water resources: Variability in water resources (volume and quality) and impacts: environmental, social, economic, political.",Geography,Cambridge Assessment International Education,Cambridge International AS & A Level,A Level,Paper 2 Human Geography,9696/2,90,60,25
5 Water resources and management,5.3 Management of water resources at the regional/national scale,"5.3.3 Management of water resources: Challenges of managing water resources: rates of abstraction, saltwater intrusion, water conflicts, transboundary issues, water pollution, ground subsidence.",Geography,Cambridge Assessment International Education,Cambridge International AS & A Level,AS Level,Paper 2 Human Geography,9696/2,90,60,50
5 Water resources and management,5.3 Management of water resources at the regional/national scale,"5.3.3 Management of water resources: Challenges of managing water resources: rates of abstraction, saltwater intrusion, water conflicts, transboundary issues, water pollution, ground subsidence.",Geography,Cambridge Assessment International Education,Cambridge International AS & A Level,A Level,Paper 2 Human Geography,9696/2,90,60,25
5 Water resources and management,5.3 Management of water resources at the regional/national scale,"5.3.3 Management of water resources: Detailed specific example from one country: the challenges in managing water resources, the strategies used and evaluation of the relative success of these strategies.",Geography,Cambridge Assessment International Education,Cambridge International AS & A Level,AS Level,Paper 2 Human Geography,9696/2,90,60,50
5 Water resources and management,5.3 Management of water resources at the regional/national scale,"5.3.3 Management of water resources: Detailed specific example from one country: the challenges in managing water resources, the strategies used and evaluation of the relative success of these strategies.",Geography,Cambridge Assessment International Education,Cambridge International AS & A Level,A Level,Paper 2 Human Geography,9696/2,90,60,25
6 Urban areas and management,6.1 Urban growth,6.1.1 Processes of urban growth: Growth in population and area: globally and at city level.,Geography,Cambridge Assessment International Education,Cambridge International AS & A Level,AS Level,Paper 2 Human Geography,9696/2,90,60,50
6 Urban areas and management,6.1 Urban growth,6.1.1 Processes of urban growth: Growth in population and area: globally and at city level.,Geography,Cambridge Assessment International Education,Cambridge International AS & A Level,A Level,Paper 2 Human Geography,9696/2,90,60,25
6 Urban areas and management,6.1 Urban growth,"6.1.1 Processes of urban growth: Cities experiencing different types of urban growth: urbanisation, suburbanisation, urban sprawl, counter-urbanisation, re-urbanisation, urban renewal and regeneration.",Geography,Cambridge Assessment International Education,Cambridge International AS & A Level,AS Level,Paper 2 Human Geography,9696/2,90,60,50
6 Urban areas and management,6.1 Urban growth,"6.1.1 Processes of urban growth: Cities experiencing different types of urban growth: urbanisation, suburbanisation, urban sprawl, counter-urbanisation, re-urbanisation, urban renewal and regeneration.",Geography,Cambridge Assessment International Education,Cambridge International AS & A Level,A Level,Paper 2 Human Geography,9696/2,90,60,25
6 Urban areas and management,6.1 Urban growth,"6.1.2 Causes and consequences of urban growth for urban areas and rural areas: Causes of urban growth: social, economic, political, historical.",Geography,Cambridge Assessment International Education,Cambridge International AS & A Level,AS Level,Paper 2 Human Geography,9696/2,90,60,50
6 Urban areas and management,6.1 Urban growth,"6.1.2 Causes and consequences of urban growth for urban areas and rural areas: Causes of urban growth: social, economic, political, historical.",Geography,Cambridge Assessment International Education,Cambridge International AS & A Level,A Level,Paper 2 Human Geography,9696/2,90,60,25
6 Urban areas and management,6.1 Urban growth,"6.1.2 Causes and consequences of urban growth for urban areas and rural areas: Consequences of urban growth for urban areas and rural areas (environmental, social, economic, political).",Geography,Cambridge Assessment International Education,Cambridge International AS & A Level,AS Level,Paper 2 Human Geography,9696/2,90,60,50
6 Urban areas and management,6.1 Urban growth,"6.1.2 Causes and consequences of urban growth for urban areas and rural areas: Consequences of urban growth for urban areas and rural areas (environmental, social, economic, political).",Geography,Cambridge Assessment International Education,Cambridge International AS & A Level,A Level,Paper 2 Human Geography,9696/2,90,60,25
6 Urban areas and management,6.1 Urban growth,6.1.3 Urban growth and a hierarchy of urban areas: The concept of a hierarchy of urban areas in a country.,Geography,Cambridge Assessment International Education,Cambridge International AS & A Level,AS Level,Paper 2 Human Geography,9696/2,90,60,50
6 Urban areas and management,6.1 Urban growth,6.1.3 Urban growth and a hierarchy of urban areas: The concept of a hierarchy of urban areas in a country.,Geography,Cambridge Assessment International Education,Cambridge International AS & A Level,A Level,Paper 2 Human Geography,9696/2,90,60,25
6 Urban areas and management,6.1 Urban growth,6.1.3 Urban growth and a hierarchy of urban areas: Primate cities: causes and consequences for countries.,Geography,Cambridge Assessment International Education,Cambridge International AS & A Level,AS Level,Paper 2 Human Geography,9696/2,90,60,50
6 Urban areas and management,6.1 Urban growth,6.1.3 Urban growth and a hierarchy of urban areas: Primate cities: causes and consequences for countries.,Geography,Cambridge Assessment International Education,Cambridge International AS & A Level,A Level,Paper 2 Human Geography,9696/2,90,60,25
6 Urban areas and management,6.1 Urban growth,6.1.3 Urban growth and a hierarchy of urban areas: World cities: categories and causes.,Geography,Cambridge Assessment International Education,Cambridge International AS & A Level,AS Level,Paper 2 Human Geography,9696/2,90,60,50
6 Urban areas and management,6.1 Urban growth,6.1.3 Urban growth and a hierarchy of urban areas: World cities: categories and causes.,Geography,Cambridge Assessment International Education,Cambridge International AS & A Level,A Level,Paper 2 Human Geography,9696/2,90,60,25
6 Urban areas and management,6.2 Urban structure and change,6.2.1 Factors which influence the structure and characteristics of urban areas: Horizontal versus vertical urban structures and urban land-use zones.,Geography,Cambridge Assessment International Education,Cambridge International AS & A Level,AS Level,Paper 2 Human Geography,9696/2,90,60,50
6 Urban areas and management,6.2 Urban structure and change,6.2.1 Factors which influence the structure and characteristics of urban areas: Horizontal versus vertical urban structures and urban land-use zones.,Geography,Cambridge Assessment International Education,Cambridge International AS & A Level,A Level,Paper 2 Human Geography,9696/2,90,60,25
6 Urban areas and management,6.2 Urban structure and change,"6.2.1 Factors which influence the structure and characteristics of urban areas: The role of factors (physical, social, economic, political, historical) in creating distinct structures and patterns of land use.",Geography,Cambridge Assessment International Education,Cambridge International AS & A Level,AS Level,Paper 2 Human Geography,9696/2,90,60,50
6 Urban areas and management,6.2 Urban structure and change,"6.2.1 Factors which influence the structure and characteristics of urban areas: The role of factors (physical, social, economic, political, historical) in creating distinct structures and patterns of land use.",Geography,Cambridge Assessment International Education,Cambridge International AS & A Level,A Level,Paper 2 Human Geography,9696/2,90,60,25
6 Urban areas and management,6.2 Urban structure and change,6.2.1 Factors which influence the structure and characteristics of urban areas: The concept of place identity and perception of place.,Geography,Cambridge Assessment International Education,Cambridge International AS & A Level,AS Level,Paper 2 Human Geography,9696/2,90,60,50
6 Urban areas and management,6.2 Urban structure and change,6.2.1 Factors which influence the structure and characteristics of urban areas: The concept of place identity and perception of place.,Geography,Cambridge Assessment International Education,Cambridge International AS & A Level,A Level,Paper 2 Human Geography,9696/2,90,60,25
6 Urban areas and management,6.2 Urban structure and change,"6.2.2 The changing location of urban activities: Factors (population change, cost of land, transport provision, competition for space, investment, local and national planning) causing changes in the characteristics and location of: central business district (CBD), retail, manufacturing, services, residential activities.",Geography,Cambridge Assessment International Education,Cambridge International AS & A Level,AS Level,Paper 2 Human Geography,9696/2,90,60,50
6 Urban areas and management,6.2 Urban structure and change,"6.2.2 The changing location of urban activities: Factors (population change, cost of land, transport provision, competition for space, investment, local and national planning) causing changes in the characteristics and location of: central business district (CBD), retail, manufacturing, services, residential activities.",Geography,Cambridge Assessment International Education,Cambridge International AS & A Level,A Level,Paper 2 Human Geography,9696/2,90,60,25
6 Urban areas and management,6.2 Urban structure and change,"6.2.2 The changing location of urban activities: Rate of change may vary in different cities depending on the location, economic classification and influences on change.",Geography,Cambridge Assessment International Education,Cambridge International AS & A Level,AS Level,Paper 2 Human Geography,9696/2,90,60,50
6 Urban areas and management,6.2 Urban structure and change,"6.2.2 The changing location of urban activities: Rate of change may vary in different cities depending on the location, economic classification and influences on change.",Geography,Cambridge Assessment International Education,Cambridge International AS & A Level,A Level,Paper 2 Human Geography,9696/2,90,60,25
6 Urban areas and management,6.2 Urban structure and change,6.2.3 Zonation of residential areas: Characteristics of different residential areas.,Geography,Cambridge Assessment International Education,Cambridge International AS & A Level,AS Level,Paper 2 Human Geography,9696/2,90,60,50
6 Urban areas and management,6.2 Urban structure and change,6.2.3 Zonation of residential areas: Characteristics of different residential areas.,Geography,Cambridge Assessment International Education,Cambridge International AS & A Level,A Level,Paper 2 Human Geography,9696/2,90,60,25
6 Urban areas and management,6.2 Urban structure and change,"6.2.3 Zonation of residential areas: Causes of residential zonation: income, supply of housing, ethnicity, planning, cultural and historical factors.",Geography,Cambridge Assessment International Education,Cambridge International AS & A Level,AS Level,Paper 2 Human Geography,9696/2,90,60,50
6 Urban areas and management,6.2 Urban structure and change,"6.2.3 Zonation of residential areas: Causes of residential zonation: income, supply of housing, ethnicity, planning, cultural and historical factors.",Geography,Cambridge Assessment International Education,Cambridge International AS & A Level,A Level,Paper 2 Human Geography,9696/2,90,60,25
6 Urban areas and management,6.3 Sustainable urban development,6.3.1 Challenges of sustainability in urban development: The concept of sustainability.,Geography,Cambridge Assessment International Education,Cambridge International AS & A Level,AS Level,Paper 2 Human Geography,9696/2,90,60,50
6 Urban areas and management,6.3 Sustainable urban development,6.3.1 Challenges of sustainability in urban development: The concept of sustainability.,Geography,Cambridge Assessment International Education,Cambridge International AS & A Level,A Level,Paper 2 Human Geography,9696/2,90,60,25
6 Urban areas and management,6.3 Sustainable urban development,6.3.1 Challenges of sustainability in urban development: Difficulties in measuring sustainability.,Geography,Cambridge Assessment International Education,Cambridge International AS & A Level,AS Level,Paper 2 Human Geography,9696/2,90,60,50
6 Urban areas and management,6.3 Sustainable urban development,6.3.1 Challenges of sustainability in urban development: Difficulties in measuring sustainability.,Geography,Cambridge Assessment International Education,Cambridge International AS & A Level,A Level,Paper 2 Human Geography,9696/2,90,60,25
6 Urban areas and management,6.3 Sustainable urban development,"6.3.1 Challenges of sustainability in urban development: Balance between environmental, social, economic and political priorities and the view of different groups of people (residents, landowners, local business owners, community groups, local and national government).",Geography,Cambridge Assessment International Education,Cambridge International AS & A Level,AS Level,Paper 2 Human Geography,9696/2,90,60,50
6 Urban areas and management,6.3 Sustainable urban development,"6.3.1 Challenges of sustainability in urban development: Balance between environmental, social, economic and political priorities and the view of different groups of people (residents, landowners, local business owners, community groups, local and national government).",Geography,Cambridge Assessment International Education,Cambridge International AS & A Level,A Level,Paper 2 Human Geography,9696/2,90,60,25
6 Urban areas and management,6.3 Sustainable urban development,"6.3.2 Sustainability issues in urban areas: Solid waste disposal, transport (public and private) and quality and density of housing.",Geography,Cambridge Assessment International Education,Cambridge International AS & A Level,AS Level,Paper 2 Human Geography,9696/2,90,60,50
6 Urban areas and management,6.3 Sustainable urban development,"6.3.2 Sustainability issues in urban areas: Solid waste disposal, transport (public and private) and quality and density of housing.",Geography,Cambridge Assessment International Education,Cambridge International AS & A Level,A Level,Paper 2 Human Geography,9696/2,90,60,25
6 Urban areas and management,6.3 Sustainable urban development,6.3.2 Sustainability issues in urban areas: Role of green space and water features.,Geography,Cambridge Assessment International Education,Cambridge International AS & A Level,AS Level,Paper 2 Human Geography,9696/2,90,60,50
6 Urban areas and management,6.3 Sustainable urban development,6.3.2 Sustainability issues in urban areas: Role of green space and water features.,Geography,Cambridge Assessment International Education,Cambridge International AS & A Level,A Level,Paper 2 Human Geography,9696/2,90,60,25
6 Urban areas and management,6.3 Sustainable urban development,"6.3.3 Strategies for the sustainable management of urban areas: Strategies for reducing the issues of solid waste disposal, pollution, transport and housing.",Geography,Cambridge Assessment International Education,Cambridge International AS & A Level,AS Level,Paper 2 Human Geography,9696/2,90,60,50
6 Urban areas and management,6.3 Sustainable urban development,"6.3.3 Strategies for the sustainable management of urban areas: Strategies for reducing the issues of solid waste disposal, pollution, transport and housing.",Geography,Cambridge Assessment International Education,Cambridge International AS & A Level,A Level,Paper 2 Human Geography,9696/2,90,60,25
6 Urban areas and management,6.3 Sustainable urban development,6.3.3 Strategies for the sustainable management of urban areas: Constraints on and incentives to successful management of urban areas.,Geography,Cambridge Assessment International Education,Cambridge International AS & A Level,AS Level,Paper 2 Human Geography,9696/2,90,60,50
6 Urban areas and management,6.3 Sustainable urban development,6.3.3 Strategies for the sustainable management of urban areas: Constraints on and incentives to successful management of urban areas.,Geography,Cambridge Assessment International Education,Cambridge International AS & A Level,A Level,Paper 2 Human Geography,9696/2,90,60,25
6 Urban areas and management,6.3 Sustainable urban development,"6.3.3 Strategies for the sustainable management of urban areas: Detailed specific example from one urban area: the challenges in sustainable management, the strategy or scheme used, and evaluation of the relative success of the strategy or scheme.",Geography,Cambridge Assessment International Education,Cambridge International AS & A Level,AS Level,Paper 2 Human Geography,9696/2,90,60,50
6 Urban areas and management,6.3 Sustainable urban development,"6.3.3 Strategies for the sustainable management of urban areas: Detailed specific example from one urban area: the challenges in sustainable management, the strategy or scheme used, and evaluation of the relative success of the strategy or scheme.",Geography,Cambridge Assessment International Education,Cambridge International AS & A Level,A Level,Paper 2 Human Geography,9696/2,90,60,25
7 Tropical environments,7.1 Tropical climates,7.1.1 Global distribution of humid tropical (rainforest) and seasonally humid tropical (savanna) environments,Geography,Cambridge Assessment International Education,Cambridge International AS & A Level,A Level,Paper 3 Global Environments,9696/3,90,60,25
7 Tropical environments,7.1 Tropical climates,7.1.2 Climatic characteristics of humid tropical (rainforest) and seasonally humid tropical (savanna) environments including monsoons: Key features of temperature and precipitation.,Geography,Cambridge Assessment International Education,Cambridge International AS & A Level,A Level,Paper 3 Global Environments,9696/3,90,60,25
7 Tropical environments,7.1 Tropical climates,7.1.2 Climatic characteristics of humid tropical (rainforest) and seasonally humid tropical (savanna) environments including monsoons: Annual variations and diurnal variations in temperature and precipitation.,Geography,Cambridge Assessment International Education,Cambridge International AS & A Level,A Level,Paper 3 Global Environments,9696/3,90,60,25
7 Tropical environments,7.1 Tropical climates,"7.1.3 Reasons for the global distribution and climatic characteristics of humid tropical (rainforest) and seasonally humid tropical (savanna) environments: Roles of the intertropical convergence zone (ITCZ), subtropical anticyclones, and seasonal monsoons.",Geography,Cambridge Assessment International Education,Cambridge International AS & A Level,A Level,Paper 3 Global Environments,9696/3,90,60,25
7 Tropical environments,7.1 Tropical climates,7.1.3 Reasons for the global distribution and climatic characteristics of humid tropical (rainforest) and seasonally humid tropical (savanna) environments: Influence of El Niño Southern Oscillation (ENSO).,Geography,Cambridge Assessment International Education,Cambridge International AS & A Level,A Level,Paper 3 Global Environments,9696/3,90,60,25
7 Tropical environments,7.2 Processes and landforms in tropical environments,"7.2.1 Weathering processes and their significance in forming and shaping landforms: Chemical weathering processes: hydrolysis, carbonation.",Geography,Cambridge Assessment International Education,Cambridge International AS & A Level,A Level,Paper 3 Global Environments,9696/3,90,60,25
7 Tropical environments,7.2 Processes and landforms in tropical environments,"7.2.1 Weathering processes and their significance in forming and shaping landforms: Physical (mechanical) weathering processes: pressure release (dilatation), salt crystal growth.",Geography,Cambridge Assessment International Education,Cambridge International AS & A Level,A Level,Paper 3 Global Environments,9696/3,90,60,25
7 Tropical environments,7.2 Processes and landforms in tropical environments,"7.2.1 Weathering processes and their significance in forming and shaping landforms: Biological weathering: chelation, vegetation root growth.",Geography,Cambridge Assessment International Education,Cambridge International AS & A Level,A Level,Paper 3 Global Environments,9696/3,90,60,25
7 Tropical environments,7.2 Processes and landforms in tropical environments,"7.2.2 Granite landforms: bornhardts (dwala, ruware), kopjes (koppies), tors: Characteristics and formation: the role of weathering, climate, rock structure.",Geography,Cambridge Assessment International Education,Cambridge International AS & A Level,A Level,Paper 3 Global Environments,9696/3,90,60,25
7 Tropical environments,7.2 Processes and landforms in tropical environments,"7.2.3 Limestone landforms: tropical karst – cone karst, tower karst, cockpit karst: Distribution, characteristics and formation: the role of weathering, climate, rock structure.",Geography,Cambridge Assessment International Education,Cambridge International AS & A Level,A Level,Paper 3 Global Environments,9696/3,90,60,25
7 Tropical environments,"7.3 Vegetation, soils and ecosystems in tropical environments","7.3.1 Vegetation characteristics of rainforest ecosystems and savanna ecosystems: Development of plant communities: climatic climax, subclimax and plagioclimax.",Geography,Cambridge Assessment International Education,Cambridge International AS & A Level,A Level,Paper 3 Global Environments,9696/3,90,60,25
7 Tropical environments,"7.3 Vegetation, soils and ecosystems in tropical environments",7.3.1 Vegetation characteristics of rainforest ecosystems and savanna ecosystems: Impact of climate and human activities.,Geography,Cambridge Assessment International Education,Cambridge International AS & A Level,A Level,Paper 3 Global Environments,9696/3,90,60,25
7 Tropical environments,"7.3 Vegetation, soils and ecosystems in tropical environments",7.3.2 Soils in rainforests and savannas: Distinctive soil forming processes.,Geography,Cambridge Assessment International Education,Cambridge International AS & A Level,A Level,Paper 3 Global Environments,9696/3,90,60,25
7 Tropical environments,"7.3 Vegetation, soils and ecosystems in tropical environments","7.3.2 Soils in rainforests and savannas: Soil types and profile characteristics: oxisols/latosols, tropical red and brown earths.",Geography,Cambridge Assessment International Education,Cambridge International AS & A Level,A Level,Paper 3 Global Environments,9696/3,90,60,25
7 Tropical environments,"7.3 Vegetation, soils and ecosystems in tropical environments","7.3.2 Soils in rainforests and savannas: Impact of climate, vegetation and human activities.",Geography,Cambridge Assessment International Education,Cambridge International AS & A Level,A Level,Paper 3 Global Environments,9696/3,90,60,25
7 Tropical environments,"7.3 Vegetation, soils and ecosystems in tropical environments","7.3.3 Nutrient cycling in rainforests and savannas: Gersmehl diagrams, soil fertility, energy flows and trophic levels.",Geography,Cambridge Assessment International Education,Cambridge International AS & A Level,A Level,Paper 3 Global Environments,9696/3,90,60,25
7 Tropical environments,"7.3 Vegetation, soils and ecosystems in tropical environments","7.3.3 Nutrient cycling in rainforests and savannas: Impact of climate, vegetation and human activities (burning, clearing and deforestation).",Geography,Cambridge Assessment International Education,Cambridge International AS & A Level,A Level,Paper 3 Global Environments,9696/3,90,60,25
7 Tropical environments,7.4 Changes and challenges in tropical environments,7.4.1 Changes and challenges and their impacts on tropical environments: Increase in population pressure and changes in land use.,Geography,Cambridge Assessment International Education,Cambridge International AS & A Level,A Level,Paper 3 Global Environments,9696/3,90,60,25
7 Tropical environments,7.4 Changes and challenges in tropical environments,"7.4.1 Changes and challenges and their impacts on tropical environments: Threats from exploitation: large-scale monoculture, logging, mining.",Geography,Cambridge Assessment International Education,Cambridge International AS & A Level,A Level,Paper 3 Global Environments,9696/3,90,60,25
7 Tropical environments,7.4 Changes and challenges in tropical environments,"7.4.1 Changes and challenges and their impacts on tropical environments: Challenges associated with climate change: changes in temperature and precipitation, increase in wildfires.",Geography,Cambridge Assessment International Education,Cambridge International AS & A Level,A Level,Paper 3 Global Environments,9696/3,90,60,25
7 Tropical environments,7.4 Changes and challenges in tropical environments,7.4.2 Detailed specific example of one tropical ecosystem (either the rainforest ecosystem or the savanna ecosystem): Issues affecting the ecosystem.,Geography,Cambridge Assessment International Education,Cambridge International AS & A Level,A Level,Paper 3 Global Environments,9696/3,90,60,25
7 Tropical environments,7.4 Changes and challenges in tropical environments,7.4.2 Detailed specific example of one tropical ecosystem (either the rainforest ecosystem or the savanna ecosystem): Management strategies.,Geography,Cambridge Assessment International Education,Cambridge International AS & A Level,A Level,Paper 3 Global Environments,9696/3,90,60,25
7 Tropical environments,7.4 Changes and challenges in tropical environments,7.4.2 Detailed specific example of one tropical ecosystem (either the rainforest ecosystem or the savanna ecosystem): Evaluation of the success of these management strategies.,Geography,Cambridge Assessment International Education,Cambridge International AS & A Level,A Level,Paper 3 Global Environments,9696/3,90,60,25
8 Coastal environments,8.1 Coastal processes,"8.1.1 Factors influencing coastal environments: Wave generation and wave characteristics: fetch, high and low energy waves, wave refraction, breaking waves, swash and backwash.",Geography,Cambridge Assessment International Education,Cambridge International AS & A Level,A Level,Paper 3 Global Environments,9696/3,90,60,25
8 Coastal environments,8.1 Coastal processes,8.1.1 Factors influencing coastal environments: Rock type and structure.,Geography,Cambridge Assessment International Education,Cambridge International AS & A Level,A Level,Paper 3 Global Environments,9696/3,90,60,25
8 Coastal environments,8.1 Coastal processes,8.1.1 Factors influencing coastal environments: Climate.,Geography,Cambridge Assessment International Education,Cambridge International AS & A Level,A Level,Paper 3 Global Environments,9696/3,90,60,25
8 Coastal environments,8.1 Coastal processes,8.1.1 Factors influencing coastal environments: Human activities.,Geography,Cambridge Assessment International Education,Cambridge International AS & A Level,A Level,Paper 3 Global Environments,9696/3,90,60,25
8 Coastal environments,8.1 Coastal processes,"8.1.2 Marine erosion processes: Hydraulic action, cavitation, corrasion, abrasion, attrition.",Geography,Cambridge Assessment International Education,Cambridge International AS & A Level,A Level,Paper 3 Global Environments,9696/3,90,60,25
8 Coastal environments,8.1 Coastal processes,"8.1.3 Sub-aerial processes: Weathering: physical (mechanical) weathering: freeze–thaw, salt crystal growth; chemical weathering: carbonation, solution, hydrolysis.",Geography,Cambridge Assessment International Education,Cambridge International AS & A Level,A Level,Paper 3 Global Environments,9696/3,90,60,25
8 Coastal environments,8.1 Coastal processes,"8.1.3 Sub-aerial processes: Mass movement: rockfalls, landslides, mudflows.",Geography,Cambridge Assessment International Education,Cambridge International AS & A Level,A Level,Paper 3 Global Environments,9696/3,90,60,25
8 Coastal environments,8.1 Coastal processes,"8.1.4 Marine transportation and marine deposition processes: Traction, saltation, suspension, longshore drift.",Geography,Cambridge Assessment International Education,Cambridge International AS & A Level,A Level,Paper 3 Global Environments,9696/3,90,60,25
8 Coastal environments,8.1 Coastal processes,"8.1.4 Marine transportation and marine deposition processes: Sediment sources, sediment characteristics and sediment cells.",Geography,Cambridge Assessment International Education,Cambridge International AS & A Level,A Level,Paper 3 Global Environments,9696/3,90,60,25
8 Coastal environments,8.2 Characteristics and formation of coastal landforms,8.2.1 The role and significance of coastal processes in forming and shaping characteristic landforms.,Geography,Cambridge Assessment International Education,Cambridge International AS & A Level,A Level,Paper 3 Global Environments,9696/3,90,60,25
8 Coastal environments,8.2 Characteristics and formation of coastal landforms,"8.2.2 Erosional landforms: Cliffs (cross-section and plan), shore platforms, caves, geos, arches, stacks.",Geography,Cambridge Assessment International Education,Cambridge International AS & A Level,A Level,Paper 3 Global Environments,9696/3,90,60,25
8 Coastal environments,8.2 Characteristics and formation of coastal landforms,8.2.2 Erosional landforms: Concordant and discordant coastlines.,Geography,Cambridge Assessment International Education,Cambridge International AS & A Level,A Level,Paper 3 Global Environments,9696/3,90,60,25
8 Coastal environments,8.2 Characteristics and formation of coastal landforms,8.2.3 Depositional landforms: Beaches (cross-section and plan).,Geography,Cambridge Assessment International Education,Cambridge International AS & A Level,A Level,Paper 3 Global Environments,9696/3,90,60,25
8 Coastal environments,8.2 Characteristics and formation of coastal landforms,8.2.3 Depositional landforms: Swash-aligned and drift-aligned beaches.,Geography,Cambridge Assessment International Education,Cambridge International AS & A Level,A Level,Paper 3 Global Environments,9696/3,90,60,25
8 Coastal environments,8.2 Characteristics and formation of coastal landforms,8.2.3 Depositional landforms: Spits.,Geography,Cambridge Assessment International Education,Cambridge International AS & A Level,A Level,Paper 3 Global Environments,9696/3,90,60,25
8 Coastal environments,8.2 Characteristics and formation of coastal landforms,8.2.3 Depositional landforms: Tombolos.,Geography,Cambridge Assessment International Education,Cambridge International AS & A Level,A Level,Paper 3 Global Environments,9696/3,90,60,25
8 Coastal environments,8.2 Characteristics and formation of coastal landforms,8.2.3 Depositional landforms: Barrier beaches.,Geography,Cambridge Assessment International Education,Cambridge International AS & A Level,A Level,Paper 3 Global Environments,9696/3,90,60,25
8 Coastal environments,8.2 Characteristics and formation of coastal landforms,8.2.4 Formation and development of landforms influenced by coastal processes and vegetation types: Coastal sand dune systems.,Geography,Cambridge Assessment International Education,Cambridge International AS & A Level,A Level,Paper 3 Global Environments,9696/3,90,60,25
8 Coastal environments,8.2 Characteristics and formation of coastal landforms,8.2.4 Formation and development of landforms influenced by coastal processes and vegetation types: Coastal saltmarsh systems.,Geography,Cambridge Assessment International Education,Cambridge International AS & A Level,A Level,Paper 3 Global Environments,9696/3,90,60,25
8 Coastal environments,8.2 Characteristics and formation of coastal landforms,8.2.4 Formation and development of landforms influenced by coastal processes and vegetation types: Mangrove swamps.,Geography,Cambridge Assessment International Education,Cambridge International AS & A Level,A Level,Paper 3 Global Environments,9696/3,90,60,25
8 Coastal environments,8.3 Coral reefs,"8.3.1 Distribution of coral reefs and conditions required for coral growth: Temperature, water depth, light and lack of sediment, water oxygenation, salinity.",Geography,Cambridge Assessment International Education,Cambridge International AS & A Level,A Level,Paper 3 Global Environments,9696/3,90,60,25
8 Coastal environments,8.3 Coral reefs,8.3.1 Distribution of coral reefs and conditions required for coral growth: How these factors affect coral growth.,Geography,Cambridge Assessment International Education,Cambridge International AS & A Level,A Level,Paper 3 Global Environments,9696/3,90,60,25
8 Coastal environments,8.3 Coral reefs,8.3.1 Distribution of coral reefs and conditions required for coral growth: Symbiotic relationship with algae (zooxanthellae).,Geography,Cambridge Assessment International Education,Cambridge International AS & A Level,A Level,Paper 3 Global Environments,9696/3,90,60,25
8 Coastal environments,8.3 Coral reefs,"8.3.2 Threats to coral reefs: Global warming: marine temperature rise, marine acidification, increased storm activity, changes in salinity, sea-level rise.",Geography,Cambridge Assessment International Education,Cambridge International AS & A Level,A Level,Paper 3 Global Environments,9696/3,90,60,25
8 Coastal environments,8.3 Coral reefs,8.3.2 Threats to coral reefs: Pollution: marine and land based.,Geography,Cambridge Assessment International Education,Cambridge International AS & A Level,A Level,Paper 3 Global Environments,9696/3,90,60,25
8 Coastal environments,8.3 Coral reefs,"8.3.2 Threats to coral reefs: Physical damage to reef structure: caused by coastal processes and storms, human activities.",Geography,Cambridge Assessment International Education,Cambridge International AS & A Level,A Level,Paper 3 Global Environments,9696/3,90,60,25
8 Coastal environments,8.3 Coral reefs,8.3.2 Threats to coral reefs: Management strategies to reduce threats to coral reefs and evaluation of the success in reducing threats to coral reefs.,Geography,Cambridge Assessment International Education,Cambridge International AS & A Level,A Level,Paper 3 Global Environments,9696/3,90,60,25
8 Coastal environments,8.4 Physical and human challenges to the coastal environment,8.4.1 Detailed specific example of a stretch or stretches of coastline: Issues faced in the stretch or stretches of coastline.,Geography,Cambridge Assessment International Education,Cambridge International AS & A Level,A Level,Paper 3 Global Environments,9696/3,90,60,25
8 Coastal environments,8.4 Physical and human challenges to the coastal environment,8.4.1 Detailed specific example of a stretch or stretches of coastline: Management strategies (including hard engineering and soft engineering).,Geography,Cambridge Assessment International Education,Cambridge International AS & A Level,A Level,Paper 3 Global Environments,9696/3,90,60,25
8 Coastal environments,8.4 Physical and human challenges to the coastal environment,8.4.1 Detailed specific example of a stretch or stretches of coastline: Evaluation of the success of these management strategies.,Geography,Cambridge Assessment International Education,Cambridge International AS & A Level,A Level,Paper 3 Global Environments,9696/3,90,60,25
9 Hazardous environments,9.1 Earthquake and volcanic hazards and impacts,9.1.1 Global distribution of earthquakes and volcanoes and related tectonic processes and plate boundaries,Geography,Cambridge Assessment International Education,Cambridge International AS & A Level,A Level,Paper 3 Global Environments,9696/3,90,60,25
9 Hazardous environments,9.1 Earthquake and volcanic hazards and impacts,"9.1.2 Earthquake hazards and impacts: Factors affecting severity of earthquakes: focus and epicentre; types of seismic waves: P-waves and S-waves, Love waves and Rayleigh waves; magnitude and magnitude scales: Richter, Modified Mercalli and Moment Magnitude.",Geography,Cambridge Assessment International Education,Cambridge International AS & A Level,A Level,Paper 3 Global Environments,9696/3,90,60,25
9 Hazardous environments,9.1 Earthquake and volcanic hazards and impacts,"9.1.2 Earthquake hazards and impacts: Main hazards: ground-shaking, liquefaction, landslides, tsunami, aftershocks.",Geography,Cambridge Assessment International Education,Cambridge International AS & A Level,A Level,Paper 3 Global Environments,9696/3,90,60,25
9 Hazardous environments,9.1 Earthquake and volcanic hazards and impacts,"9.1.2 Earthquake hazards and impacts: Physical factors and human factors of vulnerability to earthquake hazards and impacts: significance of time of day, distance from epicentre, population density, infrastructure, economic development.",Geography,Cambridge Assessment International Education,Cambridge International AS & A Level,A Level,Paper 3 Global Environments,9696/3,90,60,25
9 Hazardous environments,9.1 Earthquake and volcanic hazards and impacts,9.1.2 Earthquake hazards and impacts: Impacts on people and the environment: short-term impacts and long-term impacts.,Geography,Cambridge Assessment International Education,Cambridge International AS & A Level,A Level,Paper 3 Global Environments,9696/3,90,60,25
9 Hazardous environments,9.1 Earthquake and volcanic hazards and impacts,9.1.3 Volcanic hazards and impacts: Processes involved in volcano formation.,Geography,Cambridge Assessment International Education,Cambridge International AS & A Level,A Level,Paper 3 Global Environments,9696/3,90,60,25
9 Hazardous environments,9.1 Earthquake and volcanic hazards and impacts,"9.1.3 Volcanic hazards and impacts: Types of volcano: strato-volcano (composite cone), shield volcano, cinder cone, lava dome, fissure eruptions.",Geography,Cambridge Assessment International Education,Cambridge International AS & A Level,A Level,Paper 3 Global Environments,9696/3,90,60,25
9 Hazardous environments,9.1 Earthquake and volcanic hazards and impacts,"9.1.3 Volcanic hazards and impacts: Explosive and effusive eruptions and their main hazards: lava flows, tephra and ash falls, volcanic mudflows/lahars, volcanic landslides, pyroclastic flows (nuées ardentes), jökulhlaups, toxic gases.",Geography,Cambridge Assessment International Education,Cambridge International AS & A Level,A Level,Paper 3 Global Environments,9696/3,90,60,25
9 Hazardous environments,9.1 Earthquake and volcanic hazards and impacts,9.1.3 Volcanic hazards and impacts: Volcanic explosivity index (VEI).,Geography,Cambridge Assessment International Education,Cambridge International AS & A Level,A Level,Paper 3 Global Environments,9696/3,90,60,25
9 Hazardous environments,9.1 Earthquake and volcanic hazards and impacts,"9.1.3 Volcanic hazards and impacts: Physical factors and human factors of vulnerability to volcanic hazards and impacts: speed, size, frequency, extent of the eruption, population density, infrastructure, economic development.",Geography,Cambridge Assessment International Education,Cambridge International AS & A Level,A Level,Paper 3 Global Environments,9696/3,90,60,25
9 Hazardous environments,9.1 Earthquake and volcanic hazards and impacts,9.1.3 Volcanic hazards and impacts: Impacts on people and the environment: short-term impacts and long-term impacts.,Geography,Cambridge Assessment International Education,Cambridge International AS & A Level,A Level,Paper 3 Global Environments,9696/3,90,60,25
9 Hazardous environments,9.1 Earthquake and volcanic hazards and impacts,"9.1.4 Management of earthquake and volcanic hazards: Prediction techniques and their reliability, precursor events (warning signs) and warning times.",Geography,Cambridge Assessment International Education,Cambridge International AS & A Level,A Level,Paper 3 Global Environments,9696/3,90,60,25
9 Hazardous environments,9.1 Earthquake and volcanic hazards and impacts,9.1.4 Management of earthquake and volcanic hazards: The concept of perception of risk.,Geography,Cambridge Assessment International Education,Cambridge International AS & A Level,A Level,Paper 3 Global Environments,9696/3,90,60,25
9 Hazardous environments,9.1 Earthquake and volcanic hazards and impacts,"9.1.4 Management of earthquake and volcanic hazards: Effectiveness of management strategies: environmental and infrastructure design or modification; planning, education and awareness.",Geography,Cambridge Assessment International Education,Cambridge International AS & A Level,A Level,Paper 3 Global Environments,9696/3,90,60,25
9 Hazardous environments,9.1 Earthquake and volcanic hazards and impacts,9.1.4 Management of earthquake and volcanic hazards: Short-term emergency responses and long-term recovery.,Geography,Cambridge Assessment International Education,Cambridge International AS & A Level,A Level,Paper 3 Global Environments,9696/3,90,60,25
9 Hazardous environments,9.2 Tropical cyclone hazards and impacts,"9.2.1 Global distribution of tropical cyclones (cyclones, hurricanes, typhoons): Conditions required for tropical cyclones: sea temperature, seasonality, Coriolis effect, local atmospheric conditions.",Geography,Cambridge Assessment International Education,Cambridge International AS & A Level,A Level,Paper 3 Global Environments,9696/3,90,60,25
9 Hazardous environments,9.2 Tropical cyclone hazards and impacts,"9.2.1 Global distribution of tropical cyclones (cyclones, hurricanes, typhoons): Formation and development of tropical cyclones.",Geography,Cambridge Assessment International Education,Cambridge International AS & A Level,A Level,Paper 3 Global Environments,9696/3,90,60,25
9 Hazardous environments,9.2 Tropical cyclone hazards and impacts,"9.2.1 Global distribution of tropical cyclones (cyclones, hurricanes, typhoons): Saffir-Simpson (hurricane) scale of tropical cyclone strength.",Geography,Cambridge Assessment International Education,Cambridge International AS & A Level,A Level,Paper 3 Global Environments,9696/3,90,60,25
9 Hazardous environments,9.2 Tropical cyclone hazards and impacts,"9.2.2 Tropical cyclone hazards and impacts: Main hazards: high winds, storm surges, coastal flooding causing saltwater intrusion, intense rainfall causing river floods and mass movements.",Geography,Cambridge Assessment International Education,Cambridge International AS & A Level,A Level,Paper 3 Global Environments,9696/3,90,60,25
9 Hazardous environments,9.2 Tropical cyclone hazards and impacts,"9.2.2 Tropical cyclone hazards and impacts: Physical factors and human factors of vulnerability to tropical cyclone hazards and impacts: strength and extent of tropical cyclone, location of landfall, population density, infrastructure, economic development.",Geography,Cambridge Assessment International Education,Cambridge International AS & A Level,A Level,Paper 3 Global Environments,9696/3,90,60,25
9 Hazardous environments,9.2 Tropical cyclone hazards and impacts,9.2.2 Tropical cyclone hazards and impacts: Impacts on people and the environment: short-term impacts and long-term impacts.,Geography,Cambridge Assessment International Education,Cambridge International AS & A Level,A Level,Paper 3 Global Environments,9696/3,90,60,25
9 Hazardous environments,9.2 Tropical cyclone hazards and impacts,9.2.2 Tropical cyclone hazards and impacts: Potential impacts of climate change on the magnitude and frequency of tropical cyclones.,Geography,Cambridge Assessment International Education,Cambridge International AS & A Level,A Level,Paper 3 Global Environments,9696/3,90,60,25
9 Hazardous environments,9.2 Tropical cyclone hazards and impacts,"9.2.3 Management of tropical cyclone hazards: Prediction techniques and their reliability, precursor events (warning signs), monitoring and warning times.",Geography,Cambridge Assessment International Education,Cambridge International AS & A Level,A Level,Paper 3 Global Environments,9696/3,90,60,25
9 Hazardous environments,9.2 Tropical cyclone hazards and impacts,9.2.3 Management of tropical cyclone hazards: The concept of perception of risk.,Geography,Cambridge Assessment International Education,Cambridge International AS & A Level,A Level,Paper 3 Global Environments,9696/3,90,60,25
9 Hazardous environments,9.2 Tropical cyclone hazards and impacts,"9.2.3 Management of tropical cyclone hazards: Effectiveness of management strategies: environmental and infrastructure design or modification; planning, education and awareness.",Geography,Cambridge Assessment International Education,Cambridge International AS & A Level,A Level,Paper 3 Global Environments,9696/3,90,60,25
9 Hazardous environments,9.2 Tropical cyclone hazards and impacts,9.2.3 Management of tropical cyclone hazards: Short-term emergency responses and long-term recovery.,Geography,Cambridge Assessment International Education,Cambridge International AS & A Level,A Level,Paper 3 Global Environments,9696/3,90,60,25
9 Hazardous environments,9.3 Wildfire hazards and impacts,"9.3.1 Global distribution of areas at risk of wildfires: Conditions influencing wildfire risk: fuel (vegetation type, flammability and density), climatic factors, recent weather conditions.",Geography,Cambridge Assessment International Education,Cambridge International AS & A Level,A Level,Paper 3 Global Environments,9696/3,90,60,25
9 Hazardous environments,9.3 Wildfire hazards and impacts,"9.3.1 Global distribution of areas at risk of wildfires: Physical causes: desiccation of vegetation, lightning strikes, sparks from falling rocks.",Geography,Cambridge Assessment International Education,Cambridge International AS & A Level,A Level,Paper 3 Global Environments,9696/3,90,60,25
9 Hazardous environments,9.3 Wildfire hazards and impacts,"9.3.1 Global distribution of areas at risk of wildfires: Human causes: accidental occurrence: unattended fires, equipment use/malfunction, rubbish (lenses/glass, discarded cigarettes); deliberate actions: arson.",Geography,Cambridge Assessment International Education,Cambridge International AS & A Level,A Level,Paper 3 Global Environments,9696/3,90,60,25
9 Hazardous environments,9.3 Wildfire hazards and impacts,"9.3.2 Wildfire hazards and impacts: Wildfire characteristics, speed and extent of wildfire spread, the influence of the shape of the land (topography) and wind.",Geography,Cambridge Assessment International Education,Cambridge International AS & A Level,A Level,Paper 3 Global Environments,9696/3,90,60,25
9 Hazardous environments,9.3 Wildfire hazards and impacts,"9.3.2 Wildfire hazards and impacts: Physical factors and human factors of vulnerability to wildfire hazards and impacts: speed and extent of spread, land use, population density and spread, infrastructure, economic development.",Geography,Cambridge Assessment International Education,Cambridge International AS & A Level,A Level,Paper 3 Global Environments,9696/3,90,60,25
9 Hazardous environments,9.3 Wildfire hazards and impacts,9.3.2 Wildfire hazards and impacts: Impacts on people and the environment: short-term impacts and long-term impacts.,Geography,Cambridge Assessment International Education,Cambridge International AS & A Level,A Level,Paper 3 Global Environments,9696/3,90,60,25
9 Hazardous environments,9.3 Wildfire hazards and impacts,"9.3.2 Wildfire hazards and impacts: Potential impacts of climate change on the location, extent and frequency of wildfires.",Geography,Cambridge Assessment International Education,Cambridge International AS & A Level,A Level,Paper 3 Global Environments,9696/3,90,60,25
9 Hazardous environments,9.3 Wildfire hazards and impacts,"9.3.3 Management of wildfire hazards: Prediction techniques and their reliability, monitoring and warning times.",Geography,Cambridge Assessment International Education,Cambridge International AS & A Level,A Level,Paper 3 Global Environments,9696/3,90,60,25
9 Hazardous environments,9.3 Wildfire hazards and impacts,9.3.3 Management of wildfire hazards: The concept of perception of risk.,Geography,Cambridge Assessment International Education,Cambridge International AS & A Level,A Level,Paper 3 Global Environments,9696/3,90,60,25
9 Hazardous environments,9.3 Wildfire hazards and impacts,"9.3.3 Management of wildfire hazards: Effectiveness of management strategies: environmental and infrastructure design or modification; planning, education and awareness.",Geography,Cambridge Assessment International Education,Cambridge International AS & A Level,A Level,Paper 3 Global Environments,9696/3,90,60,25
9 Hazardous environments,9.3 Wildfire hazards and impacts,9.3.3 Management of wildfire hazards: Short-term emergency responses and long-term recovery.,Geography,Cambridge Assessment International Education,Cambridge International AS & A Level,A Level,Paper 3 Global Environments,9696/3,90,60,25
9 Hazardous environments,9.4 Challenges in multi-hazard environments,"9.4.1 Detailed specific example of one environment which has multiple hazards (two or more of the following hazards: earthquake, volcanic, tropical cyclones, wildfires): Causes and impacts of the hazards.",Geography,Cambridge Assessment International Education,Cambridge International AS & A Level,A Level,Paper 3 Global Environments,9696/3,90,60,25
9 Hazardous environments,9.4 Challenges in multi-hazard environments,"9.4.1 Detailed specific example of one environment which has multiple hazards (two or more of the following hazards: earthquake, volcanic, tropical cyclones, wildfires): Management strategies.",Geography,Cambridge Assessment International Education,Cambridge International AS & A Level,A Level,Paper 3 Global Environments,9696/3,90,60,25
9 Hazardous environments,9.4 Challenges in multi-hazard environments,"9.4.1 Detailed specific example of one environment which has multiple hazards (two or more of the following hazards: earthquake, volcanic, tropical cyclones, wildfires): Evaluation of the success of these management strategies.",Geography,Cambridge Assessment International Education,Cambridge International AS & A Level,A Level,Paper 3 Global Environments,9696/3,90,60,25
10 Arid environments,10.1 Arid climates,10.1.1 Global distribution of hot arid and hot semi-arid environments,Geography,Cambridge Assessment International Education,Cambridge International AS & A Level,A Level,Paper 3 Global Environments,9696/3,90,60,25
10 Arid environments,10.1 Arid climates,10.1.2 Climatic characteristics of hot arid and hot semi-arid environments: High-wind energy environments.,Geography,Cambridge Assessment International Education,Cambridge International AS & A Level,A Level,Paper 3 Global Environments,9696/3,90,60,25
10 Arid environments,10.1 Arid climates,10.1.2 Climatic characteristics of hot arid and hot semi-arid environments: Diurnal variations and seasonal variations in temperature and precipitation.,Geography,Cambridge Assessment International Education,Cambridge International AS & A Level,A Level,Paper 3 Global Environments,9696/3,90,60,25
10 Arid environments,10.1 Arid climates,10.1.3 Causes of aridity: Pressure and wind systems.,Geography,Cambridge Assessment International Education,Cambridge International AS & A Level,A Level,Paper 3 Global Environments,9696/3,90,60,25
10 Arid environments,10.1 Arid climates,10.1.3 Causes of aridity: Distance from the sea (continentality).,Geography,Cambridge Assessment International Education,Cambridge International AS & A Level,A Level,Paper 3 Global Environments,9696/3,90,60,25
10 Arid environments,10.1 Arid climates,10.1.3 Causes of aridity: Influence of ocean currents.,Geography,Cambridge Assessment International Education,Cambridge International AS & A Level,A Level,Paper 3 Global Environments,9696/3,90,60,25
10 Arid environments,10.1 Arid climates,10.1.3 Causes of aridity: Rain shadow effect.,Geography,Cambridge Assessment International Education,Cambridge International AS & A Level,A Level,Paper 3 Global Environments,9696/3,90,60,25
10 Arid environments,10.2 Processes and landforms in arid environments,"10.2.1 Weathering processes and their significance in forming and shaping landforms: Physical (mechanical) weathering processes: heating/cooling (thermal fracture and exfoliation), freeze–thaw (frost shattering), salt crystal growth.",Geography,Cambridge Assessment International Education,Cambridge International AS & A Level,A Level,Paper 3 Global Environments,9696/3,90,60,25
10 Arid environments,10.2 Processes and landforms in arid environments,"10.2.1 Weathering processes and their significance in forming and shaping landforms: Chemical weathering processes: hydrolysis, carbonation.",Geography,Cambridge Assessment International Education,Cambridge International AS & A Level,A Level,Paper 3 Global Environments,9696/3,90,60,25
10 Arid environments,10.2 Processes and landforms in arid environments,"10.2.2 Wind (aeolian) processes and their significance in forming and shaping landforms: Erosion: abrasion/corrasion, deflation.",Geography,Cambridge Assessment International Education,Cambridge International AS & A Level,A Level,Paper 3 Global Environments,9696/3,90,60,25
10 Arid environments,10.2 Processes and landforms in arid environments,"10.2.2 Wind (aeolian) processes and their significance in forming and shaping landforms: Transportation: traction, saltation, suspension.",Geography,Cambridge Assessment International Education,Cambridge International AS & A Level,A Level,Paper 3 Global Environments,9696/3,90,60,25
10 Arid environments,10.2 Processes and landforms in arid environments,10.2.2 Wind (aeolian) processes and their significance in forming and shaping landforms: Deposition.,Geography,Cambridge Assessment International Education,Cambridge International AS & A Level,A Level,Paper 3 Global Environments,9696/3,90,60,25
10 Arid environments,10.2 Processes and landforms in arid environments,"10.2.3 Water (fluvial) processes and their significance in forming and shaping landforms: Erosion, transportation and deposition.",Geography,Cambridge Assessment International Education,Cambridge International AS & A Level,A Level,Paper 3 Global Environments,9696/3,90,60,25
10 Arid environments,10.2 Processes and landforms in arid environments,"10.2.3 Water (fluvial) processes and their significance in forming and shaping landforms: Hydrological regime, episodic rainfall, sheet floods and flash floods.",Geography,Cambridge Assessment International Education,Cambridge International AS & A Level,A Level,Paper 3 Global Environments,9696/3,90,60,25
10 Arid environments,10.2 Processes and landforms in arid environments,"10.2.4 Characteristics, formation and shaping of landforms: Wind erosional landforms: deflation hollows, ventifacts, rock pedestals, yardang, zeugen.",Geography,Cambridge Assessment International Education,Cambridge International AS & A Level,A Level,Paper 3 Global Environments,9696/3,90,60,25
10 Arid environments,10.2 Processes and landforms in arid environments,"10.2.4 Characteristics, formation and shaping of landforms: Wind depositional landforms: sand dunes – seif, star, barchan.",Geography,Cambridge Assessment International Education,Cambridge International AS & A Level,A Level,Paper 3 Global Environments,9696/3,90,60,25
10 Arid environments,10.2 Processes and landforms in arid environments,"10.2.4 Characteristics, formation and shaping of landforms: Water erosional landforms: wadis/arroyos, pediments, mesas, buttes, inselbergs.",Geography,Cambridge Assessment International Education,Cambridge International AS & A Level,A Level,Paper 3 Global Environments,9696/3,90,60,25
10 Arid environments,10.2 Processes and landforms in arid environments,"10.2.4 Characteristics, formation and shaping of landforms: Water depositional landforms: alluvial fans, bajadas, playas, salt lakes.",Geography,Cambridge Assessment International Education,Cambridge International AS & A Level,A Level,Paper 3 Global Environments,9696/3,90,60,25
10 Arid environments,10.3 Vegetation and soils in arid environments,"10.3.1 Vegetation characteristics in hot arid and hot semi-arid environments: Biomass productivity: limited biodiversity, limited nutrient cycling.",Geography,Cambridge Assessment International Education,Cambridge International AS & A Level,A Level,Paper 3 Global Environments,9696/3,90,60,25
10 Arid environments,10.3 Vegetation and soils in arid environments,10.3.1 Vegetation characteristics in hot arid and hot semi-arid environments: Adaptation of plants to extreme temperatures.,Geography,Cambridge Assessment International Education,Cambridge International AS & A Level,A Level,Paper 3 Global Environments,9696/3,90,60,25
10 Arid environments,10.3 Vegetation and soils in arid environments,10.3.1 Vegetation characteristics in hot arid and hot semi-arid environments: Adaptation of plants to physical and physiological drought.,Geography,Cambridge Assessment International Education,Cambridge International AS & A Level,A Level,Paper 3 Global Environments,9696/3,90,60,25
10 Arid environments,10.3 Vegetation and soils in arid environments,10.3.1 Vegetation characteristics in hot arid and hot semi-arid environments: Impact of climate and human activities.,Geography,Cambridge Assessment International Education,Cambridge International AS & A Level,A Level,Paper 3 Global Environments,9696/3,90,60,25
10 Arid environments,10.3 Vegetation and soils in arid environments,10.3.2 Soils in hot arid and hot semi-arid environments: Distinctive soil forming processes.,Geography,Cambridge Assessment International Education,Cambridge International AS & A Level,A Level,Paper 3 Global Environments,9696/3,90,60,25
10 Arid environments,10.3 Vegetation and soils in arid environments,"10.3.2 Soils in hot arid and hot semi-arid environments: Characteristics of arid soils: solonetz, solonchaks.",Geography,Cambridge Assessment International Education,Cambridge International AS & A Level,A Level,Paper 3 Global Environments,9696/3,90,60,25
10 Arid environments,10.3 Vegetation and soils in arid environments,"10.3.2 Soils in hot arid and hot semi-arid environments: Impact of climate, vegetation and human activities.",Geography,Cambridge Assessment International Education,Cambridge International AS & A Level,A Level,Paper 3 Global Environments,9696/3,90,60,25
10 Arid environments,10.4 Changes and challenges in arid environments,10.4.1 Changes and challenges and their impacts on arid environments: Increase in population pressure and changes in land use.,Geography,Cambridge Assessment International Education,Cambridge International AS & A Level,A Level,Paper 3 Global Environments,9696/3,90,60,25
10 Arid environments,10.4 Changes and challenges in arid environments,10.4.1 Changes and challenges and their impacts on arid environments: Desertification (both physical factors and human factors) causing the degradation of soils (salinisation) and vegetation in hot semi-arid environments.,Geography,Cambridge Assessment International Education,Cambridge International AS & A Level,A Level,Paper 3 Global Environments,9696/3,90,60,25
10 Arid environments,10.4 Changes and challenges in arid environments,"10.4.1 Changes and challenges and their impacts on arid environments: Challenges associated with climate change: changes in temperature and precipitation, threats to agriculture.",Geography,Cambridge Assessment International Education,Cambridge International AS & A Level,A Level,Paper 3 Global Environments,9696/3,90,60,25
10 Arid environments,10.4 Changes and challenges in arid environments,10.4.2 Detailed specific example of one arid environment (either a hot arid or a hot semi-arid environment): Issues affecting the arid environment.,Geography,Cambridge Assessment International Education,Cambridge International AS & A Level,A Level,Paper 3 Global Environments,9696/3,90,60,25
10 Arid environments,10.4 Changes and challenges in arid environments,10.4.2 Detailed specific example of one arid environment (either a hot arid or a hot semi-arid environment): Management strategies.,Geography,Cambridge Assessment International Education,Cambridge International AS & A Level,A Level,Paper 3 Global Environments,9696/3,90,60,25
10 Arid environments,10.4 Changes and challenges in arid environments,10.4.2 Detailed specific example of one arid environment (either a hot arid or a hot semi-arid environment): Evaluation of the success of these management strategies.,Geography,Cambridge Assessment International Education,Cambridge International AS & A Level,A Level,Paper 3 Global Environments,9696/3,90,60,25
11 Climate change impacts and governance,11.1 Our future global climate,"11.1.1 Climate projections and the impact on the global climate: Five categories of projected climate change: very high, high, intermediate, low and very low (with very high relating to the largest amount of global warming and very low relating to the smallest amount of global warming).",Geography,Cambridge Assessment International Education,Cambridge International AS & A Level,A Level,Paper 4 Global Themes,9696/4,90,60,25
11 Climate change impacts and governance,11.1 Our future global climate,"11.1.1 Climate projections and the impact on the global climate: Understanding what the five categories mean in terms of: projected amount of global warming (in °C above pre-industrial average) by 2100; global changes in projected greenhouse gas emissions; the year that greenhouse gas emissions rise to a peak, if applicable; the year of net zero greenhouse gas emissions, if applicable; the concept of net zero: meaning and importance.",Geography,Cambridge Assessment International Education,Cambridge International AS & A Level,A Level,Paper 4 Global Themes,9696/4,90,60,25
11 Climate change impacts and governance,11.1 Our future global climate,"11.1.1 Climate projections and the impact on the global climate: Understand that the different categories of projected climate change will have different impacts on global conditions including: sea-level rise; changes in global patterns and amount of precipitation; frequency and magnitude of extreme weather events; that observed changes will be smallest in the ‘very low’ projections and greatest in the ‘very high’ projections; the fact that projections are up to 2100, but the changes will continue after 2100, due to the longevity of greenhouse gases in the atmosphere.",Geography,Cambridge Assessment International Education,Cambridge International AS & A Level,A Level,Paper 4 Global Themes,9696/4,90,60,25
11 Climate change impacts and governance,11.1 Our future global climate,"11.1.2 Climate change impacts on different environments: Cold environments (high-latitude areas, i.e. the Arctic and the Antarctic regions, and high-altitude areas): rise in temperature, reduction in snow and ice cover, permafrost melt and methane release.",Geography,Cambridge Assessment International Education,Cambridge International AS & A Level,A Level,Paper 4 Global Themes,9696/4,90,60,25
11 Climate change impacts and governance,11.1 Our future global climate,"11.1.2 Climate change impacts on different environments: Marine environments: sea-level rise and coastal flooding, changes in sea surface temperature, changes to global ocean circulation.",Geography,Cambridge Assessment International Education,Cambridge International AS & A Level,A Level,Paper 4 Global Themes,9696/4,90,60,25
11 Climate change impacts and governance,11.1 Our future global climate,"11.1.3 Non-linear change in climate: Feedback loops (mechanisms): positive feedback (increasing change), negative feedback (reducing change).",Geography,Cambridge Assessment International Education,Cambridge International AS & A Level,A Level,Paper 4 Global Themes,9696/4,90,60,25
11 Climate change impacts and governance,11.1 Our future global climate,11.1.3 Non-linear change in climate: The concept of a climate tipping point.,Geography,Cambridge Assessment International Education,Cambridge International AS & A Level,A Level,Paper 4 Global Themes,9696/4,90,60,25
11 Climate change impacts and governance,11.1 Our future global climate,"11.1.3 Non-linear change in climate: Projected tipping points related to sea ice and ice sheet loss, permafrost melt and ocean circulation collapse.",Geography,Cambridge Assessment International Education,Cambridge International AS & A Level,A Level,Paper 4 Global Themes,9696/4,90,60,25
11 Climate change impacts and governance,11.1 Our future global climate,"11.1.3 Non-linear change in climate: How these tipping points might impact the magnitude and speed of change in cold environments, marine environments and atmospheric environments.",Geography,Cambridge Assessment International Education,Cambridge International AS & A Level,A Level,Paper 4 Global Themes,9696/4,90,60,25
11 Climate change impacts and governance,11.1 Our future global climate,"11.1.3 Non-linear change in climate: Interactions between cold environments, marine environments and atmospheric environments.",Geography,Cambridge Assessment International Education,Cambridge International AS & A Level,A Level,Paper 4 Global Themes,9696/4,90,60,25
11 Climate change impacts and governance,11.2 Socio-economic impacts of climate change,11.2.1 Global socio-economic impacts and their distribution: Current and future projected potential impacts: areas of human habitation; food production; property (land and buildings).,Geography,Cambridge Assessment International Education,Cambridge International AS & A Level,A Level,Paper 4 Global Themes,9696/4,90,60,25
11 Climate change impacts and governance,11.2 Socio-economic impacts of climate change,"11.2.2 Patterns of human vulnerability to climate change: Factors influencing human vulnerability to climate change: environmental factors related to locational vulnerability; historical, political and economic factors; reliance on sensitive ecosystems.",Geography,Cambridge Assessment International Education,Cambridge International AS & A Level,A Level,Paper 4 Global Themes,9696/4,90,60,25
11 Climate change impacts and governance,11.2 Socio-economic impacts of climate change,11.2.2 Patterns of human vulnerability to climate change: How a combination of these factors can cause increased vulnerability.,Geography,Cambridge Assessment International Education,Cambridge International AS & A Level,A Level,Paper 4 Global Themes,9696/4,90,60,25
11 Climate change impacts and governance,11.2 Socio-economic impacts of climate change,11.2.2 Patterns of human vulnerability to climate change: Locations and people defined by the IPCC as most vulnerable to climate change: least-developed countries (LDCs); small-scale food producers; low-income households; tropical and subtropical small-island communities; indigenous communities.,Geography,Cambridge Assessment International Education,Cambridge International AS & A Level,A Level,Paper 4 Global Themes,9696/4,90,60,25
11 Climate change impacts and governance,11.3 Governance of climate change,11.3.1 Governance on a global scale: An overview of the Paris Agreement (COP21 in 2015) to limit the increase in the global average temperature.,Geography,Cambridge Assessment International Education,Cambridge International AS & A Level,A Level,Paper 4 Global Themes,9696/4,90,60,25
11 Climate change impacts and governance,11.3 Governance of climate change,11.3.1 Governance on a global scale: Major agreements made at COP events since 2015.,Geography,Cambridge Assessment International Education,Cambridge International AS & A Level,A Level,Paper 4 Global Themes,9696/4,90,60,25
11 Climate change impacts and governance,11.3 Governance of climate change,11.3.2 Progress and challenges in management of climate change: Management of climate change to reduce the amount of change or limit the impacts of climate change (mitigation strategies) and adapting to the impacts of climate change (adaptation strategies).,Geography,Cambridge Assessment International Education,Cambridge International AS & A Level,A Level,Paper 4 Global Themes,9696/4,90,60,25
11 Climate change impacts and governance,11.3 Governance of climate change,"11.3.2 Progress and challenges in management of climate change: Mitigation strategies aiming to get to net zero emissions: targets for sustainable energy production and energy use; carbon offsetting and carbon credit; climate engineering: carbon capture and storage (CCS), solar radiation management; nature-based solutions to increase carbon storage and improve resilience of ecosystems: protection, restoration, improvements.",Geography,Cambridge Assessment International Education,Cambridge International AS & A Level,A Level,Paper 4 Global Themes,9696/4,90,60,25
11 Climate change impacts and governance,11.3 Governance of climate change,"11.3.2 Progress and challenges in management of climate change: Adaptation strategies: withdrawal (retreat), compromise (accommodation), protection.",Geography,Cambridge Assessment International Education,Cambridge International AS & A Level,A Level,Paper 4 Global Themes,9696/4,90,60,25
11 Climate change impacts and governance,11.3 Governance of climate change,11.3.2 Progress and challenges in management of climate change: Limitations on choices of mitigation and adaptation strategies and challenges of implementing strategies.,Geography,Cambridge Assessment International Education,Cambridge International AS & A Level,A Level,Paper 4 Global Themes,9696/4,90,60,25
11 Climate change impacts and governance,11.3 Governance of climate change,11.3.3 Detailed specific examples of two countries with contrasting management strategies: Factors influencing the choice of management strategies implemented by these countries (including any justice issues).,Geography,Cambridge Assessment International Education,Cambridge International AS & A Level,A Level,Paper 4 Global Themes,9696/4,90,60,25
11 Climate change impacts and governance,11.3 Governance of climate change,11.3.3 Detailed specific examples of two countries with contrasting management strategies: Evaluation of the challenges of implementing these management strategies.,Geography,Cambridge Assessment International Education,Cambridge International AS & A Level,A Level,Paper 4 Global Themes,9696/4,90,60,25
12 Environmental issues and management,12.1 Energy supplies,"12.1.1 Energy resources: Types of energy used to produce electricity, and their uses and issues: renewable energy sources: wind, solar, tidal, hydroelectric power (HEP), geothermal, biomass (solid, liquid, gaseous forms); non-renewable fossil fuels: coal, gas, oil; nuclear.",Geography,Cambridge Assessment International Education,Cambridge International AS & A Level,A Level,Paper 4 Global Themes,9696/4,90,60,25
12 Environmental issues and management,12.1 Energy supplies,12.1.1 Energy resources: Global patterns and trends in energy production and consumption.,Geography,Cambridge Assessment International Education,Cambridge International AS & A Level,A Level,Paper 4 Global Themes,9696/4,90,60,25
12 Environmental issues and management,12.1 Energy supplies,"12.1.1 Energy resources: Other sources of domestic energy (combustible fuels): wood, charcoal, animal dung.",Geography,Cambridge Assessment International Education,Cambridge International AS & A Level,A Level,Paper 4 Global Themes,9696/4,90,60,25
12 Environmental issues and management,12.1 Energy supplies,"12.1.2 Challenges of energy transition from fossil fuels to sustainable energy sources: Environmental, social, economic, and political factors influencing sustainable energy production.",Geography,Cambridge Assessment International Education,Cambridge International AS & A Level,A Level,Paper 4 Global Themes,9696/4,90,60,25
12 Environmental issues and management,12.1 Energy supplies,12.1.2 Challenges of energy transition from fossil fuels to sustainable energy sources: Scale and efficiency of sustainable energy production.,Geography,Cambridge Assessment International Education,Cambridge International AS & A Level,A Level,Paper 4 Global Themes,9696/4,90,60,25
12 Environmental issues and management,12.1 Energy supplies,12.1.2 Challenges of energy transition from fossil fuels to sustainable energy sources: Storage of energy and connectivity to energy grids at different scales.,Geography,Cambridge Assessment International Education,Cambridge International AS & A Level,A Level,Paper 4 Global Themes,9696/4,90,60,25
12 Environmental issues and management,12.1 Energy supplies,12.1.2 Challenges of energy transition from fossil fuels to sustainable energy sources: Decarbonisation of manufacturing industry.,Geography,Cambridge Assessment International Education,Cambridge International AS & A Level,A Level,Paper 4 Global Themes,9696/4,90,60,25
12 Environmental issues and management,12.1 Energy supplies,"12.1.3 Factors at the national scale (environmental, social, economic, political) affecting demand and supply and the balance between different sources of energy: Resource endowment, climate, pollution, income characteristics, investment in energy technology, balance of types of economic activity, sustainability, energy policy, energy security.",Geography,Cambridge Assessment International Education,Cambridge International AS & A Level,A Level,Paper 4 Global Themes,9696/4,90,60,25
12 Environmental issues and management,12.1 Energy supplies,12.1.4 Detailed specific examples of two contrasting countries’ electrical energy production and sources of energy at the national scale: Factors influencing the choice of sources of energy used to produce electrical energy.,Geography,Cambridge Assessment International Education,Cambridge International AS & A Level,A Level,Paper 4 Global Themes,9696/4,90,60,25
12 Environmental issues and management,12.1 Energy supplies,12.1.4 Detailed specific examples of two contrasting countries’ electrical energy production and sources of energy at the national scale: Challenges of providing energy security.,Geography,Cambridge Assessment International Education,Cambridge International AS & A Level,A Level,Paper 4 Global Themes,9696/4,90,60,25
12 Environmental issues and management,12.1 Energy supplies,12.1.4 Detailed specific examples of two contrasting countries’ electrical energy production and sources of energy at the national scale: Evaluation of the success of the strategies to supply electrical energy.,Geography,Cambridge Assessment International Education,Cambridge International AS & A Level,A Level,Paper 4 Global Themes,9696/4,90,60,25
12 Environmental issues and management,12.2 Pollution and environmental degradation in rural areas,"12.2.1 Human activities that cause large-scale (major) pollution (land, air, water) and degradation of rural environments: Rock and mineral extraction (mining and quarrying).",Geography,Cambridge Assessment International Education,Cambridge International AS & A Level,A Level,Paper 4 Global Themes,9696/4,90,60,25
12 Environmental issues and management,12.2 Pollution and environmental degradation in rural areas,"12.2.1 Human activities that cause large-scale (major) pollution (land, air, water) and degradation of rural environments: Agricultural practices and related issues.",Geography,Cambridge Assessment International Education,Cambridge International AS & A Level,A Level,Paper 4 Global Themes,9696/4,90,60,25
12 Environmental issues and management,12.2 Pollution and environmental degradation in rural areas,"12.2.1 Human activities that cause large-scale (major) pollution (land, air, water) and degradation of rural environments: Large-scale infrastructure projects.",Geography,Cambridge Assessment International Education,Cambridge International AS & A Level,A Level,Paper 4 Global Themes,9696/4,90,60,25
12 Environmental issues and management,12.2 Pollution and environmental degradation in rural areas,12.2.2 Management of pollution and environmental degradation caused by human activities: Sustainable practices in rock and mineral extraction: strategies for restoring extractive landscapes; the role of monitoring and legislation.,Geography,Cambridge Assessment International Education,Cambridge International AS & A Level,A Level,Paper 4 Global Themes,9696/4,90,60,25
12 Environmental issues and management,12.2 Pollution and environmental degradation in rural areas,"12.2.2 Management of pollution and environmental degradation caused by human activities: Sustainable environmental practices in agriculture: practices which conserve resources, improve soil health, encourage and protect biodiversity; sustainable strategies in agriculture.",Geography,Cambridge Assessment International Education,Cambridge International AS & A Level,A Level,Paper 4 Global Themes,9696/4,90,60,25
12 Environmental issues and management,12.2 Pollution and environmental degradation in rural areas,12.2.3 Detailed specific example of environmental degradation in one rural area: Causes and issues.,Geography,Cambridge Assessment International Education,Cambridge International AS & A Level,A Level,Paper 4 Global Themes,9696/4,90,60,25
12 Environmental issues and management,12.2 Pollution and environmental degradation in rural areas,12.2.3 Detailed specific example of environmental degradation in one rural area: Attempts at management.,Geography,Cambridge Assessment International Education,Cambridge International AS & A Level,A Level,Paper 4 Global Themes,9696/4,90,60,25
12 Environmental issues and management,12.2 Pollution and environmental degradation in rural areas,12.2.3 Detailed specific example of environmental degradation in one rural area: Evaluation of the strategies to manage the causes and issues and restore the degraded environment.,Geography,Cambridge Assessment International Education,Cambridge International AS & A Level,A Level,Paper 4 Global Themes,9696/4,90,60,25
12 Environmental issues and management,12.3 Pollution and environmental degradation in urban areas,"12.3.1 Factors influencing the pollution (land, air, water) and environmental degradation of urban environments: Characteristics of the urban environment: building density, high population, transport networks, concentration of economic activities, lack of open spaces.",Geography,Cambridge Assessment International Education,Cambridge International AS & A Level,A Level,Paper 4 Global Themes,9696/4,90,60,25
12 Environmental issues and management,12.3 Pollution and environmental degradation in urban areas,"12.3.1 Factors influencing the pollution (land, air, water) and environmental degradation of urban environments: Similarities and differences between the main causes of urban degradation in LICs, MICs and HICs.",Geography,Cambridge Assessment International Education,Cambridge International AS & A Level,A Level,Paper 4 Global Themes,9696/4,90,60,25
12 Environmental issues and management,12.3 Pollution and environmental degradation in urban areas,"12.3.1 Factors influencing the pollution (land, air, water) and environmental degradation of urban environments: Sources of pollution: domestic; construction; manufacturing industry and power generation; transport; waste (solid and sewage waste).",Geography,Cambridge Assessment International Education,Cambridge International AS & A Level,A Level,Paper 4 Global Themes,9696/4,90,60,25
12 Environmental issues and management,12.3 Pollution and environmental degradation in urban areas,"12.3.2 Management of pollution and environmental degradation in urban areas: Sustainable practices in: domestic environments; construction; energy conservation; small scale, on-site power generation; transport; waste management.",Geography,Cambridge Assessment International Education,Cambridge International AS & A Level,A Level,Paper 4 Global Themes,9696/4,90,60,25
12 Environmental issues and management,12.3 Pollution and environmental degradation in urban areas,12.3.3 The reasons for urban planning and controls,Geography,Cambridge Assessment International Education,Cambridge International AS & A Level,A Level,Paper 4 Global Themes,9696/4,90,60,25
12 Environmental issues and management,12.3 Pollution and environmental degradation in urban areas,12.3.4 Detailed specific example of environmental degradation in one urban area: Causes and issues.,Geography,Cambridge Assessment International Education,Cambridge International AS & A Level,A Level,Paper 4 Global Themes,9696/4,90,60,25
12 Environmental issues and management,12.3 Pollution and environmental degradation in urban areas,12.3.4 Detailed specific example of environmental degradation in one urban area: Attempts at management.,Geography,Cambridge Assessment International Education,Cambridge International AS & A Level,A Level,Paper 4 Global Themes,9696/4,90,60,25
12 Environmental issues and management,12.3 Pollution and environmental degradation in urban areas,12.3.4 Detailed specific example of environmental degradation in one urban area: Evaluation of the strategies to manage the causes and issues and restore the degraded environment.,Geography,Cambridge Assessment International Education,Cambridge International AS & A Level,A Level,Paper 4 Global Themes,9696/4,90,60,25
"13 Trade, aid and tourism",13.1 Global trade patterns and change,13.1.1 Flows and patterns of visible trade (commodities and goods) between importing countries and exporting countries: Between types of countries and trade blocs.,Geography,Cambridge Assessment International Education,Cambridge International AS & A Level,A Level,Paper 4 Global Themes,9696/4,90,60,25
"13 Trade, aid and tourism",13.1 Global trade patterns and change,13.1.1 Flows and patterns of visible trade (commodities and goods) between importing countries and exporting countries: Major trade routes.,Geography,Cambridge Assessment International Education,Cambridge International AS & A Level,A Level,Paper 4 Global Themes,9696/4,90,60,25
"13 Trade, aid and tourism",13.1 Global trade patterns and change,"13.1.1 Flows and patterns of visible trade (commodities and goods) between importing countries and exporting countries: Primary commodities (agricultural, minerals including oil and gas).",Geography,Cambridge Assessment International Education,Cambridge International AS & A Level,A Level,Paper 4 Global Themes,9696/4,90,60,25
"13 Trade, aid and tourism",13.1 Global trade patterns and change,"13.1.1 Flows and patterns of visible trade (commodities and goods) between importing countries and exporting countries: Manufactured goods (components, finished products).",Geography,Cambridge Assessment International Education,Cambridge International AS & A Level,A Level,Paper 4 Global Themes,9696/4,90,60,25
"13 Trade, aid and tourism",13.1 Global trade patterns and change,13.1.1 Flows and patterns of visible trade (commodities and goods) between importing countries and exporting countries: Inequalities in volume and value of trade.,Geography,Cambridge Assessment International Education,Cambridge International AS & A Level,A Level,Paper 4 Global Themes,9696/4,90,60,25
"13 Trade, aid and tourism",13.1 Global trade patterns and change,"13.1.2 Factors influencing patterns of visible trade (commodities and goods) between importing countries and exporting countries: Physical and historical factors: geographical location: locational advantage, resource endowment; the impact of colonialism in establishing trade patterns and the ongoing influence on trade of many post-colonial countries.",Geography,Cambridge Assessment International Education,Cambridge International AS & A Level,A Level,Paper 4 Global Themes,9696/4,90,60,25
"13 Trade, aid and tourism",13.1 Global trade patterns and change,"13.1.2 Factors influencing patterns of visible trade (commodities and goods) between importing countries and exporting countries: Economic and political factors: changes in the supply of and demand for commodities; developments in logistics: transport infrastructure and information and communication technology (ICT); financial resources and infrastructure; workforce structure and characteristics; the role of regional trade blocs, bilateral agreements, protectionist policies and price setting; the role of transnational corporations (TNCs) in global production networks including TNCs from newly emerging economies (NEEs); level of development.",Geography,Cambridge Assessment International Education,Cambridge International AS & A Level,A Level,Paper 4 Global Themes,9696/4,90,60,25
"13 Trade, aid and tourism",13.1 Global trade patterns and change,13.1.3 Detailed specific examples of two contrasting countries (one of which has a dependence on export of primary commodities) comparison of: Commodities/goods traded by these countries.,Geography,Cambridge Assessment International Education,Cambridge International AS & A Level,A Level,Paper 4 Global Themes,9696/4,90,60,25
"13 Trade, aid and tourism",13.1 Global trade patterns and change,13.1.3 Detailed specific examples of two contrasting countries (one of which has a dependence on export of primary commodities) comparison of: Benefits of global trade for these countries.,Geography,Cambridge Assessment International Education,Cambridge International AS & A Level,A Level,Paper 4 Global Themes,9696/4,90,60,25
"13 Trade, aid and tourism",13.1 Global trade patterns and change,13.1.3 Detailed specific examples of two contrasting countries (one of which has a dependence on export of primary commodities) comparison of: Challenges of global trade for these countries.,Geography,Cambridge Assessment International Education,Cambridge International AS & A Level,A Level,Paper 4 Global Themes,9696/4,90,60,25
"13 Trade, aid and tourism",13.2 International organisations involved in trade and aid,13.2.1 The role and impact of inter-governmental organisations (IGOs) on global trade flows: The World Trade Organization (WTO) and United Nations Conference on Trade and Development (UNCTAD): in promoting trade between countries; dealing with issues and disputes; monitoring and promoting free trade and trade facilitation measures; protecting intellectual property rights; critical evaluation of the issues of the Aid for Trade initiative.,Geography,Cambridge Assessment International Education,Cambridge International AS & A Level,A Level,Paper 4 Global Themes,9696/4,90,60,25
"13 Trade, aid and tourism",13.2 International organisations involved in trade and aid,13.2.2 International aid and the role of non-governmental organisations (NGOs) and inter-governmental organisations (IGOs): Different types of international aid and aid donors: humanitarian aid; development aid; climate aid; tied aid; bilateral aid and multilateral aid.,Geography,Cambridge Assessment International Education,Cambridge International AS & A Level,A Level,Paper 4 Global Themes,9696/4,90,60,25
"13 Trade, aid and tourism",13.2 International organisations involved in trade and aid,13.2.2 International aid and the role of non-governmental organisations (NGOs) and inter-governmental organisations (IGOs): Critical evaluation of international aid for donor countries and receiving countries.,Geography,Cambridge Assessment International Education,Cambridge International AS & A Level,A Level,Paper 4 Global Themes,9696/4,90,60,25
"13 Trade, aid and tourism",13.3 International tourism,13.3.1 Patterns and trends in international tourism: Patterns include: characteristics of international tourists; sources of international tourists and tourist destinations; seasonality; volume of tourism; value of tourism (a type of invisible trade).,Geography,Cambridge Assessment International Education,Cambridge International AS & A Level,A Level,Paper 4 Global Themes,9696/4,90,60,25
"13 Trade, aid and tourism",13.3 International tourism,13.3.1 Patterns and trends in international tourism: Factors influencing patterns include: developments in transport and ICT; affordability; TNC involvement in hotel and resort development; government support for tourism as an economic policy.,Geography,Cambridge Assessment International Education,Cambridge International AS & A Level,A Level,Paper 4 Global Themes,9696/4,90,60,25
"13 Trade, aid and tourism",13.3 International tourism,"13.3.1 Patterns and trends in international tourism: Trends in different types of tourism: business, recreational and sport, seasonal, medical, ecotourism, cultural and heritage.",Geography,Cambridge Assessment International Education,Cambridge International AS & A Level,A Level,Paper 4 Global Themes,9696/4,90,60,25
"13 Trade, aid and tourism",13.3 International tourism,"13.3.2 Impacts of tourism: Economic, social, and environmental impacts of tourism: tourism carrying capacity.",Geography,Cambridge Assessment International Education,Cambridge International AS & A Level,A Level,Paper 4 Global Themes,9696/4,90,60,25
"13 Trade, aid and tourism",13.3 International tourism,"13.3.2 Impacts of tourism: Issues of sustainability including climate change: the balance between the economic, social and environmental impacts of tourism; sustainability considerations for visitors: carbon cost of travel, environmental claims made by destinations and resorts.",Geography,Cambridge Assessment International Education,Cambridge International AS & A Level,A Level,Paper 4 Global Themes,9696/4,90,60,25
"13 Trade, aid and tourism",13.3 International tourism,13.3.3 Detailed specific examples of two contrasting tourist areas or resorts (one of which attracts a large number of international tourists): Development of tourism.,Geography,Cambridge Assessment International Education,Cambridge International AS & A Level,A Level,Paper 4 Global Themes,9696/4,90,60,25
"13 Trade, aid and tourism",13.3 International tourism,13.3.3 Detailed specific examples of two contrasting tourist areas or resorts (one of which attracts a large number of international tourists): Impacts of tourism.,Geography,Cambridge Assessment International Education,Cambridge International AS & A Level,A Level,Paper 4 Global Themes,9696/4,90,60,25
"13 Trade, aid and tourism",13.3 International tourism,13.3.3 Detailed specific examples of two contrasting tourist areas or resorts (one of which attracts a large number of international tourists): Evaluation of the success of attempts to manage tourism in these two tourist areas or resorts.,Geography,Cambridge Assessment International Education,Cambridge International AS & A Level,A Level,Paper 4 Global Themes,9696/4,90,60,25
14 Disease and geography,14.1 Distribution of diseases,"14.1.1 Geography of disease: Categorisations for the proportion of a particular population infected (prevalence) and geographical spread: disease outbreak, epidemic, pandemic (limited to a world region or global), endemic.",Geography,Cambridge Assessment International Education,Cambridge International AS & A Level,A Level,Paper 4 Global Themes,9696/4,90,60,25
14 Disease and geography,14.1 Distribution of diseases,"14.1.1 Geography of disease: Social measures of disease impact: morbidity (people with a disease), death rate, infant mortality rate (IMR), life expectancy, with reference to age/sex structure diagrams.",Geography,Cambridge Assessment International Education,Cambridge International AS & A Level,A Level,Paper 4 Global Themes,9696/4,90,60,25
14 Disease and geography,14.1 Distribution of diseases,"14.1.1 Geography of disease: Economic measures of disease impact: gross domestic product (GDP), spending on healthcare, workforce issues.",Geography,Cambridge Assessment International Education,Cambridge International AS & A Level,A Level,Paper 4 Global Themes,9696/4,90,60,25
14 Disease and geography,14.1 Distribution of diseases,"14.1.2 Distribution of disease and spatial variation in morbidity: Similarities and differences between main causes of death (as reported by the World Health Organization (WHO)) for LICs, MICs and HICs.",Geography,Cambridge Assessment International Education,Cambridge International AS & A Level,A Level,Paper 4 Global Themes,9696/4,90,60,25
14 Disease and geography,14.1 Distribution of diseases,14.1.2 Distribution of disease and spatial variation in morbidity: Factors influencing spatial variation in health and morbidity: demographic variations; environmental; the impact of disaster events; social; economic; political; global interconnectedness.,Geography,Cambridge Assessment International Education,Cambridge International AS & A Level,A Level,Paper 4 Global Themes,9696/4,90,60,25
14 Disease and geography,"14.2 Pathogenic diseases, their spread and impacts","14.2.1 Influenza (flu) as an example of a viral disease: Transmission, threat to populations and distribution: how influenza (flu) is transmitted and factors influencing its spread; prevalence and risk factors of influenza (flu); global distribution and spatial and time variation of influenza (flu); social and economic impacts of influenza (flu).",Geography,Cambridge Assessment International Education,Cambridge International AS & A Level,A Level,Paper 4 Global Themes,9696/4,90,60,25
14 Disease and geography,"14.2 Pathogenic diseases, their spread and impacts","14.2.1 Influenza (flu) as an example of a viral disease: Risks associated with new human strains of influenza (flu), including potential of new variants from animal populations.",Geography,Cambridge Assessment International Education,Cambridge International AS & A Level,A Level,Paper 4 Global Themes,9696/4,90,60,25
14 Disease and geography,"14.2 Pathogenic diseases, their spread and impacts",14.2.1 Influenza (flu) as an example of a viral disease: Detailed specific example of the strategies used by one country to prevent and control influenza (flu).,Geography,Cambridge Assessment International Education,Cambridge International AS & A Level,A Level,Paper 4 Global Themes,9696/4,90,60,25
14 Disease and geography,"14.2 Pathogenic diseases, their spread and impacts","14.2.2 Cholera as an example of a bacterial disease: Transmission, threat to populations and distribution: how cholera is transmitted and factors influencing its spread; prevalence and risk factors of cholera; global distribution and spatial variation of cholera; the potential risks of cholera spread following disaster events; social and economic impacts of cholera.",Geography,Cambridge Assessment International Education,Cambridge International AS & A Level,A Level,Paper 4 Global Themes,9696/4,90,60,25
14 Disease and geography,"14.2 Pathogenic diseases, their spread and impacts",14.2.2 Cholera as an example of a bacterial disease: Detailed specific example of the strategies used by one country to prevent and control cholera.,Geography,Cambridge Assessment International Education,Cambridge International AS & A Level,A Level,Paper 4 Global Themes,9696/4,90,60,25
14 Disease and geography,"14.2 Pathogenic diseases, their spread and impacts","14.2.3 Malaria as an example of a parasitic disease spread by a vector (mosquito): Transmission, threat to populations and distribution: how malaria is transmitted and factors influencing its spread; prevalence and risk factors of malaria; global distribution and spatial variation of malaria and spread due to changing environmental conditions; social and economic impacts of malaria.",Geography,Cambridge Assessment International Education,Cambridge International AS & A Level,A Level,Paper 4 Global Themes,9696/4,90,60,25
14 Disease and geography,"14.2 Pathogenic diseases, their spread and impacts",14.2.3 Malaria as an example of a parasitic disease spread by a vector (mosquito): Detailed specific example of the strategies used by one country to prevent and control malaria.,Geography,Cambridge Assessment International Education,Cambridge International AS & A Level,A Level,Paper 4 Global Themes,9696/4,90,60,25
14 Disease and geography,14.3 Monitoring and response to pathogenic diseases,"14.3.1 Monitoring disease to manage public health emergencies: Factors that influence effective disease monitoring: cost-effective testing, access and scalability of testing technology, access to patients, data accuracy, disclosure and patient confidentiality, international relations (collaboration).",Geography,Cambridge Assessment International Education,Cambridge International AS & A Level,A Level,Paper 4 Global Themes,9696/4,90,60,25
14 Disease and geography,14.3 Monitoring and response to pathogenic diseases,"14.3.1 Monitoring disease to manage public health emergencies: Controls of disease: vaccines, education, sanitation infrastructure, low-tech solutions (mosquito nets, face masks).",Geography,Cambridge Assessment International Education,Cambridge International AS & A Level,A Level,Paper 4 Global Themes,9696/4,90,60,25
14 Disease and geography,14.3 Monitoring and response to pathogenic diseases,"14.3.2 Responses to disease outbreaks: Factors influencing an effective response to disease outbreaks: environmental, social, economic, political.",Geography,Cambridge Assessment International Education,Cambridge International AS & A Level,A Level,Paper 4 Global Themes,9696/4,90,60,25
14 Disease and geography,14.3 Monitoring and response to pathogenic diseases,14.3.3 Detailed specific examples of two contrasting countries’ responses to one pandemic since 2000: Similarities and differences in responses to the pandemic.,Geography,Cambridge Assessment International Education,Cambridge International AS & A Level,A Level,Paper 4 Global Themes,9696/4,90,60,25
14 Disease and geography,14.3 Monitoring and response to pathogenic diseases,"14.3.3 Detailed specific examples of two contrasting countries’ responses to one pandemic since 2000: Factors (environmental, social, economic, political) influencing effective responses.",Geography,Cambridge Assessment International Education,Cambridge International AS & A Level,A Level,Paper 4 Global Themes,9696/4,90,60,25
14 Disease and geography,14.3 Monitoring and response to pathogenic diseases,"14.3.4 Critical evaluation of a global programme to eradicate one pathogenic disease (any disease may be chosen): with reference to environmental, social, economic or political reasons for potential re-emergence.",Geography,Cambridge Assessment International Education,Cambridge International AS & A Level,A Level,Paper 4 Global Themes,9696/4,90,60,25
