Main Topic,Subtopic,Learning Outcome,Subject,Exam Board,Qualification,Level,Component Name,Paper Code,Duration (min),Total Marks,Weighting (%)
Biological,Main assumptions of the biological,"Behaviour, cognitions and emotions can be explained in terms of the working of the brain and the effect of hormones, genetics and evolution.",Psychology,Cambridge Assessment International Education,Cambridge International AS & A Level,AS Level,"Paper 1: Approaches, Issues and Debates",9990/1,90,60,50
Biological,Main assumptions of the biological,Similarities and differences between people can be understood in terms of biological factors and their interaction with other factors.,Psychology,Cambridge Assessment International Education,Cambridge International AS & A Level,AS Level,"Paper 1: Approaches, Issues and Debates",9990/1,90,60,50
Biological,Dement and Kleitman (sleep and dreams),the background to the study,Psychology,Cambridge Assessment International Education,Cambridge International AS & A Level,AS Level,"Paper 1: Approaches, Issues and Debates",9990/1,90,60,50
Biological,Dement and Kleitman (sleep and dreams),the aim(s) of the study,Psychology,Cambridge Assessment International Education,Cambridge International AS & A Level,AS Level,"Paper 1: Approaches, Issues and Debates",9990/1,90,60,50
Biological,Dement and Kleitman (sleep and dreams),"the procedure of the study, including all methodology as appropriate, such as the research methods used, sample size and demographics [if known] and sampling technique [if known], experimental design, controls, question types, research technique for data collection and measured and manipulated variables",Psychology,Cambridge Assessment International Education,Cambridge International AS & A Level,AS Level,"Paper 1: Approaches, Issues and Debates",9990/1,90,60,50
Biological,Dement and Kleitman (sleep and dreams),the ethical issues relating to the study,Psychology,Cambridge Assessment International Education,Cambridge International AS & A Level,AS Level,"Paper 1: Approaches, Issues and Debates",9990/1,90,60,50
Biological,Dement and Kleitman (sleep and dreams),"the results of the study, including the main/significant quantitative findings, the main qualitative findings and how they are or could be represented and interpreted",Psychology,Cambridge Assessment International Education,Cambridge International AS & A Level,AS Level,"Paper 1: Approaches, Issues and Debates",9990/1,90,60,50
Biological,Dement and Kleitman (sleep and dreams),the conclusion(s) the psychologist(s) drew or that could be drawn from the study,Psychology,Cambridge Assessment International Education,Cambridge International AS & A Level,AS Level,"Paper 1: Approaches, Issues and Debates",9990/1,90,60,50
Biological,Dement and Kleitman (sleep and dreams),the strengths and weaknesses of all elements of the study.,Psychology,Cambridge Assessment International Education,Cambridge International AS & A Level,AS Level,"Paper 1: Approaches, Issues and Debates",9990/1,90,60,50
Biological,Dement and Kleitman (sleep and dreams),describe and evaluate the methodology used,Psychology,Cambridge Assessment International Education,Cambridge International AS & A Level,AS Level,"Paper 1: Approaches, Issues and Debates",9990/1,90,60,50
Biological,Dement and Kleitman (sleep and dreams),consider how the study relates to psychological issues and debates.,Psychology,Cambridge Assessment International Education,Cambridge International AS & A Level,AS Level,"Paper 1: Approaches, Issues and Debates",9990/1,90,60,50
Biological,Dement and Kleitman (sleep and dreams),the psychology being investigated includes: sleep; dreaming; ultradian rhythms,Psychology,Cambridge Assessment International Education,Cambridge International AS & A Level,AS Level,"Paper 1: Approaches, Issues and Debates",9990/1,90,60,50
Biological,Hassett et al. (monkey toy preferences),the background to the study,Psychology,Cambridge Assessment International Education,Cambridge International AS & A Level,AS Level,"Paper 1: Approaches, Issues and Debates",9990/1,90,60,50
Biological,Hassett et al. (monkey toy preferences),the aim(s) of the study,Psychology,Cambridge Assessment International Education,Cambridge International AS & A Level,AS Level,"Paper 1: Approaches, Issues and Debates",9990/1,90,60,50
Biological,Hassett et al. (monkey toy preferences),"the procedure of the study, including all methodology as appropriate, such as the research methods used, sample size and demographics [if known] and sampling technique [if known], experimental design, controls, question types, research technique for data collection and measured and manipulated variables",Psychology,Cambridge Assessment International Education,Cambridge International AS & A Level,AS Level,"Paper 1: Approaches, Issues and Debates",9990/1,90,60,50
Biological,Hassett et al. (monkey toy preferences),the ethical issues relating to the study,Psychology,Cambridge Assessment International Education,Cambridge International AS & A Level,AS Level,"Paper 1: Approaches, Issues and Debates",9990/1,90,60,50
Biological,Hassett et al. (monkey toy preferences),"the results of the study, including the main/significant quantitative findings, the main qualitative findings and how they are or could be represented and interpreted",Psychology,Cambridge Assessment International Education,Cambridge International AS & A Level,AS Level,"Paper 1: Approaches, Issues and Debates",9990/1,90,60,50
Biological,Hassett et al. (monkey toy preferences),the conclusion(s) the psychologist(s) drew or that could be drawn from the study,Psychology,Cambridge Assessment International Education,Cambridge International AS & A Level,AS Level,"Paper 1: Approaches, Issues and Debates",9990/1,90,60,50
Biological,Hassett et al. (monkey toy preferences),the strengths and weaknesses of all elements of the study.,Psychology,Cambridge Assessment International Education,Cambridge International AS & A Level,AS Level,"Paper 1: Approaches, Issues and Debates",9990/1,90,60,50
Biological,Hassett et al. (monkey toy preferences),describe and evaluate the methodology used,Psychology,Cambridge Assessment International Education,Cambridge International AS & A Level,AS Level,"Paper 1: Approaches, Issues and Debates",9990/1,90,60,50
Biological,Hassett et al. (monkey toy preferences),consider how the study relates to psychological issues and debates.,Psychology,Cambridge Assessment International Education,Cambridge International AS & A Level,AS Level,"Paper 1: Approaches, Issues and Debates",9990/1,90,60,50
Biological,Hassett et al. (monkey toy preferences),the psychology being investigated includes: sex differences; socialisation; play; the role of hormones,Psychology,Cambridge Assessment International Education,Cambridge International AS & A Level,AS Level,"Paper 1: Approaches, Issues and Debates",9990/1,90,60,50
Biological,Hölzel et al. (mindfulness and brain scans),the background to the study,Psychology,Cambridge Assessment International Education,Cambridge International AS & A Level,AS Level,"Paper 1: Approaches, Issues and Debates",9990/1,90,60,50
Biological,Hölzel et al. (mindfulness and brain scans),the aim(s) of the study,Psychology,Cambridge Assessment International Education,Cambridge International AS & A Level,AS Level,"Paper 1: Approaches, Issues and Debates",9990/1,90,60,50
Biological,Hölzel et al. (mindfulness and brain scans),"the procedure of the study, including all methodology as appropriate, such as the research methods used, sample size and demographics [if known] and sampling technique [if known], experimental design, controls, question types, research technique for data collection and measured and manipulated variables",Psychology,Cambridge Assessment International Education,Cambridge International AS & A Level,AS Level,"Paper 1: Approaches, Issues and Debates",9990/1,90,60,50
Biological,Hölzel et al. (mindfulness and brain scans),the ethical issues relating to the study,Psychology,Cambridge Assessment International Education,Cambridge International AS & A Level,AS Level,"Paper 1: Approaches, Issues and Debates",9990/1,90,60,50
Biological,Hölzel et al. (mindfulness and brain scans),"the results of the study, including the main/significant quantitative findings, the main qualitative findings and how they are or could be represented and interpreted",Psychology,Cambridge Assessment International Education,Cambridge International AS & A Level,AS Level,"Paper 1: Approaches, Issues and Debates",9990/1,90,60,50
Biological,Hölzel et al. (mindfulness and brain scans),the conclusion(s) the psychologist(s) drew or that could be drawn from the study,Psychology,Cambridge Assessment International Education,Cambridge International AS & A Level,AS Level,"Paper 1: Approaches, Issues and Debates",9990/1,90,60,50
Biological,Hölzel et al. (mindfulness and brain scans),the strengths and weaknesses of all elements of the study.,Psychology,Cambridge Assessment International Education,Cambridge International AS & A Level,AS Level,"Paper 1: Approaches, Issues and Debates",9990/1,90,60,50
Biological,Hölzel et al. (mindfulness and brain scans),describe and evaluate the methodology used,Psychology,Cambridge Assessment International Education,Cambridge International AS & A Level,AS Level,"Paper 1: Approaches, Issues and Debates",9990/1,90,60,50
Biological,Hölzel et al. (mindfulness and brain scans),consider how the study relates to psychological issues and debates.,Psychology,Cambridge Assessment International Education,Cambridge International AS & A Level,AS Level,"Paper 1: Approaches, Issues and Debates",9990/1,90,60,50
Biological,Hölzel et al. (mindfulness and brain scans),the psychology being investigated includes: mindfulness; localisation of function,Psychology,Cambridge Assessment International Education,Cambridge International AS & A Level,AS Level,"Paper 1: Approaches, Issues and Debates",9990/1,90,60,50
Cognitive,Main assumptions of the cognitive,"Information is processed through the same route in all humans: input – process – output, in a similar way to how information is processed by a computer.",Psychology,Cambridge Assessment International Education,Cambridge International AS & A Level,AS Level,"Paper 1: Approaches, Issues and Debates",9990/1,90,60,50
Cognitive,Main assumptions of the cognitive,"People have individual differences in their cognitive processing such as with attention, language, thinking and memory. These processes can also help to explain behaviour and emotion.",Psychology,Cambridge Assessment International Education,Cambridge International AS & A Level,AS Level,"Paper 1: Approaches, Issues and Debates",9990/1,90,60,50
Cognitive,Andrade (doodling),the background to the study,Psychology,Cambridge Assessment International Education,Cambridge International AS & A Level,AS Level,"Paper 1: Approaches, Issues and Debates",9990/1,90,60,50
Cognitive,Andrade (doodling),the aim(s) of the study,Psychology,Cambridge Assessment International Education,Cambridge International AS & A Level,AS Level,"Paper 1: Approaches, Issues and Debates",9990/1,90,60,50
Cognitive,Andrade (doodling),"the procedure of the study, including all methodology as appropriate, such as the research methods used, sample size and demographics [if known] and sampling technique [if known], experimental design, controls, question types, research technique for data collection and measured and manipulated variables",Psychology,Cambridge Assessment International Education,Cambridge International AS & A Level,AS Level,"Paper 1: Approaches, Issues and Debates",9990/1,90,60,50
Cognitive,Andrade (doodling),the ethical issues relating to the study,Psychology,Cambridge Assessment International Education,Cambridge International AS & A Level,AS Level,"Paper 1: Approaches, Issues and Debates",9990/1,90,60,50
Cognitive,Andrade (doodling),"the results of the study, including the main/significant quantitative findings, the main qualitative findings and how they are or could be represented and interpreted",Psychology,Cambridge Assessment International Education,Cambridge International AS & A Level,AS Level,"Paper 1: Approaches, Issues and Debates",9990/1,90,60,50
Cognitive,Andrade (doodling),the conclusion(s) the psychologist(s) drew or that could be drawn from the study,Psychology,Cambridge Assessment International Education,Cambridge International AS & A Level,AS Level,"Paper 1: Approaches, Issues and Debates",9990/1,90,60,50
Cognitive,Andrade (doodling),the strengths and weaknesses of all elements of the study.,Psychology,Cambridge Assessment International Education,Cambridge International AS & A Level,AS Level,"Paper 1: Approaches, Issues and Debates",9990/1,90,60,50
Cognitive,Andrade (doodling),describe and evaluate the methodology used,Psychology,Cambridge Assessment International Education,Cambridge International AS & A Level,AS Level,"Paper 1: Approaches, Issues and Debates",9990/1,90,60,50
Cognitive,Andrade (doodling),consider how the study relates to psychological issues and debates.,Psychology,Cambridge Assessment International Education,Cambridge International AS & A Level,AS Level,"Paper 1: Approaches, Issues and Debates",9990/1,90,60,50
Cognitive,Andrade (doodling),the psychology being investigated includes: attention; memory,Psychology,Cambridge Assessment International Education,Cambridge International AS & A Level,AS Level,"Paper 1: Approaches, Issues and Debates",9990/1,90,60,50
Cognitive,Baron-Cohen et al. (eyes test),the background to the study,Psychology,Cambridge Assessment International Education,Cambridge International AS & A Level,AS Level,"Paper 1: Approaches, Issues and Debates",9990/1,90,60,50
Cognitive,Baron-Cohen et al. (eyes test),the aim(s) of the study,Psychology,Cambridge Assessment International Education,Cambridge International AS & A Level,AS Level,"Paper 1: Approaches, Issues and Debates",9990/1,90,60,50
Cognitive,Baron-Cohen et al. (eyes test),"the procedure of the study, including all methodology as appropriate, such as the research methods used, sample size and demographics [if known] and sampling technique [if known], experimental design, controls, question types, research technique for data collection and measured and manipulated variables",Psychology,Cambridge Assessment International Education,Cambridge International AS & A Level,AS Level,"Paper 1: Approaches, Issues and Debates",9990/1,90,60,50
Cognitive,Baron-Cohen et al. (eyes test),the ethical issues relating to the study,Psychology,Cambridge Assessment International Education,Cambridge International AS & A Level,AS Level,"Paper 1: Approaches, Issues and Debates",9990/1,90,60,50
Cognitive,Baron-Cohen et al. (eyes test),"the results of the study, including the main/significant quantitative findings, the main qualitative findings and how they are or could be represented and interpreted",Psychology,Cambridge Assessment International Education,Cambridge International AS & A Level,AS Level,"Paper 1: Approaches, Issues and Debates",9990/1,90,60,50
Cognitive,Baron-Cohen et al. (eyes test),the conclusion(s) the psychologist(s) drew or that could be drawn from the study,Psychology,Cambridge Assessment International Education,Cambridge International AS & A Level,AS Level,"Paper 1: Approaches, Issues and Debates",9990/1,90,60,50
Cognitive,Baron-Cohen et al. (eyes test),the strengths and weaknesses of all elements of the study.,Psychology,Cambridge Assessment International Education,Cambridge International AS & A Level,AS Level,"Paper 1: Approaches, Issues and Debates",9990/1,90,60,50
Cognitive,Baron-Cohen et al. (eyes test),describe and evaluate the methodology used,Psychology,Cambridge Assessment International Education,Cambridge International AS & A Level,AS Level,"Paper 1: Approaches, Issues and Debates",9990/1,90,60,50
Cognitive,Baron-Cohen et al. (eyes test),consider how the study relates to psychological issues and debates.,Psychology,Cambridge Assessment International Education,Cambridge International AS & A Level,AS Level,"Paper 1: Approaches, Issues and Debates",9990/1,90,60,50
Cognitive,Baron-Cohen et al. (eyes test),the psychology being investigated includes: theory of mind; social sensitivity,Psychology,Cambridge Assessment International Education,Cambridge International AS & A Level,AS Level,"Paper 1: Approaches, Issues and Debates",9990/1,90,60,50
Cognitive,Pozzulo et al. (line-ups),the background to the study,Psychology,Cambridge Assessment International Education,Cambridge International AS & A Level,AS Level,"Paper 1: Approaches, Issues and Debates",9990/1,90,60,50
Cognitive,Pozzulo et al. (line-ups),the aim(s) of the study,Psychology,Cambridge Assessment International Education,Cambridge International AS & A Level,AS Level,"Paper 1: Approaches, Issues and Debates",9990/1,90,60,50
Cognitive,Pozzulo et al. (line-ups),"the procedure of the study, including all methodology as appropriate, such as the research methods used, sample size and demographics [if known] and sampling technique [if known], experimental design, controls, question types, research technique for data collection and measured and manipulated variables",Psychology,Cambridge Assessment International Education,Cambridge International AS & A Level,AS Level,"Paper 1: Approaches, Issues and Debates",9990/1,90,60,50
Cognitive,Pozzulo et al. (line-ups),the ethical issues relating to the study,Psychology,Cambridge Assessment International Education,Cambridge International AS & A Level,AS Level,"Paper 1: Approaches, Issues and Debates",9990/1,90,60,50
Cognitive,Pozzulo et al. (line-ups),"the results of the study, including the main/significant quantitative findings, the main qualitative findings and how they are or could be represented and interpreted",Psychology,Cambridge Assessment International Education,Cambridge International AS & A Level,AS Level,"Paper 1: Approaches, Issues and Debates",9990/1,90,60,50
Cognitive,Pozzulo et al. (line-ups),the conclusion(s) the psychologist(s) drew or that could be drawn from the study,Psychology,Cambridge Assessment International Education,Cambridge International AS & A Level,AS Level,"Paper 1: Approaches, Issues and Debates",9990/1,90,60,50
Cognitive,Pozzulo et al. (line-ups),the strengths and weaknesses of all elements of the study.,Psychology,Cambridge Assessment International Education,Cambridge International AS & A Level,AS Level,"Paper 1: Approaches, Issues and Debates",9990/1,90,60,50
Cognitive,Pozzulo et al. (line-ups),describe and evaluate the methodology used,Psychology,Cambridge Assessment International Education,Cambridge International AS & A Level,AS Level,"Paper 1: Approaches, Issues and Debates",9990/1,90,60,50
Cognitive,Pozzulo et al. (line-ups),consider how the study relates to psychological issues and debates.,Psychology,Cambridge Assessment International Education,Cambridge International AS & A Level,AS Level,"Paper 1: Approaches, Issues and Debates",9990/1,90,60,50
Cognitive,Pozzulo et al. (line-ups),the psychology being investigated includes: false positive responses; eyewitness testimony,Psychology,Cambridge Assessment International Education,Cambridge International AS & A Level,AS Level,"Paper 1: Approaches, Issues and Debates",9990/1,90,60,50
Learning,Main assumptions of the learning,We all begin life as a blank slate. Experiences and interactions with the environment shape our behaviour and these changes are directly observable.,Psychology,Cambridge Assessment International Education,Cambridge International AS & A Level,AS Level,"Paper 1: Approaches, Issues and Debates",9990/1,90,60,50
Learning,Main assumptions of the learning,"We learn through the processes of operant conditioning, classical conditioning and social learning. This can be understood using the stimulus-response model.",Psychology,Cambridge Assessment International Education,Cambridge International AS & A Level,AS Level,"Paper 1: Approaches, Issues and Debates",9990/1,90,60,50
Learning,Bandura et al. (aggression),the background to the study,Psychology,Cambridge Assessment International Education,Cambridge International AS & A Level,AS Level,"Paper 1: Approaches, Issues and Debates",9990/1,90,60,50
Learning,Bandura et al. (aggression),the aim(s) of the study,Psychology,Cambridge Assessment International Education,Cambridge International AS & A Level,AS Level,"Paper 1: Approaches, Issues and Debates",9990/1,90,60,50
Learning,Bandura et al. (aggression),"the procedure of the study, including all methodology as appropriate, such as the research methods used, sample size and demographics [if known] and sampling technique [if known], experimental design, controls, question types, research technique for data collection and measured and manipulated variables",Psychology,Cambridge Assessment International Education,Cambridge International AS & A Level,AS Level,"Paper 1: Approaches, Issues and Debates",9990/1,90,60,50
Learning,Bandura et al. (aggression),the ethical issues relating to the study,Psychology,Cambridge Assessment International Education,Cambridge International AS & A Level,AS Level,"Paper 1: Approaches, Issues and Debates",9990/1,90,60,50
Learning,Bandura et al. (aggression),"the results of the study, including the main/significant quantitative findings, the main qualitative findings and how they are or could be represented and interpreted",Psychology,Cambridge Assessment International Education,Cambridge International AS & A Level,AS Level,"Paper 1: Approaches, Issues and Debates",9990/1,90,60,50
Learning,Bandura et al. (aggression),the conclusion(s) the psychologist(s) drew or that could be drawn from the study,Psychology,Cambridge Assessment International Education,Cambridge International AS & A Level,AS Level,"Paper 1: Approaches, Issues and Debates",9990/1,90,60,50
Learning,Bandura et al. (aggression),the strengths and weaknesses of all elements of the study.,Psychology,Cambridge Assessment International Education,Cambridge International AS & A Level,AS Level,"Paper 1: Approaches, Issues and Debates",9990/1,90,60,50
Learning,Bandura et al. (aggression),describe and evaluate the methodology used,Psychology,Cambridge Assessment International Education,Cambridge International AS & A Level,AS Level,"Paper 1: Approaches, Issues and Debates",9990/1,90,60,50
Learning,Bandura et al. (aggression),consider how the study relates to psychological issues and debates.,Psychology,Cambridge Assessment International Education,Cambridge International AS & A Level,AS Level,"Paper 1: Approaches, Issues and Debates",9990/1,90,60,50
Learning,Bandura et al. (aggression),the psychology being investigated includes: social learning theory; aggression,Psychology,Cambridge Assessment International Education,Cambridge International AS & A Level,AS Level,"Paper 1: Approaches, Issues and Debates",9990/1,90,60,50
Learning,Fagen et al. (elephant learning),the background to the study,Psychology,Cambridge Assessment International Education,Cambridge International AS & A Level,AS Level,"Paper 1: Approaches, Issues and Debates",9990/1,90,60,50
Learning,Fagen et al. (elephant learning),the aim(s) of the study,Psychology,Cambridge Assessment International Education,Cambridge International AS & A Level,AS Level,"Paper 1: Approaches, Issues and Debates",9990/1,90,60,50
Learning,Fagen et al. (elephant learning),"the procedure of the study, including all methodology as appropriate, such as the research methods used, sample size and demographics [if known] and sampling technique [if known], experimental design, controls, question types, research technique for data collection and measured and manipulated variables",Psychology,Cambridge Assessment International Education,Cambridge International AS & A Level,AS Level,"Paper 1: Approaches, Issues and Debates",9990/1,90,60,50
Learning,Fagen et al. (elephant learning),the ethical issues relating to the study,Psychology,Cambridge Assessment International Education,Cambridge International AS & A Level,AS Level,"Paper 1: Approaches, Issues and Debates",9990/1,90,60,50
Learning,Fagen et al. (elephant learning),"the results of the study, including the main/significant quantitative findings, the main qualitative findings and how they are or could be represented and interpreted",Psychology,Cambridge Assessment International Education,Cambridge International AS & A Level,AS Level,"Paper 1: Approaches, Issues and Debates",9990/1,90,60,50
Learning,Fagen et al. (elephant learning),the conclusion(s) the psychologist(s) drew or that could be drawn from the study,Psychology,Cambridge Assessment International Education,Cambridge International AS & A Level,AS Level,"Paper 1: Approaches, Issues and Debates",9990/1,90,60,50
Learning,Fagen et al. (elephant learning),the strengths and weaknesses of all elements of the study.,Psychology,Cambridge Assessment International Education,Cambridge International AS & A Level,AS Level,"Paper 1: Approaches, Issues and Debates",9990/1,90,60,50
Learning,Fagen et al. (elephant learning),describe and evaluate the methodology used,Psychology,Cambridge Assessment International Education,Cambridge International AS & A Level,AS Level,"Paper 1: Approaches, Issues and Debates",9990/1,90,60,50
Learning,Fagen et al. (elephant learning),consider how the study relates to psychological issues and debates.,Psychology,Cambridge Assessment International Education,Cambridge International AS & A Level,AS Level,"Paper 1: Approaches, Issues and Debates",9990/1,90,60,50
Learning,Fagen et al. (elephant learning),"the psychology being investigated includes: operant conditioning; reinforcement (positive, negative, primary and secondary); shaping; behavioural chaining",Psychology,Cambridge Assessment International Education,Cambridge International AS & A Level,AS Level,"Paper 1: Approaches, Issues and Debates",9990/1,90,60,50
Learning,Saavedra and Silverman (button phobia),the background to the study,Psychology,Cambridge Assessment International Education,Cambridge International AS & A Level,AS Level,"Paper 1: Approaches, Issues and Debates",9990/1,90,60,50
Learning,Saavedra and Silverman (button phobia),the aim(s) of the study,Psychology,Cambridge Assessment International Education,Cambridge International AS & A Level,AS Level,"Paper 1: Approaches, Issues and Debates",9990/1,90,60,50
Learning,Saavedra and Silverman (button phobia),"the procedure of the study, including all methodology as appropriate, such as the research methods used, sample size and demographics [if known] and sampling technique [if known], experimental design, controls, question types, research technique for data collection and measured and manipulated variables",Psychology,Cambridge Assessment International Education,Cambridge International AS & A Level,AS Level,"Paper 1: Approaches, Issues and Debates",9990/1,90,60,50
Learning,Saavedra and Silverman (button phobia),the ethical issues relating to the study,Psychology,Cambridge Assessment International Education,Cambridge International AS & A Level,AS Level,"Paper 1: Approaches, Issues and Debates",9990/1,90,60,50
Learning,Saavedra and Silverman (button phobia),"the results of the study, including the main/significant quantitative findings, the main qualitative findings and how they are or could be represented and interpreted",Psychology,Cambridge Assessment International Education,Cambridge International AS & A Level,AS Level,"Paper 1: Approaches, Issues and Debates",9990/1,90,60,50
Learning,Saavedra and Silverman (button phobia),the conclusion(s) the psychologist(s) drew or that could be drawn from the study,Psychology,Cambridge Assessment International Education,Cambridge International AS & A Level,AS Level,"Paper 1: Approaches, Issues and Debates",9990/1,90,60,50
Learning,Saavedra and Silverman (button phobia),the strengths and weaknesses of all elements of the study.,Psychology,Cambridge Assessment International Education,Cambridge International AS & A Level,AS Level,"Paper 1: Approaches, Issues and Debates",9990/1,90,60,50
Learning,Saavedra and Silverman (button phobia),describe and evaluate the methodology used,Psychology,Cambridge Assessment International Education,Cambridge International AS & A Level,AS Level,"Paper 1: Approaches, Issues and Debates",9990/1,90,60,50
Learning,Saavedra and Silverman (button phobia),consider how the study relates to psychological issues and debates.,Psychology,Cambridge Assessment International Education,Cambridge International AS & A Level,AS Level,"Paper 1: Approaches, Issues and Debates",9990/1,90,60,50
Learning,Saavedra and Silverman (button phobia),the psychology being investigated includes: evaluative learning; operant conditioning; classical conditioning; phobias,Psychology,Cambridge Assessment International Education,Cambridge International AS & A Level,AS Level,"Paper 1: Approaches, Issues and Debates",9990/1,90,60,50
Social,Main assumptions of the social,"Behaviour, cognitions and emotions are influenced by social contexts, social environments and groups.",Psychology,Cambridge Assessment International Education,Cambridge International AS & A Level,AS Level,"Paper 1: Approaches, Issues and Debates",9990/1,90,60,50
Social,Main assumptions of the social,"Behaviour, cognitions and emotions are influenced by the actual, implied or imagined presence of others.",Psychology,Cambridge Assessment International Education,Cambridge International AS & A Level,AS Level,"Paper 1: Approaches, Issues and Debates",9990/1,90,60,50
Social,Milgram (obedience),the background to the study,Psychology,Cambridge Assessment International Education,Cambridge International AS & A Level,AS Level,"Paper 1: Approaches, Issues and Debates",9990/1,90,60,50
Social,Milgram (obedience),the aim(s) of the study,Psychology,Cambridge Assessment International Education,Cambridge International AS & A Level,AS Level,"Paper 1: Approaches, Issues and Debates",9990/1,90,60,50
Social,Milgram (obedience),"the procedure of the study, including all methodology as appropriate, such as the research methods used, sample size and demographics [if known] and sampling technique [if known], experimental design, controls, question types, research technique for data collection and measured and manipulated variables",Psychology,Cambridge Assessment International Education,Cambridge International AS & A Level,AS Level,"Paper 1: Approaches, Issues and Debates",9990/1,90,60,50
Social,Milgram (obedience),the ethical issues relating to the study,Psychology,Cambridge Assessment International Education,Cambridge International AS & A Level,AS Level,"Paper 1: Approaches, Issues and Debates",9990/1,90,60,50
Social,Milgram (obedience),"the results of the study, including the main/significant quantitative findings, the main qualitative findings and how they are or could be represented and interpreted",Psychology,Cambridge Assessment International Education,Cambridge International AS & A Level,AS Level,"Paper 1: Approaches, Issues and Debates",9990/1,90,60,50
Social,Milgram (obedience),the conclusion(s) the psychologist(s) drew or that could be drawn from the study,Psychology,Cambridge Assessment International Education,Cambridge International AS & A Level,AS Level,"Paper 1: Approaches, Issues and Debates",9990/1,90,60,50
Social,Milgram (obedience),the strengths and weaknesses of all elements of the study.,Psychology,Cambridge Assessment International Education,Cambridge International AS & A Level,AS Level,"Paper 1: Approaches, Issues and Debates",9990/1,90,60,50
Social,Milgram (obedience),describe and evaluate the methodology used,Psychology,Cambridge Assessment International Education,Cambridge International AS & A Level,AS Level,"Paper 1: Approaches, Issues and Debates",9990/1,90,60,50
Social,Milgram (obedience),consider how the study relates to psychological issues and debates.,Psychology,Cambridge Assessment International Education,Cambridge International AS & A Level,AS Level,"Paper 1: Approaches, Issues and Debates",9990/1,90,60,50
Social,Milgram (obedience),the psychology being investigated includes: obedience; social pressure,Psychology,Cambridge Assessment International Education,Cambridge International AS & A Level,AS Level,"Paper 1: Approaches, Issues and Debates",9990/1,90,60,50
Social,Perry et al. (personal space),the background to the study,Psychology,Cambridge Assessment International Education,Cambridge International AS & A Level,AS Level,"Paper 1: Approaches, Issues and Debates",9990/1,90,60,50
Social,Perry et al. (personal space),the aim(s) of the study,Psychology,Cambridge Assessment International Education,Cambridge International AS & A Level,AS Level,"Paper 1: Approaches, Issues and Debates",9990/1,90,60,50
Social,Perry et al. (personal space),"the procedure of the study, including all methodology as appropriate, such as the research methods used, sample size and demographics [if known] and sampling technique [if known], experimental design, controls, question types, research technique for data collection and measured and manipulated variables",Psychology,Cambridge Assessment International Education,Cambridge International AS & A Level,AS Level,"Paper 1: Approaches, Issues and Debates",9990/1,90,60,50
Social,Perry et al. (personal space),the ethical issues relating to the study,Psychology,Cambridge Assessment International Education,Cambridge International AS & A Level,AS Level,"Paper 1: Approaches, Issues and Debates",9990/1,90,60,50
Social,Perry et al. (personal space),"the results of the study, including the main/significant quantitative findings, the main qualitative findings and how they are or could be represented and interpreted",Psychology,Cambridge Assessment International Education,Cambridge International AS & A Level,AS Level,"Paper 1: Approaches, Issues and Debates",9990/1,90,60,50
Social,Perry et al. (personal space),the conclusion(s) the psychologist(s) drew or that could be drawn from the study,Psychology,Cambridge Assessment International Education,Cambridge International AS & A Level,AS Level,"Paper 1: Approaches, Issues and Debates",9990/1,90,60,50
Social,Perry et al. (personal space),the strengths and weaknesses of all elements of the study.,Psychology,Cambridge Assessment International Education,Cambridge International AS & A Level,AS Level,"Paper 1: Approaches, Issues and Debates",9990/1,90,60,50
Social,Perry et al. (personal space),describe and evaluate the methodology used,Psychology,Cambridge Assessment International Education,Cambridge International AS & A Level,AS Level,"Paper 1: Approaches, Issues and Debates",9990/1,90,60,50
Social,Perry et al. (personal space),consider how the study relates to psychological issues and debates.,Psychology,Cambridge Assessment International Education,Cambridge International AS & A Level,AS Level,"Paper 1: Approaches, Issues and Debates",9990/1,90,60,50
Social,Perry et al. (personal space),the psychology being investigated includes: interpersonal distance (personal space); social hormones; empathy,Psychology,Cambridge Assessment International Education,Cambridge International AS & A Level,AS Level,"Paper 1: Approaches, Issues and Debates",9990/1,90,60,50
Social,Piliavin et al. (subway Samaritans),the background to the study,Psychology,Cambridge Assessment International Education,Cambridge International AS & A Level,AS Level,"Paper 1: Approaches, Issues and Debates",9990/1,90,60,50
Social,Piliavin et al. (subway Samaritans),the aim(s) of the study,Psychology,Cambridge Assessment International Education,Cambridge International AS & A Level,AS Level,"Paper 1: Approaches, Issues and Debates",9990/1,90,60,50
Social,Piliavin et al. (subway Samaritans),"the procedure of the study, including all methodology as appropriate, such as the research methods used, sample size and demographics [if known] and sampling technique [if known], experimental design, controls, question types, research technique for data collection and measured and manipulated variables",Psychology,Cambridge Assessment International Education,Cambridge International AS & A Level,AS Level,"Paper 1: Approaches, Issues and Debates",9990/1,90,60,50
Social,Piliavin et al. (subway Samaritans),the ethical issues relating to the study,Psychology,Cambridge Assessment International Education,Cambridge International AS & A Level,AS Level,"Paper 1: Approaches, Issues and Debates",9990/1,90,60,50
Social,Piliavin et al. (subway Samaritans),"the results of the study, including the main/significant quantitative findings, the main qualitative findings and how they are or could be represented and interpreted",Psychology,Cambridge Assessment International Education,Cambridge International AS & A Level,AS Level,"Paper 1: Approaches, Issues and Debates",9990/1,90,60,50
Social,Piliavin et al. (subway Samaritans),the conclusion(s) the psychologist(s) drew or that could be drawn from the study,Psychology,Cambridge Assessment International Education,Cambridge International AS & A Level,AS Level,"Paper 1: Approaches, Issues and Debates",9990/1,90,60,50
Social,Piliavin et al. (subway Samaritans),the strengths and weaknesses of all elements of the study.,Psychology,Cambridge Assessment International Education,Cambridge International AS & A Level,AS Level,"Paper 1: Approaches, Issues and Debates",9990/1,90,60,50
Social,Piliavin et al. (subway Samaritans),describe and evaluate the methodology used,Psychology,Cambridge Assessment International Education,Cambridge International AS & A Level,AS Level,"Paper 1: Approaches, Issues and Debates",9990/1,90,60,50
Social,Piliavin et al. (subway Samaritans),consider how the study relates to psychological issues and debates.,Psychology,Cambridge Assessment International Education,Cambridge International AS & A Level,AS Level,"Paper 1: Approaches, Issues and Debates",9990/1,90,60,50
Social,Piliavin et al. (subway Samaritans),the psychology being investigated includes: bystander apathy; diffusion of responsibility,Psychology,Cambridge Assessment International Education,Cambridge International AS & A Level,AS Level,"Paper 1: Approaches, Issues and Debates",9990/1,90,60,50
AS Level issues and debates,,the application of psychology to everyday life,Psychology,Cambridge Assessment International Education,Cambridge International AS & A Level,AS Level,"Paper 1: Approaches, Issues and Debates",9990/1,90,60,50
AS Level issues and debates,,individual and situational explanations,Psychology,Cambridge Assessment International Education,Cambridge International AS & A Level,AS Level,"Paper 1: Approaches, Issues and Debates",9990/1,90,60,50
AS Level issues and debates,,nature versus nurture,Psychology,Cambridge Assessment International Education,Cambridge International AS & A Level,AS Level,"Paper 1: Approaches, Issues and Debates",9990/1,90,60,50
AS Level issues and debates,,the use of children in psychological research,Psychology,Cambridge Assessment International Education,Cambridge International AS & A Level,AS Level,"Paper 1: Approaches, Issues and Debates",9990/1,90,60,50
AS Level issues and debates,,the use of animals in psychological research.,Psychology,Cambridge Assessment International Education,Cambridge International AS & A Level,AS Level,"Paper 1: Approaches, Issues and Debates",9990/1,90,60,50
Research methodology,Experiments,describe the main features of each type of experiment: – laboratory – field,Psychology,Cambridge Assessment International Education,Cambridge International AS & A Level,AS Level,Paper 2: Research Methods,9990/2,90,60,50
Research methodology,Experiments,"evaluate each type of experiment, in terms of: – reliability – validity – ethics",Psychology,Cambridge Assessment International Education,Cambridge International AS & A Level,AS Level,Paper 2: Research Methods,9990/2,90,60,50
Research methodology,Experiments,"describe and evaluate experimental designs as used in psychological research (independent measures, matched pairs and repeated measures)",Psychology,Cambridge Assessment International Education,Cambridge International AS & A Level,AS Level,Paper 2: Research Methods,9990/2,90,60,50
Research methodology,Experiments,"describe and evaluate concepts relating to experimental designs including counterbalancing, random allocation, order effects (fatigue and practice)",Psychology,Cambridge Assessment International Education,Cambridge International AS & A Level,AS Level,Paper 2: Research Methods,9990/2,90,60,50
Research methodology,Experiments,"evaluate the use of experiments in psychological research, including the use of experimental and control groups / control conditions",Psychology,Cambridge Assessment International Education,Cambridge International AS & A Level,AS Level,Paper 2: Research Methods,9990/2,90,60,50
Research methodology,Experiments,apply knowledge of experiments to a given novel research scenario.,Psychology,Cambridge Assessment International Education,Cambridge International AS & A Level,AS Level,Paper 2: Research Methods,9990/2,90,60,50
Research methodology,Self-reports,"describe the main features of each type of self-report: – questionnaire, including technique (paper and pencil / online) and question format (open and closed questions) – interview, including format (structured / unstructured / semi-structured), technique (telephone / face-to-face) and question format (open and closed questions)",Psychology,Cambridge Assessment International Education,Cambridge International AS & A Level,AS Level,Paper 2: Research Methods,9990/2,90,60,50
Research methodology,Self-reports,evaluate the use of self-reports in psychological research,Psychology,Cambridge Assessment International Education,Cambridge International AS & A Level,AS Level,Paper 2: Research Methods,9990/2,90,60,50
Research methodology,Self-reports,apply knowledge of self-reports to a given novel research scenario.,Psychology,Cambridge Assessment International Education,Cambridge International AS & A Level,AS Level,Paper 2: Research Methods,9990/2,90,60,50
Research methodology,Case studies,"describe the case study method, including the main features: a single participant/unit; studied in detail",Psychology,Cambridge Assessment International Education,Cambridge International AS & A Level,AS Level,Paper 2: Research Methods,9990/2,90,60,50
Research methodology,Case studies,evaluate the use of case studies in psychological research,Psychology,Cambridge Assessment International Education,Cambridge International AS & A Level,AS Level,Paper 2: Research Methods,9990/2,90,60,50
Research methodology,Case studies,apply knowledge of case studies to a given novel research scenario.,Psychology,Cambridge Assessment International Education,Cambridge International AS & A Level,AS Level,Paper 2: Research Methods,9990/2,90,60,50
Research methodology,Observations,"describe the main features of an observation (e.g. overt / covert, participant / non-participant, structured / unstructured, naturalistic / controlled)",Psychology,Cambridge Assessment International Education,Cambridge International AS & A Level,AS Level,Paper 2: Research Methods,9990/2,90,60,50
Research methodology,Observations,evaluate the use of observations in psychological research,Psychology,Cambridge Assessment International Education,Cambridge International AS & A Level,AS Level,Paper 2: Research Methods,9990/2,90,60,50
Research methodology,Observations,apply knowledge of observations to a given novel research scenario.,Psychology,Cambridge Assessment International Education,Cambridge International AS & A Level,AS Level,Paper 2: Research Methods,9990/2,90,60,50
Research methodology,Correlations,"describe correlations, positive and negative correlations and strength of correlations",Psychology,Cambridge Assessment International Education,Cambridge International AS & A Level,AS Level,Paper 2: Research Methods,9990/2,90,60,50
Research methodology,Correlations,identify and give operational definitions for co-variables (measured variables),Psychology,Cambridge Assessment International Education,Cambridge International AS & A Level,AS Level,Paper 2: Research Methods,9990/2,90,60,50
Research methodology,Correlations,"evaluate the use of correlations in psychological research, including lack of causality",Psychology,Cambridge Assessment International Education,Cambridge International AS & A Level,AS Level,Paper 2: Research Methods,9990/2,90,60,50
Research methodology,Correlations,apply knowledge of correlations to a given novel research scenario.,Psychology,Cambridge Assessment International Education,Cambridge International AS & A Level,AS Level,Paper 2: Research Methods,9990/2,90,60,50
Research methodology,Longitudinal studies,"describe longitudinal studies, including experiments with longitudinal designs",Psychology,Cambridge Assessment International Education,Cambridge International AS & A Level,AS Level,Paper 2: Research Methods,9990/2,90,60,50
Research methodology,Longitudinal studies,"evaluate the use of longitudinal studies, including experiments with longitudinal designs",Psychology,Cambridge Assessment International Education,Cambridge International AS & A Level,AS Level,Paper 2: Research Methods,9990/2,90,60,50
Research methodology,Longitudinal studies,"apply knowledge of longitudinal studies, including experiments with longitudinal designs, to a given novel research scenario.",Psychology,Cambridge Assessment International Education,Cambridge International AS & A Level,AS Level,Paper 2: Research Methods,9990/2,90,60,50
Research methodology,Aims and hypotheses,describe and write aims,Psychology,Cambridge Assessment International Education,Cambridge International AS & A Level,AS Level,Paper 2: Research Methods,9990/2,90,60,50
Research methodology,Aims and hypotheses,describe and recognise null hypotheses and alternative hypotheses including directional (one-tailed) and non-directional (two-tailed) hypotheses.,Psychology,Cambridge Assessment International Education,Cambridge International AS & A Level,AS Level,Paper 2: Research Methods,9990/2,90,60,50
Research methodology,Variables,describe what is meant by an independent variable and a dependent variable,Psychology,Cambridge Assessment International Education,Cambridge International AS & A Level,AS Level,Paper 2: Research Methods,9990/2,90,60,50
Research methodology,Variables,describe how dependent variables can be measured,Psychology,Cambridge Assessment International Education,Cambridge International AS & A Level,AS Level,Paper 2: Research Methods,9990/2,90,60,50
Research methodology,Variables,identify independent variables and dependent variables in studies,Psychology,Cambridge Assessment International Education,Cambridge International AS & A Level,AS Level,Paper 2: Research Methods,9990/2,90,60,50
Research methodology,Variables,understand what is meant by an ‘operational definition’,Psychology,Cambridge Assessment International Education,Cambridge International AS & A Level,AS Level,Paper 2: Research Methods,9990/2,90,60,50
Research methodology,Variables,operationalise: – an independent variable – a dependent variable,Psychology,Cambridge Assessment International Education,Cambridge International AS & A Level,AS Level,Paper 2: Research Methods,9990/2,90,60,50
Research methodology,Variables,apply knowledge of variables to a novel research situation.,Psychology,Cambridge Assessment International Education,Cambridge International AS & A Level,AS Level,Paper 2: Research Methods,9990/2,90,60,50
Research methodology,Controlling of variables,describe how psychologists can control variables (use ‘controls’) in a study,Psychology,Cambridge Assessment International Education,Cambridge International AS & A Level,AS Level,Paper 2: Research Methods,9990/2,90,60,50
Research methodology,Controlling of variables,understand control of variables / standardisation of a procedure,Psychology,Cambridge Assessment International Education,Cambridge International AS & A Level,AS Level,Paper 2: Research Methods,9990/2,90,60,50
Research methodology,Controlling of variables,"understand uncontrolled, participant and situational variables",Psychology,Cambridge Assessment International Education,Cambridge International AS & A Level,AS Level,Paper 2: Research Methods,9990/2,90,60,50
Research methodology,Controlling of variables,apply knowledge of control of variables (‘controls’) to a novel research situation.,Psychology,Cambridge Assessment International Education,Cambridge International AS & A Level,AS Level,Paper 2: Research Methods,9990/2,90,60,50
Research methodology,Types of data,describe what is meant by quantitative and qualitative data and subjective and objective data,Psychology,Cambridge Assessment International Education,Cambridge International AS & A Level,AS Level,Paper 2: Research Methods,9990/2,90,60,50
Research methodology,Types of data,evaluate the use of types of data as collected in psychological research,Psychology,Cambridge Assessment International Education,Cambridge International AS & A Level,AS Level,Paper 2: Research Methods,9990/2,90,60,50
Research methodology,Types of data,apply knowledge of types of data to a novel research situation.,Psychology,Cambridge Assessment International Education,Cambridge International AS & A Level,AS Level,Paper 2: Research Methods,9990/2,90,60,50
Research methodology,Sampling of participants,"describe what is meant by the sample and population, and the sampling techniques of opportunity sampling, random sampling and volunteer (self-selecting) sampling",Psychology,Cambridge Assessment International Education,Cambridge International AS & A Level,AS Level,Paper 2: Research Methods,9990/2,90,60,50
Research methodology,Sampling of participants,"evaluate different sampling techniques as used in psychological research, including generalisations",Psychology,Cambridge Assessment International Education,Cambridge International AS & A Level,AS Level,Paper 2: Research Methods,9990/2,90,60,50
Research methodology,Sampling of participants,apply knowledge of sampling techniques to a novel research situation.,Psychology,Cambridge Assessment International Education,Cambridge International AS & A Level,AS Level,Paper 2: Research Methods,9990/2,90,60,50
Research methodology,Ethics,"describe ethical guidelines as used in psychological research, in relation to human participants: – minimising harm (and maximising benefit) – valid consent including informed consent – right to withdraw – lack of deception – confidentiality – privacy – debriefing",Psychology,Cambridge Assessment International Education,Cambridge International AS & A Level,AS Level,Paper 2: Research Methods,9990/2,90,60,50
Research methodology,Ethics,"describe ethical guidelines as used in psychological research, in relation to animals: – minimising harm (and maximising benefit) – replacement – species – numbers – procedures ○ pain, suffering and distress ○ housing ○ reward, deprivation and aversive stimuli",Psychology,Cambridge Assessment International Education,Cambridge International AS & A Level,AS Level,Paper 2: Research Methods,9990/2,90,60,50
Research methodology,Ethics,evaluate studies based on ethical guidelines,Psychology,Cambridge Assessment International Education,Cambridge International AS & A Level,AS Level,Paper 2: Research Methods,9990/2,90,60,50
Research methodology,Ethics,apply knowledge of ethical guidelines to a novel research situation.,Psychology,Cambridge Assessment International Education,Cambridge International AS & A Level,AS Level,Paper 2: Research Methods,9990/2,90,60,50
Research methodology,Validity,"describe validity, including ecological validity",Psychology,Cambridge Assessment International Education,Cambridge International AS & A Level,AS Level,Paper 2: Research Methods,9990/2,90,60,50
Research methodology,Validity,evaluate studies based on their validity: – subjectivity / objectivity – demand characteristics – generalisability,Psychology,Cambridge Assessment International Education,Cambridge International AS & A Level,AS Level,Paper 2: Research Methods,9990/2,90,60,50
Research methodology,Validity,apply knowledge of validity to a novel research situation.,Psychology,Cambridge Assessment International Education,Cambridge International AS & A Level,AS Level,Paper 2: Research Methods,9990/2,90,60,50
Research methodology,Reliability and replicability,"describe different types of reliability, including inter-rater and inter-observer reliability, test-retest reliability",Psychology,Cambridge Assessment International Education,Cambridge International AS & A Level,AS Level,Paper 2: Research Methods,9990/2,90,60,50
Research methodology,Reliability and replicability,evaluate studies based on their reliability,Psychology,Cambridge Assessment International Education,Cambridge International AS & A Level,AS Level,Paper 2: Research Methods,9990/2,90,60,50
Research methodology,Reliability and replicability,apply knowledge of reliability to a given novel research situation,Psychology,Cambridge Assessment International Education,Cambridge International AS & A Level,AS Level,Paper 2: Research Methods,9990/2,90,60,50
Research methodology,Reliability and replicability,understand replicability,Psychology,Cambridge Assessment International Education,Cambridge International AS & A Level,AS Level,Paper 2: Research Methods,9990/2,90,60,50
Research methodology,Reliability and replicability,apply understanding of replicability to the planning of studies.,Psychology,Cambridge Assessment International Education,Cambridge International AS & A Level,AS Level,Paper 2: Research Methods,9990/2,90,60,50
Research methodology,Data analysis,present and interpret data in tables,Psychology,Cambridge Assessment International Education,Cambridge International AS & A Level,AS Level,Paper 2: Research Methods,9990/2,90,60,50
Research methodology,Data analysis,understand the meaning of ‘measure of central tendency’,Psychology,Cambridge Assessment International Education,Cambridge International AS & A Level,AS Level,Paper 2: Research Methods,9990/2,90,60,50
Research methodology,Data analysis,"name, recognise and know how to find measures of central tendency: – mode – median (no calculation necessary) – mean (no calculation necessary)",Psychology,Cambridge Assessment International Education,Cambridge International AS & A Level,AS Level,Paper 2: Research Methods,9990/2,90,60,50
Research methodology,Data analysis,"understand the meaning of ‘measure of spread’ – name, recognise and know how to find range – recognise, interpret and understand standard deviation",Psychology,Cambridge Assessment International Education,Cambridge International AS & A Level,AS Level,Paper 2: Research Methods,9990/2,90,60,50
Research methodology,Data analysis,"name, recognise, draw, change and interpret data from a: – bar chart – histogram – scatter graph.",Psychology,Cambridge Assessment International Education,Cambridge International AS & A Level,AS Level,Paper 2: Research Methods,9990/2,90,60,50
A Level issues and debates,,the application of psychology to everyday life,Psychology,Cambridge Assessment International Education,Cambridge International AS & A Level,A Level,"Paper 3: Specialist Options: Approaches, Issues and Debates",9990/3,90,60,25
A Level issues and debates,,individual and situational explanations,Psychology,Cambridge Assessment International Education,Cambridge International AS & A Level,A Level,"Paper 3: Specialist Options: Approaches, Issues and Debates",9990/3,90,60,25
A Level issues and debates,,nature versus nurture,Psychology,Cambridge Assessment International Education,Cambridge International AS & A Level,A Level,"Paper 3: Specialist Options: Approaches, Issues and Debates",9990/3,90,60,25
A Level issues and debates,,the use of children in psychological research,Psychology,Cambridge Assessment International Education,Cambridge International AS & A Level,A Level,"Paper 3: Specialist Options: Approaches, Issues and Debates",9990/3,90,60,25
A Level issues and debates,,cultural differences,Psychology,Cambridge Assessment International Education,Cambridge International AS & A Level,A Level,"Paper 3: Specialist Options: Approaches, Issues and Debates",9990/3,90,60,25
A Level issues and debates,,reductionism versus holism,Psychology,Cambridge Assessment International Education,Cambridge International AS & A Level,A Level,"Paper 3: Specialist Options: Approaches, Issues and Debates",9990/3,90,60,25
A Level issues and debates,,determinism versus free-will,Psychology,Cambridge Assessment International Education,Cambridge International AS & A Level,A Level,"Paper 3: Specialist Options: Approaches, Issues and Debates",9990/3,90,60,25
A Level issues and debates,,idiographic versus nomothetic.,Psychology,Cambridge Assessment International Education,Cambridge International AS & A Level,A Level,"Paper 3: Specialist Options: Approaches, Issues and Debates",9990/3,90,60,25
Research methods and methodological concepts,Experiments,describe and evaluate the main features of randomised control trials.,Psychology,Cambridge Assessment International Education,Cambridge International AS & A Level,A Level,Paper 4: Specialist Options: Application and Research Methods,9990/4,90,60,25
Research methods and methodological concepts,Questionnaires,describe and evaluate the use of postal questionnaires,Psychology,Cambridge Assessment International Education,Cambridge International AS & A Level,A Level,Paper 4: Specialist Options: Application and Research Methods,9990/4,90,60,25
Research methods and methodological concepts,Questionnaires,describe and evaluate the use of rating scales; forced/fixed choice.,Psychology,Cambridge Assessment International Education,Cambridge International AS & A Level,A Level,Paper 4: Specialist Options: Application and Research Methods,9990/4,90,60,25
Research methods and methodological concepts,Psychometric tests,describe and evaluate psychometric tests.,Psychology,Cambridge Assessment International Education,Cambridge International AS & A Level,A Level,Paper 4: Specialist Options: Application and Research Methods,9990/4,90,60,25
Research methods and methodological concepts,Hypotheses,write and apply knowledge of null hypotheses and alternative directional (one-tailed) and non-directional (two-tailed) hypotheses.,Psychology,Cambridge Assessment International Education,Cambridge International AS & A Level,A Level,Paper 4: Specialist Options: Application and Research Methods,9990/4,90,60,25
Research methods and methodological concepts,Validity,"describe and evaluate studies based on their validity, including temporal validity.",Psychology,Cambridge Assessment International Education,Cambridge International AS & A Level,A Level,Paper 4: Specialist Options: Application and Research Methods,9990/4,90,60,25
Clinical Psychology,,"describe, evaluate and compare the psychological theories, research, approaches, explanations and treatments/therapies",Psychology,Cambridge Assessment International Education,Cambridge International AS & A Level,A Level,"Paper 3: Specialist Options: Approaches, Issues and Debates",9990/3,90,60,25
Clinical Psychology,,"describe, evaluate and compare the psychological theories, research, approaches, explanations and treatments/therapies",Psychology,Cambridge Assessment International Education,Cambridge International AS & A Level,A Level,Paper 4: Specialist Options: Application and Research Methods,9990/4,90,60,25
Clinical Psychology,,describe and evaluate research methods and methodological concepts (for AS and A Level),Psychology,Cambridge Assessment International Education,Cambridge International AS & A Level,A Level,"Paper 3: Specialist Options: Approaches, Issues and Debates",9990/3,90,60,25
Clinical Psychology,,describe and evaluate research methods and methodological concepts (for AS and A Level),Psychology,Cambridge Assessment International Education,Cambridge International AS & A Level,A Level,Paper 4: Specialist Options: Application and Research Methods,9990/4,90,60,25
Clinical Psychology,,consider how the topic area relates to psychological issues and debates (for AS and A Level),Psychology,Cambridge Assessment International Education,Cambridge International AS & A Level,A Level,"Paper 3: Specialist Options: Approaches, Issues and Debates",9990/3,90,60,25
Clinical Psychology,,consider how the topic area relates to psychological issues and debates (for AS and A Level),Psychology,Cambridge Assessment International Education,Cambridge International AS & A Level,A Level,Paper 4: Specialist Options: Application and Research Methods,9990/4,90,60,25
Clinical Psychology,,apply the findings of the study and topic area to the real world.,Psychology,Cambridge Assessment International Education,Cambridge International AS & A Level,A Level,"Paper 3: Specialist Options: Approaches, Issues and Debates",9990/3,90,60,25
Clinical Psychology,,apply the findings of the study and topic area to the real world.,Psychology,Cambridge Assessment International Education,Cambridge International AS & A Level,A Level,Paper 4: Specialist Options: Application and Research Methods,9990/4,90,60,25
Clinical Psychology,,"Biological: explanations (genetic, biochemical); measures (such as blood pressure); treatments (such as electro-convulsive therapy)",Psychology,Cambridge Assessment International Education,Cambridge International AS & A Level,A Level,"Paper 3: Specialist Options: Approaches, Issues and Debates",9990/3,90,60,25
Clinical Psychology,,"Biological: explanations (genetic, biochemical); measures (such as blood pressure); treatments (such as electro-convulsive therapy)",Psychology,Cambridge Assessment International Education,Cambridge International AS & A Level,A Level,Paper 4: Specialist Options: Application and Research Methods,9990/4,90,60,25
Clinical Psychology,,"Psychological: explanations (behavioural, cognitive and psychodynamic); therapies (such as systematic desensitisation)",Psychology,Cambridge Assessment International Education,Cambridge International AS & A Level,A Level,"Paper 3: Specialist Options: Approaches, Issues and Debates",9990/3,90,60,25
Clinical Psychology,,"Psychological: explanations (behavioural, cognitive and psychodynamic); therapies (such as systematic desensitisation)",Psychology,Cambridge Assessment International Education,Cambridge International AS & A Level,A Level,Paper 4: Specialist Options: Application and Research Methods,9990/4,90,60,25
Clinical Psychology,Key Studies,the context of the study and relationship to other studies,Psychology,Cambridge Assessment International Education,Cambridge International AS & A Level,A Level,"Paper 3: Specialist Options: Approaches, Issues and Debates",9990/3,90,60,25
Clinical Psychology,Key Studies,the context of the study and relationship to other studies,Psychology,Cambridge Assessment International Education,Cambridge International AS & A Level,A Level,Paper 4: Specialist Options: Application and Research Methods,9990/4,90,60,25
Clinical Psychology,Key Studies,the main theories/explanations included in the study,Psychology,Cambridge Assessment International Education,Cambridge International AS & A Level,A Level,"Paper 3: Specialist Options: Approaches, Issues and Debates",9990/3,90,60,25
Clinical Psychology,Key Studies,the main theories/explanations included in the study,Psychology,Cambridge Assessment International Education,Cambridge International AS & A Level,A Level,Paper 4: Specialist Options: Application and Research Methods,9990/4,90,60,25
Clinical Psychology,Key Studies,the aim(s) and hypotheses of the study [if stated],Psychology,Cambridge Assessment International Education,Cambridge International AS & A Level,A Level,"Paper 3: Specialist Options: Approaches, Issues and Debates",9990/3,90,60,25
Clinical Psychology,Key Studies,the aim(s) and hypotheses of the study [if stated],Psychology,Cambridge Assessment International Education,Cambridge International AS & A Level,A Level,Paper 4: Specialist Options: Application and Research Methods,9990/4,90,60,25
Clinical Psychology,Key Studies,"the design of the study, including all methodology as appropriate, such as the research method(s) used, sample size and demographics [if known] and sampling technique [if known], procedure, technique for data collection",Psychology,Cambridge Assessment International Education,Cambridge International AS & A Level,A Level,"Paper 3: Specialist Options: Approaches, Issues and Debates",9990/3,90,60,25
Clinical Psychology,Key Studies,"the design of the study, including all methodology as appropriate, such as the research method(s) used, sample size and demographics [if known] and sampling technique [if known], procedure, technique for data collection",Psychology,Cambridge Assessment International Education,Cambridge International AS & A Level,A Level,Paper 4: Specialist Options: Application and Research Methods,9990/4,90,60,25
Clinical Psychology,Key Studies,"the results, findings and conclusions of the study",Psychology,Cambridge Assessment International Education,Cambridge International AS & A Level,A Level,"Paper 3: Specialist Options: Approaches, Issues and Debates",9990/3,90,60,25
Clinical Psychology,Key Studies,"the results, findings and conclusions of the study",Psychology,Cambridge Assessment International Education,Cambridge International AS & A Level,A Level,Paper 4: Specialist Options: Application and Research Methods,9990/4,90,60,25
Clinical Psychology,Key Studies,the main discussion points of the study.,Psychology,Cambridge Assessment International Education,Cambridge International AS & A Level,A Level,"Paper 3: Specialist Options: Approaches, Issues and Debates",9990/3,90,60,25
Clinical Psychology,Key Studies,the main discussion points of the study.,Psychology,Cambridge Assessment International Education,Cambridge International AS & A Level,A Level,Paper 4: Specialist Options: Application and Research Methods,9990/4,90,60,25
Clinical Psychology,Key Studies,describe and evaluate research methods used in and methodological concepts included in the study (for AS and A Level),Psychology,Cambridge Assessment International Education,Cambridge International AS & A Level,A Level,"Paper 3: Specialist Options: Approaches, Issues and Debates",9990/3,90,60,25
Clinical Psychology,Key Studies,describe and evaluate research methods used in and methodological concepts included in the study (for AS and A Level),Psychology,Cambridge Assessment International Education,Cambridge International AS & A Level,A Level,Paper 4: Specialist Options: Application and Research Methods,9990/4,90,60,25
Clinical Psychology,Key Studies,describe and evaluate the psychological issues and debates (for AS and A Level) included in the study.,Psychology,Cambridge Assessment International Education,Cambridge International AS & A Level,A Level,"Paper 3: Specialist Options: Approaches, Issues and Debates",9990/3,90,60,25
Clinical Psychology,Key Studies,describe and evaluate the psychological issues and debates (for AS and A Level) included in the study.,Psychology,Cambridge Assessment International Education,Cambridge International AS & A Level,A Level,Paper 4: Specialist Options: Application and Research Methods,9990/4,90,60,25
Clinical Psychology,Diagnostic criteria for schizophrenia,"diagnostic criteria (ICD-11) of schizophrenia, including symptoms (positive and negative). A case study of schizophrenia.",Psychology,Cambridge Assessment International Education,Cambridge International AS & A Level,A Level,"Paper 3: Specialist Options: Approaches, Issues and Debates",9990/3,90,60,25
Clinical Psychology,Diagnostic criteria for schizophrenia,"diagnostic criteria (ICD-11) of schizophrenia, including symptoms (positive and negative). A case study of schizophrenia.",Psychology,Cambridge Assessment International Education,Cambridge International AS & A Level,A Level,Paper 4: Specialist Options: Application and Research Methods,9990/4,90,60,25
Clinical Psychology,Diagnostic criteria for schizophrenia,"types of delusions focusing on investigating delusions using virtual reality (exemplified by the following key study). use of children in research, idiographic versus nomothetic, case studies, generalisations from findings.",Psychology,Cambridge Assessment International Education,Cambridge International AS & A Level,A Level,"Paper 3: Specialist Options: Approaches, Issues and Debates",9990/3,90,60,25
Clinical Psychology,Diagnostic criteria for schizophrenia,"types of delusions focusing on investigating delusions using virtual reality (exemplified by the following key study). use of children in research, idiographic versus nomothetic, case studies, generalisations from findings.",Psychology,Cambridge Assessment International Education,Cambridge International AS & A Level,A Level,Paper 4: Specialist Options: Application and Research Methods,9990/4,90,60,25
Clinical Psychology,Explanations of schizophrenia,biological explanations: – genetic – biochemical (the dopamine hypothesis).,Psychology,Cambridge Assessment International Education,Cambridge International AS & A Level,A Level,"Paper 3: Specialist Options: Approaches, Issues and Debates",9990/3,90,60,25
Clinical Psychology,Explanations of schizophrenia,biological explanations: – genetic – biochemical (the dopamine hypothesis).,Psychology,Cambridge Assessment International Education,Cambridge International AS & A Level,A Level,Paper 4: Specialist Options: Application and Research Methods,9990/4,90,60,25
Clinical Psychology,Explanations of schizophrenia,psychological (cognitive) explanation.,Psychology,Cambridge Assessment International Education,Cambridge International AS & A Level,A Level,"Paper 3: Specialist Options: Approaches, Issues and Debates",9990/3,90,60,25
Clinical Psychology,Explanations of schizophrenia,psychological (cognitive) explanation.,Psychology,Cambridge Assessment International Education,Cambridge International AS & A Level,A Level,Paper 4: Specialist Options: Application and Research Methods,9990/4,90,60,25
Clinical Psychology,Treatment and management of schizophrenia,biological treatments: – biochemical including typical and atypical antipsychotics – electro-convulsive therapy.,Psychology,Cambridge Assessment International Education,Cambridge International AS & A Level,A Level,"Paper 3: Specialist Options: Approaches, Issues and Debates",9990/3,90,60,25
Clinical Psychology,Treatment and management of schizophrenia,biological treatments: – biochemical including typical and atypical antipsychotics – electro-convulsive therapy.,Psychology,Cambridge Assessment International Education,Cambridge International AS & A Level,A Level,Paper 4: Specialist Options: Application and Research Methods,9990/4,90,60,25
Clinical Psychology,Treatment and management of schizophrenia,"psychological therapy: cognitive-behavioural therapy, including a study, e.g. Sensky et al. (2000).",Psychology,Cambridge Assessment International Education,Cambridge International AS & A Level,A Level,"Paper 3: Specialist Options: Approaches, Issues and Debates",9990/3,90,60,25
Clinical Psychology,Treatment and management of schizophrenia,"psychological therapy: cognitive-behavioural therapy, including a study, e.g. Sensky et al. (2000).",Psychology,Cambridge Assessment International Education,Cambridge International AS & A Level,A Level,Paper 4: Specialist Options: Application and Research Methods,9990/4,90,60,25
Clinical Psychology,Diagnostic criteria for mood (affective) disorders,diagnostic criteria (ICD-11) of mood disorders: depressive disorder (unipolar) and bipolar disorders including manic and depressive episodes.,Psychology,Cambridge Assessment International Education,Cambridge International AS & A Level,A Level,"Paper 3: Specialist Options: Approaches, Issues and Debates",9990/3,90,60,25
Clinical Psychology,Diagnostic criteria for mood (affective) disorders,diagnostic criteria (ICD-11) of mood disorders: depressive disorder (unipolar) and bipolar disorders including manic and depressive episodes.,Psychology,Cambridge Assessment International Education,Cambridge International AS & A Level,A Level,Paper 4: Specialist Options: Application and Research Methods,9990/4,90,60,25
Clinical Psychology,Diagnostic criteria for mood (affective) disorders,measure of depression: Beck depression inventory.,Psychology,Cambridge Assessment International Education,Cambridge International AS & A Level,A Level,"Paper 3: Specialist Options: Approaches, Issues and Debates",9990/3,90,60,25
Clinical Psychology,Diagnostic criteria for mood (affective) disorders,measure of depression: Beck depression inventory.,Psychology,Cambridge Assessment International Education,Cambridge International AS & A Level,A Level,Paper 4: Specialist Options: Application and Research Methods,9990/4,90,60,25
Clinical Psychology,Explanations of mood (affective) disorders: depressive disorder (unipolar),biological explanations: – biochemical – genetic (exemplified by the following key study).,Psychology,Cambridge Assessment International Education,Cambridge International AS & A Level,A Level,"Paper 3: Specialist Options: Approaches, Issues and Debates",9990/3,90,60,25
Clinical Psychology,Explanations of mood (affective) disorders: depressive disorder (unipolar),biological explanations: – biochemical – genetic (exemplified by the following key study).,Psychology,Cambridge Assessment International Education,Cambridge International AS & A Level,A Level,Paper 4: Specialist Options: Application and Research Methods,9990/4,90,60,25
Clinical Psychology,Explanations of mood (affective) disorders: depressive disorder (unipolar),"psychological explanations: – Beck’s cognitive theory of depression – learned helplessness/attributional style, including a study, e.g. Seligman et al. (1988).",Psychology,Cambridge Assessment International Education,Cambridge International AS & A Level,A Level,"Paper 3: Specialist Options: Approaches, Issues and Debates",9990/3,90,60,25
Clinical Psychology,Explanations of mood (affective) disorders: depressive disorder (unipolar),"psychological explanations: – Beck’s cognitive theory of depression – learned helplessness/attributional style, including a study, e.g. Seligman et al. (1988).",Psychology,Cambridge Assessment International Education,Cambridge International AS & A Level,A Level,Paper 4: Specialist Options: Application and Research Methods,9990/4,90,60,25
Clinical Psychology,Treatment and management of mood (affective) disorders,"biological treatments including the use of anti-depressants (tricyclics, MAOIs and SSRIs).",Psychology,Cambridge Assessment International Education,Cambridge International AS & A Level,A Level,"Paper 3: Specialist Options: Approaches, Issues and Debates",9990/3,90,60,25
Clinical Psychology,Treatment and management of mood (affective) disorders,"biological treatments including the use of anti-depressants (tricyclics, MAOIs and SSRIs).",Psychology,Cambridge Assessment International Education,Cambridge International AS & A Level,A Level,Paper 4: Specialist Options: Application and Research Methods,9990/4,90,60,25
Clinical Psychology,Treatment and management of mood (affective) disorders,psychological therapies: – Beck’s cognitive restructuring – Ellis’s rational emotive behaviour therapy (REBT).,Psychology,Cambridge Assessment International Education,Cambridge International AS & A Level,A Level,"Paper 3: Specialist Options: Approaches, Issues and Debates",9990/3,90,60,25
Clinical Psychology,Treatment and management of mood (affective) disorders,psychological therapies: – Beck’s cognitive restructuring – Ellis’s rational emotive behaviour therapy (REBT).,Psychology,Cambridge Assessment International Education,Cambridge International AS & A Level,A Level,Paper 4: Specialist Options: Application and Research Methods,9990/4,90,60,25
Clinical Psychology,Diagnostic criteria for impulse control disorders,diagnostic criteria (ICD-11) of impulse control disorders: – kleptomania – pyromania – gambling disorder.,Psychology,Cambridge Assessment International Education,Cambridge International AS & A Level,A Level,"Paper 3: Specialist Options: Approaches, Issues and Debates",9990/3,90,60,25
Clinical Psychology,Diagnostic criteria for impulse control disorders,diagnostic criteria (ICD-11) of impulse control disorders: – kleptomania – pyromania – gambling disorder.,Psychology,Cambridge Assessment International Education,Cambridge International AS & A Level,A Level,Paper 4: Specialist Options: Application and Research Methods,9990/4,90,60,25
Clinical Psychology,Diagnostic criteria for impulse control disorders,measure of impulse control disorders: Kleptomania Symptom Assessment Scale (K-SAS).,Psychology,Cambridge Assessment International Education,Cambridge International AS & A Level,A Level,"Paper 3: Specialist Options: Approaches, Issues and Debates",9990/3,90,60,25
Clinical Psychology,Diagnostic criteria for impulse control disorders,measure of impulse control disorders: Kleptomania Symptom Assessment Scale (K-SAS).,Psychology,Cambridge Assessment International Education,Cambridge International AS & A Level,A Level,Paper 4: Specialist Options: Application and Research Methods,9990/4,90,60,25
Clinical Psychology,Explanations of impulse control disorders,biological explanation: dopamine.,Psychology,Cambridge Assessment International Education,Cambridge International AS & A Level,A Level,"Paper 3: Specialist Options: Approaches, Issues and Debates",9990/3,90,60,25
Clinical Psychology,Explanations of impulse control disorders,biological explanation: dopamine.,Psychology,Cambridge Assessment International Education,Cambridge International AS & A Level,A Level,Paper 4: Specialist Options: Application and Research Methods,9990/4,90,60,25
Clinical Psychology,Explanations of impulse control disorders,psychological explanations: – behavioural: positive reinforcement – cognitive: Miller’s feeling-state theory.,Psychology,Cambridge Assessment International Education,Cambridge International AS & A Level,A Level,"Paper 3: Specialist Options: Approaches, Issues and Debates",9990/3,90,60,25
Clinical Psychology,Explanations of impulse control disorders,psychological explanations: – behavioural: positive reinforcement – cognitive: Miller’s feeling-state theory.,Psychology,Cambridge Assessment International Education,Cambridge International AS & A Level,A Level,Paper 4: Specialist Options: Application and Research Methods,9990/4,90,60,25
Clinical Psychology,Treatment and management of impulse control disorders,biological treatments (exemplified by the following key study).,Psychology,Cambridge Assessment International Education,Cambridge International AS & A Level,A Level,"Paper 3: Specialist Options: Approaches, Issues and Debates",9990/3,90,60,25
Clinical Psychology,Treatment and management of impulse control disorders,biological treatments (exemplified by the following key study).,Psychology,Cambridge Assessment International Education,Cambridge International AS & A Level,A Level,Paper 4: Specialist Options: Application and Research Methods,9990/4,90,60,25
Clinical Psychology,Treatment and management of impulse control disorders,"psychological (cognitive-behavioural) therapies including: – covert sensitisation, including a study, e.g. Glover (1985) – imaginal desensitisation, including a study, e.g. Blaszczynski and Nower (2003).",Psychology,Cambridge Assessment International Education,Cambridge International AS & A Level,A Level,"Paper 3: Specialist Options: Approaches, Issues and Debates",9990/3,90,60,25
Clinical Psychology,Treatment and management of impulse control disorders,"psychological (cognitive-behavioural) therapies including: – covert sensitisation, including a study, e.g. Glover (1985) – imaginal desensitisation, including a study, e.g. Blaszczynski and Nower (2003).",Psychology,Cambridge Assessment International Education,Cambridge International AS & A Level,A Level,Paper 4: Specialist Options: Application and Research Methods,9990/4,90,60,25
Clinical Psychology,Diagnostic criteria for anxiety disorders and fear-related disorders,diagnostic criteria (ICD-11) of anxiety disorders and fear-related disorders: – generalised anxiety disorder – agoraphobia – specific phobia (blood-injection-injury).,Psychology,Cambridge Assessment International Education,Cambridge International AS & A Level,A Level,"Paper 3: Specialist Options: Approaches, Issues and Debates",9990/3,90,60,25
Clinical Psychology,Diagnostic criteria for anxiety disorders and fear-related disorders,diagnostic criteria (ICD-11) of anxiety disorders and fear-related disorders: – generalised anxiety disorder – agoraphobia – specific phobia (blood-injection-injury).,Psychology,Cambridge Assessment International Education,Cambridge International AS & A Level,A Level,Paper 4: Specialist Options: Application and Research Methods,9990/4,90,60,25
Clinical Psychology,Diagnostic criteria for anxiety disorders and fear-related disorders,"measures of anxiety and fear-related disorders: – Generalised Anxiety Disorder assessment (GAD-7). – the blood injection phobia inventory (BIPI), including a study, e.g. Mas et al. (2010).",Psychology,Cambridge Assessment International Education,Cambridge International AS & A Level,A Level,"Paper 3: Specialist Options: Approaches, Issues and Debates",9990/3,90,60,25
Clinical Psychology,Diagnostic criteria for anxiety disorders and fear-related disorders,"measures of anxiety and fear-related disorders: – Generalised Anxiety Disorder assessment (GAD-7). – the blood injection phobia inventory (BIPI), including a study, e.g. Mas et al. (2010).",Psychology,Cambridge Assessment International Education,Cambridge International AS & A Level,A Level,Paper 4: Specialist Options: Application and Research Methods,9990/4,90,60,25
Clinical Psychology,Explanations of fear-related disorders,"biological explanation: genetic, including a study, e.g. Öst (1992).",Psychology,Cambridge Assessment International Education,Cambridge International AS & A Level,A Level,"Paper 3: Specialist Options: Approaches, Issues and Debates",9990/3,90,60,25
Clinical Psychology,Explanations of fear-related disorders,"biological explanation: genetic, including a study, e.g. Öst (1992).",Psychology,Cambridge Assessment International Education,Cambridge International AS & A Level,A Level,Paper 4: Specialist Options: Application and Research Methods,9990/4,90,60,25
Clinical Psychology,Explanations of fear-related disorders,"psychological explanations: – behavioural (classical conditioning), including a study, e.g. Watson and Rayner (1920) ‘Little Albert’ – psychodynamic, including a study, e.g. Freud (1909) ‘Little Hans’.",Psychology,Cambridge Assessment International Education,Cambridge International AS & A Level,A Level,"Paper 3: Specialist Options: Approaches, Issues and Debates",9990/3,90,60,25
Clinical Psychology,Explanations of fear-related disorders,"psychological explanations: – behavioural (classical conditioning), including a study, e.g. Watson and Rayner (1920) ‘Little Albert’ – psychodynamic, including a study, e.g. Freud (1909) ‘Little Hans’.",Psychology,Cambridge Assessment International Education,Cambridge International AS & A Level,A Level,Paper 4: Specialist Options: Application and Research Methods,9990/4,90,60,25
Clinical Psychology,Treatment and management of anxiety disorders and fear-related disorders,behavioural therapy: systematic desensitisation applied to any fear-related disorder.,Psychology,Cambridge Assessment International Education,Cambridge International AS & A Level,A Level,"Paper 3: Specialist Options: Approaches, Issues and Debates",9990/3,90,60,25
Clinical Psychology,Treatment and management of anxiety disorders and fear-related disorders,behavioural therapy: systematic desensitisation applied to any fear-related disorder.,Psychology,Cambridge Assessment International Education,Cambridge International AS & A Level,A Level,Paper 4: Specialist Options: Application and Research Methods,9990/4,90,60,25
Clinical Psychology,Treatment and management of anxiety disorders and fear-related disorders,psychological therapy (exemplified by the following key study): – cognitive-behavioural therapy (CBT) – applied tension focusing on treating blood/injection/injury phobia. tension: Chapman and DeLapp (2013).,Psychology,Cambridge Assessment International Education,Cambridge International AS & A Level,A Level,"Paper 3: Specialist Options: Approaches, Issues and Debates",9990/3,90,60,25
Clinical Psychology,Treatment and management of anxiety disorders and fear-related disorders,psychological therapy (exemplified by the following key study): – cognitive-behavioural therapy (CBT) – applied tension focusing on treating blood/injection/injury phobia. tension: Chapman and DeLapp (2013).,Psychology,Cambridge Assessment International Education,Cambridge International AS & A Level,A Level,Paper 4: Specialist Options: Application and Research Methods,9990/4,90,60,25
Clinical Psychology,Diagnostic criteria for obsessive-compulsive disorder,"diagnostic criteria for obsessive-compulsive disorder (ICD-11) focusing on types of obsessions and compulsions, including a study, e.g. Rapoport (1989) ‘Charles’.",Psychology,Cambridge Assessment International Education,Cambridge International AS & A Level,A Level,"Paper 3: Specialist Options: Approaches, Issues and Debates",9990/3,90,60,25
Clinical Psychology,Diagnostic criteria for obsessive-compulsive disorder,"diagnostic criteria for obsessive-compulsive disorder (ICD-11) focusing on types of obsessions and compulsions, including a study, e.g. Rapoport (1989) ‘Charles’.",Psychology,Cambridge Assessment International Education,Cambridge International AS & A Level,A Level,Paper 4: Specialist Options: Application and Research Methods,9990/4,90,60,25
Clinical Psychology,Diagnostic criteria for obsessive-compulsive disorder,measures: – Maudsley Obsessive-Compulsive Inventory (MOCI) – Yale-Brown Obsessive-Compulsive Scale (Y-BOCS).,Psychology,Cambridge Assessment International Education,Cambridge International AS & A Level,A Level,"Paper 3: Specialist Options: Approaches, Issues and Debates",9990/3,90,60,25
Clinical Psychology,Diagnostic criteria for obsessive-compulsive disorder,measures: – Maudsley Obsessive-Compulsive Inventory (MOCI) – Yale-Brown Obsessive-Compulsive Scale (Y-BOCS).,Psychology,Cambridge Assessment International Education,Cambridge International AS & A Level,A Level,Paper 4: Specialist Options: Application and Research Methods,9990/4,90,60,25
Clinical Psychology,Explanations of obsessive-compulsive disorder,biological explanations: – biochemical – genetic.,Psychology,Cambridge Assessment International Education,Cambridge International AS & A Level,A Level,"Paper 3: Specialist Options: Approaches, Issues and Debates",9990/3,90,60,25
Clinical Psychology,Explanations of obsessive-compulsive disorder,biological explanations: – biochemical – genetic.,Psychology,Cambridge Assessment International Education,Cambridge International AS & A Level,A Level,Paper 4: Specialist Options: Application and Research Methods,9990/4,90,60,25
Clinical Psychology,Explanations of obsessive-compulsive disorder,psychological explanations: – cognitive (thinking error) – behavioural (operant conditioning) – psychodynamic.,Psychology,Cambridge Assessment International Education,Cambridge International AS & A Level,A Level,"Paper 3: Specialist Options: Approaches, Issues and Debates",9990/3,90,60,25
Clinical Psychology,Explanations of obsessive-compulsive disorder,psychological explanations: – cognitive (thinking error) – behavioural (operant conditioning) – psychodynamic.,Psychology,Cambridge Assessment International Education,Cambridge International AS & A Level,A Level,Paper 4: Specialist Options: Application and Research Methods,9990/4,90,60,25
Clinical Psychology,Treatment and management of obsessive-compulsive disorder,biological treatments including the use of SSRIs.,Psychology,Cambridge Assessment International Education,Cambridge International AS & A Level,A Level,"Paper 3: Specialist Options: Approaches, Issues and Debates",9990/3,90,60,25
Clinical Psychology,Treatment and management of obsessive-compulsive disorder,biological treatments including the use of SSRIs.,Psychology,Cambridge Assessment International Education,Cambridge International AS & A Level,A Level,Paper 4: Specialist Options: Application and Research Methods,9990/4,90,60,25
Clinical Psychology,Treatment and management of obsessive-compulsive disorder,"psychological therapies including: – exposure and response prevention (ERP), including a study, e.g. Lehmkuhl et al. (2008) – cognitive-behavioural therapy (CBT) (exemplified by the following key study). behavioural therapy (CBT): Lovell et al. (2006).",Psychology,Cambridge Assessment International Education,Cambridge International AS & A Level,A Level,"Paper 3: Specialist Options: Approaches, Issues and Debates",9990/3,90,60,25
Clinical Psychology,Treatment and management of obsessive-compulsive disorder,"psychological therapies including: – exposure and response prevention (ERP), including a study, e.g. Lehmkuhl et al. (2008) – cognitive-behavioural therapy (CBT) (exemplified by the following key study). behavioural therapy (CBT): Lovell et al. (2006).",Psychology,Cambridge Assessment International Education,Cambridge International AS & A Level,A Level,Paper 4: Specialist Options: Application and Research Methods,9990/4,90,60,25
Consumer Psychology,,"describe, evaluate and compare the psychological theories, research, approaches, explanations and treatments/therapies",Psychology,Cambridge Assessment International Education,Cambridge International AS & A Level,A Level,"Paper 3: Specialist Options: Approaches, Issues and Debates",9990/3,90,60,25
Consumer Psychology,,"describe, evaluate and compare the psychological theories, research, approaches, explanations and treatments/therapies",Psychology,Cambridge Assessment International Education,Cambridge International AS & A Level,A Level,Paper 4: Specialist Options: Application and Research Methods,9990/4,90,60,25
Consumer Psychology,,describe and evaluate research methods and methodological concepts (for AS and A Level),Psychology,Cambridge Assessment International Education,Cambridge International AS & A Level,A Level,"Paper 3: Specialist Options: Approaches, Issues and Debates",9990/3,90,60,25
Consumer Psychology,,describe and evaluate research methods and methodological concepts (for AS and A Level),Psychology,Cambridge Assessment International Education,Cambridge International AS & A Level,A Level,Paper 4: Specialist Options: Application and Research Methods,9990/4,90,60,25
Consumer Psychology,,consider how the topic area relates to psychological issues and debates (for AS and A Level),Psychology,Cambridge Assessment International Education,Cambridge International AS & A Level,A Level,"Paper 3: Specialist Options: Approaches, Issues and Debates",9990/3,90,60,25
Consumer Psychology,,consider how the topic area relates to psychological issues and debates (for AS and A Level),Psychology,Cambridge Assessment International Education,Cambridge International AS & A Level,A Level,Paper 4: Specialist Options: Application and Research Methods,9990/4,90,60,25
Consumer Psychology,,apply the findings of the study and topic area to the real world.,Psychology,Cambridge Assessment International Education,Cambridge International AS & A Level,A Level,"Paper 3: Specialist Options: Approaches, Issues and Debates",9990/3,90,60,25
Consumer Psychology,,apply the findings of the study and topic area to the real world.,Psychology,Cambridge Assessment International Education,Cambridge International AS & A Level,A Level,Paper 4: Specialist Options: Application and Research Methods,9990/4,90,60,25
Consumer Psychology,Key Studies,the context of the study and relationship to other studies,Psychology,Cambridge Assessment International Education,Cambridge International AS & A Level,A Level,"Paper 3: Specialist Options: Approaches, Issues and Debates",9990/3,90,60,25
Consumer Psychology,Key Studies,the context of the study and relationship to other studies,Psychology,Cambridge Assessment International Education,Cambridge International AS & A Level,A Level,Paper 4: Specialist Options: Application and Research Methods,9990/4,90,60,25
Consumer Psychology,Key Studies,the main theories/explanations included in the study,Psychology,Cambridge Assessment International Education,Cambridge International AS & A Level,A Level,"Paper 3: Specialist Options: Approaches, Issues and Debates",9990/3,90,60,25
Consumer Psychology,Key Studies,the main theories/explanations included in the study,Psychology,Cambridge Assessment International Education,Cambridge International AS & A Level,A Level,Paper 4: Specialist Options: Application and Research Methods,9990/4,90,60,25
Consumer Psychology,Key Studies,the aim(s) and hypotheses of the study [if stated],Psychology,Cambridge Assessment International Education,Cambridge International AS & A Level,A Level,"Paper 3: Specialist Options: Approaches, Issues and Debates",9990/3,90,60,25
Consumer Psychology,Key Studies,the aim(s) and hypotheses of the study [if stated],Psychology,Cambridge Assessment International Education,Cambridge International AS & A Level,A Level,Paper 4: Specialist Options: Application and Research Methods,9990/4,90,60,25
Consumer Psychology,Key Studies,"the design of the study, including all methodology as appropriate, such as the research method(s) used, sample size and demographics [if known] and sampling technique [if known], procedure, technique for data collection",Psychology,Cambridge Assessment International Education,Cambridge International AS & A Level,A Level,"Paper 3: Specialist Options: Approaches, Issues and Debates",9990/3,90,60,25
Consumer Psychology,Key Studies,"the design of the study, including all methodology as appropriate, such as the research method(s) used, sample size and demographics [if known] and sampling technique [if known], procedure, technique for data collection",Psychology,Cambridge Assessment International Education,Cambridge International AS & A Level,A Level,Paper 4: Specialist Options: Application and Research Methods,9990/4,90,60,25
Consumer Psychology,Key Studies,"the results, findings and conclusions of the study",Psychology,Cambridge Assessment International Education,Cambridge International AS & A Level,A Level,"Paper 3: Specialist Options: Approaches, Issues and Debates",9990/3,90,60,25
Consumer Psychology,Key Studies,"the results, findings and conclusions of the study",Psychology,Cambridge Assessment International Education,Cambridge International AS & A Level,A Level,Paper 4: Specialist Options: Application and Research Methods,9990/4,90,60,25
Consumer Psychology,Key Studies,the main discussion points of the study.,Psychology,Cambridge Assessment International Education,Cambridge International AS & A Level,A Level,"Paper 3: Specialist Options: Approaches, Issues and Debates",9990/3,90,60,25
Consumer Psychology,Key Studies,the main discussion points of the study.,Psychology,Cambridge Assessment International Education,Cambridge International AS & A Level,A Level,Paper 4: Specialist Options: Application and Research Methods,9990/4,90,60,25
Consumer Psychology,Key Studies,describe and evaluate research methods used in and methodological concepts included in the study (for AS and A Level),Psychology,Cambridge Assessment International Education,Cambridge International AS & A Level,A Level,"Paper 3: Specialist Options: Approaches, Issues and Debates",9990/3,90,60,25
Consumer Psychology,Key Studies,describe and evaluate research methods used in and methodological concepts included in the study (for AS and A Level),Psychology,Cambridge Assessment International Education,Cambridge International AS & A Level,A Level,Paper 4: Specialist Options: Application and Research Methods,9990/4,90,60,25
Consumer Psychology,Key Studies,describe and evaluate the psychological issues and debates (for AS and A Level) included in the study.,Psychology,Cambridge Assessment International Education,Cambridge International AS & A Level,A Level,"Paper 3: Specialist Options: Approaches, Issues and Debates",9990/3,90,60,25
Consumer Psychology,Key Studies,describe and evaluate the psychological issues and debates (for AS and A Level) included in the study.,Psychology,Cambridge Assessment International Education,Cambridge International AS & A Level,A Level,Paper 4: Specialist Options: Application and Research Methods,9990/4,90,60,25
Consumer Psychology,Retail store design,"types of store exterior design including storefront, window displays and landscaping, including a study, e.g. Mower et al. (2012).",Psychology,Cambridge Assessment International Education,Cambridge International AS & A Level,A Level,"Paper 3: Specialist Options: Approaches, Issues and Debates",9990/3,90,60,25
Consumer Psychology,Retail store design,"types of store exterior design including storefront, window displays and landscaping, including a study, e.g. Mower et al. (2012).",Psychology,Cambridge Assessment International Education,Cambridge International AS & A Level,A Level,Paper 4: Specialist Options: Application and Research Methods,9990/4,90,60,25
Consumer Psychology,Retail store design,"types of store interior design including grid, freeform and racetrack layouts; use of virtual store layouts, including a study, e.g. Vrechopoulos et al. (2004).",Psychology,Cambridge Assessment International Education,Cambridge International AS & A Level,A Level,"Paper 3: Specialist Options: Approaches, Issues and Debates",9990/3,90,60,25
Consumer Psychology,Retail store design,"types of store interior design including grid, freeform and racetrack layouts; use of virtual store layouts, including a study, e.g. Vrechopoulos et al. (2004).",Psychology,Cambridge Assessment International Education,Cambridge International AS & A Level,A Level,Paper 4: Specialist Options: Application and Research Methods,9990/4,90,60,25
Consumer Psychology,Sound and consumer behaviour,music in restaurants focusing on how background music influences the amount spent on food and drink (exemplified by the following Key Study).,Psychology,Cambridge Assessment International Education,Cambridge International AS & A Level,A Level,"Paper 3: Specialist Options: Approaches, Issues and Debates",9990/3,90,60,25
Consumer Psychology,Sound and consumer behaviour,music in restaurants focusing on how background music influences the amount spent on food and drink (exemplified by the following Key Study).,Psychology,Cambridge Assessment International Education,Cambridge International AS & A Level,A Level,Paper 4: Specialist Options: Application and Research Methods,9990/4,90,60,25
Consumer Psychology,Sound and consumer behaviour,"background noise focusing on how sound and noise affect the perception of food taste including reasons why sound influences taste, including a study, e.g. Woods et al. (2011) study 1 or study 2.",Psychology,Cambridge Assessment International Education,Cambridge International AS & A Level,A Level,"Paper 3: Specialist Options: Approaches, Issues and Debates",9990/3,90,60,25
Consumer Psychology,Sound and consumer behaviour,"background noise focusing on how sound and noise affect the perception of food taste including reasons why sound influences taste, including a study, e.g. Woods et al. (2011) study 1 or study 2.",Psychology,Cambridge Assessment International Education,Cambridge International AS & A Level,A Level,Paper 4: Specialist Options: Application and Research Methods,9990/4,90,60,25
Consumer Psychology,Retail atmospherics,model of effects of ambience: Mehrabian and Russell’s pleasure-arousal-dominance (PAD) model.,Psychology,Cambridge Assessment International Education,Cambridge International AS & A Level,A Level,"Paper 3: Specialist Options: Approaches, Issues and Debates",9990/3,90,60,25
Consumer Psychology,Retail atmospherics,model of effects of ambience: Mehrabian and Russell’s pleasure-arousal-dominance (PAD) model.,Psychology,Cambridge Assessment International Education,Cambridge International AS & A Level,A Level,Paper 4: Specialist Options: Application and Research Methods,9990/4,90,60,25
Consumer Psychology,Retail atmospherics,"the effects of odour on shopper pleasure-arousal-dominance, including a study, e.g. Chebat and Michon (2003).",Psychology,Cambridge Assessment International Education,Cambridge International AS & A Level,A Level,"Paper 3: Specialist Options: Approaches, Issues and Debates",9990/3,90,60,25
Consumer Psychology,Retail atmospherics,"the effects of odour on shopper pleasure-arousal-dominance, including a study, e.g. Chebat and Michon (2003).",Psychology,Cambridge Assessment International Education,Cambridge International AS & A Level,A Level,Paper 4: Specialist Options: Application and Research Methods,9990/4,90,60,25
Consumer Psychology,Retail atmospherics,"the effects of crowding on shopper pleasure-arousal-dominance, including a study, e.g. Machleit et al. (2000) study 1 or study 2.",Psychology,Cambridge Assessment International Education,Cambridge International AS & A Level,A Level,"Paper 3: Specialist Options: Approaches, Issues and Debates",9990/3,90,60,25
Consumer Psychology,Retail atmospherics,"the effects of crowding on shopper pleasure-arousal-dominance, including a study, e.g. Machleit et al. (2000) study 1 or study 2.",Psychology,Cambridge Assessment International Education,Cambridge International AS & A Level,A Level,Paper 4: Specialist Options: Application and Research Methods,9990/4,90,60,25
Consumer Psychology,Environmental influences on consumers,"wayfinding in shopping malls; factors affecting wayfinding such as signs and you are here maps, including a study, e.g. Dogu and Erkip (2000).",Psychology,Cambridge Assessment International Education,Cambridge International AS & A Level,A Level,"Paper 3: Specialist Options: Approaches, Issues and Debates",9990/3,90,60,25
Consumer Psychology,Environmental influences on consumers,"wayfinding in shopping malls; factors affecting wayfinding such as signs and you are here maps, including a study, e.g. Dogu and Erkip (2000).",Psychology,Cambridge Assessment International Education,Cambridge International AS & A Level,A Level,Paper 4: Specialist Options: Application and Research Methods,9990/4,90,60,25
Consumer Psychology,Environmental influences on consumers,"shopper behaviour focusing on spatial movement patterns including types of trip (short, round, central and wave) and the five types of spatial behaviour patterns (specialist, native, tourist, explorer, raider); the use of CCTV tracking, including a study, e.g. Gil et al. (2009).",Psychology,Cambridge Assessment International Education,Cambridge International AS & A Level,A Level,"Paper 3: Specialist Options: Approaches, Issues and Debates",9990/3,90,60,25
Consumer Psychology,Environmental influences on consumers,"shopper behaviour focusing on spatial movement patterns including types of trip (short, round, central and wave) and the five types of spatial behaviour patterns (specialist, native, tourist, explorer, raider); the use of CCTV tracking, including a study, e.g. Gil et al. (2009).",Psychology,Cambridge Assessment International Education,Cambridge International AS & A Level,A Level,Paper 4: Specialist Options: Application and Research Methods,9990/4,90,60,25
Consumer Psychology,Menu design psychology,"menu design focusing on the features of menu design which have positive and negative impacts and ways to study this, including the use of eye-tracking, e.g. Pavesic (2005).",Psychology,Cambridge Assessment International Education,Cambridge International AS & A Level,A Level,"Paper 3: Specialist Options: Approaches, Issues and Debates",9990/3,90,60,25
Consumer Psychology,Menu design psychology,"menu design focusing on the features of menu design which have positive and negative impacts and ways to study this, including the use of eye-tracking, e.g. Pavesic (2005).",Psychology,Cambridge Assessment International Education,Cambridge International AS & A Level,A Level,Paper 4: Specialist Options: Application and Research Methods,9990/4,90,60,25
Consumer Psychology,Menu design psychology,"the effect of primacy and recency and menu item position on menu item choice, including a study, e.g. Dayan and Bar-Hillel (2011).",Psychology,Cambridge Assessment International Education,Cambridge International AS & A Level,A Level,"Paper 3: Specialist Options: Approaches, Issues and Debates",9990/3,90,60,25
Consumer Psychology,Menu design psychology,"the effect of primacy and recency and menu item position on menu item choice, including a study, e.g. Dayan and Bar-Hillel (2011).",Psychology,Cambridge Assessment International Education,Cambridge International AS & A Level,A Level,Paper 4: Specialist Options: Application and Research Methods,9990/4,90,60,25
Consumer Psychology,Menu design psychology,"the effect of food name on menu item choice, including a study, e.g. Lockyer (2006).",Psychology,Cambridge Assessment International Education,Cambridge International AS & A Level,A Level,"Paper 3: Specialist Options: Approaches, Issues and Debates",9990/3,90,60,25
Consumer Psychology,Menu design psychology,"the effect of food name on menu item choice, including a study, e.g. Lockyer (2006).",Psychology,Cambridge Assessment International Education,Cambridge International AS & A Level,A Level,Paper 4: Specialist Options: Application and Research Methods,9990/4,90,60,25
Consumer Psychology,Consumer behaviour and personal space,"personal space at restaurant tables including Hall’s four zones; functions such as overload, arousal and behaviour constraint (exemplified by the following key study).",Psychology,Cambridge Assessment International Education,Cambridge International AS & A Level,A Level,"Paper 3: Specialist Options: Approaches, Issues and Debates",9990/3,90,60,25
Consumer Psychology,Consumer behaviour and personal space,"personal space at restaurant tables including Hall’s four zones; functions such as overload, arousal and behaviour constraint (exemplified by the following key study).",Psychology,Cambridge Assessment International Education,Cambridge International AS & A Level,A Level,Paper 4: Specialist Options: Application and Research Methods,9990/4,90,60,25
Consumer Psychology,Consumer behaviour and personal space,"defending place in a queue including nature of intrusion, number of intrusions, social structure of a queue, responses of people queuing, including a study, e.g. Milgram et al. (1986).",Psychology,Cambridge Assessment International Education,Cambridge International AS & A Level,A Level,"Paper 3: Specialist Options: Approaches, Issues and Debates",9990/3,90,60,25
Consumer Psychology,Consumer behaviour and personal space,"defending place in a queue including nature of intrusion, number of intrusions, social structure of a queue, responses of people queuing, including a study, e.g. Milgram et al. (1986).",Psychology,Cambridge Assessment International Education,Cambridge International AS & A Level,A Level,Paper 4: Specialist Options: Application and Research Methods,9990/4,90,60,25
Consumer Psychology,Consumer decision-making,"models of consumer decision-making focusing on explanations and examples of utility theory, satisficing, prospect theory.",Psychology,Cambridge Assessment International Education,Cambridge International AS & A Level,A Level,"Paper 3: Specialist Options: Approaches, Issues and Debates",9990/3,90,60,25
Consumer Psychology,Consumer decision-making,"models of consumer decision-making focusing on explanations and examples of utility theory, satisficing, prospect theory.",Psychology,Cambridge Assessment International Education,Cambridge International AS & A Level,A Level,Paper 4: Specialist Options: Application and Research Methods,9990/4,90,60,25
Consumer Psychology,Consumer decision-making,"strategies of consumer decision-making focusing on explanations and examples of compensatory, non-compensatory and partially compensatory strategies including explanations and examples of each.",Psychology,Cambridge Assessment International Education,Cambridge International AS & A Level,A Level,"Paper 3: Specialist Options: Approaches, Issues and Debates",9990/3,90,60,25
Consumer Psychology,Consumer decision-making,"strategies of consumer decision-making focusing on explanations and examples of compensatory, non-compensatory and partially compensatory strategies including explanations and examples of each.",Psychology,Cambridge Assessment International Education,Cambridge International AS & A Level,A Level,Paper 4: Specialist Options: Application and Research Methods,9990/4,90,60,25
Consumer Psychology,Consumer decision-making,"decision-making strategies applied to internet shopping focusing on website design, including a study, e.g. Jedetski et al (2002).",Psychology,Cambridge Assessment International Education,Cambridge International AS & A Level,A Level,"Paper 3: Specialist Options: Approaches, Issues and Debates",9990/3,90,60,25
Consumer Psychology,Consumer decision-making,"decision-making strategies applied to internet shopping focusing on website design, including a study, e.g. Jedetski et al (2002).",Psychology,Cambridge Assessment International Education,Cambridge International AS & A Level,A Level,Paper 4: Specialist Options: Application and Research Methods,9990/4,90,60,25
Consumer Psychology,Choice heuristics,"heuristics focusing on availability, representativeness, recognition, take-the-best, and anchoring, including explanations and examples of each.",Psychology,Cambridge Assessment International Education,Cambridge International AS & A Level,A Level,"Paper 3: Specialist Options: Approaches, Issues and Debates",9990/3,90,60,25
Consumer Psychology,Choice heuristics,"heuristics focusing on availability, representativeness, recognition, take-the-best, and anchoring, including explanations and examples of each.",Psychology,Cambridge Assessment International Education,Cambridge International AS & A Level,A Level,Paper 4: Specialist Options: Application and Research Methods,9990/4,90,60,25
Consumer Psychology,Choice heuristics,"point of purchase decisions including multiple unit pricing and suggestive selling, including a study, e.g. Wansink et al. (1998).",Psychology,Cambridge Assessment International Education,Cambridge International AS & A Level,A Level,"Paper 3: Specialist Options: Approaches, Issues and Debates",9990/3,90,60,25
Consumer Psychology,Choice heuristics,"point of purchase decisions including multiple unit pricing and suggestive selling, including a study, e.g. Wansink et al. (1998).",Psychology,Cambridge Assessment International Education,Cambridge International AS & A Level,A Level,Paper 4: Specialist Options: Application and Research Methods,9990/4,90,60,25
Consumer Psychology,Choice heuristics,"applying heuristics to decision-making styles, including a study, e.g. del Campo et al. (2016).",Psychology,Cambridge Assessment International Education,Cambridge International AS & A Level,A Level,"Paper 3: Specialist Options: Approaches, Issues and Debates",9990/3,90,60,25
Consumer Psychology,Choice heuristics,"applying heuristics to decision-making styles, including a study, e.g. del Campo et al. (2016).",Psychology,Cambridge Assessment International Education,Cambridge International AS & A Level,A Level,Paper 4: Specialist Options: Application and Research Methods,9990/4,90,60,25
Consumer Psychology,Mistakes in decision-making,"thinking fast and thinking slow/system 1 and system 2 including explanations and examples of each, e.g. Shleifer (2012).",Psychology,Cambridge Assessment International Education,Cambridge International AS & A Level,A Level,"Paper 3: Specialist Options: Approaches, Issues and Debates",9990/3,90,60,25
Consumer Psychology,Mistakes in decision-making,"thinking fast and thinking slow/system 1 and system 2 including explanations and examples of each, e.g. Shleifer (2012).",Psychology,Cambridge Assessment International Education,Cambridge International AS & A Level,A Level,Paper 4: Specialist Options: Application and Research Methods,9990/4,90,60,25
Consumer Psychology,Mistakes in decision-making,"choice blindness, preferences and defending a choice (exemplified by the following key study).",Psychology,Cambridge Assessment International Education,Cambridge International AS & A Level,A Level,"Paper 3: Specialist Options: Approaches, Issues and Debates",9990/3,90,60,25
Consumer Psychology,Mistakes in decision-making,"choice blindness, preferences and defending a choice (exemplified by the following key study).",Psychology,Cambridge Assessment International Education,Cambridge International AS & A Level,A Level,Paper 4: Specialist Options: Application and Research Methods,9990/4,90,60,25
Consumer Psychology,Mistakes in decision-making,"consumer memory for advertising including how retroactive and proactive interference affect memory, including a study, e.g. Burke and Srull (1988).",Psychology,Cambridge Assessment International Education,Cambridge International AS & A Level,A Level,"Paper 3: Specialist Options: Approaches, Issues and Debates",9990/3,90,60,25
Consumer Psychology,Mistakes in decision-making,"consumer memory for advertising including how retroactive and proactive interference affect memory, including a study, e.g. Burke and Srull (1988).",Psychology,Cambridge Assessment International Education,Cambridge International AS & A Level,A Level,Paper 4: Specialist Options: Application and Research Methods,9990/4,90,60,25
Consumer Psychology,Packaging and positioning of a product,"gift-wrapping including beliefs of giver and recipient: why gifts are wrapped, types of wrapping.",Psychology,Cambridge Assessment International Education,Cambridge International AS & A Level,A Level,"Paper 3: Specialist Options: Approaches, Issues and Debates",9990/3,90,60,25
Consumer Psychology,Packaging and positioning of a product,"gift-wrapping including beliefs of giver and recipient: why gifts are wrapped, types of wrapping.",Psychology,Cambridge Assessment International Education,Cambridge International AS & A Level,A Level,Paper 4: Specialist Options: Application and Research Methods,9990/4,90,60,25
Consumer Psychology,Packaging and positioning of a product,food package design (exemplified by the following key study).,Psychology,Cambridge Assessment International Education,Cambridge International AS & A Level,A Level,"Paper 3: Specialist Options: Approaches, Issues and Debates",9990/3,90,60,25
Consumer Psychology,Packaging and positioning of a product,food package design (exemplified by the following key study).,Psychology,Cambridge Assessment International Education,Cambridge International AS & A Level,A Level,Paper 4: Specialist Options: Application and Research Methods,9990/4,90,60,25
Consumer Psychology,Packaging and positioning of a product,"attention and shelf position including planograms, central gaze cascade effect, use of eye-tracking, including a study, e.g. Atalay et al. (2012).",Psychology,Cambridge Assessment International Education,Cambridge International AS & A Level,A Level,"Paper 3: Specialist Options: Approaches, Issues and Debates",9990/3,90,60,25
Consumer Psychology,Packaging and positioning of a product,"attention and shelf position including planograms, central gaze cascade effect, use of eye-tracking, including a study, e.g. Atalay et al. (2012).",Psychology,Cambridge Assessment International Education,Cambridge International AS & A Level,A Level,Paper 4: Specialist Options: Application and Research Methods,9990/4,90,60,25
Consumer Psychology,Selling the product,"sales techniques focusing on customer-focused, competitor-focused, product-focused techniques including effect of each on buyer–seller relationship.",Psychology,Cambridge Assessment International Education,Cambridge International AS & A Level,A Level,"Paper 3: Specialist Options: Approaches, Issues and Debates",9990/3,90,60,25
Consumer Psychology,Selling the product,"sales techniques focusing on customer-focused, competitor-focused, product-focused techniques including effect of each on buyer–seller relationship.",Psychology,Cambridge Assessment International Education,Cambridge International AS & A Level,A Level,Paper 4: Specialist Options: Application and Research Methods,9990/4,90,60,25
Consumer Psychology,Selling the product,"interpersonal influence techniques; focusing on disrupt-then-reframe including the need for cognitive closure and factors affecting the need for cognitive closure, including a study, e.g. Kardes et al. (2007).",Psychology,Cambridge Assessment International Education,Cambridge International AS & A Level,A Level,"Paper 3: Specialist Options: Approaches, Issues and Debates",9990/3,90,60,25
Consumer Psychology,Selling the product,"interpersonal influence techniques; focusing on disrupt-then-reframe including the need for cognitive closure and factors affecting the need for cognitive closure, including a study, e.g. Kardes et al. (2007).",Psychology,Cambridge Assessment International Education,Cambridge International AS & A Level,A Level,Paper 4: Specialist Options: Application and Research Methods,9990/4,90,60,25
Consumer Psychology,Selling the product,Cialdini’s six ways to close a sale.,Psychology,Cambridge Assessment International Education,Cambridge International AS & A Level,A Level,"Paper 3: Specialist Options: Approaches, Issues and Debates",9990/3,90,60,25
Consumer Psychology,Selling the product,Cialdini’s six ways to close a sale.,Psychology,Cambridge Assessment International Education,Cambridge International AS & A Level,A Level,Paper 4: Specialist Options: Application and Research Methods,9990/4,90,60,25
Consumer Psychology,Buying the product,the Engel Kollat Blackwell model of buyer decision-making.,Psychology,Cambridge Assessment International Education,Cambridge International AS & A Level,A Level,"Paper 3: Specialist Options: Approaches, Issues and Debates",9990/3,90,60,25
Consumer Psychology,Buying the product,the Engel Kollat Blackwell model of buyer decision-making.,Psychology,Cambridge Assessment International Education,Cambridge International AS & A Level,A Level,Paper 4: Specialist Options: Application and Research Methods,9990/4,90,60,25
Consumer Psychology,Buying the product,"deciding where to buy including reasons for store choice and demographics such as age and gender, including a study, e.g. Sinha et al. (2002).",Psychology,Cambridge Assessment International Education,Cambridge International AS & A Level,A Level,"Paper 3: Specialist Options: Approaches, Issues and Debates",9990/3,90,60,25
Consumer Psychology,Buying the product,"deciding where to buy including reasons for store choice and demographics such as age and gender, including a study, e.g. Sinha et al. (2002).",Psychology,Cambridge Assessment International Education,Cambridge International AS & A Level,A Level,Paper 4: Specialist Options: Application and Research Methods,9990/4,90,60,25
Consumer Psychology,Buying the product,"post-purchase cognitive dissonance including factors that can increase dissonance and ways to reduce dissonance, including a study, e.g. Nordvall (2014).",Psychology,Cambridge Assessment International Education,Cambridge International AS & A Level,A Level,"Paper 3: Specialist Options: Approaches, Issues and Debates",9990/3,90,60,25
Consumer Psychology,Buying the product,"post-purchase cognitive dissonance including factors that can increase dissonance and ways to reduce dissonance, including a study, e.g. Nordvall (2014).",Psychology,Cambridge Assessment International Education,Cambridge International AS & A Level,A Level,Paper 4: Specialist Options: Application and Research Methods,9990/4,90,60,25
Consumer Psychology,Types of advertising and advertising techniques,the Yale model of communication including five features.,Psychology,Cambridge Assessment International Education,Cambridge International AS & A Level,A Level,"Paper 3: Specialist Options: Approaches, Issues and Debates",9990/3,90,60,25
Consumer Psychology,Types of advertising and advertising techniques,the Yale model of communication including five features.,Psychology,Cambridge Assessment International Education,Cambridge International AS & A Level,A Level,Paper 4: Specialist Options: Application and Research Methods,9990/4,90,60,25
Consumer Psychology,Types of advertising and advertising techniques,"advertising media including types of advertising media: printed, television, internet and smartphone; use of eye-tracking and EEG, including a study, e.g. Ciceri et al. (2020).",Psychology,Cambridge Assessment International Education,Cambridge International AS & A Level,A Level,"Paper 3: Specialist Options: Approaches, Issues and Debates",9990/3,90,60,25
Consumer Psychology,Types of advertising and advertising techniques,"advertising media including types of advertising media: printed, television, internet and smartphone; use of eye-tracking and EEG, including a study, e.g. Ciceri et al. (2020).",Psychology,Cambridge Assessment International Education,Cambridge International AS & A Level,A Level,Paper 4: Specialist Options: Application and Research Methods,9990/4,90,60,25
Consumer Psychology,Types of advertising and advertising techniques,Lauterborn’s 4 Cs marketing mix model.,Psychology,Cambridge Assessment International Education,Cambridge International AS & A Level,A Level,"Paper 3: Specialist Options: Approaches, Issues and Debates",9990/3,90,60,25
Consumer Psychology,Types of advertising and advertising techniques,Lauterborn’s 4 Cs marketing mix model.,Psychology,Cambridge Assessment International Education,Cambridge International AS & A Level,A Level,Paper 4: Specialist Options: Application and Research Methods,9990/4,90,60,25
Consumer Psychology,Advertising–consumer interaction,advertising and consumer personality including self-monitoring (exemplified by the following Key Study). of methodology for study 1 and study 2 will not be needed.,Psychology,Cambridge Assessment International Education,Cambridge International AS & A Level,A Level,"Paper 3: Specialist Options: Approaches, Issues and Debates",9990/3,90,60,25
Consumer Psychology,Advertising–consumer interaction,advertising and consumer personality including self-monitoring (exemplified by the following Key Study). of methodology for study 1 and study 2 will not be needed.,Psychology,Cambridge Assessment International Education,Cambridge International AS & A Level,A Level,Paper 4: Specialist Options: Application and Research Methods,9990/4,90,60,25
Consumer Psychology,Advertising–consumer interaction,"how product placement in films affects choice including examples and explanations for choice, such as mere exposure and reminders, including a study, e.g. Auty and Lewis (2004).",Psychology,Cambridge Assessment International Education,Cambridge International AS & A Level,A Level,"Paper 3: Specialist Options: Approaches, Issues and Debates",9990/3,90,60,25
Consumer Psychology,Advertising–consumer interaction,"how product placement in films affects choice including examples and explanations for choice, such as mere exposure and reminders, including a study, e.g. Auty and Lewis (2004).",Psychology,Cambridge Assessment International Education,Cambridge International AS & A Level,A Level,Paper 4: Specialist Options: Application and Research Methods,9990/4,90,60,25
Consumer Psychology,Brand awareness and recognition,"brand recognition in children including how children acquire an understanding of advertising via logo recognition, including a study, e.g. Fischer et al. (1991).",Psychology,Cambridge Assessment International Education,Cambridge International AS & A Level,A Level,"Paper 3: Specialist Options: Approaches, Issues and Debates",9990/3,90,60,25
Consumer Psychology,Brand awareness and recognition,"brand recognition in children including how children acquire an understanding of advertising via logo recognition, including a study, e.g. Fischer et al. (1991).",Psychology,Cambridge Assessment International Education,Cambridge International AS & A Level,A Level,Paper 4: Specialist Options: Application and Research Methods,9990/4,90,60,25
Consumer Psychology,Brand awareness and recognition,"brand awareness, brand image and effective slogans including types and function of slogans; guidelines for creating effective slogans, e.g. Kohli et al. (2007).",Psychology,Cambridge Assessment International Education,Cambridge International AS & A Level,A Level,"Paper 3: Specialist Options: Approaches, Issues and Debates",9990/3,90,60,25
Consumer Psychology,Brand awareness and recognition,"brand awareness, brand image and effective slogans including types and function of slogans; guidelines for creating effective slogans, e.g. Kohli et al. (2007).",Psychology,Cambridge Assessment International Education,Cambridge International AS & A Level,A Level,Paper 4: Specialist Options: Application and Research Methods,9990/4,90,60,25
Health Psychology,,"describe, evaluate and compare the psychological theories, research, approaches, explanations and treatments/therapies",Psychology,Cambridge Assessment International Education,Cambridge International AS & A Level,A Level,"Paper 3: Specialist Options: Approaches, Issues and Debates",9990/3,90,60,25
Health Psychology,,"describe, evaluate and compare the psychological theories, research, approaches, explanations and treatments/therapies",Psychology,Cambridge Assessment International Education,Cambridge International AS & A Level,A Level,Paper 4: Specialist Options: Application and Research Methods,9990/4,90,60,25
Health Psychology,,describe and evaluate research methods and methodological concepts (for AS and A Level),Psychology,Cambridge Assessment International Education,Cambridge International AS & A Level,A Level,"Paper 3: Specialist Options: Approaches, Issues and Debates",9990/3,90,60,25
Health Psychology,,describe and evaluate research methods and methodological concepts (for AS and A Level),Psychology,Cambridge Assessment International Education,Cambridge International AS & A Level,A Level,Paper 4: Specialist Options: Application and Research Methods,9990/4,90,60,25
Health Psychology,,consider how the topic area relates to psychological issues and debates (for AS and A Level),Psychology,Cambridge Assessment International Education,Cambridge International AS & A Level,A Level,"Paper 3: Specialist Options: Approaches, Issues and Debates",9990/3,90,60,25
Health Psychology,,consider how the topic area relates to psychological issues and debates (for AS and A Level),Psychology,Cambridge Assessment International Education,Cambridge International AS & A Level,A Level,Paper 4: Specialist Options: Application and Research Methods,9990/4,90,60,25
Health Psychology,,apply the findings of the study and topic area to the real world.,Psychology,Cambridge Assessment International Education,Cambridge International AS & A Level,A Level,"Paper 3: Specialist Options: Approaches, Issues and Debates",9990/3,90,60,25
Health Psychology,,apply the findings of the study and topic area to the real world.,Psychology,Cambridge Assessment International Education,Cambridge International AS & A Level,A Level,Paper 4: Specialist Options: Application and Research Methods,9990/4,90,60,25
Health Psychology,Key Studies,the context of the study and relationship to other studies,Psychology,Cambridge Assessment International Education,Cambridge International AS & A Level,A Level,"Paper 3: Specialist Options: Approaches, Issues and Debates",9990/3,90,60,25
Health Psychology,Key Studies,the context of the study and relationship to other studies,Psychology,Cambridge Assessment International Education,Cambridge International AS & A Level,A Level,Paper 4: Specialist Options: Application and Research Methods,9990/4,90,60,25
Health Psychology,Key Studies,the main theories/explanations included in the study,Psychology,Cambridge Assessment International Education,Cambridge International AS & A Level,A Level,"Paper 3: Specialist Options: Approaches, Issues and Debates",9990/3,90,60,25
Health Psychology,Key Studies,the main theories/explanations included in the study,Psychology,Cambridge Assessment International Education,Cambridge International AS & A Level,A Level,Paper 4: Specialist Options: Application and Research Methods,9990/4,90,60,25
Health Psychology,Key Studies,the aim(s) and hypotheses of the study [if stated],Psychology,Cambridge Assessment International Education,Cambridge International AS & A Level,A Level,"Paper 3: Specialist Options: Approaches, Issues and Debates",9990/3,90,60,25
Health Psychology,Key Studies,the aim(s) and hypotheses of the study [if stated],Psychology,Cambridge Assessment International Education,Cambridge International AS & A Level,A Level,Paper 4: Specialist Options: Application and Research Methods,9990/4,90,60,25
Health Psychology,Key Studies,"the design of the study, including all methodology as appropriate, such as the research method(s) used, sample size and demographics [if known] and sampling technique [if known], procedure, technique for data collection",Psychology,Cambridge Assessment International Education,Cambridge International AS & A Level,A Level,"Paper 3: Specialist Options: Approaches, Issues and Debates",9990/3,90,60,25
Health Psychology,Key Studies,"the design of the study, including all methodology as appropriate, such as the research method(s) used, sample size and demographics [if known] and sampling technique [if known], procedure, technique for data collection",Psychology,Cambridge Assessment International Education,Cambridge International AS & A Level,A Level,Paper 4: Specialist Options: Application and Research Methods,9990/4,90,60,25
Health Psychology,Key Studies,"the results, findings and conclusions of the study",Psychology,Cambridge Assessment International Education,Cambridge International AS & A Level,A Level,"Paper 3: Specialist Options: Approaches, Issues and Debates",9990/3,90,60,25
Health Psychology,Key Studies,"the results, findings and conclusions of the study",Psychology,Cambridge Assessment International Education,Cambridge International AS & A Level,A Level,Paper 4: Specialist Options: Application and Research Methods,9990/4,90,60,25
Health Psychology,Key Studies,the main discussion points of the study.,Psychology,Cambridge Assessment International Education,Cambridge International AS & A Level,A Level,"Paper 3: Specialist Options: Approaches, Issues and Debates",9990/3,90,60,25
Health Psychology,Key Studies,the main discussion points of the study.,Psychology,Cambridge Assessment International Education,Cambridge International AS & A Level,A Level,Paper 4: Specialist Options: Application and Research Methods,9990/4,90,60,25
Health Psychology,Key Studies,describe and evaluate research methods used in and methodological concepts included in the study (for AS and A Level),Psychology,Cambridge Assessment International Education,Cambridge International AS & A Level,A Level,"Paper 3: Specialist Options: Approaches, Issues and Debates",9990/3,90,60,25
Health Psychology,Key Studies,describe and evaluate research methods used in and methodological concepts included in the study (for AS and A Level),Psychology,Cambridge Assessment International Education,Cambridge International AS & A Level,A Level,Paper 4: Specialist Options: Application and Research Methods,9990/4,90,60,25
Health Psychology,Key Studies,describe and evaluate the psychological issues and debates (for AS and A Level) included in the study.,Psychology,Cambridge Assessment International Education,Cambridge International AS & A Level,A Level,"Paper 3: Specialist Options: Approaches, Issues and Debates",9990/3,90,60,25
Health Psychology,Key Studies,describe and evaluate the psychological issues and debates (for AS and A Level) included in the study.,Psychology,Cambridge Assessment International Education,Cambridge International AS & A Level,A Level,Paper 4: Specialist Options: Application and Research Methods,9990/4,90,60,25
Health Psychology,Practitioner and patient interpersonal skills,"non-verbal communications with a focus on practitioner clothing, including a study, e.g. McKinstry and Wang (1991).",Psychology,Cambridge Assessment International Education,Cambridge International AS & A Level,A Level,"Paper 3: Specialist Options: Approaches, Issues and Debates",9990/3,90,60,25
Health Psychology,Practitioner and patient interpersonal skills,"non-verbal communications with a focus on practitioner clothing, including a study, e.g. McKinstry and Wang (1991).",Psychology,Cambridge Assessment International Education,Cambridge International AS & A Level,A Level,Paper 4: Specialist Options: Application and Research Methods,9990/4,90,60,25
Health Psychology,Practitioner and patient interpersonal skills,"verbal communications with a focus on understanding medical terminology, including a study, e.g. McKinlay (1975).",Psychology,Cambridge Assessment International Education,Cambridge International AS & A Level,A Level,"Paper 3: Specialist Options: Approaches, Issues and Debates",9990/3,90,60,25
Health Psychology,Practitioner and patient interpersonal skills,"verbal communications with a focus on understanding medical terminology, including a study, e.g. McKinlay (1975).",Psychology,Cambridge Assessment International Education,Cambridge International AS & A Level,A Level,Paper 4: Specialist Options: Application and Research Methods,9990/4,90,60,25
Health Psychology,Patient and practitioner diagnosis and style,"practitioner diagnosis focusing on making a diagnosis (disclosure of information, false positive and false negative diagnosis) and presenting a diagnosis.",Psychology,Cambridge Assessment International Education,Cambridge International AS & A Level,A Level,"Paper 3: Specialist Options: Approaches, Issues and Debates",9990/3,90,60,25
Health Psychology,Patient and practitioner diagnosis and style,"practitioner diagnosis focusing on making a diagnosis (disclosure of information, false positive and false negative diagnosis) and presenting a diagnosis.",Psychology,Cambridge Assessment International Education,Cambridge International AS & A Level,A Level,Paper 4: Specialist Options: Application and Research Methods,9990/4,90,60,25
Health Psychology,Patient and practitioner diagnosis and style,practitioner style: doctor-centred (directed) and patient-centred (sharing) consultation (exemplified by the following key study).,Psychology,Cambridge Assessment International Education,Cambridge International AS & A Level,A Level,"Paper 3: Specialist Options: Approaches, Issues and Debates",9990/3,90,60,25
Health Psychology,Patient and practitioner diagnosis and style,practitioner style: doctor-centred (directed) and patient-centred (sharing) consultation (exemplified by the following key study).,Psychology,Cambridge Assessment International Education,Cambridge International AS & A Level,A Level,Paper 4: Specialist Options: Application and Research Methods,9990/4,90,60,25
Health Psychology,Misusing health services,"delay in seeking treatment: – reasons for delay, including a study, e.g. Safer et al. (1979) – alternative explanations for delay, e.g. the health belief model",Psychology,Cambridge Assessment International Education,Cambridge International AS & A Level,A Level,"Paper 3: Specialist Options: Approaches, Issues and Debates",9990/3,90,60,25
Health Psychology,Misusing health services,"delay in seeking treatment: – reasons for delay, including a study, e.g. Safer et al. (1979) – alternative explanations for delay, e.g. the health belief model",Psychology,Cambridge Assessment International Education,Cambridge International AS & A Level,A Level,Paper 4: Specialist Options: Application and Research Methods,9990/4,90,60,25
Health Psychology,Misusing health services,"Munchausen syndrome versus malingering. Diagnostic features of Munchausen (essential and supporting features), including a study, e.g. Aleem and Ajarim (1995).",Psychology,Cambridge Assessment International Education,Cambridge International AS & A Level,A Level,"Paper 3: Specialist Options: Approaches, Issues and Debates",9990/3,90,60,25
Health Psychology,Misusing health services,"Munchausen syndrome versus malingering. Diagnostic features of Munchausen (essential and supporting features), including a study, e.g. Aleem and Ajarim (1995).",Psychology,Cambridge Assessment International Education,Cambridge International AS & A Level,A Level,Paper 4: Specialist Options: Application and Research Methods,9990/4,90,60,25
Health Psychology,Types of non-adherence and reasons why patients do not adhere,types of non-adherence (failure to follow treatments and failure to attend appointments) and problems caused by non-adherence.,Psychology,Cambridge Assessment International Education,Cambridge International AS & A Level,A Level,"Paper 3: Specialist Options: Approaches, Issues and Debates",9990/3,90,60,25
Health Psychology,Types of non-adherence and reasons why patients do not adhere,types of non-adherence (failure to follow treatments and failure to attend appointments) and problems caused by non-adherence.,Psychology,Cambridge Assessment International Education,Cambridge International AS & A Level,A Level,Paper 4: Specialist Options: Application and Research Methods,9990/4,90,60,25
Health Psychology,Types of non-adherence and reasons why patients do not adhere,"explanations of why patients do not adhere: – rational non-adherence, including a study, e.g. Laba et al. (2012) – Health Belief Model.",Psychology,Cambridge Assessment International Education,Cambridge International AS & A Level,A Level,"Paper 3: Specialist Options: Approaches, Issues and Debates",9990/3,90,60,25
Health Psychology,Types of non-adherence and reasons why patients do not adhere,"explanations of why patients do not adhere: – rational non-adherence, including a study, e.g. Laba et al. (2012) – Health Belief Model.",Psychology,Cambridge Assessment International Education,Cambridge International AS & A Level,A Level,Paper 4: Specialist Options: Application and Research Methods,9990/4,90,60,25
Health Psychology,Measuring non-adherence,"subjective measures including clinical interviews and semi-structured interviews, including a study, e.g. Riekert and Drotar (1999).",Psychology,Cambridge Assessment International Education,Cambridge International AS & A Level,A Level,"Paper 3: Specialist Options: Approaches, Issues and Debates",9990/3,90,60,25
Health Psychology,Measuring non-adherence,"subjective measures including clinical interviews and semi-structured interviews, including a study, e.g. Riekert and Drotar (1999).",Psychology,Cambridge Assessment International Education,Cambridge International AS & A Level,A Level,Paper 4: Specialist Options: Application and Research Methods,9990/4,90,60,25
Health Psychology,Measuring non-adherence,"objective measures focusing on pill counting and medication dispensers, including a study, e.g. Chung and Naya (2000).",Psychology,Cambridge Assessment International Education,Cambridge International AS & A Level,A Level,"Paper 3: Specialist Options: Approaches, Issues and Debates",9990/3,90,60,25
Health Psychology,Measuring non-adherence,"objective measures focusing on pill counting and medication dispensers, including a study, e.g. Chung and Naya (2000).",Psychology,Cambridge Assessment International Education,Cambridge International AS & A Level,A Level,Paper 4: Specialist Options: Application and Research Methods,9990/4,90,60,25
Health Psychology,Measuring non-adherence,biological measures including blood and urine samples.,Psychology,Cambridge Assessment International Education,Cambridge International AS & A Level,A Level,"Paper 3: Specialist Options: Approaches, Issues and Debates",9990/3,90,60,25
Health Psychology,Measuring non-adherence,biological measures including blood and urine samples.,Psychology,Cambridge Assessment International Education,Cambridge International AS & A Level,A Level,Paper 4: Specialist Options: Application and Research Methods,9990/4,90,60,25
Health Psychology,Improving adherence,"improving adherence in children including a study, e.g. Chaney et al. (2004).",Psychology,Cambridge Assessment International Education,Cambridge International AS & A Level,A Level,"Paper 3: Specialist Options: Approaches, Issues and Debates",9990/3,90,60,25
Health Psychology,Improving adherence,"improving adherence in children including a study, e.g. Chaney et al. (2004).",Psychology,Cambridge Assessment International Education,Cambridge International AS & A Level,A Level,Paper 4: Specialist Options: Application and Research Methods,9990/4,90,60,25
Health Psychology,Improving adherence,"individual behavioural techniques: contracts, prompts, customising treatment.",Psychology,Cambridge Assessment International Education,Cambridge International AS & A Level,A Level,"Paper 3: Specialist Options: Approaches, Issues and Debates",9990/3,90,60,25
Health Psychology,Improving adherence,"individual behavioural techniques: contracts, prompts, customising treatment.",Psychology,Cambridge Assessment International Education,Cambridge International AS & A Level,A Level,Paper 4: Specialist Options: Application and Research Methods,9990/4,90,60,25
Health Psychology,Improving adherence,community interventions (exemplified by the following key study).,Psychology,Cambridge Assessment International Education,Cambridge International AS & A Level,A Level,"Paper 3: Specialist Options: Approaches, Issues and Debates",9990/3,90,60,25
Health Psychology,Improving adherence,community interventions (exemplified by the following key study).,Psychology,Cambridge Assessment International Education,Cambridge International AS & A Level,A Level,Paper 4: Specialist Options: Application and Research Methods,9990/4,90,60,25
Health Psychology,Types and theories of pain,"functions of pain; types of pain: acute and chronic pain. Focus on phantom limb pain and mirror treatment to include a case study, e.g. MacLachlan et al. (2004).",Psychology,Cambridge Assessment International Education,Cambridge International AS & A Level,A Level,"Paper 3: Specialist Options: Approaches, Issues and Debates",9990/3,90,60,25
Health Psychology,Types and theories of pain,"functions of pain; types of pain: acute and chronic pain. Focus on phantom limb pain and mirror treatment to include a case study, e.g. MacLachlan et al. (2004).",Psychology,Cambridge Assessment International Education,Cambridge International AS & A Level,A Level,Paper 4: Specialist Options: Application and Research Methods,9990/4,90,60,25
Health Psychology,Types and theories of pain,"theories of pain: specificity theory, gate control theory.",Psychology,Cambridge Assessment International Education,Cambridge International AS & A Level,A Level,"Paper 3: Specialist Options: Approaches, Issues and Debates",9990/3,90,60,25
Health Psychology,Types and theories of pain,"theories of pain: specificity theory, gate control theory.",Psychology,Cambridge Assessment International Education,Cambridge International AS & A Level,A Level,Paper 4: Specialist Options: Application and Research Methods,9990/4,90,60,25
Health Psychology,Measuring pain,subjective measures including clinical interview.,Psychology,Cambridge Assessment International Education,Cambridge International AS & A Level,A Level,"Paper 3: Specialist Options: Approaches, Issues and Debates",9990/3,90,60,25
Health Psychology,Measuring pain,subjective measures including clinical interview.,Psychology,Cambridge Assessment International Education,Cambridge International AS & A Level,A Level,Paper 4: Specialist Options: Application and Research Methods,9990/4,90,60,25
Health Psychology,Measuring pain,psychometric measures and visual rating scales: – McGill pain questionnaire – visual analogue scale (exemplified by the following key study).,Psychology,Cambridge Assessment International Education,Cambridge International AS & A Level,A Level,"Paper 3: Specialist Options: Approaches, Issues and Debates",9990/3,90,60,25
Health Psychology,Measuring pain,psychometric measures and visual rating scales: – McGill pain questionnaire – visual analogue scale (exemplified by the following key study).,Psychology,Cambridge Assessment International Education,Cambridge International AS & A Level,A Level,Paper 4: Specialist Options: Application and Research Methods,9990/4,90,60,25
Health Psychology,Measuring pain,behavioural/observational measures: UAB pain behaviour scale.,Psychology,Cambridge Assessment International Education,Cambridge International AS & A Level,A Level,"Paper 3: Specialist Options: Approaches, Issues and Debates",9990/3,90,60,25
Health Psychology,Measuring pain,behavioural/observational measures: UAB pain behaviour scale.,Psychology,Cambridge Assessment International Education,Cambridge International AS & A Level,A Level,Paper 4: Specialist Options: Application and Research Methods,9990/4,90,60,25
Health Psychology,Managing and controlling pain,biological treatment: biochemical.,Psychology,Cambridge Assessment International Education,Cambridge International AS & A Level,A Level,"Paper 3: Specialist Options: Approaches, Issues and Debates",9990/3,90,60,25
Health Psychology,Managing and controlling pain,biological treatment: biochemical.,Psychology,Cambridge Assessment International Education,Cambridge International AS & A Level,A Level,Paper 4: Specialist Options: Application and Research Methods,9990/4,90,60,25
Health Psychology,Managing and controlling pain,"psychological treatments: cognitive strategies (attention diversion, non-pain imagery and cognitive redefinition).",Psychology,Cambridge Assessment International Education,Cambridge International AS & A Level,A Level,"Paper 3: Specialist Options: Approaches, Issues and Debates",9990/3,90,60,25
Health Psychology,Managing and controlling pain,"psychological treatments: cognitive strategies (attention diversion, non-pain imagery and cognitive redefinition).",Psychology,Cambridge Assessment International Education,Cambridge International AS & A Level,A Level,Paper 4: Specialist Options: Application and Research Methods,9990/4,90,60,25
Health Psychology,Managing and controlling pain,alternative treatments: acupuncture; stimulation therapy/TENS.,Psychology,Cambridge Assessment International Education,Cambridge International AS & A Level,A Level,"Paper 3: Specialist Options: Approaches, Issues and Debates",9990/3,90,60,25
Health Psychology,Managing and controlling pain,alternative treatments: acupuncture; stimulation therapy/TENS.,Psychology,Cambridge Assessment International Education,Cambridge International AS & A Level,A Level,Paper 4: Specialist Options: Application and Research Methods,9990/4,90,60,25
Health Psychology,Sources of stress,physiology of stress: the GAS Model and effects of stress on health.,Psychology,Cambridge Assessment International Education,Cambridge International AS & A Level,A Level,"Paper 3: Specialist Options: Approaches, Issues and Debates",9990/3,90,60,25
Health Psychology,Sources of stress,physiology of stress: the GAS Model and effects of stress on health.,Psychology,Cambridge Assessment International Education,Cambridge International AS & A Level,A Level,Paper 4: Specialist Options: Application and Research Methods,9990/4,90,60,25
Health Psychology,Sources of stress,"causes of stress: Holmes and Rahe’s life events, work including a study, e.g. Chandola et al. (2008) and Friedman and Rosenman’s Type A personality.",Psychology,Cambridge Assessment International Education,Cambridge International AS & A Level,A Level,"Paper 3: Specialist Options: Approaches, Issues and Debates",9990/3,90,60,25
Health Psychology,Sources of stress,"causes of stress: Holmes and Rahe’s life events, work including a study, e.g. Chandola et al. (2008) and Friedman and Rosenman’s Type A personality.",Psychology,Cambridge Assessment International Education,Cambridge International AS & A Level,A Level,Paper 4: Specialist Options: Application and Research Methods,9990/4,90,60,25
Health Psychology,Measures of stress,"biological measures: – recording devices for heart rate and brain function (fMRI), including a study, e.g. Wang et al. (2005) – sample tests for salivary cortisol, including a study, e.g. Evans and Wener (2007).",Psychology,Cambridge Assessment International Education,Cambridge International AS & A Level,A Level,"Paper 3: Specialist Options: Approaches, Issues and Debates",9990/3,90,60,25
Health Psychology,Measures of stress,"biological measures: – recording devices for heart rate and brain function (fMRI), including a study, e.g. Wang et al. (2005) – sample tests for salivary cortisol, including a study, e.g. Evans and Wener (2007).",Psychology,Cambridge Assessment International Education,Cambridge International AS & A Level,A Level,Paper 4: Specialist Options: Application and Research Methods,9990/4,90,60,25
Health Psychology,Measures of stress,"psychological measures: self-report questionnaires, including tests of Friedman and Rosenman’s Type A personality and Holmes and Rahe’s life events questionnaire.",Psychology,Cambridge Assessment International Education,Cambridge International AS & A Level,A Level,"Paper 3: Specialist Options: Approaches, Issues and Debates",9990/3,90,60,25
Health Psychology,Measures of stress,"psychological measures: self-report questionnaires, including tests of Friedman and Rosenman’s Type A personality and Holmes and Rahe’s life events questionnaire.",Psychology,Cambridge Assessment International Education,Cambridge International AS & A Level,A Level,Paper 4: Specialist Options: Application and Research Methods,9990/4,90,60,25
Health Psychology,Managing stress,"psychological therapy: biofeedback, including a study, e.g. Budzynski et al. (1969).",Psychology,Cambridge Assessment International Education,Cambridge International AS & A Level,A Level,"Paper 3: Specialist Options: Approaches, Issues and Debates",9990/3,90,60,25
Health Psychology,Managing stress,"psychological therapy: biofeedback, including a study, e.g. Budzynski et al. (1969).",Psychology,Cambridge Assessment International Education,Cambridge International AS & A Level,A Level,Paper 4: Specialist Options: Application and Research Methods,9990/4,90,60,25
Health Psychology,Managing stress,use of imagery to reduce stress (exemplified by the following key study).,Psychology,Cambridge Assessment International Education,Cambridge International AS & A Level,A Level,"Paper 3: Specialist Options: Approaches, Issues and Debates",9990/3,90,60,25
Health Psychology,Managing stress,use of imagery to reduce stress (exemplified by the following key study).,Psychology,Cambridge Assessment International Education,Cambridge International AS & A Level,A Level,Paper 4: Specialist Options: Application and Research Methods,9990/4,90,60,25
Health Psychology,Managing stress,preventing stress: three phases of stress inoculation training.,Psychology,Cambridge Assessment International Education,Cambridge International AS & A Level,A Level,"Paper 3: Specialist Options: Approaches, Issues and Debates",9990/3,90,60,25
Health Psychology,Managing stress,preventing stress: three phases of stress inoculation training.,Psychology,Cambridge Assessment International Education,Cambridge International AS & A Level,A Level,Paper 4: Specialist Options: Application and Research Methods,9990/4,90,60,25
Health Psychology,Strategies for promoting health,"fear arousal: use of fear to improve health, including a study, e.g. Janis and Feshbach (1953).",Psychology,Cambridge Assessment International Education,Cambridge International AS & A Level,A Level,"Paper 3: Specialist Options: Approaches, Issues and Debates",9990/3,90,60,25
Health Psychology,Strategies for promoting health,"fear arousal: use of fear to improve health, including a study, e.g. Janis and Feshbach (1953).",Psychology,Cambridge Assessment International Education,Cambridge International AS & A Level,A Level,Paper 4: Specialist Options: Application and Research Methods,9990/4,90,60,25
Health Psychology,Strategies for promoting health,"providing information: giving information so people know how to improve their health, including a study, e.g. Lewin et al. (1992).",Psychology,Cambridge Assessment International Education,Cambridge International AS & A Level,A Level,"Paper 3: Specialist Options: Approaches, Issues and Debates",9990/3,90,60,25
Health Psychology,Strategies for promoting health,"providing information: giving information so people know how to improve their health, including a study, e.g. Lewin et al. (1992).",Psychology,Cambridge Assessment International Education,Cambridge International AS & A Level,A Level,Paper 4: Specialist Options: Application and Research Methods,9990/4,90,60,25
Health Psychology,Health promotion in schools and worksites,"schools with a focus on healthy eating, including a study, e.g. Tapper et al. (2003).",Psychology,Cambridge Assessment International Education,Cambridge International AS & A Level,A Level,"Paper 3: Specialist Options: Approaches, Issues and Debates",9990/3,90,60,25
Health Psychology,Health promotion in schools and worksites,"schools with a focus on healthy eating, including a study, e.g. Tapper et al. (2003).",Psychology,Cambridge Assessment International Education,Cambridge International AS & A Level,A Level,Paper 4: Specialist Options: Application and Research Methods,9990/4,90,60,25
Health Psychology,Health promotion in schools and worksites,"worksites with a focus on health and safety, including a study, e.g. Fox et al. (1987).",Psychology,Cambridge Assessment International Education,Cambridge International AS & A Level,A Level,"Paper 3: Specialist Options: Approaches, Issues and Debates",9990/3,90,60,25
Health Psychology,Health promotion in schools and worksites,"worksites with a focus on health and safety, including a study, e.g. Fox et al. (1987).",Psychology,Cambridge Assessment International Education,Cambridge International AS & A Level,A Level,Paper 4: Specialist Options: Application and Research Methods,9990/4,90,60,25
Health Psychology,Individual factors in changing health beliefs,"unrealistic optimism: reason for disregarding positive health advice, including a study, e.g. Weinstein (1980).",Psychology,Cambridge Assessment International Education,Cambridge International AS & A Level,A Level,"Paper 3: Specialist Options: Approaches, Issues and Debates",9990/3,90,60,25
Health Psychology,Individual factors in changing health beliefs,"unrealistic optimism: reason for disregarding positive health advice, including a study, e.g. Weinstein (1980).",Psychology,Cambridge Assessment International Education,Cambridge International AS & A Level,A Level,Paper 4: Specialist Options: Application and Research Methods,9990/4,90,60,25
Health Psychology,Individual factors in changing health beliefs,"positive psychology: defining positive psychology. Three focuses: pleasant life, good life, meaningful life, including a study, e.g. Seligman (2004).",Psychology,Cambridge Assessment International Education,Cambridge International AS & A Level,A Level,"Paper 3: Specialist Options: Approaches, Issues and Debates",9990/3,90,60,25
Health Psychology,Individual factors in changing health beliefs,"positive psychology: defining positive psychology. Three focuses: pleasant life, good life, meaningful life, including a study, e.g. Seligman (2004).",Psychology,Cambridge Assessment International Education,Cambridge International AS & A Level,A Level,Paper 4: Specialist Options: Application and Research Methods,9990/4,90,60,25
Health Psychology,Individual factors in changing health beliefs,application of positive psychology (exemplified by the following key study). (2014).,Psychology,Cambridge Assessment International Education,Cambridge International AS & A Level,A Level,"Paper 3: Specialist Options: Approaches, Issues and Debates",9990/3,90,60,25
Health Psychology,Individual factors in changing health beliefs,application of positive psychology (exemplified by the following key study). (2014).,Psychology,Cambridge Assessment International Education,Cambridge International AS & A Level,A Level,Paper 4: Specialist Options: Application and Research Methods,9990/4,90,60,25
Organisational Psychology,,"describe, evaluate and compare the psychological theories, research, approaches, explanations and treatments/therapies",Psychology,Cambridge Assessment International Education,Cambridge International AS & A Level,A Level,"Paper 3: Specialist Options: Approaches, Issues and Debates",9990/3,90,60,25
Organisational Psychology,,"describe, evaluate and compare the psychological theories, research, approaches, explanations and treatments/therapies",Psychology,Cambridge Assessment International Education,Cambridge International AS & A Level,A Level,Paper 4: Specialist Options: Application and Research Methods,9990/4,90,60,25
Organisational Psychology,,describe and evaluate research methods and methodological concepts (for AS and A Level),Psychology,Cambridge Assessment International Education,Cambridge International AS & A Level,A Level,"Paper 3: Specialist Options: Approaches, Issues and Debates",9990/3,90,60,25
Organisational Psychology,,describe and evaluate research methods and methodological concepts (for AS and A Level),Psychology,Cambridge Assessment International Education,Cambridge International AS & A Level,A Level,Paper 4: Specialist Options: Application and Research Methods,9990/4,90,60,25
Organisational Psychology,,consider how the topic area relates to psychological issues and debates (for AS and A Level),Psychology,Cambridge Assessment International Education,Cambridge International AS & A Level,A Level,"Paper 3: Specialist Options: Approaches, Issues and Debates",9990/3,90,60,25
Organisational Psychology,,consider how the topic area relates to psychological issues and debates (for AS and A Level),Psychology,Cambridge Assessment International Education,Cambridge International AS & A Level,A Level,Paper 4: Specialist Options: Application and Research Methods,9990/4,90,60,25
Organisational Psychology,,apply the findings of the study and topic area to the real world.,Psychology,Cambridge Assessment International Education,Cambridge International AS & A Level,A Level,"Paper 3: Specialist Options: Approaches, Issues and Debates",9990/3,90,60,25
Organisational Psychology,,apply the findings of the study and topic area to the real world.,Psychology,Cambridge Assessment International Education,Cambridge International AS & A Level,A Level,Paper 4: Specialist Options: Application and Research Methods,9990/4,90,60,25
Organisational Psychology,Key Studies,the context of the study and relationship to other studies,Psychology,Cambridge Assessment International Education,Cambridge International AS & A Level,A Level,"Paper 3: Specialist Options: Approaches, Issues and Debates",9990/3,90,60,25
Organisational Psychology,Key Studies,the context of the study and relationship to other studies,Psychology,Cambridge Assessment International Education,Cambridge International AS & A Level,A Level,Paper 4: Specialist Options: Application and Research Methods,9990/4,90,60,25
Organisational Psychology,Key Studies,the main theories/explanations included in the study,Psychology,Cambridge Assessment International Education,Cambridge International AS & A Level,A Level,"Paper 3: Specialist Options: Approaches, Issues and Debates",9990/3,90,60,25
Organisational Psychology,Key Studies,the main theories/explanations included in the study,Psychology,Cambridge Assessment International Education,Cambridge International AS & A Level,A Level,Paper 4: Specialist Options: Application and Research Methods,9990/4,90,60,25
Organisational Psychology,Key Studies,the aim(s) and hypotheses of the study [if stated],Psychology,Cambridge Assessment International Education,Cambridge International AS & A Level,A Level,"Paper 3: Specialist Options: Approaches, Issues and Debates",9990/3,90,60,25
Organisational Psychology,Key Studies,the aim(s) and hypotheses of the study [if stated],Psychology,Cambridge Assessment International Education,Cambridge International AS & A Level,A Level,Paper 4: Specialist Options: Application and Research Methods,9990/4,90,60,25
Organisational Psychology,Key Studies,"the design of the study, including all methodology as appropriate, such as the research method(s) used, sample size and demographics [if known] and sampling technique [if known], procedure, technique for data collection",Psychology,Cambridge Assessment International Education,Cambridge International AS & A Level,A Level,"Paper 3: Specialist Options: Approaches, Issues and Debates",9990/3,90,60,25
Organisational Psychology,Key Studies,"the design of the study, including all methodology as appropriate, such as the research method(s) used, sample size and demographics [if known] and sampling technique [if known], procedure, technique for data collection",Psychology,Cambridge Assessment International Education,Cambridge International AS & A Level,A Level,Paper 4: Specialist Options: Application and Research Methods,9990/4,90,60,25
Organisational Psychology,Key Studies,"the results, findings and conclusions of the study",Psychology,Cambridge Assessment International Education,Cambridge International AS & A Level,A Level,"Paper 3: Specialist Options: Approaches, Issues and Debates",9990/3,90,60,25
Organisational Psychology,Key Studies,"the results, findings and conclusions of the study",Psychology,Cambridge Assessment International Education,Cambridge International AS & A Level,A Level,Paper 4: Specialist Options: Application and Research Methods,9990/4,90,60,25
Organisational Psychology,Key Studies,the main discussion points of the study.,Psychology,Cambridge Assessment International Education,Cambridge International AS & A Level,A Level,"Paper 3: Specialist Options: Approaches, Issues and Debates",9990/3,90,60,25
Organisational Psychology,Key Studies,the main discussion points of the study.,Psychology,Cambridge Assessment International Education,Cambridge International AS & A Level,A Level,Paper 4: Specialist Options: Application and Research Methods,9990/4,90,60,25
Organisational Psychology,Key Studies,describe and evaluate research methods used in and methodological concepts included in the study (for AS and A Level),Psychology,Cambridge Assessment International Education,Cambridge International AS & A Level,A Level,"Paper 3: Specialist Options: Approaches, Issues and Debates",9990/3,90,60,25
Organisational Psychology,Key Studies,describe and evaluate research methods used in and methodological concepts included in the study (for AS and A Level),Psychology,Cambridge Assessment International Education,Cambridge International AS & A Level,A Level,Paper 4: Specialist Options: Application and Research Methods,9990/4,90,60,25
Organisational Psychology,Key Studies,describe and evaluate the psychological issues and debates (for AS and A Level) included in the study.,Psychology,Cambridge Assessment International Education,Cambridge International AS & A Level,A Level,"Paper 3: Specialist Options: Approaches, Issues and Debates",9990/3,90,60,25
Organisational Psychology,Key Studies,describe and evaluate the psychological issues and debates (for AS and A Level) included in the study.,Psychology,Cambridge Assessment International Education,Cambridge International AS & A Level,A Level,Paper 4: Specialist Options: Application and Research Methods,9990/4,90,60,25
Organisational Psychology,Need theories,"Maslow’s hierarchy of needs including five needs, including a study, e.g. Saeednia (2011).",Psychology,Cambridge Assessment International Education,Cambridge International AS & A Level,A Level,"Paper 3: Specialist Options: Approaches, Issues and Debates",9990/3,90,60,25
Organisational Psychology,Need theories,"Maslow’s hierarchy of needs including five needs, including a study, e.g. Saeednia (2011).",Psychology,Cambridge Assessment International Education,Cambridge International AS & A Level,A Level,Paper 4: Specialist Options: Application and Research Methods,9990/4,90,60,25
Organisational Psychology,Need theories,"McClelland’s theory of achievement motivation including need for achievement, affiliation and power.",Psychology,Cambridge Assessment International Education,Cambridge International AS & A Level,A Level,"Paper 3: Specialist Options: Approaches, Issues and Debates",9990/3,90,60,25
Organisational Psychology,Need theories,"McClelland’s theory of achievement motivation including need for achievement, affiliation and power.",Psychology,Cambridge Assessment International Education,Cambridge International AS & A Level,A Level,Paper 4: Specialist Options: Application and Research Methods,9990/4,90,60,25
Organisational Psychology,Cognitive theories,Latham and Locke’s goal-setting theory including goal-setting principles and SMART goals.,Psychology,Cambridge Assessment International Education,Cambridge International AS & A Level,A Level,"Paper 3: Specialist Options: Approaches, Issues and Debates",9990/3,90,60,25
Organisational Psychology,Cognitive theories,Latham and Locke’s goal-setting theory including goal-setting principles and SMART goals.,Psychology,Cambridge Assessment International Education,Cambridge International AS & A Level,A Level,Paper 4: Specialist Options: Application and Research Methods,9990/4,90,60,25
Organisational Psychology,Cognitive theories,Vroom’s VIE (expectancy) theory.,Psychology,Cambridge Assessment International Education,Cambridge International AS & A Level,A Level,"Paper 3: Specialist Options: Approaches, Issues and Debates",9990/3,90,60,25
Organisational Psychology,Cognitive theories,Vroom’s VIE (expectancy) theory.,Psychology,Cambridge Assessment International Education,Cambridge International AS & A Level,A Level,Paper 4: Specialist Options: Application and Research Methods,9990/4,90,60,25
Organisational Psychology,Motivators at work,"extrinsic motivators at work: types of reward systems including pay, bonuses, profit-sharing, performance-related pay.",Psychology,Cambridge Assessment International Education,Cambridge International AS & A Level,A Level,"Paper 3: Specialist Options: Approaches, Issues and Debates",9990/3,90,60,25
Organisational Psychology,Motivators at work,"extrinsic motivators at work: types of reward systems including pay, bonuses, profit-sharing, performance-related pay.",Psychology,Cambridge Assessment International Education,Cambridge International AS & A Level,A Level,Paper 4: Specialist Options: Application and Research Methods,9990/4,90,60,25
Organisational Psychology,Motivators at work,"intrinsic motivators at work: non-monetary rewards including praise, respect, recognition, empowerment and a sense of belonging.",Psychology,Cambridge Assessment International Education,Cambridge International AS & A Level,A Level,"Paper 3: Specialist Options: Approaches, Issues and Debates",9990/3,90,60,25
Organisational Psychology,Motivators at work,"intrinsic motivators at work: non-monetary rewards including praise, respect, recognition, empowerment and a sense of belonging.",Psychology,Cambridge Assessment International Education,Cambridge International AS & A Level,A Level,Paper 4: Specialist Options: Application and Research Methods,9990/4,90,60,25
Organisational Psychology,Motivators at work,"Deci and Ryan’s self-determination theory including competence, autonomy and relatedness (exemplified by the following key study). study 1, specifics of methodology from study 2 will not be needed.",Psychology,Cambridge Assessment International Education,Cambridge International AS & A Level,A Level,"Paper 3: Specialist Options: Approaches, Issues and Debates",9990/3,90,60,25
Organisational Psychology,Motivators at work,"Deci and Ryan’s self-determination theory including competence, autonomy and relatedness (exemplified by the following key study). study 1, specifics of methodology from study 2 will not be needed.",Psychology,Cambridge Assessment International Education,Cambridge International AS & A Level,A Level,Paper 4: Specialist Options: Application and Research Methods,9990/4,90,60,25
Organisational Psychology,Traditional and modern theories of leadership,"universalist theories including great person, charismatic, and transformational leaders.",Psychology,Cambridge Assessment International Education,Cambridge International AS & A Level,A Level,"Paper 3: Specialist Options: Approaches, Issues and Debates",9990/3,90,60,25
Organisational Psychology,Traditional and modern theories of leadership,"universalist theories including great person, charismatic, and transformational leaders.",Psychology,Cambridge Assessment International Education,Cambridge International AS & A Level,A Level,Paper 4: Specialist Options: Application and Research Methods,9990/4,90,60,25
Organisational Psychology,Traditional and modern theories of leadership,behavioural theories including Ohio University and Michigan University behavioural explanations.,Psychology,Cambridge Assessment International Education,Cambridge International AS & A Level,A Level,"Paper 3: Specialist Options: Approaches, Issues and Debates",9990/3,90,60,25
Organisational Psychology,Traditional and modern theories of leadership,behavioural theories including Ohio University and Michigan University behavioural explanations.,Psychology,Cambridge Assessment International Education,Cambridge International AS & A Level,A Level,Paper 4: Specialist Options: Application and Research Methods,9990/4,90,60,25
Organisational Psychology,Traditional and modern theories of leadership,Heifetz’s six principles in meeting adaptive challenges; responsibilities of an adaptive leader.,Psychology,Cambridge Assessment International Education,Cambridge International AS & A Level,A Level,"Paper 3: Specialist Options: Approaches, Issues and Debates",9990/3,90,60,25
Organisational Psychology,Traditional and modern theories of leadership,Heifetz’s six principles in meeting adaptive challenges; responsibilities of an adaptive leader.,Psychology,Cambridge Assessment International Education,Cambridge International AS & A Level,A Level,Paper 4: Specialist Options: Application and Research Methods,9990/4,90,60,25
Organisational Psychology,Leadership style,Muczyk and Reimann’s four styles of leader behaviour.,Psychology,Cambridge Assessment International Education,Cambridge International AS & A Level,A Level,"Paper 3: Specialist Options: Approaches, Issues and Debates",9990/3,90,60,25
Organisational Psychology,Leadership style,Muczyk and Reimann’s four styles of leader behaviour.,Psychology,Cambridge Assessment International Education,Cambridge International AS & A Level,A Level,Paper 4: Specialist Options: Application and Research Methods,9990/4,90,60,25
Organisational Psychology,Leadership style,"Scouller’s levels of leadership including public, private and personal levels",Psychology,Cambridge Assessment International Education,Cambridge International AS & A Level,A Level,"Paper 3: Specialist Options: Approaches, Issues and Debates",9990/3,90,60,25
Organisational Psychology,Leadership style,"Scouller’s levels of leadership including public, private and personal levels",Psychology,Cambridge Assessment International Education,Cambridge International AS & A Level,A Level,Paper 4: Specialist Options: Application and Research Methods,9990/4,90,60,25
Organisational Psychology,Leadership style,Leadership style and gender (exemplified by the following key study).,Psychology,Cambridge Assessment International Education,Cambridge International AS & A Level,A Level,"Paper 3: Specialist Options: Approaches, Issues and Debates",9990/3,90,60,25
Organisational Psychology,Leadership style,Leadership style and gender (exemplified by the following key study).,Psychology,Cambridge Assessment International Education,Cambridge International AS & A Level,A Level,Paper 4: Specialist Options: Application and Research Methods,9990/4,90,60,25
Organisational Psychology,Leaders and followers,Kouzes and Posner’s Leadership Practices Inventory including five practices.,Psychology,Cambridge Assessment International Education,Cambridge International AS & A Level,A Level,"Paper 3: Specialist Options: Approaches, Issues and Debates",9990/3,90,60,25
Organisational Psychology,Leaders and followers,Kouzes and Posner’s Leadership Practices Inventory including five practices.,Psychology,Cambridge Assessment International Education,Cambridge International AS & A Level,A Level,Paper 4: Specialist Options: Application and Research Methods,9990/4,90,60,25
Organisational Psychology,Leaders and followers,"Kelley’s (1988) followership including definition of followership, two dimensions and five followership styles.",Psychology,Cambridge Assessment International Education,Cambridge International AS & A Level,A Level,"Paper 3: Specialist Options: Approaches, Issues and Debates",9990/3,90,60,25
Organisational Psychology,Leaders and followers,"Kelley’s (1988) followership including definition of followership, two dimensions and five followership styles.",Psychology,Cambridge Assessment International Education,Cambridge International AS & A Level,A Level,Paper 4: Specialist Options: Application and Research Methods,9990/4,90,60,25
Organisational Psychology,Group development and decision-making,"stages of group development, e.g. Tuckman and Jensen (2010).",Psychology,Cambridge Assessment International Education,Cambridge International AS & A Level,A Level,"Paper 3: Specialist Options: Approaches, Issues and Debates",9990/3,90,60,25
Organisational Psychology,Group development and decision-making,"stages of group development, e.g. Tuckman and Jensen (2010).",Psychology,Cambridge Assessment International Education,Cambridge International AS & A Level,A Level,Paper 4: Specialist Options: Application and Research Methods,9990/4,90,60,25
Organisational Psychology,Group development and decision-making,Belbin’s nine team roles.,Psychology,Cambridge Assessment International Education,Cambridge International AS & A Level,A Level,"Paper 3: Specialist Options: Approaches, Issues and Debates",9990/3,90,60,25
Organisational Psychology,Group development and decision-making,Belbin’s nine team roles.,Psychology,Cambridge Assessment International Education,Cambridge International AS & A Level,A Level,Paper 4: Specialist Options: Application and Research Methods,9990/4,90,60,25
Organisational Psychology,Group development and decision-making,"faulty decision-making, explanations and strategies to avoid it: – groupthink including features with examples – Forsyth’s cognitive limitations and errors including types and subtypes.",Psychology,Cambridge Assessment International Education,Cambridge International AS & A Level,A Level,"Paper 3: Specialist Options: Approaches, Issues and Debates",9990/3,90,60,25
Organisational Psychology,Group development and decision-making,"faulty decision-making, explanations and strategies to avoid it: – groupthink including features with examples – Forsyth’s cognitive limitations and errors including types and subtypes.",Psychology,Cambridge Assessment International Education,Cambridge International AS & A Level,A Level,Paper 4: Specialist Options: Application and Research Methods,9990/4,90,60,25
Organisational Psychology,Individual and group performance,"individual and group performance focusing on social facilitation and social loafing including definitions, drive theory and evaluation apprehension, social impact theory.",Psychology,Cambridge Assessment International Education,Cambridge International AS & A Level,A Level,"Paper 3: Specialist Options: Approaches, Issues and Debates",9990/3,90,60,25
Organisational Psychology,Individual and group performance,"individual and group performance focusing on social facilitation and social loafing including definitions, drive theory and evaluation apprehension, social impact theory.",Psychology,Cambridge Assessment International Education,Cambridge International AS & A Level,A Level,Paper 4: Specialist Options: Application and Research Methods,9990/4,90,60,25
Organisational Psychology,Individual and group performance,"group performance across cultures focusing on social loafing in individualistic and collectivist cultures, including a study, e.g. Earley (1993).",Psychology,Cambridge Assessment International Education,Cambridge International AS & A Level,A Level,"Paper 3: Specialist Options: Approaches, Issues and Debates",9990/3,90,60,25
Organisational Psychology,Individual and group performance,"group performance across cultures focusing on social loafing in individualistic and collectivist cultures, including a study, e.g. Earley (1993).",Psychology,Cambridge Assessment International Education,Cambridge International AS & A Level,A Level,Paper 4: Specialist Options: Application and Research Methods,9990/4,90,60,25
Organisational Psychology,Individual and group performance,"performance monitoring of employee productivity (exemplified by the following key study). experiment 1, specifics of methodology for experiment 2 will not be needed.",Psychology,Cambridge Assessment International Education,Cambridge International AS & A Level,A Level,"Paper 3: Specialist Options: Approaches, Issues and Debates",9990/3,90,60,25
Organisational Psychology,Individual and group performance,"performance monitoring of employee productivity (exemplified by the following key study). experiment 1, specifics of methodology for experiment 2 will not be needed.",Psychology,Cambridge Assessment International Education,Cambridge International AS & A Level,A Level,Paper 4: Specialist Options: Application and Research Methods,9990/4,90,60,25
Organisational Psychology,Conflict at work,"levels of group conflict (intra-individual, inter-individual, intra-group and inter-group). Causes of organisational and interpersonal group conflict.",Psychology,Cambridge Assessment International Education,Cambridge International AS & A Level,A Level,"Paper 3: Specialist Options: Approaches, Issues and Debates",9990/3,90,60,25
Organisational Psychology,Conflict at work,"levels of group conflict (intra-individual, inter-individual, intra-group and inter-group). Causes of organisational and interpersonal group conflict.",Psychology,Cambridge Assessment International Education,Cambridge International AS & A Level,A Level,Paper 4: Specialist Options: Application and Research Methods,9990/4,90,60,25
Organisational Psychology,Conflict at work,Thomas–Kilmann’s five conflict-handling modes.,Psychology,Cambridge Assessment International Education,Cambridge International AS & A Level,A Level,"Paper 3: Specialist Options: Approaches, Issues and Debates",9990/3,90,60,25
Organisational Psychology,Conflict at work,Thomas–Kilmann’s five conflict-handling modes.,Psychology,Cambridge Assessment International Education,Cambridge International AS & A Level,A Level,Paper 4: Specialist Options: Application and Research Methods,9990/4,90,60,25
Organisational Psychology,Conflict at work,"bullying at work; types, phases and causes, including a study, e.g. Einarsen (1999).",Psychology,Cambridge Assessment International Education,Cambridge International AS & A Level,A Level,"Paper 3: Specialist Options: Approaches, Issues and Debates",9990/3,90,60,25
Organisational Psychology,Conflict at work,"bullying at work; types, phases and causes, including a study, e.g. Einarsen (1999).",Psychology,Cambridge Assessment International Education,Cambridge International AS & A Level,A Level,Paper 4: Specialist Options: Application and Research Methods,9990/4,90,60,25
Organisational Psychology,Physical work conditions,"impact of physical work conditions on productivity and the Hawthorne effect, e.g. Kompier (2006).",Psychology,Cambridge Assessment International Education,Cambridge International AS & A Level,A Level,"Paper 3: Specialist Options: Approaches, Issues and Debates",9990/3,90,60,25
Organisational Psychology,Physical work conditions,"impact of physical work conditions on productivity and the Hawthorne effect, e.g. Kompier (2006).",Psychology,Cambridge Assessment International Education,Cambridge International AS & A Level,A Level,Paper 4: Specialist Options: Application and Research Methods,9990/4,90,60,25
Organisational Psychology,Physical work conditions,"impact of the design of the work environment focusing on open plan offices, including a study, e.g. Oldham and Brass (1979).",Psychology,Cambridge Assessment International Education,Cambridge International AS & A Level,A Level,"Paper 3: Specialist Options: Approaches, Issues and Debates",9990/3,90,60,25
Organisational Psychology,Physical work conditions,"impact of the design of the work environment focusing on open plan offices, including a study, e.g. Oldham and Brass (1979).",Psychology,Cambridge Assessment International Education,Cambridge International AS & A Level,A Level,Paper 4: Specialist Options: Application and Research Methods,9990/4,90,60,25
Organisational Psychology,Temporal conditions of work environments,"design of work: shiftwork: rapid rotation and slow rotation, on-call and flexitime including definitions and examples of each.",Psychology,Cambridge Assessment International Education,Cambridge International AS & A Level,A Level,"Paper 3: Specialist Options: Approaches, Issues and Debates",9990/3,90,60,25
Organisational Psychology,Temporal conditions of work environments,"design of work: shiftwork: rapid rotation and slow rotation, on-call and flexitime including definitions and examples of each.",Psychology,Cambridge Assessment International Education,Cambridge International AS & A Level,A Level,Paper 4: Specialist Options: Application and Research Methods,9990/4,90,60,25
Organisational Psychology,Temporal conditions of work environments,"effects of shiftwork on health and accidents, including a study, e.g. Gold et al. (1992).",Psychology,Cambridge Assessment International Education,Cambridge International AS & A Level,A Level,"Paper 3: Specialist Options: Approaches, Issues and Debates",9990/3,90,60,25
Organisational Psychology,Temporal conditions of work environments,"effects of shiftwork on health and accidents, including a study, e.g. Gold et al. (1992).",Psychology,Cambridge Assessment International Education,Cambridge International AS & A Level,A Level,Paper 4: Specialist Options: Application and Research Methods,9990/4,90,60,25
Organisational Psychology,Health and safety,"accidents at work focusing on human errors (errors of omission, commission, sequencing and timing) and system errors in operator–machine systems (machine controls and displays).",Psychology,Cambridge Assessment International Education,Cambridge International AS & A Level,A Level,"Paper 3: Specialist Options: Approaches, Issues and Debates",9990/3,90,60,25
Organisational Psychology,Health and safety,"accidents at work focusing on human errors (errors of omission, commission, sequencing and timing) and system errors in operator–machine systems (machine controls and displays).",Psychology,Cambridge Assessment International Education,Cambridge International AS & A Level,A Level,Paper 4: Specialist Options: Application and Research Methods,9990/4,90,60,25
Organisational Psychology,Health and safety,"reducing accidents at work: token economy, including a study, e.g. Fox et al. (1987).",Psychology,Cambridge Assessment International Education,Cambridge International AS & A Level,A Level,"Paper 3: Specialist Options: Approaches, Issues and Debates",9990/3,90,60,25
Organisational Psychology,Health and safety,"reducing accidents at work: token economy, including a study, e.g. Fox et al. (1987).",Psychology,Cambridge Assessment International Education,Cambridge International AS & A Level,A Level,Paper 4: Specialist Options: Application and Research Methods,9990/4,90,60,25
Organisational Psychology,Health and safety,monitoring accidents (exemplified by the following key study).,Psychology,Cambridge Assessment International Education,Cambridge International AS & A Level,A Level,"Paper 3: Specialist Options: Approaches, Issues and Debates",9990/3,90,60,25
Organisational Psychology,Health and safety,monitoring accidents (exemplified by the following key study).,Psychology,Cambridge Assessment International Education,Cambridge International AS & A Level,A Level,Paper 4: Specialist Options: Application and Research Methods,9990/4,90,60,25
Organisational Psychology,Theories of job satisfaction,theories of job satisfaction: Herzberg’s two factor theory including hygiene and motivational factors.,Psychology,Cambridge Assessment International Education,Cambridge International AS & A Level,A Level,"Paper 3: Specialist Options: Approaches, Issues and Debates",9990/3,90,60,25
Organisational Psychology,Theories of job satisfaction,theories of job satisfaction: Herzberg’s two factor theory including hygiene and motivational factors.,Psychology,Cambridge Assessment International Education,Cambridge International AS & A Level,A Level,Paper 4: Specialist Options: Application and Research Methods,9990/4,90,60,25
Organisational Psychology,Theories of job satisfaction,Hackman and Oldham’s job characteristics theory including job characteristics and psychological states.,Psychology,Cambridge Assessment International Education,Cambridge International AS & A Level,A Level,"Paper 3: Specialist Options: Approaches, Issues and Debates",9990/3,90,60,25
Organisational Psychology,Theories of job satisfaction,Hackman and Oldham’s job characteristics theory including job characteristics and psychological states.,Psychology,Cambridge Assessment International Education,Cambridge International AS & A Level,A Level,Paper 4: Specialist Options: Application and Research Methods,9990/4,90,60,25
Organisational Psychology,Theories of job satisfaction,"techniques of job design: enrichment, rotation and enlargement, e.g. Belias and Sklikas, (2013).",Psychology,Cambridge Assessment International Education,Cambridge International AS & A Level,A Level,"Paper 3: Specialist Options: Approaches, Issues and Debates",9990/3,90,60,25
Organisational Psychology,Theories of job satisfaction,"techniques of job design: enrichment, rotation and enlargement, e.g. Belias and Sklikas, (2013).",Psychology,Cambridge Assessment International Education,Cambridge International AS & A Level,A Level,Paper 4: Specialist Options: Application and Research Methods,9990/4,90,60,25
Organisational Psychology,Measuring job-satisfaction,job satisfaction rating scales and questionnaires focusing on the job descriptive index (JDI).,Psychology,Cambridge Assessment International Education,Cambridge International AS & A Level,A Level,"Paper 3: Specialist Options: Approaches, Issues and Debates",9990/3,90,60,25
Organisational Psychology,Measuring job-satisfaction,job satisfaction rating scales and questionnaires focusing on the job descriptive index (JDI).,Psychology,Cambridge Assessment International Education,Cambridge International AS & A Level,A Level,Paper 4: Specialist Options: Application and Research Methods,9990/4,90,60,25
Organisational Psychology,Measuring job-satisfaction,Walton’s quality of working life (QWL) including eight conditions and QWL evaluation scale.,Psychology,Cambridge Assessment International Education,Cambridge International AS & A Level,A Level,"Paper 3: Specialist Options: Approaches, Issues and Debates",9990/3,90,60,25
Organisational Psychology,Measuring job-satisfaction,Walton’s quality of working life (QWL) including eight conditions and QWL evaluation scale.,Psychology,Cambridge Assessment International Education,Cambridge International AS & A Level,A Level,Paper 4: Specialist Options: Application and Research Methods,9990/4,90,60,25
Organisational Psychology,Attitudes to work,workplace sabotage including methods and reasons for sabotage (exemplified by the following key study).,Psychology,Cambridge Assessment International Education,Cambridge International AS & A Level,A Level,"Paper 3: Specialist Options: Approaches, Issues and Debates",9990/3,90,60,25
Organisational Psychology,Attitudes to work,workplace sabotage including methods and reasons for sabotage (exemplified by the following key study).,Psychology,Cambridge Assessment International Education,Cambridge International AS & A Level,A Level,Paper 4: Specialist Options: Application and Research Methods,9990/4,90,60,25
Organisational Psychology,Attitudes to work,"Blau and Boal’s absenteeism and organisational commitment model including types of absence, categories of commitment.",Psychology,Cambridge Assessment International Education,Cambridge International AS & A Level,A Level,"Paper 3: Specialist Options: Approaches, Issues and Debates",9990/3,90,60,25
Organisational Psychology,Attitudes to work,"Blau and Boal’s absenteeism and organisational commitment model including types of absence, categories of commitment.",Psychology,Cambridge Assessment International Education,Cambridge International AS & A Level,A Level,Paper 4: Specialist Options: Application and Research Methods,9990/4,90,60,25
Biological,Main assumptions of the biological,"Behaviour, cognitions and emotions can be explained in terms of the working of the brain and the effect of hormones, genetics and evolution.",Psychology,Cambridge Assessment International Education,Cambridge International AS & A Level,A Level,"Paper 1: Approaches, Issues and Debates",9990/1,90,60,25
Biological,Main assumptions of the biological,Similarities and differences between people can be understood in terms of biological factors and their interaction with other factors.,Psychology,Cambridge Assessment International Education,Cambridge International AS & A Level,A Level,"Paper 1: Approaches, Issues and Debates",9990/1,90,60,25
Biological,Dement and Kleitman (sleep and dreams),the background to the study,Psychology,Cambridge Assessment International Education,Cambridge International AS & A Level,A Level,"Paper 1: Approaches, Issues and Debates",9990/1,90,60,25
Biological,Dement and Kleitman (sleep and dreams),the aim(s) of the study,Psychology,Cambridge Assessment International Education,Cambridge International AS & A Level,A Level,"Paper 1: Approaches, Issues and Debates",9990/1,90,60,25
Biological,Dement and Kleitman (sleep and dreams),"the procedure of the study, including all methodology as appropriate, such as the research methods used, sample size and demographics [if known] and sampling technique [if known], experimental design, controls, question types, research technique for data collection and measured and manipulated variables",Psychology,Cambridge Assessment International Education,Cambridge International AS & A Level,A Level,"Paper 1: Approaches, Issues and Debates",9990/1,90,60,25
Biological,Dement and Kleitman (sleep and dreams),the ethical issues relating to the study,Psychology,Cambridge Assessment International Education,Cambridge International AS & A Level,A Level,"Paper 1: Approaches, Issues and Debates",9990/1,90,60,25
Biological,Dement and Kleitman (sleep and dreams),"the results of the study, including the main/significant quantitative findings, the main qualitative findings and how they are or could be represented and interpreted",Psychology,Cambridge Assessment International Education,Cambridge International AS & A Level,A Level,"Paper 1: Approaches, Issues and Debates",9990/1,90,60,25
Biological,Dement and Kleitman (sleep and dreams),the conclusion(s) the psychologist(s) drew or that could be drawn from the study,Psychology,Cambridge Assessment International Education,Cambridge International AS & A Level,A Level,"Paper 1: Approaches, Issues and Debates",9990/1,90,60,25
Biological,Dement and Kleitman (sleep and dreams),the strengths and weaknesses of all elements of the study.,Psychology,Cambridge Assessment International Education,Cambridge International AS & A Level,A Level,"Paper 1: Approaches, Issues and Debates",9990/1,90,60,25
Biological,Dement and Kleitman (sleep and dreams),describe and evaluate the methodology used,Psychology,Cambridge Assessment International Education,Cambridge International AS & A Level,A Level,"Paper 1: Approaches, Issues and Debates",9990/1,90,60,25
Biological,Dement and Kleitman (sleep and dreams),consider how the study relates to psychological issues and debates.,Psychology,Cambridge Assessment International Education,Cambridge International AS & A Level,A Level,"Paper 1: Approaches, Issues and Debates",9990/1,90,60,25
Biological,Dement and Kleitman (sleep and dreams),the psychology being investigated includes: sleep; dreaming; ultradian rhythms,Psychology,Cambridge Assessment International Education,Cambridge International AS & A Level,A Level,"Paper 1: Approaches, Issues and Debates",9990/1,90,60,25
Biological,Hassett et al. (monkey toy preferences),the background to the study,Psychology,Cambridge Assessment International Education,Cambridge International AS & A Level,A Level,"Paper 1: Approaches, Issues and Debates",9990/1,90,60,25
Biological,Hassett et al. (monkey toy preferences),the aim(s) of the study,Psychology,Cambridge Assessment International Education,Cambridge International AS & A Level,A Level,"Paper 1: Approaches, Issues and Debates",9990/1,90,60,25
Biological,Hassett et al. (monkey toy preferences),"the procedure of the study, including all methodology as appropriate, such as the research methods used, sample size and demographics [if known] and sampling technique [if known], experimental design, controls, question types, research technique for data collection and measured and manipulated variables",Psychology,Cambridge Assessment International Education,Cambridge International AS & A Level,A Level,"Paper 1: Approaches, Issues and Debates",9990/1,90,60,25
Biological,Hassett et al. (monkey toy preferences),the ethical issues relating to the study,Psychology,Cambridge Assessment International Education,Cambridge International AS & A Level,A Level,"Paper 1: Approaches, Issues and Debates",9990/1,90,60,25
Biological,Hassett et al. (monkey toy preferences),"the results of the study, including the main/significant quantitative findings, the main qualitative findings and how they are or could be represented and interpreted",Psychology,Cambridge Assessment International Education,Cambridge International AS & A Level,A Level,"Paper 1: Approaches, Issues and Debates",9990/1,90,60,25
Biological,Hassett et al. (monkey toy preferences),the conclusion(s) the psychologist(s) drew or that could be drawn from the study,Psychology,Cambridge Assessment International Education,Cambridge International AS & A Level,A Level,"Paper 1: Approaches, Issues and Debates",9990/1,90,60,25
Biological,Hassett et al. (monkey toy preferences),the strengths and weaknesses of all elements of the study.,Psychology,Cambridge Assessment International Education,Cambridge International AS & A Level,A Level,"Paper 1: Approaches, Issues and Debates",9990/1,90,60,25
Biological,Hassett et al. (monkey toy preferences),describe and evaluate the methodology used,Psychology,Cambridge Assessment International Education,Cambridge International AS & A Level,A Level,"Paper 1: Approaches, Issues and Debates",9990/1,90,60,25
Biological,Hassett et al. (monkey toy preferences),consider how the study relates to psychological issues and debates.,Psychology,Cambridge Assessment International Education,Cambridge International AS & A Level,A Level,"Paper 1: Approaches, Issues and Debates",9990/1,90,60,25
Biological,Hassett et al. (monkey toy preferences),the psychology being investigated includes: sex differences; socialisation; play; the role of hormones,Psychology,Cambridge Assessment International Education,Cambridge International AS & A Level,A Level,"Paper 1: Approaches, Issues and Debates",9990/1,90,60,25
Biological,Hölzel et al. (mindfulness and brain scans),the background to the study,Psychology,Cambridge Assessment International Education,Cambridge International AS & A Level,A Level,"Paper 1: Approaches, Issues and Debates",9990/1,90,60,25
Biological,Hölzel et al. (mindfulness and brain scans),the aim(s) of the study,Psychology,Cambridge Assessment International Education,Cambridge International AS & A Level,A Level,"Paper 1: Approaches, Issues and Debates",9990/1,90,60,25
Biological,Hölzel et al. (mindfulness and brain scans),"the procedure of the study, including all methodology as appropriate, such as the research methods used, sample size and demographics [if known] and sampling technique [if known], experimental design, controls, question types, research technique for data collection and measured and manipulated variables",Psychology,Cambridge Assessment International Education,Cambridge International AS & A Level,A Level,"Paper 1: Approaches, Issues and Debates",9990/1,90,60,25
Biological,Hölzel et al. (mindfulness and brain scans),the ethical issues relating to the study,Psychology,Cambridge Assessment International Education,Cambridge International AS & A Level,A Level,"Paper 1: Approaches, Issues and Debates",9990/1,90,60,25
Biological,Hölzel et al. (mindfulness and brain scans),"the results of the study, including the main/significant quantitative findings, the main qualitative findings and how they are or could be represented and interpreted",Psychology,Cambridge Assessment International Education,Cambridge International AS & A Level,A Level,"Paper 1: Approaches, Issues and Debates",9990/1,90,60,25
Biological,Hölzel et al. (mindfulness and brain scans),the conclusion(s) the psychologist(s) drew or that could be drawn from the study,Psychology,Cambridge Assessment International Education,Cambridge International AS & A Level,A Level,"Paper 1: Approaches, Issues and Debates",9990/1,90,60,25
Biological,Hölzel et al. (mindfulness and brain scans),the strengths and weaknesses of all elements of the study.,Psychology,Cambridge Assessment International Education,Cambridge International AS & A Level,A Level,"Paper 1: Approaches, Issues and Debates",9990/1,90,60,25
Biological,Hölzel et al. (mindfulness and brain scans),describe and evaluate the methodology used,Psychology,Cambridge Assessment International Education,Cambridge International AS & A Level,A Level,"Paper 1: Approaches, Issues and Debates",9990/1,90,60,25
Biological,Hölzel et al. (mindfulness and brain scans),consider how the study relates to psychological issues and debates.,Psychology,Cambridge Assessment International Education,Cambridge International AS & A Level,A Level,"Paper 1: Approaches, Issues and Debates",9990/1,90,60,25
Biological,Hölzel et al. (mindfulness and brain scans),the psychology being investigated includes: mindfulness; localisation of function,Psychology,Cambridge Assessment International Education,Cambridge International AS & A Level,A Level,"Paper 1: Approaches, Issues and Debates",9990/1,90,60,25
Cognitive,Main assumptions of the cognitive,"Information is processed through the same route in all humans: input – process – output, in a similar way to how information is processed by a computer.",Psychology,Cambridge Assessment International Education,Cambridge International AS & A Level,A Level,"Paper 1: Approaches, Issues and Debates",9990/1,90,60,25
Cognitive,Main assumptions of the cognitive,"People have individual differences in their cognitive processing such as with attention, language, thinking and memory. These processes can also help to explain behaviour and emotion.",Psychology,Cambridge Assessment International Education,Cambridge International AS & A Level,A Level,"Paper 1: Approaches, Issues and Debates",9990/1,90,60,25
Cognitive,Andrade (doodling),the background to the study,Psychology,Cambridge Assessment International Education,Cambridge International AS & A Level,A Level,"Paper 1: Approaches, Issues and Debates",9990/1,90,60,25
Cognitive,Andrade (doodling),the aim(s) of the study,Psychology,Cambridge Assessment International Education,Cambridge International AS & A Level,A Level,"Paper 1: Approaches, Issues and Debates",9990/1,90,60,25
Cognitive,Andrade (doodling),"the procedure of the study, including all methodology as appropriate, such as the research methods used, sample size and demographics [if known] and sampling technique [if known], experimental design, controls, question types, research technique for data collection and measured and manipulated variables",Psychology,Cambridge Assessment International Education,Cambridge International AS & A Level,A Level,"Paper 1: Approaches, Issues and Debates",9990/1,90,60,25
Cognitive,Andrade (doodling),the ethical issues relating to the study,Psychology,Cambridge Assessment International Education,Cambridge International AS & A Level,A Level,"Paper 1: Approaches, Issues and Debates",9990/1,90,60,25
Cognitive,Andrade (doodling),"the results of the study, including the main/significant quantitative findings, the main qualitative findings and how they are or could be represented and interpreted",Psychology,Cambridge Assessment International Education,Cambridge International AS & A Level,A Level,"Paper 1: Approaches, Issues and Debates",9990/1,90,60,25
Cognitive,Andrade (doodling),the conclusion(s) the psychologist(s) drew or that could be drawn from the study,Psychology,Cambridge Assessment International Education,Cambridge International AS & A Level,A Level,"Paper 1: Approaches, Issues and Debates",9990/1,90,60,25
Cognitive,Andrade (doodling),the strengths and weaknesses of all elements of the study.,Psychology,Cambridge Assessment International Education,Cambridge International AS & A Level,A Level,"Paper 1: Approaches, Issues and Debates",9990/1,90,60,25
Cognitive,Andrade (doodling),describe and evaluate the methodology used,Psychology,Cambridge Assessment International Education,Cambridge International AS & A Level,A Level,"Paper 1: Approaches, Issues and Debates",9990/1,90,60,25
Cognitive,Andrade (doodling),consider how the study relates to psychological issues and debates.,Psychology,Cambridge Assessment International Education,Cambridge International AS & A Level,A Level,"Paper 1: Approaches, Issues and Debates",9990/1,90,60,25
Cognitive,Andrade (doodling),the psychology being investigated includes: attention; memory,Psychology,Cambridge Assessment International Education,Cambridge International AS & A Level,A Level,"Paper 1: Approaches, Issues and Debates",9990/1,90,60,25
Cognitive,Baron-Cohen et al. (eyes test),the background to the study,Psychology,Cambridge Assessment International Education,Cambridge International AS & A Level,A Level,"Paper 1: Approaches, Issues and Debates",9990/1,90,60,25
Cognitive,Baron-Cohen et al. (eyes test),the aim(s) of the study,Psychology,Cambridge Assessment International Education,Cambridge International AS & A Level,A Level,"Paper 1: Approaches, Issues and Debates",9990/1,90,60,25
Cognitive,Baron-Cohen et al. (eyes test),"the procedure of the study, including all methodology as appropriate, such as the research methods used, sample size and demographics [if known] and sampling technique [if known], experimental design, controls, question types, research technique for data collection and measured and manipulated variables",Psychology,Cambridge Assessment International Education,Cambridge International AS & A Level,A Level,"Paper 1: Approaches, Issues and Debates",9990/1,90,60,25
Cognitive,Baron-Cohen et al. (eyes test),the ethical issues relating to the study,Psychology,Cambridge Assessment International Education,Cambridge International AS & A Level,A Level,"Paper 1: Approaches, Issues and Debates",9990/1,90,60,25
Cognitive,Baron-Cohen et al. (eyes test),"the results of the study, including the main/significant quantitative findings, the main qualitative findings and how they are or could be represented and interpreted",Psychology,Cambridge Assessment International Education,Cambridge International AS & A Level,A Level,"Paper 1: Approaches, Issues and Debates",9990/1,90,60,25
Cognitive,Baron-Cohen et al. (eyes test),the conclusion(s) the psychologist(s) drew or that could be drawn from the study,Psychology,Cambridge Assessment International Education,Cambridge International AS & A Level,A Level,"Paper 1: Approaches, Issues and Debates",9990/1,90,60,25
Cognitive,Baron-Cohen et al. (eyes test),the strengths and weaknesses of all elements of the study.,Psychology,Cambridge Assessment International Education,Cambridge International AS & A Level,A Level,"Paper 1: Approaches, Issues and Debates",9990/1,90,60,25
Cognitive,Baron-Cohen et al. (eyes test),describe and evaluate the methodology used,Psychology,Cambridge Assessment International Education,Cambridge International AS & A Level,A Level,"Paper 1: Approaches, Issues and Debates",9990/1,90,60,25
Cognitive,Baron-Cohen et al. (eyes test),consider how the study relates to psychological issues and debates.,Psychology,Cambridge Assessment International Education,Cambridge International AS & A Level,A Level,"Paper 1: Approaches, Issues and Debates",9990/1,90,60,25
Cognitive,Baron-Cohen et al. (eyes test),the psychology being investigated includes: theory of mind; social sensitivity,Psychology,Cambridge Assessment International Education,Cambridge International AS & A Level,A Level,"Paper 1: Approaches, Issues and Debates",9990/1,90,60,25
Cognitive,Pozzulo et al. (line-ups),the background to the study,Psychology,Cambridge Assessment International Education,Cambridge International AS & A Level,A Level,"Paper 1: Approaches, Issues and Debates",9990/1,90,60,25
Cognitive,Pozzulo et al. (line-ups),the aim(s) of the study,Psychology,Cambridge Assessment International Education,Cambridge International AS & A Level,A Level,"Paper 1: Approaches, Issues and Debates",9990/1,90,60,25
Cognitive,Pozzulo et al. (line-ups),"the procedure of the study, including all methodology as appropriate, such as the research methods used, sample size and demographics [if known] and sampling technique [if known], experimental design, controls, question types, research technique for data collection and measured and manipulated variables",Psychology,Cambridge Assessment International Education,Cambridge International AS & A Level,A Level,"Paper 1: Approaches, Issues and Debates",9990/1,90,60,25
Cognitive,Pozzulo et al. (line-ups),the ethical issues relating to the study,Psychology,Cambridge Assessment International Education,Cambridge International AS & A Level,A Level,"Paper 1: Approaches, Issues and Debates",9990/1,90,60,25
Cognitive,Pozzulo et al. (line-ups),"the results of the study, including the main/significant quantitative findings, the main qualitative findings and how they are or could be represented and interpreted",Psychology,Cambridge Assessment International Education,Cambridge International AS & A Level,A Level,"Paper 1: Approaches, Issues and Debates",9990/1,90,60,25
Cognitive,Pozzulo et al. (line-ups),the conclusion(s) the psychologist(s) drew or that could be drawn from the study,Psychology,Cambridge Assessment International Education,Cambridge International AS & A Level,A Level,"Paper 1: Approaches, Issues and Debates",9990/1,90,60,25
Cognitive,Pozzulo et al. (line-ups),the strengths and weaknesses of all elements of the study.,Psychology,Cambridge Assessment International Education,Cambridge International AS & A Level,A Level,"Paper 1: Approaches, Issues and Debates",9990/1,90,60,25
Cognitive,Pozzulo et al. (line-ups),describe and evaluate the methodology used,Psychology,Cambridge Assessment International Education,Cambridge International AS & A Level,A Level,"Paper 1: Approaches, Issues and Debates",9990/1,90,60,25
Cognitive,Pozzulo et al. (line-ups),consider how the study relates to psychological issues and debates.,Psychology,Cambridge Assessment International Education,Cambridge International AS & A Level,A Level,"Paper 1: Approaches, Issues and Debates",9990/1,90,60,25
Cognitive,Pozzulo et al. (line-ups),the psychology being investigated includes: false positive responses; eyewitness testimony,Psychology,Cambridge Assessment International Education,Cambridge International AS & A Level,A Level,"Paper 1: Approaches, Issues and Debates",9990/1,90,60,25
Learning,Main assumptions of the learning,We all begin life as a blank slate. Experiences and interactions with the environment shape our behaviour and these changes are directly observable.,Psychology,Cambridge Assessment International Education,Cambridge International AS & A Level,A Level,"Paper 1: Approaches, Issues and Debates",9990/1,90,60,25
Learning,Main assumptions of the learning,"We learn through the processes of operant conditioning, classical conditioning and social learning. This can be understood using the stimulus-response model.",Psychology,Cambridge Assessment International Education,Cambridge International AS & A Level,A Level,"Paper 1: Approaches, Issues and Debates",9990/1,90,60,25
Learning,Bandura et al. (aggression),the background to the study,Psychology,Cambridge Assessment International Education,Cambridge International AS & A Level,A Level,"Paper 1: Approaches, Issues and Debates",9990/1,90,60,25
Learning,Bandura et al. (aggression),the aim(s) of the study,Psychology,Cambridge Assessment International Education,Cambridge International AS & A Level,A Level,"Paper 1: Approaches, Issues and Debates",9990/1,90,60,25
Learning,Bandura et al. (aggression),"the procedure of the study, including all methodology as appropriate, such as the research methods used, sample size and demographics [if known] and sampling technique [if known], experimental design, controls, question types, research technique for data collection and measured and manipulated variables",Psychology,Cambridge Assessment International Education,Cambridge International AS & A Level,A Level,"Paper 1: Approaches, Issues and Debates",9990/1,90,60,25
Learning,Bandura et al. (aggression),the ethical issues relating to the study,Psychology,Cambridge Assessment International Education,Cambridge International AS & A Level,A Level,"Paper 1: Approaches, Issues and Debates",9990/1,90,60,25
Learning,Bandura et al. (aggression),"the results of the study, including the main/significant quantitative findings, the main qualitative findings and how they are or could be represented and interpreted",Psychology,Cambridge Assessment International Education,Cambridge International AS & A Level,A Level,"Paper 1: Approaches, Issues and Debates",9990/1,90,60,25
Learning,Bandura et al. (aggression),the conclusion(s) the psychologist(s) drew or that could be drawn from the study,Psychology,Cambridge Assessment International Education,Cambridge International AS & A Level,A Level,"Paper 1: Approaches, Issues and Debates",9990/1,90,60,25
Learning,Bandura et al. (aggression),the strengths and weaknesses of all elements of the study.,Psychology,Cambridge Assessment International Education,Cambridge International AS & A Level,A Level,"Paper 1: Approaches, Issues and Debates",9990/1,90,60,25
Learning,Bandura et al. (aggression),describe and evaluate the methodology used,Psychology,Cambridge Assessment International Education,Cambridge International AS & A Level,A Level,"Paper 1: Approaches, Issues and Debates",9990/1,90,60,25
Learning,Bandura et al. (aggression),consider how the study relates to psychological issues and debates.,Psychology,Cambridge Assessment International Education,Cambridge International AS & A Level,A Level,"Paper 1: Approaches, Issues and Debates",9990/1,90,60,25
Learning,Bandura et al. (aggression),the psychology being investigated includes: social learning theory; aggression,Psychology,Cambridge Assessment International Education,Cambridge International AS & A Level,A Level,"Paper 1: Approaches, Issues and Debates",9990/1,90,60,25
Learning,Fagen et al. (elephant learning),the background to the study,Psychology,Cambridge Assessment International Education,Cambridge International AS & A Level,A Level,"Paper 1: Approaches, Issues and Debates",9990/1,90,60,25
Learning,Fagen et al. (elephant learning),the aim(s) of the study,Psychology,Cambridge Assessment International Education,Cambridge International AS & A Level,A Level,"Paper 1: Approaches, Issues and Debates",9990/1,90,60,25
Learning,Fagen et al. (elephant learning),"the procedure of the study, including all methodology as appropriate, such as the research methods used, sample size and demographics [if known] and sampling technique [if known], experimental design, controls, question types, research technique for data collection and measured and manipulated variables",Psychology,Cambridge Assessment International Education,Cambridge International AS & A Level,A Level,"Paper 1: Approaches, Issues and Debates",9990/1,90,60,25
Learning,Fagen et al. (elephant learning),the ethical issues relating to the study,Psychology,Cambridge Assessment International Education,Cambridge International AS & A Level,A Level,"Paper 1: Approaches, Issues and Debates",9990/1,90,60,25
Learning,Fagen et al. (elephant learning),"the results of the study, including the main/significant quantitative findings, the main qualitative findings and how they are or could be represented and interpreted",Psychology,Cambridge Assessment International Education,Cambridge International AS & A Level,A Level,"Paper 1: Approaches, Issues and Debates",9990/1,90,60,25
Learning,Fagen et al. (elephant learning),the conclusion(s) the psychologist(s) drew or that could be drawn from the study,Psychology,Cambridge Assessment International Education,Cambridge International AS & A Level,A Level,"Paper 1: Approaches, Issues and Debates",9990/1,90,60,25
Learning,Fagen et al. (elephant learning),the strengths and weaknesses of all elements of the study.,Psychology,Cambridge Assessment International Education,Cambridge International AS & A Level,A Level,"Paper 1: Approaches, Issues and Debates",9990/1,90,60,25
Learning,Fagen et al. (elephant learning),describe and evaluate the methodology used,Psychology,Cambridge Assessment International Education,Cambridge International AS & A Level,A Level,"Paper 1: Approaches, Issues and Debates",9990/1,90,60,25
Learning,Fagen et al. (elephant learning),consider how the study relates to psychological issues and debates.,Psychology,Cambridge Assessment International Education,Cambridge International AS & A Level,A Level,"Paper 1: Approaches, Issues and Debates",9990/1,90,60,25
Learning,Fagen et al. (elephant learning),"the psychology being investigated includes: operant conditioning; reinforcement (positive, negative, primary and secondary); shaping; behavioural chaining",Psychology,Cambridge Assessment International Education,Cambridge International AS & A Level,A Level,"Paper 1: Approaches, Issues and Debates",9990/1,90,60,25
Learning,Saavedra and Silverman (button phobia),the background to the study,Psychology,Cambridge Assessment International Education,Cambridge International AS & A Level,A Level,"Paper 1: Approaches, Issues and Debates",9990/1,90,60,25
Learning,Saavedra and Silverman (button phobia),the aim(s) of the study,Psychology,Cambridge Assessment International Education,Cambridge International AS & A Level,A Level,"Paper 1: Approaches, Issues and Debates",9990/1,90,60,25
Learning,Saavedra and Silverman (button phobia),"the procedure of the study, including all methodology as appropriate, such as the research methods used, sample size and demographics [if known] and sampling technique [if known], experimental design, controls, question types, research technique for data collection and measured and manipulated variables",Psychology,Cambridge Assessment International Education,Cambridge International AS & A Level,A Level,"Paper 1: Approaches, Issues and Debates",9990/1,90,60,25
Learning,Saavedra and Silverman (button phobia),the ethical issues relating to the study,Psychology,Cambridge Assessment International Education,Cambridge International AS & A Level,A Level,"Paper 1: Approaches, Issues and Debates",9990/1,90,60,25
Learning,Saavedra and Silverman (button phobia),"the results of the study, including the main/significant quantitative findings, the main qualitative findings and how they are or could be represented and interpreted",Psychology,Cambridge Assessment International Education,Cambridge International AS & A Level,A Level,"Paper 1: Approaches, Issues and Debates",9990/1,90,60,25
Learning,Saavedra and Silverman (button phobia),the conclusion(s) the psychologist(s) drew or that could be drawn from the study,Psychology,Cambridge Assessment International Education,Cambridge International AS & A Level,A Level,"Paper 1: Approaches, Issues and Debates",9990/1,90,60,25
Learning,Saavedra and Silverman (button phobia),the strengths and weaknesses of all elements of the study.,Psychology,Cambridge Assessment International Education,Cambridge International AS & A Level,A Level,"Paper 1: Approaches, Issues and Debates",9990/1,90,60,25
Learning,Saavedra and Silverman (button phobia),describe and evaluate the methodology used,Psychology,Cambridge Assessment International Education,Cambridge International AS & A Level,A Level,"Paper 1: Approaches, Issues and Debates",9990/1,90,60,25
Learning,Saavedra and Silverman (button phobia),consider how the study relates to psychological issues and debates.,Psychology,Cambridge Assessment International Education,Cambridge International AS & A Level,A Level,"Paper 1: Approaches, Issues and Debates",9990/1,90,60,25
Learning,Saavedra and Silverman (button phobia),the psychology being investigated includes: evaluative learning; operant conditioning; classical conditioning; phobias,Psychology,Cambridge Assessment International Education,Cambridge International AS & A Level,A Level,"Paper 1: Approaches, Issues and Debates",9990/1,90,60,25
Social,Main assumptions of the social,"Behaviour, cognitions and emotions are influenced by social contexts, social environments and groups.",Psychology,Cambridge Assessment International Education,Cambridge International AS & A Level,A Level,"Paper 1: Approaches, Issues and Debates",9990/1,90,60,25
Social,Main assumptions of the social,"Behaviour, cognitions and emotions are influenced by the actual, implied or imagined presence of others.",Psychology,Cambridge Assessment International Education,Cambridge International AS & A Level,A Level,"Paper 1: Approaches, Issues and Debates",9990/1,90,60,25
Social,Milgram (obedience),the background to the study,Psychology,Cambridge Assessment International Education,Cambridge International AS & A Level,A Level,"Paper 1: Approaches, Issues and Debates",9990/1,90,60,25
Social,Milgram (obedience),the aim(s) of the study,Psychology,Cambridge Assessment International Education,Cambridge International AS & A Level,A Level,"Paper 1: Approaches, Issues and Debates",9990/1,90,60,25
Social,Milgram (obedience),"the procedure of the study, including all methodology as appropriate, such as the research methods used, sample size and demographics [if known] and sampling technique [if known], experimental design, controls, question types, research technique for data collection and measured and manipulated variables",Psychology,Cambridge Assessment International Education,Cambridge International AS & A Level,A Level,"Paper 1: Approaches, Issues and Debates",9990/1,90,60,25
Social,Milgram (obedience),the ethical issues relating to the study,Psychology,Cambridge Assessment International Education,Cambridge International AS & A Level,A Level,"Paper 1: Approaches, Issues and Debates",9990/1,90,60,25
Social,Milgram (obedience),"the results of the study, including the main/significant quantitative findings, the main qualitative findings and how they are or could be represented and interpreted",Psychology,Cambridge Assessment International Education,Cambridge International AS & A Level,A Level,"Paper 1: Approaches, Issues and Debates",9990/1,90,60,25
Social,Milgram (obedience),the conclusion(s) the psychologist(s) drew or that could be drawn from the study,Psychology,Cambridge Assessment International Education,Cambridge International AS & A Level,A Level,"Paper 1: Approaches, Issues and Debates",9990/1,90,60,25
Social,Milgram (obedience),the strengths and weaknesses of all elements of the study.,Psychology,Cambridge Assessment International Education,Cambridge International AS & A Level,A Level,"Paper 1: Approaches, Issues and Debates",9990/1,90,60,25
Social,Milgram (obedience),describe and evaluate the methodology used,Psychology,Cambridge Assessment International Education,Cambridge International AS & A Level,A Level,"Paper 1: Approaches, Issues and Debates",9990/1,90,60,25
Social,Milgram (obedience),consider how the study relates to psychological issues and debates.,Psychology,Cambridge Assessment International Education,Cambridge International AS & A Level,A Level,"Paper 1: Approaches, Issues and Debates",9990/1,90,60,25
Social,Milgram (obedience),the psychology being investigated includes: obedience; social pressure,Psychology,Cambridge Assessment International Education,Cambridge International AS & A Level,A Level,"Paper 1: Approaches, Issues and Debates",9990/1,90,60,25
Social,Perry et al. (personal space),the background to the study,Psychology,Cambridge Assessment International Education,Cambridge International AS & A Level,A Level,"Paper 1: Approaches, Issues and Debates",9990/1,90,60,25
Social,Perry et al. (personal space),the aim(s) of the study,Psychology,Cambridge Assessment International Education,Cambridge International AS & A Level,A Level,"Paper 1: Approaches, Issues and Debates",9990/1,90,60,25
Social,Perry et al. (personal space),"the procedure of the study, including all methodology as appropriate, such as the research methods used, sample size and demographics [if known] and sampling technique [if known], experimental design, controls, question types, research technique for data collection and measured and manipulated variables",Psychology,Cambridge Assessment International Education,Cambridge International AS & A Level,A Level,"Paper 1: Approaches, Issues and Debates",9990/1,90,60,25
Social,Perry et al. (personal space),the ethical issues relating to the study,Psychology,Cambridge Assessment International Education,Cambridge International AS & A Level,A Level,"Paper 1: Approaches, Issues and Debates",9990/1,90,60,25
Social,Perry et al. (personal space),"the results of the study, including the main/significant quantitative findings, the main qualitative findings and how they are or could be represented and interpreted",Psychology,Cambridge Assessment International Education,Cambridge International AS & A Level,A Level,"Paper 1: Approaches, Issues and Debates",9990/1,90,60,25
Social,Perry et al. (personal space),the conclusion(s) the psychologist(s) drew or that could be drawn from the study,Psychology,Cambridge Assessment International Education,Cambridge International AS & A Level,A Level,"Paper 1: Approaches, Issues and Debates",9990/1,90,60,25
Social,Perry et al. (personal space),the strengths and weaknesses of all elements of the study.,Psychology,Cambridge Assessment International Education,Cambridge International AS & A Level,A Level,"Paper 1: Approaches, Issues and Debates",9990/1,90,60,25
Social,Perry et al. (personal space),describe and evaluate the methodology used,Psychology,Cambridge Assessment International Education,Cambridge International AS & A Level,A Level,"Paper 1: Approaches, Issues and Debates",9990/1,90,60,25
Social,Perry et al. (personal space),consider how the study relates to psychological issues and debates.,Psychology,Cambridge Assessment International Education,Cambridge International AS & A Level,A Level,"Paper 1: Approaches, Issues and Debates",9990/1,90,60,25
Social,Perry et al. (personal space),the psychology being investigated includes: interpersonal distance (personal space); social hormones; empathy,Psychology,Cambridge Assessment International Education,Cambridge International AS & A Level,A Level,"Paper 1: Approaches, Issues and Debates",9990/1,90,60,25
Social,Piliavin et al. (subway Samaritans),the background to the study,Psychology,Cambridge Assessment International Education,Cambridge International AS & A Level,A Level,"Paper 1: Approaches, Issues and Debates",9990/1,90,60,25
Social,Piliavin et al. (subway Samaritans),the aim(s) of the study,Psychology,Cambridge Assessment International Education,Cambridge International AS & A Level,A Level,"Paper 1: Approaches, Issues and Debates",9990/1,90,60,25
Social,Piliavin et al. (subway Samaritans),"the procedure of the study, including all methodology as appropriate, such as the research methods used, sample size and demographics [if known] and sampling technique [if known], experimental design, controls, question types, research technique for data collection and measured and manipulated variables",Psychology,Cambridge Assessment International Education,Cambridge International AS & A Level,A Level,"Paper 1: Approaches, Issues and Debates",9990/1,90,60,25
Social,Piliavin et al. (subway Samaritans),the ethical issues relating to the study,Psychology,Cambridge Assessment International Education,Cambridge International AS & A Level,A Level,"Paper 1: Approaches, Issues and Debates",9990/1,90,60,25
Social,Piliavin et al. (subway Samaritans),"the results of the study, including the main/significant quantitative findings, the main qualitative findings and how they are or could be represented and interpreted",Psychology,Cambridge Assessment International Education,Cambridge International AS & A Level,A Level,"Paper 1: Approaches, Issues and Debates",9990/1,90,60,25
Social,Piliavin et al. (subway Samaritans),the conclusion(s) the psychologist(s) drew or that could be drawn from the study,Psychology,Cambridge Assessment International Education,Cambridge International AS & A Level,A Level,"Paper 1: Approaches, Issues and Debates",9990/1,90,60,25
Social,Piliavin et al. (subway Samaritans),the strengths and weaknesses of all elements of the study.,Psychology,Cambridge Assessment International Education,Cambridge International AS & A Level,A Level,"Paper 1: Approaches, Issues and Debates",9990/1,90,60,25
Social,Piliavin et al. (subway Samaritans),describe and evaluate the methodology used,Psychology,Cambridge Assessment International Education,Cambridge International AS & A Level,A Level,"Paper 1: Approaches, Issues and Debates",9990/1,90,60,25
Social,Piliavin et al. (subway Samaritans),consider how the study relates to psychological issues and debates.,Psychology,Cambridge Assessment International Education,Cambridge International AS & A Level,A Level,"Paper 1: Approaches, Issues and Debates",9990/1,90,60,25
Social,Piliavin et al. (subway Samaritans),the psychology being investigated includes: bystander apathy; diffusion of responsibility,Psychology,Cambridge Assessment International Education,Cambridge International AS & A Level,A Level,"Paper 1: Approaches, Issues and Debates",9990/1,90,60,25
AS Level issues and debates,,the application of psychology to everyday life,Psychology,Cambridge Assessment International Education,Cambridge International AS & A Level,A Level,"Paper 1: Approaches, Issues and Debates",9990/1,90,60,25
AS Level issues and debates,,individual and situational explanations,Psychology,Cambridge Assessment International Education,Cambridge International AS & A Level,A Level,"Paper 1: Approaches, Issues and Debates",9990/1,90,60,25
AS Level issues and debates,,nature versus nurture,Psychology,Cambridge Assessment International Education,Cambridge International AS & A Level,A Level,"Paper 1: Approaches, Issues and Debates",9990/1,90,60,25
AS Level issues and debates,,the use of children in psychological research,Psychology,Cambridge Assessment International Education,Cambridge International AS & A Level,A Level,"Paper 1: Approaches, Issues and Debates",9990/1,90,60,25
AS Level issues and debates,,the use of animals in psychological research.,Psychology,Cambridge Assessment International Education,Cambridge International AS & A Level,A Level,"Paper 1: Approaches, Issues and Debates",9990/1,90,60,25
Research methodology,Experiments,describe the main features of each type of experiment: – laboratory – field,Psychology,Cambridge Assessment International Education,Cambridge International AS & A Level,A Level,Paper 2: Research Methods,9990/2,90,60,25
Research methodology,Experiments,"evaluate each type of experiment, in terms of: – reliability – validity – ethics",Psychology,Cambridge Assessment International Education,Cambridge International AS & A Level,A Level,Paper 2: Research Methods,9990/2,90,60,25
Research methodology,Experiments,"describe and evaluate experimental designs as used in psychological research (independent measures, matched pairs and repeated measures)",Psychology,Cambridge Assessment International Education,Cambridge International AS & A Level,A Level,Paper 2: Research Methods,9990/2,90,60,25
Research methodology,Experiments,"describe and evaluate concepts relating to experimental designs including counterbalancing, random allocation, order effects (fatigue and practice)",Psychology,Cambridge Assessment International Education,Cambridge International AS & A Level,A Level,Paper 2: Research Methods,9990/2,90,60,25
Research methodology,Experiments,"evaluate the use of experiments in psychological research, including the use of experimental and control groups / control conditions",Psychology,Cambridge Assessment International Education,Cambridge International AS & A Level,A Level,Paper 2: Research Methods,9990/2,90,60,25
Research methodology,Experiments,apply knowledge of experiments to a given novel research scenario.,Psychology,Cambridge Assessment International Education,Cambridge International AS & A Level,A Level,Paper 2: Research Methods,9990/2,90,60,25
Research methodology,Self-reports,"describe the main features of each type of self-report: – questionnaire, including technique (paper and pencil / online) and question format (open and closed questions) – interview, including format (structured / unstructured / semi-structured), technique (telephone / face-to-face) and question format (open and closed questions)",Psychology,Cambridge Assessment International Education,Cambridge International AS & A Level,A Level,Paper 2: Research Methods,9990/2,90,60,25
Research methodology,Self-reports,evaluate the use of self-reports in psychological research,Psychology,Cambridge Assessment International Education,Cambridge International AS & A Level,A Level,Paper 2: Research Methods,9990/2,90,60,25
Research methodology,Self-reports,apply knowledge of self-reports to a given novel research scenario.,Psychology,Cambridge Assessment International Education,Cambridge International AS & A Level,A Level,Paper 2: Research Methods,9990/2,90,60,25
Research methodology,Case studies,"describe the case study method, including the main features: a single participant/unit; studied in detail",Psychology,Cambridge Assessment International Education,Cambridge International AS & A Level,A Level,Paper 2: Research Methods,9990/2,90,60,25
Research methodology,Case studies,evaluate the use of case studies in psychological research,Psychology,Cambridge Assessment International Education,Cambridge International AS & A Level,A Level,Paper 2: Research Methods,9990/2,90,60,25
Research methodology,Case studies,apply knowledge of case studies to a given novel research scenario.,Psychology,Cambridge Assessment International Education,Cambridge International AS & A Level,A Level,Paper 2: Research Methods,9990/2,90,60,25
Research methodology,Observations,"describe the main features of an observation (e.g. overt / covert, participant / non-participant, structured / unstructured, naturalistic / controlled)",Psychology,Cambridge Assessment International Education,Cambridge International AS & A Level,A Level,Paper 2: Research Methods,9990/2,90,60,25
Research methodology,Observations,evaluate the use of observations in psychological research,Psychology,Cambridge Assessment International Education,Cambridge International AS & A Level,A Level,Paper 2: Research Methods,9990/2,90,60,25
Research methodology,Observations,apply knowledge of observations to a given novel research scenario.,Psychology,Cambridge Assessment International Education,Cambridge International AS & A Level,A Level,Paper 2: Research Methods,9990/2,90,60,25
Research methodology,Correlations,"describe correlations, positive and negative correlations and strength of correlations",Psychology,Cambridge Assessment International Education,Cambridge International AS & A Level,A Level,Paper 2: Research Methods,9990/2,90,60,25
Research methodology,Correlations,identify and give operational definitions for co-variables (measured variables),Psychology,Cambridge Assessment International Education,Cambridge International AS & A Level,A Level,Paper 2: Research Methods,9990/2,90,60,25
Research methodology,Correlations,"evaluate the use of correlations in psychological research, including lack of causality",Psychology,Cambridge Assessment International Education,Cambridge International AS & A Level,A Level,Paper 2: Research Methods,9990/2,90,60,25
Research methodology,Correlations,apply knowledge of correlations to a given novel research scenario.,Psychology,Cambridge Assessment International Education,Cambridge International AS & A Level,A Level,Paper 2: Research Methods,9990/2,90,60,25
Research methodology,Longitudinal studies,"describe longitudinal studies, including experiments with longitudinal designs",Psychology,Cambridge Assessment International Education,Cambridge International AS & A Level,A Level,Paper 2: Research Methods,9990/2,90,60,25
Research methodology,Longitudinal studies,"evaluate the use of longitudinal studies, including experiments with longitudinal designs",Psychology,Cambridge Assessment International Education,Cambridge International AS & A Level,A Level,Paper 2: Research Methods,9990/2,90,60,25
Research methodology,Longitudinal studies,"apply knowledge of longitudinal studies, including experiments with longitudinal designs, to a given novel research scenario.",Psychology,Cambridge Assessment International Education,Cambridge International AS & A Level,A Level,Paper 2: Research Methods,9990/2,90,60,25
Research methodology,Aims and hypotheses,describe and write aims,Psychology,Cambridge Assessment International Education,Cambridge International AS & A Level,A Level,Paper 2: Research Methods,9990/2,90,60,25
Research methodology,Aims and hypotheses,describe and recognise null hypotheses and alternative hypotheses including directional (one-tailed) and non-directional (two-tailed) hypotheses.,Psychology,Cambridge Assessment International Education,Cambridge International AS & A Level,A Level,Paper 2: Research Methods,9990/2,90,60,25
Research methodology,Variables,describe what is meant by an independent variable and a dependent variable,Psychology,Cambridge Assessment International Education,Cambridge International AS & A Level,A Level,Paper 2: Research Methods,9990/2,90,60,25
Research methodology,Variables,describe how dependent variables can be measured,Psychology,Cambridge Assessment International Education,Cambridge International AS & A Level,A Level,Paper 2: Research Methods,9990/2,90,60,25
Research methodology,Variables,identify independent variables and dependent variables in studies,Psychology,Cambridge Assessment International Education,Cambridge International AS & A Level,A Level,Paper 2: Research Methods,9990/2,90,60,25
Research methodology,Variables,understand what is meant by an ‘operational definition’,Psychology,Cambridge Assessment International Education,Cambridge International AS & A Level,A Level,Paper 2: Research Methods,9990/2,90,60,25
Research methodology,Variables,operationalise: – an independent variable – a dependent variable,Psychology,Cambridge Assessment International Education,Cambridge International AS & A Level,A Level,Paper 2: Research Methods,9990/2,90,60,25
Research methodology,Variables,apply knowledge of variables to a novel research situation.,Psychology,Cambridge Assessment International Education,Cambridge International AS & A Level,A Level,Paper 2: Research Methods,9990/2,90,60,25
Research methodology,Controlling of variables,describe how psychologists can control variables (use ‘controls’) in a study,Psychology,Cambridge Assessment International Education,Cambridge International AS & A Level,A Level,Paper 2: Research Methods,9990/2,90,60,25
Research methodology,Controlling of variables,understand control of variables / standardisation of a procedure,Psychology,Cambridge Assessment International Education,Cambridge International AS & A Level,A Level,Paper 2: Research Methods,9990/2,90,60,25
Research methodology,Controlling of variables,"understand uncontrolled, participant and situational variables",Psychology,Cambridge Assessment International Education,Cambridge International AS & A Level,A Level,Paper 2: Research Methods,9990/2,90,60,25
Research methodology,Controlling of variables,apply knowledge of control of variables (‘controls’) to a novel research situation.,Psychology,Cambridge Assessment International Education,Cambridge International AS & A Level,A Level,Paper 2: Research Methods,9990/2,90,60,25
Research methodology,Types of data,describe what is meant by quantitative and qualitative data and subjective and objective data,Psychology,Cambridge Assessment International Education,Cambridge International AS & A Level,A Level,Paper 2: Research Methods,9990/2,90,60,25
Research methodology,Types of data,evaluate the use of types of data as collected in psychological research,Psychology,Cambridge Assessment International Education,Cambridge International AS & A Level,A Level,Paper 2: Research Methods,9990/2,90,60,25
Research methodology,Types of data,apply knowledge of types of data to a novel research situation.,Psychology,Cambridge Assessment International Education,Cambridge International AS & A Level,A Level,Paper 2: Research Methods,9990/2,90,60,25
Research methodology,Sampling of participants,"describe what is meant by the sample and population, and the sampling techniques of opportunity sampling, random sampling and volunteer (self-selecting) sampling",Psychology,Cambridge Assessment International Education,Cambridge International AS & A Level,A Level,Paper 2: Research Methods,9990/2,90,60,25
Research methodology,Sampling of participants,"evaluate different sampling techniques as used in psychological research, including generalisations",Psychology,Cambridge Assessment International Education,Cambridge International AS & A Level,A Level,Paper 2: Research Methods,9990/2,90,60,25
Research methodology,Sampling of participants,apply knowledge of sampling techniques to a novel research situation.,Psychology,Cambridge Assessment International Education,Cambridge International AS & A Level,A Level,Paper 2: Research Methods,9990/2,90,60,25
Research methodology,Ethics,"describe ethical guidelines as used in psychological research, in relation to human participants: – minimising harm (and maximising benefit) – valid consent including informed consent – right to withdraw – lack of deception – confidentiality – privacy – debriefing",Psychology,Cambridge Assessment International Education,Cambridge International AS & A Level,A Level,Paper 2: Research Methods,9990/2,90,60,25
Research methodology,Ethics,"describe ethical guidelines as used in psychological research, in relation to animals: – minimising harm (and maximising benefit) – replacement – species – numbers – procedures ○ pain, suffering and distress ○ housing ○ reward, deprivation and aversive stimuli",Psychology,Cambridge Assessment International Education,Cambridge International AS & A Level,A Level,Paper 2: Research Methods,9990/2,90,60,25
Research methodology,Ethics,evaluate studies based on ethical guidelines,Psychology,Cambridge Assessment International Education,Cambridge International AS & A Level,A Level,Paper 2: Research Methods,9990/2,90,60,25
Research methodology,Ethics,apply knowledge of ethical guidelines to a novel research situation.,Psychology,Cambridge Assessment International Education,Cambridge International AS & A Level,A Level,Paper 2: Research Methods,9990/2,90,60,25
Research methodology,Validity,"describe validity, including ecological validity",Psychology,Cambridge Assessment International Education,Cambridge International AS & A Level,A Level,Paper 2: Research Methods,9990/2,90,60,25
Research methodology,Validity,evaluate studies based on their validity: – subjectivity / objectivity – demand characteristics – generalisability,Psychology,Cambridge Assessment International Education,Cambridge International AS & A Level,A Level,Paper 2: Research Methods,9990/2,90,60,25
Research methodology,Validity,apply knowledge of validity to a novel research situation.,Psychology,Cambridge Assessment International Education,Cambridge International AS & A Level,A Level,Paper 2: Research Methods,9990/2,90,60,25
Research methodology,Reliability and replicability,"describe different types of reliability, including inter-rater and inter-observer reliability, test-retest reliability",Psychology,Cambridge Assessment International Education,Cambridge International AS & A Level,A Level,Paper 2: Research Methods,9990/2,90,60,25
Research methodology,Reliability and replicability,evaluate studies based on their reliability,Psychology,Cambridge Assessment International Education,Cambridge International AS & A Level,A Level,Paper 2: Research Methods,9990/2,90,60,25
Research methodology,Reliability and replicability,apply knowledge of reliability to a given novel research situation,Psychology,Cambridge Assessment International Education,Cambridge International AS & A Level,A Level,Paper 2: Research Methods,9990/2,90,60,25
Research methodology,Reliability and replicability,understand replicability,Psychology,Cambridge Assessment International Education,Cambridge International AS & A Level,A Level,Paper 2: Research Methods,9990/2,90,60,25
Research methodology,Reliability and replicability,apply understanding of replicability to the planning of studies.,Psychology,Cambridge Assessment International Education,Cambridge International AS & A Level,A Level,Paper 2: Research Methods,9990/2,90,60,25
Research methodology,Data analysis,present and interpret data in tables,Psychology,Cambridge Assessment International Education,Cambridge International AS & A Level,A Level,Paper 2: Research Methods,9990/2,90,60,25
Research methodology,Data analysis,understand the meaning of ‘measure of central tendency’,Psychology,Cambridge Assessment International Education,Cambridge International AS & A Level,A Level,Paper 2: Research Methods,9990/2,90,60,25
Research methodology,Data analysis,"name, recognise and know how to find measures of central tendency: – mode – median (no calculation necessary) – mean (no calculation necessary)",Psychology,Cambridge Assessment International Education,Cambridge International AS & A Level,A Level,Paper 2: Research Methods,9990/2,90,60,25
Research methodology,Data analysis,"understand the meaning of ‘measure of spread’ – name, recognise and know how to find range – recognise, interpret and understand standard deviation",Psychology,Cambridge Assessment International Education,Cambridge International AS & A Level,A Level,Paper 2: Research Methods,9990/2,90,60,25
Research methodology,Data analysis,"name, recognise, draw, change and interpret data from a: – bar chart – histogram – scatter graph.",Psychology,Cambridge Assessment International Education,Cambridge International AS & A Level,A Level,Paper 2: Research Methods,9990/2,90,60,25
