Main Topic,Subtopic,Learning Outcome,Subject,Exam Board,Qualification,Level,Component Name,Paper Code,Duration (min),Total Marks,Weighting (%)
"France, 1774–1814",What were the causes and immediate outcomes of the 1789 Revolution?,The Ancien Régime: problems and policies of Louis XVI and Jacques Necker,History,Cambridge Assessment International Education,Cambridge International AS & A Level,AS Level,Paper 2 Outline study,9489/2,105,60,60
"France, 1774–1814",What were the causes and immediate outcomes of the 1789 Revolution?,"Pressures for change (social, economic and political including the Enlightenment)",History,Cambridge Assessment International Education,Cambridge International AS & A Level,AS Level,Paper 2 Outline study,9489/2,105,60,60
"France, 1774–1814",What were the causes and immediate outcomes of the 1789 Revolution?,The reaction of Louis XVI to attempts at reform,History,Cambridge Assessment International Education,Cambridge International AS & A Level,AS Level,Paper 2 Outline study,9489/2,105,60,60
"France, 1774–1814",What were the causes and immediate outcomes of the 1789 Revolution?,"Responses to Louis XVI’s actions, e.g. Storming of the Bastille, March of the Women, Declaration of the Rights of Man, The August Decrees",History,Cambridge Assessment International Education,Cambridge International AS & A Level,AS Level,Paper 2 Outline study,9489/2,105,60,60
"France, 1774–1814",Why were French governments unstable from 1790 to 1795?,Revolutionary and counter-revolutionary groups: their views and aims,History,Cambridge Assessment International Education,Cambridge International AS & A Level,AS Level,Paper 2 Outline study,9489/2,105,60,60
"France, 1774–1814",Why were French governments unstable from 1790 to 1795?,Changes in government from 1790 to 1795,History,Cambridge Assessment International Education,Cambridge International AS & A Level,AS Level,Paper 2 Outline study,9489/2,105,60,60
"France, 1774–1814",Why were French governments unstable from 1790 to 1795?,Economic problems,History,Cambridge Assessment International Education,Cambridge International AS & A Level,AS Level,Paper 2 Outline study,9489/2,105,60,60
"France, 1774–1814",Why were French governments unstable from 1790 to 1795?,Foreign threats and the impact of war on France,History,Cambridge Assessment International Education,Cambridge International AS & A Level,AS Level,Paper 2 Outline study,9489/2,105,60,60
"France, 1774–1814",Why was Napoleon Bonaparte able to overthrow the Directory in 1799?,The aims and rule of the Directory,History,Cambridge Assessment International Education,Cambridge International AS & A Level,AS Level,Paper 2 Outline study,9489/2,105,60,60
"France, 1774–1814",Why was Napoleon Bonaparte able to overthrow the Directory in 1799?,"The reputation of, and opposition to, the Directory",History,Cambridge Assessment International Education,Cambridge International AS & A Level,AS Level,Paper 2 Outline study,9489/2,105,60,60
"France, 1774–1814",Why was Napoleon Bonaparte able to overthrow the Directory in 1799?,The military reputation and political ambitions of Napoleon Bonaparte,History,Cambridge Assessment International Education,Cambridge International AS & A Level,AS Level,Paper 2 Outline study,9489/2,105,60,60
"France, 1774–1814",Why was Napoleon Bonaparte able to overthrow the Directory in 1799?,The coup of 1799,History,Cambridge Assessment International Education,Cambridge International AS & A Level,AS Level,Paper 2 Outline study,9489/2,105,60,60
"France, 1774–1814",What were Napoleon Bonaparte’s domestic aims and achievements from 1799 to 1814?,Napoleon’s initiatives as first consul,History,Cambridge Assessment International Education,Cambridge International AS & A Level,AS Level,Paper 2 Outline study,9489/2,105,60,60
"France, 1774–1814",What were Napoleon Bonaparte’s domestic aims and achievements from 1799 to 1814?,The inauguration of the Empire,History,Cambridge Assessment International Education,Cambridge International AS & A Level,AS Level,Paper 2 Outline study,9489/2,105,60,60
"France, 1774–1814",What were Napoleon Bonaparte’s domestic aims and achievements from 1799 to 1814?,"Nature and impact of reforms (legal, educational, social and financial)",History,Cambridge Assessment International Education,Cambridge International AS & A Level,AS Level,Paper 2 Outline study,9489/2,105,60,60
"France, 1774–1814",What were Napoleon Bonaparte’s domestic aims and achievements from 1799 to 1814?,Napoleon’s use of propaganda and other means of control,History,Cambridge Assessment International Education,Cambridge International AS & A Level,AS Level,Paper 2 Outline study,9489/2,105,60,60
"The Industrial Revolution in Britain, 1750–1850",What were the causes of the Industrial Revolution?,The agricultural revolution,History,Cambridge Assessment International Education,Cambridge International AS & A Level,AS Level,Paper 2 Outline study,9489/2,105,60,60
"The Industrial Revolution in Britain, 1750–1850",What were the causes of the Industrial Revolution?,"Development of capitalism: investment, trade and commerce, the slave trade",History,Cambridge Assessment International Education,Cambridge International AS & A Level,AS Level,Paper 2 Outline study,9489/2,105,60,60
"The Industrial Revolution in Britain, 1750–1850",What were the causes of the Industrial Revolution?,Early mechanisation: steam engines and spinning machines,History,Cambridge Assessment International Education,Cambridge International AS & A Level,AS Level,Paper 2 Outline study,9489/2,105,60,60
"The Industrial Revolution in Britain, 1750–1850",What were the causes of the Industrial Revolution?,Early developments in transport: canals and roads,History,Cambridge Assessment International Education,Cambridge International AS & A Level,AS Level,Paper 2 Outline study,9489/2,105,60,60
"The Industrial Revolution in Britain, 1750–1850",Why was there a rapid growth of industrialisation after 1780?,Development of the factory system: steam power and machines,History,Cambridge Assessment International Education,Cambridge International AS & A Level,AS Level,Paper 2 Outline study,9489/2,105,60,60
"The Industrial Revolution in Britain, 1750–1850",Why was there a rapid growth of industrialisation after 1780?,"Developments in transport: canals, railways and steam ships",History,Cambridge Assessment International Education,Cambridge International AS & A Level,AS Level,Paper 2 Outline study,9489/2,105,60,60
"The Industrial Revolution in Britain, 1750–1850",Why was there a rapid growth of industrialisation after 1780?,"Raw materials, e.g. iron and coal",History,Cambridge Assessment International Education,Cambridge International AS & A Level,AS Level,Paper 2 Outline study,9489/2,105,60,60
"The Industrial Revolution in Britain, 1750–1850",Why was there a rapid growth of industrialisation after 1780?,Growth of markets (domestic and international) and growth of free trade,History,Cambridge Assessment International Education,Cambridge International AS & A Level,AS Level,Paper 2 Outline study,9489/2,105,60,60
"The Industrial Revolution in Britain, 1750–1850",Why was there a rapid growth of industrialisation after 1780?,"Growth of towns and impact on living conditions, e.g. housing and health",History,Cambridge Assessment International Education,Cambridge International AS & A Level,AS Level,Paper 2 Outline study,9489/2,105,60,60
"The Industrial Revolution in Britain, 1750–1850",urbanisation result from industrialisation?,"Working conditions, e.g. child labour, hours, pay and safety",History,Cambridge Assessment International Education,Cambridge International AS & A Level,AS Level,Paper 2 Outline study,9489/2,105,60,60
"The Industrial Revolution in Britain, 1750–1850",urbanisation result from industrialisation?,Impacts on different social classes,History,Cambridge Assessment International Education,Cambridge International AS & A Level,AS Level,Paper 2 Outline study,9489/2,105,60,60
"The Industrial Revolution in Britain, 1750–1850",urbanisation result from industrialisation?,Government responses to the consequences of industrialisation: early moves towards regulation and control of working and living conditions,History,Cambridge Assessment International Education,Cambridge International AS & A Level,AS Level,Paper 2 Outline study,9489/2,105,60,60
"The Industrial Revolution in Britain, 1750–1850",urbanisation result from industrialisation?,"Reactions to mechanisation and economic change, e.g. Luddites and Captain Swing riots",History,Cambridge Assessment International Education,Cambridge International AS & A Level,AS Level,Paper 2 Outline study,9489/2,105,60,60
"The Industrial Revolution in Britain, 1750–1850",political change?,Demands for political reform including Chartists,History,Cambridge Assessment International Education,Cambridge International AS & A Level,AS Level,Paper 2 Outline study,9489/2,105,60,60
"The Industrial Revolution in Britain, 1750–1850",political change?,"Origins of organised labour, e.g. trade unions and cooperative societies",History,Cambridge Assessment International Education,Cambridge International AS & A Level,AS Level,Paper 2 Outline study,9489/2,105,60,60
"The Industrial Revolution in Britain, 1750–1850",political change?,Government reaction to demands for change,History,Cambridge Assessment International Education,Cambridge International AS & A Level,AS Level,Paper 2 Outline study,9489/2,105,60,60
"Liberalism and nationalism in Germany, 1815–71",What were the causes of the Revolutions in 1848–49?,The impact of Metternich’s System on the States of Germany,History,Cambridge Assessment International Education,Cambridge International AS & A Level,AS Level,Paper 2 Outline study,9489/2,105,60,60
"Liberalism and nationalism in Germany, 1815–71",What were the causes of the Revolutions in 1848–49?,The influence of liberal ideas and the emergence of a middle class,History,Cambridge Assessment International Education,Cambridge International AS & A Level,AS Level,Paper 2 Outline study,9489/2,105,60,60
"Liberalism and nationalism in Germany, 1815–71",What were the causes of the Revolutions in 1848–49?,Growth of nationalist ideas,History,Cambridge Assessment International Education,Cambridge International AS & A Level,AS Level,Paper 2 Outline study,9489/2,105,60,60
"Liberalism and nationalism in Germany, 1815–71",What were the causes of the Revolutions in 1848–49?,The impact of the Zollverein,History,Cambridge Assessment International Education,Cambridge International AS & A Level,AS Level,Paper 2 Outline study,9489/2,105,60,60
"Liberalism and nationalism in Germany, 1815–71",What were the causes of the Revolutions in 1848–49?,Social and economic problems in the 1840s,History,Cambridge Assessment International Education,Cambridge International AS & A Level,AS Level,Paper 2 Outline study,9489/2,105,60,60
"Liberalism and nationalism in Germany, 1815–71",What were the consequences of the 1848–49 Revolutions?,Initial responses of the German States to the 1848–49 Revolutions,History,Cambridge Assessment International Education,Cambridge International AS & A Level,AS Level,Paper 2 Outline study,9489/2,105,60,60
"Liberalism and nationalism in Germany, 1815–71",What were the consequences of the 1848–49 Revolutions?,The collapse of the Frankfurt Parliament,History,Cambridge Assessment International Education,Cambridge International AS & A Level,AS Level,Paper 2 Outline study,9489/2,105,60,60
"Liberalism and nationalism in Germany, 1815–71",What were the consequences of the 1848–49 Revolutions?,Reassertion of Austrian power: the perceived ‘humiliation of Olmütz’,History,Cambridge Assessment International Education,Cambridge International AS & A Level,AS Level,Paper 2 Outline study,9489/2,105,60,60
"Liberalism and nationalism in Germany, 1815–71",What were the consequences of the 1848–49 Revolutions?,Economic developments after 1849: the growth of industrialisation and the Zollverein,History,Cambridge Assessment International Education,Cambridge International AS & A Level,AS Level,Paper 2 Outline study,9489/2,105,60,60
"Liberalism and nationalism in Germany, 1815–71",What were Bismarck’s intentions for Prussia and Germany from 1862 to 1866?,Reasons for Bismarck’s appointment as Minister President: his attitudes towards Liberalism and Nationalism,History,Cambridge Assessment International Education,Cambridge International AS & A Level,AS Level,Paper 2 Outline study,9489/2,105,60,60
"Liberalism and nationalism in Germany, 1815–71",What were Bismarck’s intentions for Prussia and Germany from 1862 to 1866?,Bismarck’s impact on Prussian politics: relations with William I and the Landtag,History,Cambridge Assessment International Education,Cambridge International AS & A Level,AS Level,Paper 2 Outline study,9489/2,105,60,60
"Liberalism and nationalism in Germany, 1815–71",What were Bismarck’s intentions for Prussia and Germany from 1862 to 1866?,"Relations with, and policies towards, Austria: war with Denmark (1864), Austria (1866)",History,Cambridge Assessment International Education,Cambridge International AS & A Level,AS Level,Paper 2 Outline study,9489/2,105,60,60
"Liberalism and nationalism in Germany, 1815–71",What were Bismarck’s intentions for Prussia and Germany from 1862 to 1866?,Outcomes of the Austro–Prussian War: Treaty of Prague and the North German Confederation,History,Cambridge Assessment International Education,Cambridge International AS & A Level,AS Level,Paper 2 Outline study,9489/2,105,60,60
"Liberalism and nationalism in Germany, 1815–71",How and why was the unification of Germany achieved by 1871?,Bismarck’s diplomacy towards France,History,Cambridge Assessment International Education,Cambridge International AS & A Level,AS Level,Paper 2 Outline study,9489/2,105,60,60
"Liberalism and nationalism in Germany, 1815–71",How and why was the unification of Germany achieved by 1871?,The Hohenzollern candidature and the outbreak of war,History,Cambridge Assessment International Education,Cambridge International AS & A Level,AS Level,Paper 2 Outline study,9489/2,105,60,60
"Liberalism and nationalism in Germany, 1815–71",How and why was the unification of Germany achieved by 1871?,Reasons for the Prussian victory in the Franco–Prussian War (1870–71),History,Cambridge Assessment International Education,Cambridge International AS & A Level,AS Level,Paper 2 Outline study,9489/2,105,60,60
"Liberalism and nationalism in Germany, 1815–71",How and why was the unification of Germany achieved by 1871?,Creation of the German Empire (1871),History,Cambridge Assessment International Education,Cambridge International AS & A Level,AS Level,Paper 2 Outline study,9489/2,105,60,60
"The Russian Revolution, 1894–1921",What were the causes and outcomes of the 1905 Revolution up to 1914?,"The nature of the Tsarist regime: pressures for change (social, economic and political) and the reaction of Nicholas II to them",History,Cambridge Assessment International Education,Cambridge International AS & A Level,AS Level,Paper 1 Document question,9489/1,75,40,40
"The Russian Revolution, 1894–1921",What were the causes and outcomes of the 1905 Revolution up to 1914?,"Key events of the Revolution, e.g. ‘Bloody Sunday’, wider risings and the October Manifesto",History,Cambridge Assessment International Education,Cambridge International AS & A Level,AS Level,Paper 1 Document question,9489/1,75,40,40
"The Russian Revolution, 1894–1921",What were the causes and outcomes of the 1905 Revolution up to 1914?,The reassertion of Tsarist authority: the Dumas and Stolypin’s reforms,History,Cambridge Assessment International Education,Cambridge International AS & A Level,AS Level,Paper 1 Document question,9489/1,75,40,40
"The Russian Revolution, 1894–1921",What were the causes and outcomes of the 1905 Revolution up to 1914?,The extent of opposition to the Tsarist rule,History,Cambridge Assessment International Education,Cambridge International AS & A Level,AS Level,Paper 1 Document question,9489/1,75,40,40
"The Russian Revolution, 1894–1921",What were the causes and outcomes of the 1905 Revolution up to 1914?,"Political, social and economic effects of the First World War, impact of military defeats",History,Cambridge Assessment International Education,Cambridge International AS & A Level,AS Level,Paper 1 Document question,9489/1,75,40,40
"The Russian Revolution, 1894–1921",What were the causes and immediate outcomes of the February Revolution in 1917?,Nicholas II as a war leader: implications of personal leadership of the war effort,History,Cambridge Assessment International Education,Cambridge International AS & A Level,AS Level,Paper 1 Document question,9489/1,75,40,40
"The Russian Revolution, 1894–1921",What were the causes and immediate outcomes of the February Revolution in 1917?,The Revolution of February and the abdication of Nicholas II,History,Cambridge Assessment International Education,Cambridge International AS & A Level,AS Level,Paper 1 Document question,9489/1,75,40,40
"The Russian Revolution, 1894–1921",What were the causes and immediate outcomes of the February Revolution in 1917?,The formation and purpose of the Provisional Government,History,Cambridge Assessment International Education,Cambridge International AS & A Level,AS Level,Paper 1 Document question,9489/1,75,40,40
"The Russian Revolution, 1894–1921",How and why did the Bolsheviks gain power in October 1917?,Crises of the Provisional Government,History,Cambridge Assessment International Education,Cambridge International AS & A Level,AS Level,Paper 1 Document question,9489/1,75,40,40
"The Russian Revolution, 1894–1921",How and why did the Bolsheviks gain power in October 1917?,Lenin’s leadership of the Bolsheviks,History,Cambridge Assessment International Education,Cambridge International AS & A Level,AS Level,Paper 1 Document question,9489/1,75,40,40
"The Russian Revolution, 1894–1921",How and why did the Bolsheviks gain power in October 1917?,The role of Trotsky and the Military Revolutionary Committee (MRC),History,Cambridge Assessment International Education,Cambridge International AS & A Level,AS Level,Paper 1 Document question,9489/1,75,40,40
"The Russian Revolution, 1894–1921",How and why did the Bolsheviks gain power in October 1917?,The key events of the October Revolution,History,Cambridge Assessment International Education,Cambridge International AS & A Level,AS Level,Paper 1 Document question,9489/1,75,40,40
"The Russian Revolution, 1894–1921",How and why did the Bolsheviks gain power in October 1917?,Bolshevik reforms and the establishment of a dictatorship,History,Cambridge Assessment International Education,Cambridge International AS & A Level,AS Level,Paper 1 Document question,9489/1,75,40,40
"The Russian Revolution, 1894–1921",How were the Bolsheviks able to consolidate their power up to 1921?,The impact of Brest–Litovsk,History,Cambridge Assessment International Education,Cambridge International AS & A Level,AS Level,Paper 1 Document question,9489/1,75,40,40
"The Russian Revolution, 1894–1921",How were the Bolsheviks able to consolidate their power up to 1921?,Reasons for the Bolshevik victory in the Civil War including War Communism,History,Cambridge Assessment International Education,Cambridge International AS & A Level,AS Level,Paper 1 Document question,9489/1,75,40,40
"The Russian Revolution, 1894–1921",How were the Bolsheviks able to consolidate their power up to 1921?,Kronstadt and the introduction of the New Economic Policy (NEP),History,Cambridge Assessment International Education,Cambridge International AS & A Level,AS Level,Paper 1 Document question,9489/1,75,40,40
"The origins of the Civil War, 1820–61",How was the issue of slavery addressed between 1820 and 1850?,Political system (practical application of the US Constitution) and the balance of sectional interests in 1820,History,Cambridge Assessment International Education,Cambridge International AS & A Level,AS Level,Paper 2 Outline study,9489/2,105,60,60
"The origins of the Civil War, 1820–61",How was the issue of slavery addressed between 1820 and 1850?,Impact of territorial expansion: westward expansion and absorption of Texas,History,Cambridge Assessment International Education,Cambridge International AS & A Level,AS Level,Paper 2 Outline study,9489/2,105,60,60
"The origins of the Civil War, 1820–61",How was the issue of slavery addressed between 1820 and 1850?,Impact of population growth and movement,History,Cambridge Assessment International Education,Cambridge International AS & A Level,AS Level,Paper 2 Outline study,9489/2,105,60,60
"The origins of the Civil War, 1820–61",How was the issue of slavery addressed between 1820 and 1850?,Attempts at compromise including the Missouri Compromise (1820) and the Compromise of 1850,History,Cambridge Assessment International Education,Cambridge International AS & A Level,AS Level,Paper 2 Outline study,9489/2,105,60,60
"The origins of the Civil War, 1820–61",How and why did sectional divisions widen between 1850 and 1856?,Problems arising from the implementation of the Compromise of 1850 and the application of the Fugitive Slave Act,History,Cambridge Assessment International Education,Cambridge International AS & A Level,AS Level,Paper 2 Outline study,9489/2,105,60,60
"The origins of the Civil War, 1820–61",How and why did sectional divisions widen between 1850 and 1856?,The issue of Kansas and its impact,History,Cambridge Assessment International Education,Cambridge International AS & A Level,AS Level,Paper 2 Outline study,9489/2,105,60,60
"The origins of the Civil War, 1820–61",How and why did sectional divisions widen between 1850 and 1856?,Changes in the party-political system: rapid decline of the Whig Party and the rise of the Republican Party,History,Cambridge Assessment International Education,Cambridge International AS & A Level,AS Level,Paper 2 Outline study,9489/2,105,60,60
"The origins of the Civil War, 1820–61",How and why did sectional divisions widen between 1850 and 1856?,Significance of States’ Rights,History,Cambridge Assessment International Education,Cambridge International AS & A Level,AS Level,Paper 2 Outline study,9489/2,105,60,60
"The origins of the Civil War, 1820–61",Why did the Republicans win the 1860 presidential election?,"Growing strength of abolitionism, e.g. John Brown",History,Cambridge Assessment International Education,Cambridge International AS & A Level,AS Level,Paper 2 Outline study,9489/2,105,60,60
"The origins of the Civil War, 1820–61",Why did the Republicans win the 1860 presidential election?,"Emerging notion of ‘slave power’, e.g. Dred Scott",History,Cambridge Assessment International Education,Cambridge International AS & A Level,AS Level,Paper 2 Outline study,9489/2,105,60,60
"The origins of the Civil War, 1820–61",Why did the Republicans win the 1860 presidential election?,Increasing confrontation within and between the North and the South,History,Cambridge Assessment International Education,Cambridge International AS & A Level,AS Level,Paper 2 Outline study,9489/2,105,60,60
"The origins of the Civil War, 1820–61",Why did the Republicans win the 1860 presidential election?,The Lincoln–Douglas Debates (1858),History,Cambridge Assessment International Education,Cambridge International AS & A Level,AS Level,Paper 2 Outline study,9489/2,105,60,60
"The origins of the Civil War, 1820–61",Why did the Republicans win the 1860 presidential election?,The election campaign of 1860 and the divisions of the Democratic Party,History,Cambridge Assessment International Education,Cambridge International AS & A Level,AS Level,Paper 2 Outline study,9489/2,105,60,60
"The origins of the Civil War, 1820–61",Why did the Civil War begin in April 1861?,Reactions to the 1860 presidential election results,History,Cambridge Assessment International Education,Cambridge International AS & A Level,AS Level,Paper 2 Outline study,9489/2,105,60,60
"The origins of the Civil War, 1820–61",Why did the Civil War begin in April 1861?,Secession of the seven Deep South States,History,Cambridge Assessment International Education,Cambridge International AS & A Level,AS Level,Paper 2 Outline study,9489/2,105,60,60
"The origins of the Civil War, 1820–61",Why did the Civil War begin in April 1861?,The Battle of Fort Sumter and its impacts,History,Cambridge Assessment International Education,Cambridge International AS & A Level,AS Level,Paper 2 Outline study,9489/2,105,60,60
"The origins of the Civil War, 1820–61",Why did the Civil War begin in April 1861?,The aims of Abraham Lincoln and Jefferson Davis,History,Cambridge Assessment International Education,Cambridge International AS & A Level,AS Level,Paper 2 Outline study,9489/2,105,60,60
"Civil War and Reconstruction, 1861–77",Why did the Civil War last four years?,Changing military strategies,History,Cambridge Assessment International Education,Cambridge International AS & A Level,AS Level,Paper 1 Document question,9489/1,75,40,40
"Civil War and Reconstruction, 1861–77",Why did the Civil War last four years?,Changing approaches of political and military leadership,History,Cambridge Assessment International Education,Cambridge International AS & A Level,AS Level,Paper 1 Document question,9489/1,75,40,40
"Civil War and Reconstruction, 1861–77",Why did the Civil War last four years?,Resources available,History,Cambridge Assessment International Education,Cambridge International AS & A Level,AS Level,Paper 1 Document question,9489/1,75,40,40
"Civil War and Reconstruction, 1861–77",Why did the Civil War last four years?,Impact of foreign influences (Britain and France),History,Cambridge Assessment International Education,Cambridge International AS & A Level,AS Level,Paper 1 Document question,9489/1,75,40,40
"Civil War and Reconstruction, 1861–77",How significant was the immediate impact of the Civil War (1861–65)?,Limitations on civil liberties during the War,History,Cambridge Assessment International Education,Cambridge International AS & A Level,AS Level,Paper 1 Document question,9489/1,75,40,40
"Civil War and Reconstruction, 1861–77",How significant was the immediate impact of the Civil War (1861–65)?,Reasons for and responses to the Emancipation Proclamation (1863),History,Cambridge Assessment International Education,Cambridge International AS & A Level,AS Level,Paper 1 Document question,9489/1,75,40,40
"Civil War and Reconstruction, 1861–77",How significant was the immediate impact of the Civil War (1861–65)?,Life in the Confederate States including the responses of slaves,History,Cambridge Assessment International Education,Cambridge International AS & A Level,AS Level,Paper 1 Document question,9489/1,75,40,40
"Civil War and Reconstruction, 1861–77",How significant was the immediate impact of the Civil War (1861–65)?,The nature of democracy in the North and the South,History,Cambridge Assessment International Education,Cambridge International AS & A Level,AS Level,Paper 1 Document question,9489/1,75,40,40
"Civil War and Reconstruction, 1861–77",What were the aims and outcomes of Reconstruction?,Presidential Reconstruction: Abraham Lincoln and Andrew Johnson,History,Cambridge Assessment International Education,Cambridge International AS & A Level,AS Level,Paper 1 Document question,9489/1,75,40,40
"Civil War and Reconstruction, 1861–77",What were the aims and outcomes of Reconstruction?,Radical Reconstruction from Congress,History,Cambridge Assessment International Education,Cambridge International AS & A Level,AS Level,Paper 1 Document question,9489/1,75,40,40
"Civil War and Reconstruction, 1861–77",What were the aims and outcomes of Reconstruction?,"Reasons for and passage of Constitutional Amendments 13th, 14th and 15th",History,Cambridge Assessment International Education,Cambridge International AS & A Level,AS Level,Paper 1 Document question,9489/1,75,40,40
"Civil War and Reconstruction, 1861–77",How successful was Reconstruction?,Changing position of ex-slaves,History,Cambridge Assessment International Education,Cambridge International AS & A Level,AS Level,Paper 1 Document question,9489/1,75,40,40
"Civil War and Reconstruction, 1861–77",How successful was Reconstruction?,Responses of the White South,History,Cambridge Assessment International Education,Cambridge International AS & A Level,AS Level,Paper 1 Document question,9489/1,75,40,40
"Civil War and Reconstruction, 1861–77",How successful was Reconstruction?,Grant’s Reconstruction policies,History,Cambridge Assessment International Education,Cambridge International AS & A Level,AS Level,Paper 1 Document question,9489/1,75,40,40
"Civil War and Reconstruction, 1861–77",How successful was Reconstruction?,The Compromise of 1877 and the end of Reconstruction,History,Cambridge Assessment International Education,Cambridge International AS & A Level,AS Level,Paper 1 Document question,9489/1,75,40,40
"The Gilded Age and Progressive Era, 1870s to 1920",Why was the late nineteenth century an age of rapid industrialisation?,"Growth of trusts, corporations and robber barons",History,Cambridge Assessment International Education,Cambridge International AS & A Level,AS Level,Paper 2 Outline study,9489/2,105,60,60
"The Gilded Age and Progressive Era, 1870s to 1920",Why was the late nineteenth century an age of rapid industrialisation?,"Technological innovations, e.g. electrical power and the telephone",History,Cambridge Assessment International Education,Cambridge International AS & A Level,AS Level,Paper 2 Outline study,9489/2,105,60,60
"The Gilded Age and Progressive Era, 1870s to 1920",Why was the late nineteenth century an age of rapid industrialisation?,Growth of the railroads,History,Cambridge Assessment International Education,Cambridge International AS & A Level,AS Level,Paper 2 Outline study,9489/2,105,60,60
"The Gilded Age and Progressive Era, 1870s to 1920",Why was the late nineteenth century an age of rapid industrialisation?,Trade policies and protectionism,History,Cambridge Assessment International Education,Cambridge International AS & A Level,AS Level,Paper 2 Outline study,9489/2,105,60,60
"The Gilded Age and Progressive Era, 1870s to 1920",How significant were the consequences of rapid economic growth in the late nineteenth century?,New immigration from Southern and Eastern Europe,History,Cambridge Assessment International Education,Cambridge International AS & A Level,AS Level,Paper 2 Outline study,9489/2,105,60,60
"The Gilded Age and Progressive Era, 1870s to 1920",How significant were the consequences of rapid economic growth in the late nineteenth century?,"Industrial growth and periods of economic recession, e.g. the Panic of 1873",History,Cambridge Assessment International Education,Cambridge International AS & A Level,AS Level,Paper 2 Outline study,9489/2,105,60,60
"The Gilded Age and Progressive Era, 1870s to 1920",How significant were the consequences of rapid economic growth in the late nineteenth century?,"Impact of urbanisation on living conditions, e.g. housing, health, safety",History,Cambridge Assessment International Education,Cambridge International AS & A Level,AS Level,Paper 2 Outline study,9489/2,105,60,60
"The Gilded Age and Progressive Era, 1870s to 1920",How significant were the consequences of rapid economic growth in the late nineteenth century?,"Rise of organised labour in industry and agriculture, e.g. Granger Movement, labor unions",History,Cambridge Assessment International Education,Cambridge International AS & A Level,AS Level,Paper 2 Outline study,9489/2,105,60,60
"The Gilded Age and Progressive Era, 1870s to 1920",What were the main aims and policies of the Progressive Movement and how popular were they?,Limits on party machines and bosses,History,Cambridge Assessment International Education,Cambridge International AS & A Level,AS Level,Paper 2 Outline study,9489/2,105,60,60
"The Gilded Age and Progressive Era, 1870s to 1920",What were the main aims and policies of the Progressive Movement and how popular were they?,Temperance and Prohibition,History,Cambridge Assessment International Education,Cambridge International AS & A Level,AS Level,Paper 2 Outline study,9489/2,105,60,60
"The Gilded Age and Progressive Era, 1870s to 1920",What were the main aims and policies of the Progressive Movement and how popular were they?,Female emancipation,History,Cambridge Assessment International Education,Cambridge International AS & A Level,AS Level,Paper 2 Outline study,9489/2,105,60,60
"The Gilded Age and Progressive Era, 1870s to 1920",What were the main aims and policies of the Progressive Movement and how popular were they?,Regulation of private corporations,History,Cambridge Assessment International Education,Cambridge International AS & A Level,AS Level,Paper 2 Outline study,9489/2,105,60,60
"The Gilded Age and Progressive Era, 1870s to 1920",How successful was the Progressive Movement up to 1920?,Achievements of the Progressive presidents,History,Cambridge Assessment International Education,Cambridge International AS & A Level,AS Level,Paper 2 Outline study,9489/2,105,60,60
"The Gilded Age and Progressive Era, 1870s to 1920",How successful was the Progressive Movement up to 1920?,Constitutional reforms,History,Cambridge Assessment International Education,Cambridge International AS & A Level,AS Level,Paper 2 Outline study,9489/2,105,60,60
"The Gilded Age and Progressive Era, 1870s to 1920",How successful was the Progressive Movement up to 1920?,State vs. federal successes,History,Cambridge Assessment International Education,Cambridge International AS & A Level,AS Level,Paper 2 Outline study,9489/2,105,60,60
"The Gilded Age and Progressive Era, 1870s to 1920",How successful was the Progressive Movement up to 1920?,Limits of the Progressive Movement,History,Cambridge Assessment International Education,Cambridge International AS & A Level,AS Level,Paper 2 Outline study,9489/2,105,60,60
"The Great Crash, the Great Depression and the New Deal policies, 1920–41",What were the causes of the Great Crash?,"Structural weaknesses in the US economy in the 1920s, e.g. disparity between agriculture, traditional and new industries",History,Cambridge Assessment International Education,Cambridge International AS & A Level,AS Level,Paper 2 Outline study,9489/2,105,60,60
"The Great Crash, the Great Depression and the New Deal policies, 1920–41",What were the causes of the Great Crash?,"Growth of consumerism, e.g. hire purchase and buying on the margin",History,Cambridge Assessment International Education,Cambridge International AS & A Level,AS Level,Paper 2 Outline study,9489/2,105,60,60
"The Great Crash, the Great Depression and the New Deal policies, 1920–41",What were the causes of the Great Crash?,Mass production and oversupply,History,Cambridge Assessment International Education,Cambridge International AS & A Level,AS Level,Paper 2 Outline study,9489/2,105,60,60
"The Great Crash, the Great Depression and the New Deal policies, 1920–41",What were the causes of the Great Crash?,Impact of government policies,History,Cambridge Assessment International Education,Cambridge International AS & A Level,AS Level,Paper 2 Outline study,9489/2,105,60,60
"The Great Crash, the Great Depression and the New Deal policies, 1920–41",What were the causes of the Great Crash?,The main features of the Great Crash (October 1929),History,Cambridge Assessment International Education,Cambridge International AS & A Level,AS Level,Paper 2 Outline study,9489/2,105,60,60
"The Great Crash, the Great Depression and the New Deal policies, 1920–41",What were the causes and impacts of the Great Depression?,Responses of Hoover government and industry to the Great Crash,History,Cambridge Assessment International Education,Cambridge International AS & A Level,AS Level,Paper 2 Outline study,9489/2,105,60,60
"The Great Crash, the Great Depression and the New Deal policies, 1920–41",What were the causes and impacts of the Great Depression?,Collapse of the financial system,History,Cambridge Assessment International Education,Cambridge International AS & A Level,AS Level,Paper 2 Outline study,9489/2,105,60,60
"The Great Crash, the Great Depression and the New Deal policies, 1920–41",What were the causes and impacts of the Great Depression?,"Mass unemployment and its social impact, e.g. Hoovervilles and employment discrimination",History,Cambridge Assessment International Education,Cambridge International AS & A Level,AS Level,Paper 2 Outline study,9489/2,105,60,60
"The Great Crash, the Great Depression and the New Deal policies, 1920–41",How effective were Roosevelt’s strategies to deal with the domestic problems facing the USA in the 1930s?,Roosevelt’s First Hundred Days,History,Cambridge Assessment International Education,Cambridge International AS & A Level,AS Level,Paper 2 Outline study,9489/2,105,60,60
"The Great Crash, the Great Depression and the New Deal policies, 1920–41",How effective were Roosevelt’s strategies to deal with the domestic problems facing the USA in the 1930s?,Development of New Deal policies and the need for the Second New Deal,History,Cambridge Assessment International Education,Cambridge International AS & A Level,AS Level,Paper 2 Outline study,9489/2,105,60,60
"The Great Crash, the Great Depression and the New Deal policies, 1920–41",How effective were Roosevelt’s strategies to deal with the domestic problems facing the USA in the 1930s?,"Roosevelt’s political strategies, e.g. the New Deal Coalition",History,Cambridge Assessment International Education,Cambridge International AS & A Level,AS Level,Paper 2 Outline study,9489/2,105,60,60
"The Great Crash, the Great Depression and the New Deal policies, 1920–41",How effective were Roosevelt’s strategies to deal with the domestic problems facing the USA in the 1930s?,Reasons for the Roosevelt Depression/ Recession (1937–38),History,Cambridge Assessment International Education,Cambridge International AS & A Level,AS Level,Paper 2 Outline study,9489/2,105,60,60
"The Great Crash, the Great Depression and the New Deal policies, 1920–41",How effective were Roosevelt’s strategies to deal with the domestic problems facing the USA in the 1930s?,Opposition from the liberal left,History,Cambridge Assessment International Education,Cambridge International AS & A Level,AS Level,Paper 2 Outline study,9489/2,105,60,60
"The Great Crash, the Great Depression and the New Deal policies, 1920–41",Why was there opposition to the New Deal policies and what impact did it have?,Opposition from the conservative right,History,Cambridge Assessment International Education,Cambridge International AS & A Level,AS Level,Paper 2 Outline study,9489/2,105,60,60
"The Great Crash, the Great Depression and the New Deal policies, 1920–41",Why was there opposition to the New Deal policies and what impact did it have?,Opposition from the Supreme Court,History,Cambridge Assessment International Education,Cambridge International AS & A Level,AS Level,Paper 2 Outline study,9489/2,105,60,60
"The Great Crash, the Great Depression and the New Deal policies, 1920–41",Why was there opposition to the New Deal policies and what impact did it have?,Roosevelt’s responses to opposition,History,Cambridge Assessment International Education,Cambridge International AS & A Level,AS Level,Paper 2 Outline study,9489/2,105,60,60
"Empire and the emergence of world powers, 1870–1919",Why was imperialism a significant force for late nineteenth century Europe?,Economic and political motives for imperial expansion,History,Cambridge Assessment International Education,Cambridge International AS & A Level,AS Level,Paper 2 Outline study,9489/2,105,60,60
"Empire and the emergence of world powers, 1870–1919",Why was imperialism a significant force for late nineteenth century Europe?,The emergence of ‘New imperialism’,History,Cambridge Assessment International Education,Cambridge International AS & A Level,AS Level,Paper 2 Outline study,9489/2,105,60,60
"Empire and the emergence of world powers, 1870–1919",Why was imperialism a significant force for late nineteenth century Europe?,Nature and purpose of the ‘Scramble for Africa’,History,Cambridge Assessment International Education,Cambridge International AS & A Level,AS Level,Paper 2 Outline study,9489/2,105,60,60
"Empire and the emergence of world powers, 1870–1919",Why was imperialism a significant force for late nineteenth century Europe?,"Reasons for and extent of domestic support for overseas expansion in Britain, France and Germany",History,Cambridge Assessment International Education,Cambridge International AS & A Level,AS Level,Paper 2 Outline study,9489/2,105,60,60
"Empire and the emergence of world powers, 1870–1919",What was the impact of imperial expansion on international relations?,"Disputes with China over imperial expansion, the Boxer Rebellion",History,Cambridge Assessment International Education,Cambridge International AS & A Level,AS Level,Paper 2 Outline study,9489/2,105,60,60
"Empire and the emergence of world powers, 1870–1919",What was the impact of imperial expansion on international relations?,Tension between Britain and Germany over South Africa,History,Cambridge Assessment International Education,Cambridge International AS & A Level,AS Level,Paper 2 Outline study,9489/2,105,60,60
"Empire and the emergence of world powers, 1870–1919",What was the impact of imperial expansion on international relations?,"Attempts to resolve tensions between imperial nations, the Berlin Conference (1884–85)",History,Cambridge Assessment International Education,Cambridge International AS & A Level,AS Level,Paper 2 Outline study,9489/2,105,60,60
"Empire and the emergence of world powers, 1870–1919",Why did Japan emerge as a world power and what was the impact on international relations?,Reasons for rapid modernisation and military development,History,Cambridge Assessment International Education,Cambridge International AS & A Level,AS Level,Paper 2 Outline study,9489/2,105,60,60
"Empire and the emergence of world powers, 1870–1919",Why did Japan emerge as a world power and what was the impact on international relations?,"International recognition of Japan as a world power, wars with China (1894–95) and Russia (1905), treaty with Britain (1902)",History,Cambridge Assessment International Education,Cambridge International AS & A Level,AS Level,Paper 2 Outline study,9489/2,105,60,60
"Empire and the emergence of world powers, 1870–1919",Why did Japan emerge as a world power and what was the impact on international relations?,Japan’s role in the First World War and global position by 1918,History,Cambridge Assessment International Education,Cambridge International AS & A Level,AS Level,Paper 2 Outline study,9489/2,105,60,60
"Empire and the emergence of world powers, 1870–1919",Why did the USA emerge as a world power and what was the impact on international relations?,Impact of the closing of the frontier on US foreign policy,History,Cambridge Assessment International Education,Cambridge International AS & A Level,AS Level,Paper 2 Outline study,9489/2,105,60,60
"Empire and the emergence of world powers, 1870–1919",Why did the USA emerge as a world power and what was the impact on international relations?,Economic growth and the need for trade in the late nineteenth century,History,Cambridge Assessment International Education,Cambridge International AS & A Level,AS Level,Paper 2 Outline study,9489/2,105,60,60
"Empire and the emergence of world powers, 1870–1919",Why did the USA emerge as a world power and what was the impact on international relations?,"Reasons for, and impact of, the Spanish–American War (1898)",History,Cambridge Assessment International Education,Cambridge International AS & A Level,AS Level,Paper 2 Outline study,9489/2,105,60,60
"Empire and the emergence of world powers, 1870–1919",Why did the USA emerge as a world power and what was the impact on international relations?,"Reasons for, and impact of, the USA’s entry into the First World War",History,Cambridge Assessment International Education,Cambridge International AS & A Level,AS Level,Paper 2 Outline study,9489/2,105,60,60
The League of Nations and international relations in the 1920s,Why was there dissatisfaction with the peace settlements of 1919–20?,"Key terms and implications of the peace treaties (Versailles, Trianon, Neuilly, Saint Germain, Sèvres)",History,Cambridge Assessment International Education,Cambridge International AS & A Level,AS Level,Paper 2 Outline study,9489/2,105,60,60
The League of Nations and international relations in the 1920s,Why was there dissatisfaction with the peace settlements of 1919–20?,Reparations,History,Cambridge Assessment International Education,Cambridge International AS & A Level,AS Level,Paper 2 Outline study,9489/2,105,60,60
The League of Nations and international relations in the 1920s,Why was there dissatisfaction with the peace settlements of 1919–20?,"Reactions of victors and defeated powers, e.g. Germany’s ‘Diktat’",History,Cambridge Assessment International Education,Cambridge International AS & A Level,AS Level,Paper 2 Outline study,9489/2,105,60,60
The League of Nations and international relations in the 1920s,Why was there dissatisfaction with the peace settlements of 1919–20?,Problems in ‘successor states’ created by the post-war settlements,History,Cambridge Assessment International Education,Cambridge International AS & A Level,AS Level,Paper 2 Outline study,9489/2,105,60,60
The League of Nations and international relations in the 1920s,How and why did international tensions remain high in the period between 1920 and 1923?,"Crises and tensions, e.g. the Ruhr Crisis; Corfu Incident; German hyperinflation",History,Cambridge Assessment International Education,Cambridge International AS & A Level,AS Level,Paper 2 Outline study,9489/2,105,60,60
The League of Nations and international relations in the 1920s,How and why did international tensions remain high in the period between 1920 and 1923?,Aims and impact of international treaties and conferences: Washington Conference (1921–22); Genoa Conference (1922); Rapallo Pact (1922); Treaty of Lausanne (1923);,History,Cambridge Assessment International Education,Cambridge International AS & A Level,AS Level,Paper 2 Outline study,9489/2,105,60,60
The League of Nations and international relations in the 1920s,How and why did international tensions remain high in the period between 1920 and 1923?,"Changing relations between the major powers: Britain, France, Germany, the USSR and USA",History,Cambridge Assessment International Education,Cambridge International AS & A Level,AS Level,Paper 2 Outline study,9489/2,105,60,60
The League of Nations and international relations in the 1920s,How successful were attempts to improve international relations from 1924–29?,Economic recovery and improved relations,History,Cambridge Assessment International Education,Cambridge International AS & A Level,AS Level,Paper 2 Outline study,9489/2,105,60,60
The League of Nations and international relations in the 1920s,How successful were attempts to improve international relations from 1924–29?,"Aims and impact of international treaties and conferences: Dawes Plan (1924); Locarno Treaties (1925); Kellogg–Briand (1928), Young Plan (1929)",History,Cambridge Assessment International Education,Cambridge International AS & A Level,AS Level,Paper 2 Outline study,9489/2,105,60,60
The League of Nations and international relations in the 1920s,How successful were attempts to improve international relations from 1924–29?,"Changing relations between the major powers: Britain, France, Germany, the USSR and USA",History,Cambridge Assessment International Education,Cambridge International AS & A Level,AS Level,Paper 2 Outline study,9489/2,105,60,60
The League of Nations and international relations in the 1920s,How successful was the League of Nations during the 1920s?,"Aims, membership and structure of the League",History,Cambridge Assessment International Education,Cambridge International AS & A Level,AS Level,Paper 2 Outline study,9489/2,105,60,60
The League of Nations and international relations in the 1920s,How successful was the League of Nations during the 1920s?,"Collective security and the League’s involvement in the resolution of disputes, e.g. Aaland Islands, Vilna, Upper Silesia",History,Cambridge Assessment International Education,Cambridge International AS & A Level,AS Level,Paper 2 Outline study,9489/2,105,60,60
The League of Nations and international relations in the 1920s,How successful was the League of Nations during the 1920s?,Weaknesses of the League,History,Cambridge Assessment International Education,Cambridge International AS & A Level,AS Level,Paper 2 Outline study,9489/2,105,60,60
The League of Nations and international relations in the 1920s,How successful was the League of Nations during the 1920s?,Role and impact of the Agencies,History,Cambridge Assessment International Education,Cambridge International AS & A Level,AS Level,Paper 2 Outline study,9489/2,105,60,60
The League of Nations and international relations in the 1930s,How did the rise of extremism affect international relations?,Impact of the Great Depression on political ideologies,History,Cambridge Assessment International Education,Cambridge International AS & A Level,AS Level,Paper 2 Outline study,9489/2,105,60,60
The League of Nations and international relations in the 1930s,How did the rise of extremism affect international relations?,Impact of the rise of dictatorships on relations between powers,History,Cambridge Assessment International Education,Cambridge International AS & A Level,AS Level,Paper 2 Outline study,9489/2,105,60,60
The League of Nations and international relations in the 1930s,How did the rise of extremism affect international relations?,Foreign responses to the Civil War in Spain,History,Cambridge Assessment International Education,Cambridge International AS & A Level,AS Level,Paper 2 Outline study,9489/2,105,60,60
The League of Nations and international relations in the 1930s,How did the rise of extremism affect international relations?,"Aims and impact of Hitler’s expansionist policies: Rearmament, remilitarisation of the Rhineland (1936); Anschluss (1938), Sudetenland (1938), Czechoslovakia (1939) and Poland (1939)",History,Cambridge Assessment International Education,Cambridge International AS & A Level,AS Level,Paper 2 Outline study,9489/2,105,60,60
The League of Nations and international relations in the 1930s,Why did the League of Nations fail to keep the peace in the 1930s?,The failure of disarmament,History,Cambridge Assessment International Education,Cambridge International AS & A Level,AS Level,Paper 2 Outline study,9489/2,105,60,60
The League of Nations and international relations in the 1930s,Why did the League of Nations fail to keep the peace in the 1930s?,"Reasons for, and actions taken in response to, the crises in Manchuria and Abyssinia",History,Cambridge Assessment International Education,Cambridge International AS & A Level,AS Level,Paper 2 Outline study,9489/2,105,60,60
The League of Nations and international relations in the 1930s,Why did the League of Nations fail to keep the peace in the 1930s?,Changing attitudes of major powers towards the League of Nations,History,Cambridge Assessment International Education,Cambridge International AS & A Level,AS Level,Paper 2 Outline study,9489/2,105,60,60
The League of Nations and international relations in the 1930s,Why did the League of Nations fail to keep the peace in the 1930s?,Impact of economic and military considerations for foreign policy,History,Cambridge Assessment International Education,Cambridge International AS & A Level,AS Level,Paper 2 Outline study,9489/2,105,60,60
The League of Nations and international relations in the 1930s,pursue a policy of appeasement?,Changing nature of relations with the USSR and impact on foreign policy,History,Cambridge Assessment International Education,Cambridge International AS & A Level,AS Level,Paper 2 Outline study,9489/2,105,60,60
The League of Nations and international relations in the 1930s,pursue a policy of appeasement?,"Actions taken to appease Hitler (e.g. attitude towards rearmament, the Rhineland, Anschluss)",History,Cambridge Assessment International Education,Cambridge International AS & A Level,AS Level,Paper 2 Outline study,9489/2,105,60,60
The League of Nations and international relations in the 1930s,pursue a policy of appeasement?,Czechoslovakia and the Munich Crisis,History,Cambridge Assessment International Education,Cambridge International AS & A Level,AS Level,Paper 2 Outline study,9489/2,105,60,60
The League of Nations and international relations in the 1930s,Why did war break out in 1939?,British rearmament in response to Germany’s expansionism,History,Cambridge Assessment International Education,Cambridge International AS & A Level,AS Level,Paper 2 Outline study,9489/2,105,60,60
The League of Nations and international relations in the 1930s,Why did war break out in 1939?,The British guarantee to Poland and the failure of appeasement,History,Cambridge Assessment International Education,Cambridge International AS & A Level,AS Level,Paper 2 Outline study,9489/2,105,60,60
The League of Nations and international relations in the 1930s,Why did war break out in 1939?,Reasons for the Nazi–Soviet Pact,History,Cambridge Assessment International Education,Cambridge International AS & A Level,AS Level,Paper 2 Outline study,9489/2,105,60,60
The League of Nations and international relations in the 1930s,Why did war break out in 1939?,The invasion of Poland,History,Cambridge Assessment International Education,Cambridge International AS & A Level,AS Level,Paper 2 Outline study,9489/2,105,60,60
"China and Japan, 1912–45",What were the implications of the ‘warlord era’ which affected China from 1916–27?,"Issues facing China, e.g. Yuan Shih-kai and the disintegration of China",History,Cambridge Assessment International Education,Cambridge International AS & A Level,AS Level,Paper 1 Document question,9489/1,75,40,40
"China and Japan, 1912–45",What were the implications of the ‘warlord era’ which affected China from 1916–27?,Reasons for and impact of the May the Fourth Movement,History,Cambridge Assessment International Education,Cambridge International AS & A Level,AS Level,Paper 1 Document question,9489/1,75,40,40
"China and Japan, 1912–45",What were the implications of the ‘warlord era’ which affected China from 1916–27?,Reasons for the growth of the Kuomintang Party under Sun Yat-sen (including the Three Principles),History,Cambridge Assessment International Education,Cambridge International AS & A Level,AS Level,Paper 1 Document question,9489/1,75,40,40
"China and Japan, 1912–45",What were the implications of the ‘warlord era’ which affected China from 1916–27?,The Northern Expedition,History,Cambridge Assessment International Education,Cambridge International AS & A Level,AS Level,Paper 1 Document question,9489/1,75,40,40
"China and Japan, 1912–45",How effectively did Chiang Kai-shek deal with the communists in the period 1927–36?,The Shanghai Massacre and the Extermination Campaigns,History,Cambridge Assessment International Education,Cambridge International AS & A Level,AS Level,Paper 1 Document question,9489/1,75,40,40
"China and Japan, 1912–45",How effectively did Chiang Kai-shek deal with the communists in the period 1927–36?,The Long March 1934–35,History,Cambridge Assessment International Education,Cambridge International AS & A Level,AS Level,Paper 1 Document question,9489/1,75,40,40
"China and Japan, 1912–45",How effectively did Chiang Kai-shek deal with the communists in the period 1927–36?,The Xi’an Incident 1936,History,Cambridge Assessment International Education,Cambridge International AS & A Level,AS Level,Paper 1 Document question,9489/1,75,40,40
"China and Japan, 1912–45",How effectively did Chiang Kai-shek deal with the communists in the period 1927–36?,Attempts at modernisation and reform,History,Cambridge Assessment International Education,Cambridge International AS & A Level,AS Level,Paper 1 Document question,9489/1,75,40,40
"China and Japan, 1912–45",Why did the Chinese Communist Party (CCP) gain support up to1945?,Results of the Long March and the leadership of Mao Zedong,History,Cambridge Assessment International Education,Cambridge International AS & A Level,AS Level,Paper 1 Document question,9489/1,75,40,40
"China and Japan, 1912–45",Why did the Chinese Communist Party (CCP) gain support up to1945?,"Establishment of the Yan’an Soviet, land reform and Mao’s Rectification Campaign (1941–44)",History,Cambridge Assessment International Education,Cambridge International AS & A Level,AS Level,Paper 1 Document question,9489/1,75,40,40
"China and Japan, 1912–45",Why did the Chinese Communist Party (CCP) gain support up to1945?,Impact of war with Japan after 1937,History,Cambridge Assessment International Education,Cambridge International AS & A Level,AS Level,Paper 1 Document question,9489/1,75,40,40
"China and Japan, 1912–45",Why did the Chinese Communist Party (CCP) gain support up to1945?,Unpopularity of Chiang Kai-shek and the Kuomintang,History,Cambridge Assessment International Education,Cambridge International AS & A Level,AS Level,Paper 1 Document question,9489/1,75,40,40
"China and Japan, 1912–45",Why did the Chinese Communist Party (CCP) gain support up to1945?,Japan’s international status in 1919 and its reactions to the Paris peace settlements,History,Cambridge Assessment International Education,Cambridge International AS & A Level,AS Level,Paper 1 Document question,9489/1,75,40,40
"China and Japan, 1912–45",Why did Japan become a military dictatorship in the 1930s and with what consequences?,Political and economic factors in the failure of democracy,History,Cambridge Assessment International Education,Cambridge International AS & A Level,AS Level,Paper 1 Document question,9489/1,75,40,40
"China and Japan, 1912–45",Why did Japan become a military dictatorship in the 1930s and with what consequences?,Implications of military rule for Japanese expansionism,History,Cambridge Assessment International Education,Cambridge International AS & A Level,AS Level,Paper 1 Document question,9489/1,75,40,40
"China and Japan, 1912–45",Why did Japan become a military dictatorship in the 1930s and with what consequences?,Reasons for involvement in the Second World War,History,Cambridge Assessment International Education,Cambridge International AS & A Level,AS Level,Paper 1 Document question,9489/1,75,40,40
The origins of the First World War,Key question,Who was to blame for the First World War?,History,Cambridge Assessment International Education,Cambridge International AS & A Level,A Level,Paper 3 Interpretations question,9489/3,75,40,20
The origins of the First World War,Content,Tensions between the Great Powers including the Moroccan Crises,History,Cambridge Assessment International Education,Cambridge International AS & A Level,A Level,Paper 3 Interpretations question,9489/3,75,40,20
The origins of the First World War,Content,The alliance system,History,Cambridge Assessment International Education,Cambridge International AS & A Level,A Level,Paper 3 Interpretations question,9489/3,75,40,20
The origins of the First World War,Content,The growth of militarism,History,Cambridge Assessment International Education,Cambridge International AS & A Level,A Level,Paper 3 Interpretations question,9489/3,75,40,20
The origins of the First World War,Content,The arms race,History,Cambridge Assessment International Education,Cambridge International AS & A Level,A Level,Paper 3 Interpretations question,9489/3,75,40,20
The origins of the First World War,Content,Instability in the Balkans,History,Cambridge Assessment International Education,Cambridge International AS & A Level,A Level,Paper 3 Interpretations question,9489/3,75,40,20
The origins of the First World War,Content,War plans,History,Cambridge Assessment International Education,Cambridge International AS & A Level,A Level,Paper 3 Interpretations question,9489/3,75,40,20
The origins of the First World War,Content,The assassination at Sarajevo and the July crisis,History,Cambridge Assessment International Education,Cambridge International AS & A Level,A Level,Paper 3 Interpretations question,9489/3,75,40,20
The origins of the First World War,Content,Mobilisation and declarations of war,History,Cambridge Assessment International Education,Cambridge International AS & A Level,A Level,Paper 3 Interpretations question,9489/3,75,40,20
The origins of the First World War,Key approaches,How far was tension between the Great Powers likely to lead to war?,History,Cambridge Assessment International Education,Cambridge International AS & A Level,A Level,Paper 3 Interpretations question,9489/3,75,40,20
The origins of the First World War,Key approaches,How important were the decisions taken by key individuals in leading to war?,History,Cambridge Assessment International Education,Cambridge International AS & A Level,A Level,Paper 3 Interpretations question,9489/3,75,40,20
The origins of the First World War,Key approaches,How did Article 231 of the Treaty of Versailles shape the debate about responsibility for war?,History,Cambridge Assessment International Education,Cambridge International AS & A Level,A Level,Paper 3 Interpretations question,9489/3,75,40,20
The origins of the First World War,Key approaches,How and why did the idea of ‘shared responsibility’ arise?,History,Cambridge Assessment International Education,Cambridge International AS & A Level,A Level,Paper 3 Interpretations question,9489/3,75,40,20
The origins of the First World War,Key approaches,How did the Second World War affect the debate?,History,Cambridge Assessment International Education,Cambridge International AS & A Level,A Level,Paper 3 Interpretations question,9489/3,75,40,20
The origins of the First World War,Key approaches,The Fischer thesis,History,Cambridge Assessment International Education,Cambridge International AS & A Level,A Level,Paper 3 Interpretations question,9489/3,75,40,20
The origins of the First World War,Key approaches,The German reaction to Fischer,History,Cambridge Assessment International Education,Cambridge International AS & A Level,A Level,Paper 3 Interpretations question,9489/3,75,40,20
The origins of the First World War,Key approaches,Challenges to Fischer,History,Cambridge Assessment International Education,Cambridge International AS & A Level,A Level,Paper 3 Interpretations question,9489/3,75,40,20
The origins of the First World War,Key approaches,Modern interpretations exploring the responsibility of nations other than Germany,History,Cambridge Assessment International Education,Cambridge International AS & A Level,A Level,Paper 3 Interpretations question,9489/3,75,40,20
The origins of the First World War,Key approaches,Relative importance of long and short-term factors,History,Cambridge Assessment International Education,Cambridge International AS & A Level,A Level,Paper 3 Interpretations question,9489/3,75,40,20
The origins of the First World War,Key approaches,How the centenary of the First World War affected the debate: the importance of contingency over motive,History,Cambridge Assessment International Education,Cambridge International AS & A Level,A Level,Paper 3 Interpretations question,9489/3,75,40,20
The Holocaust,Key question,Why did the Holocaust occur?,History,Cambridge Assessment International Education,Cambridge International AS & A Level,A Level,Paper 3 Interpretations question,9489/3,75,40,20
The Holocaust,Content,The background of European and German anti- Semitism and racist theories,History,Cambridge Assessment International Education,Cambridge International AS & A Level,A Level,Paper 3 Interpretations question,9489/3,75,40,20
The Holocaust,Content,"Nazi anti-Semitism and persecution of the Jews, 1933–41",History,Cambridge Assessment International Education,Cambridge International AS & A Level,A Level,Paper 3 Interpretations question,9489/3,75,40,20
The Holocaust,Content,The impact of war on Nazi policy towards the Jews,History,Cambridge Assessment International Education,Cambridge International AS & A Level,A Level,Paper 3 Interpretations question,9489/3,75,40,20
The Holocaust,Content,Ghettoisation and Jewish responses to the Holocaust,History,Cambridge Assessment International Education,Cambridge International AS & A Level,A Level,Paper 3 Interpretations question,9489/3,75,40,20
The Holocaust,Content,The development of Nazi extermination policies towards Jews and other minorities,History,Cambridge Assessment International Education,Cambridge International AS & A Level,A Level,Paper 3 Interpretations question,9489/3,75,40,20
The Holocaust,Content,Contemporary reactions to the Holocaust,History,Cambridge Assessment International Education,Cambridge International AS & A Level,A Level,Paper 3 Interpretations question,9489/3,75,40,20
The Holocaust,Key approaches,How far was the Holocaust a consequence of racist ideas which existed before the Nazis?,History,Cambridge Assessment International Education,Cambridge International AS & A Level,A Level,Paper 3 Interpretations question,9489/3,75,40,20
The Holocaust,Key approaches,The Intentionalist approach and the role of Hitler: was the Holocaust planned in advance by Hitler?,History,Cambridge Assessment International Education,Cambridge International AS & A Level,A Level,Paper 3 Interpretations question,9489/3,75,40,20
The Holocaust,Key approaches,The Structuralist approach: how far did the nature of the Nazi state determine how the Holocaust developed?,History,Cambridge Assessment International Education,Cambridge International AS & A Level,A Level,Paper 3 Interpretations question,9489/3,75,40,20
The Holocaust,Key approaches,The Functionalist approach: how far did contingent factors such as war determine how the Holocaust developed?,History,Cambridge Assessment International Education,Cambridge International AS & A Level,A Level,Paper 3 Interpretations question,9489/3,75,40,20
The Holocaust,Key approaches,Synthesis interpretations which aim to reconcile the Intentionalist and Functionalist viewpoints,History,Cambridge Assessment International Education,Cambridge International AS & A Level,A Level,Paper 3 Interpretations question,9489/3,75,40,20
The Holocaust,Key approaches,"Perpetrators: who carried out the Holocaust, and why? Was murderous behaviour the exception or were many involved? Why did non-Germans participate in the killings?",History,Cambridge Assessment International Education,Cambridge International AS & A Level,A Level,Paper 3 Interpretations question,9489/3,75,40,20
The Holocaust,Key approaches,"Victims: How far did Jews resist the Holocaust, and how can resistance be defined? Did men and women experience the Holocaust in different ways? Should definitions of the Holocaust include victims other than Jews?",History,Cambridge Assessment International Education,Cambridge International AS & A Level,A Level,Paper 3 Interpretations question,9489/3,75,40,20
The Holocaust,Key approaches,Bystanders: How did the USA and Britain respond to the Holocaust at the time?,History,Cambridge Assessment International Education,Cambridge International AS & A Level,A Level,Paper 3 Interpretations question,9489/3,75,40,20
The origins and development of the Cold War,Key question,Who was to blame for the Cold War?,History,Cambridge Assessment International Education,Cambridge International AS & A Level,A Level,Paper 3 Interpretations question,9489/3,75,40,20
The origins and development of the Cold War,Content,Tensions in the wartime alliance against the Axis powers,History,Cambridge Assessment International Education,Cambridge International AS & A Level,A Level,Paper 3 Interpretations question,9489/3,75,40,20
The origins and development of the Cold War,Content,Peace-making at the end of the Second World War,History,Cambridge Assessment International Education,Cambridge International AS & A Level,A Level,Paper 3 Interpretations question,9489/3,75,40,20
The origins and development of the Cold War,Content,Increasing tensions in a divided Europe,History,Cambridge Assessment International Education,Cambridge International AS & A Level,A Level,Paper 3 Interpretations question,9489/3,75,40,20
The origins and development of the Cold War,Content,The Truman Doctrine and the Marshall Plan,History,Cambridge Assessment International Education,Cambridge International AS & A Level,A Level,Paper 3 Interpretations question,9489/3,75,40,20
The origins and development of the Cold War,Content,The Berlin Blockade and Airlift,History,Cambridge Assessment International Education,Cambridge International AS & A Level,A Level,Paper 3 Interpretations question,9489/3,75,40,20
The origins and development of the Cold War,Key approaches,How far were inherent tensions between East and West bound to resurface in 1945?,History,Cambridge Assessment International Education,Cambridge International AS & A Level,A Level,Paper 3 Interpretations question,9489/3,75,40,20
The origins and development of the Cold War,Key approaches,How important were the personalities of the leaders of the Great Powers in shaping the Cold War?,History,Cambridge Assessment International Education,Cambridge International AS & A Level,A Level,Paper 3 Interpretations question,9489/3,75,40,20
The origins and development of the Cold War,Key approaches,"How far were ideology, security and economics the factors which created Cold War tensions?",History,Cambridge Assessment International Education,Cambridge International AS & A Level,A Level,Paper 3 Interpretations question,9489/3,75,40,20
The origins and development of the Cold War,Key approaches,The Traditional approach,History,Cambridge Assessment International Education,Cambridge International AS & A Level,A Level,Paper 3 Interpretations question,9489/3,75,40,20
The origins and development of the Cold War,Key approaches,The Revisionist approach,History,Cambridge Assessment International Education,Cambridge International AS & A Level,A Level,Paper 3 Interpretations question,9489/3,75,40,20
The origins and development of the Cold War,Key approaches,Post-Revisionist approaches,History,Cambridge Assessment International Education,Cambridge International AS & A Level,A Level,Paper 3 Interpretations question,9489/3,75,40,20
The origins and development of the Cold War,Key approaches,How have the perspectives on the Cold War of Russian historians differed from those in the West?,History,Cambridge Assessment International Education,Cambridge International AS & A Level,A Level,Paper 3 Interpretations question,9489/3,75,40,20
The origins and development of the Cold War,Key approaches,Reinterpretations of the Cold War in the light of new archival sources,History,Cambridge Assessment International Education,Cambridge International AS & A Level,A Level,Paper 3 Interpretations question,9489/3,75,40,20
The origins and development of the Cold War,Key approaches,The emergence of the ‘New’ Cold War history,History,Cambridge Assessment International Education,Cambridge International AS & A Level,A Level,Paper 3 Interpretations question,9489/3,75,40,20
"Mussolini’s Italy, 1919–41",Why did Mussolini gain power in 1922?,Problems facing Italy after the First World War: dissatisfaction with the peace settlement; social and economic,History,Cambridge Assessment International Education,Cambridge International AS & A Level,A Level,Paper 4 Depth study,9489/4,105,60,30
"Mussolini’s Italy, 1919–41",Why did Mussolini gain power in 1922?,Problems of democratic government,History,Cambridge Assessment International Education,Cambridge International AS & A Level,A Level,Paper 4 Depth study,9489/4,105,60,30
"Mussolini’s Italy, 1919–41",Why did Mussolini gain power in 1922?,Appeal of Fascism,History,Cambridge Assessment International Education,Cambridge International AS & A Level,A Level,Paper 4 Depth study,9489/4,105,60,30
"Mussolini’s Italy, 1919–41",Why did Mussolini gain power in 1922?,Reasons for Mussolini’s appointment as prime minister,History,Cambridge Assessment International Education,Cambridge International AS & A Level,A Level,Paper 4 Depth study,9489/4,105,60,30
"Mussolini’s Italy, 1919–41",How was Italy governed under Mussolini?,Mussolini’s aims in government and his leadership,History,Cambridge Assessment International Education,Cambridge International AS & A Level,A Level,Paper 4 Depth study,9489/4,105,60,30
"Mussolini’s Italy, 1919–41",How was Italy governed under Mussolini?,"Establishment of a dictatorship, repression of opposition",History,Cambridge Assessment International Education,Cambridge International AS & A Level,A Level,Paper 4 Depth study,9489/4,105,60,30
"Mussolini’s Italy, 1919–41",How was Italy governed under Mussolini?,Use of propaganda,History,Cambridge Assessment International Education,Cambridge International AS & A Level,A Level,Paper 4 Depth study,9489/4,105,60,30
"Mussolini’s Italy, 1919–41",How was Italy governed under Mussolini?,Aims and impact of foreign policy,History,Cambridge Assessment International Education,Cambridge International AS & A Level,A Level,Paper 4 Depth study,9489/4,105,60,30
"Mussolini’s Italy, 1919–41",How far were Mussolini’s economic policies a success?,Economic aims,History,Cambridge Assessment International Education,Cambridge International AS & A Level,A Level,Paper 4 Depth study,9489/4,105,60,30
"Mussolini’s Italy, 1919–41",How far were Mussolini’s economic policies a success?,The Corporate State,History,Cambridge Assessment International Education,Cambridge International AS & A Level,A Level,Paper 4 Depth study,9489/4,105,60,30
"Mussolini’s Italy, 1919–41",How far were Mussolini’s economic policies a success?,Responses to the Great Depression,History,Cambridge Assessment International Education,Cambridge International AS & A Level,A Level,Paper 4 Depth study,9489/4,105,60,30
"Mussolini’s Italy, 1919–41",How far were Mussolini’s economic policies a success?,"Effectiveness of economic policies (industrial and agricultural, the Battle for Grain)",History,Cambridge Assessment International Education,Cambridge International AS & A Level,A Level,Paper 4 Depth study,9489/4,105,60,30
"Mussolini’s Italy, 1919–41",How far did society change because of Mussolini’s regime?,Dealings with the Church,History,Cambridge Assessment International Education,Cambridge International AS & A Level,A Level,Paper 4 Depth study,9489/4,105,60,30
"Mussolini’s Italy, 1919–41",How far did society change because of Mussolini’s regime?,Key social policies including education,History,Cambridge Assessment International Education,Cambridge International AS & A Level,A Level,Paper 4 Depth study,9489/4,105,60,30
"Mussolini’s Italy, 1919–41",How far did society change because of Mussolini’s regime?,Impact of policies on different social groups including women and young people,History,Cambridge Assessment International Education,Cambridge International AS & A Level,A Level,Paper 4 Depth study,9489/4,105,60,30
"Mussolini’s Italy, 1919–41",How far did society change because of Mussolini’s regime?,Level of support for Mussolini’s regime,History,Cambridge Assessment International Education,Cambridge International AS & A Level,A Level,Paper 4 Depth study,9489/4,105,60,30
"Stalin’s Russia, 1924–41",Why did Stalin gain power from 1924?,Lenin’s legacy and problems of leadership,History,Cambridge Assessment International Education,Cambridge International AS & A Level,A Level,Paper 4 Depth study,9489/4,105,60,30
"Stalin’s Russia, 1924–41",Why did Stalin gain power from 1924?,Stalin’s position in the Party,History,Cambridge Assessment International Education,Cambridge International AS & A Level,A Level,Paper 4 Depth study,9489/4,105,60,30
"Stalin’s Russia, 1924–41",Why did Stalin gain power from 1924?,Stalin’s relations with Trotsky and other Soviet leaders,History,Cambridge Assessment International Education,Cambridge International AS & A Level,A Level,Paper 4 Depth study,9489/4,105,60,30
"Stalin’s Russia, 1924–41",Why did Stalin gain power from 1924?,Stalin’s control and manipulation within the Party,History,Cambridge Assessment International Education,Cambridge International AS & A Level,A Level,Paper 4 Depth study,9489/4,105,60,30
"Stalin’s Russia, 1924–41",How was the USSR governed under Stalin?,Stalin’s aims in government and administration,History,Cambridge Assessment International Education,Cambridge International AS & A Level,A Level,Paper 4 Depth study,9489/4,105,60,30
"Stalin’s Russia, 1924–41",How was the USSR governed under Stalin?,‘Building socialism in one country’,History,Cambridge Assessment International Education,Cambridge International AS & A Level,A Level,Paper 4 Depth study,9489/4,105,60,30
"Stalin’s Russia, 1924–41",How was the USSR governed under Stalin?,Causes and impact of the Great Terror and use of purges and show trials,History,Cambridge Assessment International Education,Cambridge International AS & A Level,A Level,Paper 4 Depth study,9489/4,105,60,30
"Stalin’s Russia, 1924–41",How was the USSR governed under Stalin?,Aims and impact of foreign policy,History,Cambridge Assessment International Education,Cambridge International AS & A Level,A Level,Paper 4 Depth study,9489/4,105,60,30
"Stalin’s Russia, 1924–41",How effective were Stalin’s economic policies?,Stalin’s aims for the economy,History,Cambridge Assessment International Education,Cambridge International AS & A Level,A Level,Paper 4 Depth study,9489/4,105,60,30
"Stalin’s Russia, 1924–41",How effective were Stalin’s economic policies?,The Five Year Plans,History,Cambridge Assessment International Education,Cambridge International AS & A Level,A Level,Paper 4 Depth study,9489/4,105,60,30
"Stalin’s Russia, 1924–41",How effective were Stalin’s economic policies?,"Reasons for, and impacts of, collectivisation",History,Cambridge Assessment International Education,Cambridge International AS & A Level,A Level,Paper 4 Depth study,9489/4,105,60,30
"Stalin’s Russia, 1924–41",How effective were Stalin’s economic policies?,"Reasons for, and impacts of, industrialisation",History,Cambridge Assessment International Education,Cambridge International AS & A Level,A Level,Paper 4 Depth study,9489/4,105,60,30
"Stalin’s Russia, 1924–41",How far did society change because of Stalin’s regime?,Impact of policies towards women and families,History,Cambridge Assessment International Education,Cambridge International AS & A Level,A Level,Paper 4 Depth study,9489/4,105,60,30
"Stalin’s Russia, 1924–41",How far did society change because of Stalin’s regime?,Impact of policies towards non-Russian nationalities,History,Cambridge Assessment International Education,Cambridge International AS & A Level,A Level,Paper 4 Depth study,9489/4,105,60,30
"Stalin’s Russia, 1924–41",How far did society change because of Stalin’s regime?,Impact of economic changes on workers,History,Cambridge Assessment International Education,Cambridge International AS & A Level,A Level,Paper 4 Depth study,9489/4,105,60,30
"Stalin’s Russia, 1924–41",How far did society change because of Stalin’s regime?,Impact of propaganda and the personality cult,History,Cambridge Assessment International Education,Cambridge International AS & A Level,A Level,Paper 4 Depth study,9489/4,105,60,30
"Hitler’s Germany, 1929–41",Why did Hitler gain power in 1933?,Problems facing Weimar politicians from 1929,History,Cambridge Assessment International Education,Cambridge International AS & A Level,A Level,Paper 4 Depth study,9489/4,105,60,30
"Hitler’s Germany, 1929–41",Why did Hitler gain power in 1933?,Growth of support for Nazism after 1929,History,Cambridge Assessment International Education,Cambridge International AS & A Level,A Level,Paper 4 Depth study,9489/4,105,60,30
"Hitler’s Germany, 1929–41",Why did Hitler gain power in 1933?,Hitler’s appointment as Chancellor,History,Cambridge Assessment International Education,Cambridge International AS & A Level,A Level,Paper 4 Depth study,9489/4,105,60,30
"Hitler’s Germany, 1929–41",Why did Hitler gain power in 1933?,"Consolidation of power, 1933–34",History,Cambridge Assessment International Education,Cambridge International AS & A Level,A Level,Paper 4 Depth study,9489/4,105,60,30
"Hitler’s Germany, 1929–41",How was Germany governed by Hitler?,Hitler’s aims in government and administration: establishing the Nazi state,History,Cambridge Assessment International Education,Cambridge International AS & A Level,A Level,Paper 4 Depth study,9489/4,105,60,30
"Hitler’s Germany, 1929–41",How was Germany governed by Hitler?,"Means of control, e.g. use of propaganda and use of terror",History,Cambridge Assessment International Education,Cambridge International AS & A Level,A Level,Paper 4 Depth study,9489/4,105,60,30
"Hitler’s Germany, 1929–41",How was Germany governed by Hitler?,Persecution of Jews and other minorities,History,Cambridge Assessment International Education,Cambridge International AS & A Level,A Level,Paper 4 Depth study,9489/4,105,60,30
"Hitler’s Germany, 1929–41",How was Germany governed by Hitler?,"Aims of, and developments in, foreign policy",History,Cambridge Assessment International Education,Cambridge International AS & A Level,A Level,Paper 4 Depth study,9489/4,105,60,30
"Hitler’s Germany, 1929–41",How effective were Hitler’s economic policies?,Changing priorities of economic policy,History,Cambridge Assessment International Education,Cambridge International AS & A Level,A Level,Paper 4 Depth study,9489/4,105,60,30
"Hitler’s Germany, 1929–41",How effective were Hitler’s economic policies?,Responses to the Great Depression,History,Cambridge Assessment International Education,Cambridge International AS & A Level,A Level,Paper 4 Depth study,9489/4,105,60,30
"Hitler’s Germany, 1929–41",How effective were Hitler’s economic policies?,Key policies in agriculture and industry,History,Cambridge Assessment International Education,Cambridge International AS & A Level,A Level,Paper 4 Depth study,9489/4,105,60,30
"Hitler’s Germany, 1929–41",How effective were Hitler’s economic policies?,Impact of foreign policy on the economy,History,Cambridge Assessment International Education,Cambridge International AS & A Level,A Level,Paper 4 Depth study,9489/4,105,60,30
"Hitler’s Germany, 1929–41",How effective were Hitler’s economic policies?,"Reasons for, and impact of, policies towards women and children",History,Cambridge Assessment International Education,Cambridge International AS & A Level,A Level,Paper 4 Depth study,9489/4,105,60,30
"Hitler’s Germany, 1929–41",How far did society change because of Hitler’s regime?,Policies towards religion,History,Cambridge Assessment International Education,Cambridge International AS & A Level,A Level,Paper 4 Depth study,9489/4,105,60,30
"Hitler’s Germany, 1929–41",How far did society change because of Hitler’s regime?,"Life under the Nazi regime, e.g. standard of living, consumer goods, leisure time",History,Cambridge Assessment International Education,Cambridge International AS & A Level,A Level,Paper 4 Depth study,9489/4,105,60,30
"Hitler’s Germany, 1929–41",How far did society change because of Hitler’s regime?,Level of support for the Nazi regime,History,Cambridge Assessment International Education,Cambridge International AS & A Level,A Level,Paper 4 Depth study,9489/4,105,60,30
"Britain, 1919–39",How and why did politics change in this period?,The growth and periods in power of the Labour Party and its leadership,History,Cambridge Assessment International Education,Cambridge International AS & A Level,A Level,Paper 4 Depth study,9489/4,105,60,30
"Britain, 1919–39",How and why did politics change in this period?,The changing fortunes of the Conservative and Liberal Parties and leadership,History,Cambridge Assessment International Education,Cambridge International AS & A Level,A Level,Paper 4 Depth study,9489/4,105,60,30
"Britain, 1919–39",How and why did politics change in this period?,"Reasons for, and impact, of the National Government",History,Cambridge Assessment International Education,Cambridge International AS & A Level,A Level,Paper 4 Depth study,9489/4,105,60,30
"Britain, 1919–39",How and why did politics change in this period?,"Reasons for, and consequences of, the growth of extremism both on the political left and right",History,Cambridge Assessment International Education,Cambridge International AS & A Level,A Level,Paper 4 Depth study,9489/4,105,60,30
"Britain, 1919–39",How did the economy develop in this period?,The state of the economy following the First World War,History,Cambridge Assessment International Education,Cambridge International AS & A Level,A Level,Paper 4 Depth study,9489/4,105,60,30
"Britain, 1919–39",How did the economy develop in this period?,"The General Strike (1926), and the problems facing the traditional industries, e.g. mining, textiles, ship building",History,Cambridge Assessment International Education,Cambridge International AS & A Level,A Level,Paper 4 Depth study,9489/4,105,60,30
"Britain, 1919–39",How did the economy develop in this period?,The impact of the Great Depression,History,Cambridge Assessment International Education,Cambridge International AS & A Level,A Level,Paper 4 Depth study,9489/4,105,60,30
"Britain, 1919–39",How did the economy develop in this period?,"Growth of new industries, e.g. electrical goods, new materials, motor vehicles",History,Cambridge Assessment International Education,Cambridge International AS & A Level,A Level,Paper 4 Depth study,9489/4,105,60,30
"Britain, 1919–39",How and why did society change?,"Reasons for changing living standards, e.g. housing and health",History,Cambridge Assessment International Education,Cambridge International AS & A Level,A Level,Paper 4 Depth study,9489/4,105,60,30
"Britain, 1919–39",How and why did society change?,"The changing roles and status of women: employment, birth control, suffrage",History,Cambridge Assessment International Education,Cambridge International AS & A Level,A Level,Paper 4 Depth study,9489/4,105,60,30
"Britain, 1919–39",How and why did society change?,"Impact of social welfare policies including national insurance, means testing",History,Cambridge Assessment International Education,Cambridge International AS & A Level,A Level,Paper 4 Depth study,9489/4,105,60,30
"Britain, 1919–39",How and why did society change?,Regional differences: North–South divide,History,Cambridge Assessment International Education,Cambridge International AS & A Level,A Level,Paper 4 Depth study,9489/4,105,60,30
"Britain, 1919–39",How effectively did Britain prepare for the approach of war 1934–39?,"Public attitude towards war: pacifism (peace ballot), the League of Nations, impact of the Spanish Civil War",History,Cambridge Assessment International Education,Cambridge International AS & A Level,A Level,Paper 4 Depth study,9489/4,105,60,30
"Britain, 1919–39",How effectively did Britain prepare for the approach of war 1934–39?,Rearmament policies,History,Cambridge Assessment International Education,Cambridge International AS & A Level,A Level,Paper 4 Depth study,9489/4,105,60,30
"Britain, 1919–39",How effectively did Britain prepare for the approach of war 1934–39?,"Reasons for, and public responses to, appeasement",History,Cambridge Assessment International Education,Cambridge International AS & A Level,A Level,Paper 4 Depth study,9489/4,105,60,30
"Britain, 1919–39",How effectively did Britain prepare for the approach of war 1934–39?,"Civilian preparations for war, e.g. ration cards, conscription, gas masks, child evacuation, emergency shelters",History,Cambridge Assessment International Education,Cambridge International AS & A Level,A Level,Paper 4 Depth study,9489/4,105,60,30
The late 1940s and 1950s,Why and how were the late 1940s and 1950s a time of economic prosperity?,"US economic developments, 1945–60",History,Cambridge Assessment International Education,Cambridge International AS & A Level,A Level,Paper 4 Depth study,9489/4,105,60,30
The late 1940s and 1950s,Why and how were the late 1940s and 1950s a time of economic prosperity?,The growth of consumerism,History,Cambridge Assessment International Education,Cambridge International AS & A Level,A Level,Paper 4 Depth study,9489/4,105,60,30
The late 1940s and 1950s,Why and how were the late 1940s and 1950s a time of economic prosperity?,The role of federal government’s economic policies,History,Cambridge Assessment International Education,Cambridge International AS & A Level,A Level,Paper 4 Depth study,9489/4,105,60,30
The late 1940s and 1950s,Why and how were the late 1940s and 1950s a time of economic prosperity?,The impact of full employment on industrial growth,History,Cambridge Assessment International Education,Cambridge International AS & A Level,A Level,Paper 4 Depth study,9489/4,105,60,30
The late 1940s and 1950s,How far did society change in the late 1940s and the 1950s?,Impact of the aftermath of the Second World War on various social groups including women,History,Cambridge Assessment International Education,Cambridge International AS & A Level,A Level,Paper 4 Depth study,9489/4,105,60,30
The late 1940s and 1950s,How far did society change in the late 1940s and the 1950s?,Changing patterns of urbanisation and of migration patterns across the USA,History,Cambridge Assessment International Education,Cambridge International AS & A Level,A Level,Paper 4 Depth study,9489/4,105,60,30
The late 1940s and 1950s,How far did society change in the late 1940s and the 1950s?,"Growth of a distinct youth culture, e.g. teenagers",History,Cambridge Assessment International Education,Cambridge International AS & A Level,A Level,Paper 4 Depth study,9489/4,105,60,30
The late 1940s and 1950s,How far did society change in the late 1940s and the 1950s?,Increased social mobility,History,Cambridge Assessment International Education,Cambridge International AS & A Level,A Level,Paper 4 Depth study,9489/4,105,60,30
The late 1940s and 1950s,How far were the late 1940s and 1950s a time of party political stability?,Reasons for Truman’s election in 1948,History,Cambridge Assessment International Education,Cambridge International AS & A Level,A Level,Paper 4 Depth study,9489/4,105,60,30
The late 1940s and 1950s,How far were the late 1940s and 1950s a time of party political stability?,The challenge of McCarthyism and the Red Scare,History,Cambridge Assessment International Education,Cambridge International AS & A Level,A Level,Paper 4 Depth study,9489/4,105,60,30
The late 1940s and 1950s,How far were the late 1940s and 1950s a time of party political stability?,Reasons for Eisenhower’s election victories in 1952 and 1956,History,Cambridge Assessment International Education,Cambridge International AS & A Level,A Level,Paper 4 Depth study,9489/4,105,60,30
The late 1940s and 1950s,How far were the late 1940s and 1950s a time of party political stability?,Eisenhower’s domestic policies,History,Cambridge Assessment International Education,Cambridge International AS & A Level,A Level,Paper 4 Depth study,9489/4,105,60,30
The late 1940s and 1950s,How effective was the civil rights movement in the 1950s?,Impact of key civil rights groups including the NAACP and SCLC,History,Cambridge Assessment International Education,Cambridge International AS & A Level,A Level,Paper 4 Depth study,9489/4,105,60,30
The late 1940s and 1950s,How effective was the civil rights movement in the 1950s?,The role of leading African Americans,History,Cambridge Assessment International Education,Cambridge International AS & A Level,A Level,Paper 4 Depth study,9489/4,105,60,30
The late 1940s and 1950s,How effective was the civil rights movement in the 1950s?,The response of the peoples and governments of Southern states,History,Cambridge Assessment International Education,Cambridge International AS & A Level,A Level,Paper 4 Depth study,9489/4,105,60,30
The late 1940s and 1950s,How effective was the civil rights movement in the 1950s?,"The responses of federal institutions, i.e. Congress, President and Supreme Court",History,Cambridge Assessment International Education,Cambridge International AS & A Level,A Level,Paper 4 Depth study,9489/4,105,60,30
The 1960s and the 1970s,Why and how did the USA experience a deteriorating economic situation in the 1960s and 1970s?,Economic impact of involvement in Vietnam,History,Cambridge Assessment International Education,Cambridge International AS & A Level,A Level,Paper 4 Depth study,9489/4,105,60,30
The 1960s and the 1970s,Why and how did the USA experience a deteriorating economic situation in the 1960s and 1970s?,Failure of post-war economic doctrines,History,Cambridge Assessment International Education,Cambridge International AS & A Level,A Level,Paper 4 Depth study,9489/4,105,60,30
The 1960s and the 1970s,Why and how did the USA experience a deteriorating economic situation in the 1960s and 1970s?,"The impact of external challenges including foreign competition, oil crises of 1973 and 1979 and the Cold War",History,Cambridge Assessment International Education,Cambridge International AS & A Level,A Level,Paper 4 Depth study,9489/4,105,60,30
The 1960s and the 1970s,Why and how did the USA experience a deteriorating economic situation in the 1960s and 1970s?,Stagflation,History,Cambridge Assessment International Education,Cambridge International AS & A Level,A Level,Paper 4 Depth study,9489/4,105,60,30
The 1960s and the 1970s,How great were the social changes of the 1960s and 1970s?,Changes in the social class system,History,Cambridge Assessment International Education,Cambridge International AS & A Level,A Level,Paper 4 Depth study,9489/4,105,60,30
The 1960s and the 1970s,How great were the social changes of the 1960s and 1970s?,Growth and impact of feminism,History,Cambridge Assessment International Education,Cambridge International AS & A Level,A Level,Paper 4 Depth study,9489/4,105,60,30
The 1960s and the 1970s,How great were the social changes of the 1960s and 1970s?,Impact of the counter-culture movement,History,Cambridge Assessment International Education,Cambridge International AS & A Level,A Level,Paper 4 Depth study,9489/4,105,60,30
The 1960s and the 1970s,How great were the social changes of the 1960s and 1970s?,"Growth and impact of the gay rights movement, e.g. Stonewall 1969",History,Cambridge Assessment International Education,Cambridge International AS & A Level,A Level,Paper 4 Depth study,9489/4,105,60,30
The 1960s and the 1970s,How far were the 1960s and 1970s a time of party political instability?,"Domestic policies of the various Presidents: Kennedy, Johnson, Nixon, Ford and Carter",History,Cambridge Assessment International Education,Cambridge International AS & A Level,A Level,Paper 4 Depth study,9489/4,105,60,30
The 1960s and the 1970s,How far were the 1960s and 1970s a time of party political instability?,Impact of the Vietnam War on party politics,History,Cambridge Assessment International Education,Cambridge International AS & A Level,A Level,Paper 4 Depth study,9489/4,105,60,30
The 1960s and the 1970s,How far were the 1960s and 1970s a time of party political instability?,The rise and fall of the ‘imperial presidency’ including Nixon and Watergate,History,Cambridge Assessment International Education,Cambridge International AS & A Level,A Level,Paper 4 Depth study,9489/4,105,60,30
The 1960s and the 1970s,How far were the 1960s and 1970s a time of party political instability?,Role and impact of the mass media,History,Cambridge Assessment International Education,Cambridge International AS & A Level,A Level,Paper 4 Depth study,9489/4,105,60,30
The 1960s and the 1970s,How far did the position of ethnic minorities improve in the 1960s and 1970s?,"The responses of federal institutions, Civil Rights Act 1964",History,Cambridge Assessment International Education,Cambridge International AS & A Level,A Level,Paper 4 Depth study,9489/4,105,60,30
The 1960s and the 1970s,How far did the position of ethnic minorities improve in the 1960s and 1970s?,"The role of civil rights leaders and groups, e.g. Martin Luther King Jr, SNCC, CORE, La Raza and American Indian Movement (AIM)",History,Cambridge Assessment International Education,Cambridge International AS & A Level,A Level,Paper 4 Depth study,9489/4,105,60,30
The 1960s and the 1970s,How far did the position of ethnic minorities improve in the 1960s and 1970s?,The growth and impact of the Black Power movement,History,Cambridge Assessment International Education,Cambridge International AS & A Level,A Level,Paper 4 Depth study,9489/4,105,60,30
The 1960s and the 1970s,How far did the position of ethnic minorities improve in the 1960s and 1970s?,"Reasons for, and impact of, Affirmative Action",History,Cambridge Assessment International Education,Cambridge International AS & A Level,A Level,Paper 4 Depth study,9489/4,105,60,30
The 1980s and early 1990s,How far did the US economy improve in the 1980s and early 1990s?,Reaganomics,History,Cambridge Assessment International Education,Cambridge International AS & A Level,A Level,Paper 4 Depth study,9489/4,105,60,30
The 1980s and early 1990s,How far did the US economy improve in the 1980s and early 1990s?,Impact of foreign competition,History,Cambridge Assessment International Education,Cambridge International AS & A Level,A Level,Paper 4 Depth study,9489/4,105,60,30
The 1980s and early 1990s,How far did the US economy improve in the 1980s and early 1990s?,"Reasons for, and extent of, changes in living standards",History,Cambridge Assessment International Education,Cambridge International AS & A Level,A Level,Paper 4 Depth study,9489/4,105,60,30
The 1980s and early 1990s,How far did the US economy improve in the 1980s and early 1990s?,The twin deficits: budget and trade,History,Cambridge Assessment International Education,Cambridge International AS & A Level,A Level,Paper 4 Depth study,9489/4,105,60,30
The 1980s and early 1990s,How far did the US economy improve in the 1980s and early 1990s?,The ‘war on drugs’,History,Cambridge Assessment International Education,Cambridge International AS & A Level,A Level,Paper 4 Depth study,9489/4,105,60,30
The 1980s and early 1990s,How effective were responses to the social challenges facing the USA in the 1980s?,Attempts to respond to the outbreak of AIDS,History,Cambridge Assessment International Education,Cambridge International AS & A Level,A Level,Paper 4 Depth study,9489/4,105,60,30
The 1980s and early 1990s,How effective were responses to the social challenges facing the USA in the 1980s?,On-going issue of gender inequality,History,Cambridge Assessment International Education,Cambridge International AS & A Level,A Level,Paper 4 Depth study,9489/4,105,60,30
The 1980s and early 1990s,How effective were responses to the social challenges facing the USA in the 1980s?,The rise of the religious right,History,Cambridge Assessment International Education,Cambridge International AS & A Level,A Level,Paper 4 Depth study,9489/4,105,60,30
The 1980s and early 1990s,How and why did the 1980s and early 1990s mark a return of party political stability?,Conservatism: the rise of the New Right,History,Cambridge Assessment International Education,Cambridge International AS & A Level,A Level,Paper 4 Depth study,9489/4,105,60,30
The 1980s and early 1990s,How and why did the 1980s and early 1990s mark a return of party political stability?,Reasons for the electoral success of the Republicans in the 1980s,History,Cambridge Assessment International Education,Cambridge International AS & A Level,A Level,Paper 4 Depth study,9489/4,105,60,30
The 1980s and early 1990s,How and why did the 1980s and early 1990s mark a return of party political stability?,The impact of the Iran–Contra Affair (1985–87) on Reagan’s presidency,History,Cambridge Assessment International Education,Cambridge International AS & A Level,A Level,Paper 4 Depth study,9489/4,105,60,30
The 1980s and early 1990s,How and why did the 1980s and early 1990s mark a return of party political stability?,"The fluctuating fortunes of the Democrats, reasons for the election of Clinton in 1992",History,Cambridge Assessment International Education,Cambridge International AS & A Level,A Level,Paper 4 Depth study,9489/4,105,60,30
The 1980s and early 1990s,How and why did the 1980s and early 1990s mark a return of party political stability?,The developing nature of identity politics and multiculturalism,History,Cambridge Assessment International Education,Cambridge International AS & A Level,A Level,Paper 4 Depth study,9489/4,105,60,30
The 1980s and early 1990s,How far did the position of ethnic minorities improve in the 1980s?,The formation of the Rainbow Coalition in the mid-1980s,History,Cambridge Assessment International Education,Cambridge International AS & A Level,A Level,Paper 4 Depth study,9489/4,105,60,30
The 1980s and early 1990s,How far did the position of ethnic minorities improve in the 1980s?,The social impact of Reaganomics,History,Cambridge Assessment International Education,Cambridge International AS & A Level,A Level,Paper 4 Depth study,9489/4,105,60,30
The 1980s and early 1990s,How far did the position of ethnic minorities improve in the 1980s?,Affirmative Action and Supreme Court judgements in practice,History,Cambridge Assessment International Education,Cambridge International AS & A Level,A Level,Paper 4 Depth study,9489/4,105,60,30
Foreign policy 1944–92,How did US leadership of the global economy develop and change from 1944 to 1970?,"Establishing the Bretton Woods system from 1944: the International Monetary Fund (IMF), the World Bank and the General Agreement on Tariffs and Trade (GATT)",History,Cambridge Assessment International Education,Cambridge International AS & A Level,A Level,Paper 4 Depth study,9489/4,105,60,30
Foreign policy 1944–92,How did US leadership of the global economy develop and change from 1944 to 1970?,Rebuilding the economies of Japan (the Dodge Line and the Korean War) and Western Europe (the Marshall Plan),History,Cambridge Assessment International Education,Cambridge International AS & A Level,A Level,Paper 4 Depth study,9489/4,105,60,30
Foreign policy 1944–92,How did US leadership of the global economy develop and change from 1944 to 1970?,"Implementing the Bretton Woods system in the 1950s, e.g. GATT agreements.",History,Cambridge Assessment International Education,Cambridge International AS & A Level,A Level,Paper 4 Depth study,9489/4,105,60,30
Foreign policy 1944–92,How did US leadership of the global economy develop and change from 1944 to 1970?,"Challenges to US leadership of the global economy up to 1970, e.g. competition from Japan and West Germany",History,Cambridge Assessment International Education,Cambridge International AS & A Level,A Level,Paper 4 Depth study,9489/4,105,60,30
Foreign policy 1944–92,Was US foreign policy towards communism between 1950 and 1963 a policy of containment or a policy of rollback?,Relations with USSR and China,History,Cambridge Assessment International Education,Cambridge International AS & A Level,A Level,Paper 4 Depth study,9489/4,105,60,30
Foreign policy 1944–92,Was US foreign policy towards communism between 1950 and 1963 a policy of containment or a policy of rollback?,"Reasons for, and impact of, involvement in Korea",History,Cambridge Assessment International Education,Cambridge International AS & A Level,A Level,Paper 4 Depth study,9489/4,105,60,30
Foreign policy 1944–92,Was US foreign policy towards communism between 1950 and 1963 a policy of containment or a policy of rollback?,Nuclear arms race,History,Cambridge Assessment International Education,Cambridge International AS & A Level,A Level,Paper 4 Depth study,9489/4,105,60,30
Foreign policy 1944–92,Was US foreign policy towards communism between 1950 and 1963 a policy of containment or a policy of rollback?,"Reasons for, and significance of, the Cuban Missile Crisis",History,Cambridge Assessment International Education,Cambridge International AS & A Level,A Level,Paper 4 Depth study,9489/4,105,60,30
Foreign policy 1944–92,Was US foreign policy towards communism between 1950 and 1963 a policy of containment or a policy of rollback?,Reasons for changing policies towards Vietnam,History,Cambridge Assessment International Education,Cambridge International AS & A Level,A Level,Paper 4 Depth study,9489/4,105,60,30
Foreign policy 1944–92,policy of détente between 1963 and 1979?,The Nixon Doctrine,History,Cambridge Assessment International Education,Cambridge International AS & A Level,A Level,Paper 4 Depth study,9489/4,105,60,30
Foreign policy 1944–92,policy of détente between 1963 and 1979?,Attempts at nuclear arms limitation,History,Cambridge Assessment International Education,Cambridge International AS & A Level,A Level,Paper 4 Depth study,9489/4,105,60,30
Foreign policy 1944–92,policy of détente between 1963 and 1979?,Changing relations with the USSR and with China,History,Cambridge Assessment International Education,Cambridge International AS & A Level,A Level,Paper 4 Depth study,9489/4,105,60,30
Foreign policy 1944–92,How far did the USA change its policies towards the communist world between 1980 and 1991?,Failure of détente and the Second Cold War,History,Cambridge Assessment International Education,Cambridge International AS & A Level,A Level,Paper 4 Depth study,9489/4,105,60,30
Foreign policy 1944–92,How far did the USA change its policies towards the communist world between 1980 and 1991?,The ‘Reagan Doctrine’ in theory and practice,History,Cambridge Assessment International Education,Cambridge International AS & A Level,A Level,Paper 4 Depth study,9489/4,105,60,30
Foreign policy 1944–92,How far did the USA change its policies towards the communist world between 1980 and 1991?,Changing relations with the USSR,History,Cambridge Assessment International Education,Cambridge International AS & A Level,A Level,Paper 4 Depth study,9489/4,105,60,30
Foreign policy 1944–92,How far did the USA change its policies towards the communist world between 1980 and 1991?,The roles of Reagan and Bush (Snr),History,Cambridge Assessment International Education,Cambridge International AS & A Level,A Level,Paper 4 Depth study,9489/4,105,60,30
"US–Soviet relations during the Cold War, 1950–91",How did US–Soviet relations develop between 1950 and 1980?,Impact of the death of Stalin,History,Cambridge Assessment International Education,Cambridge International AS & A Level,A Level,Paper 4 Depth study,9489/4,105,60,30
"US–Soviet relations during the Cold War, 1950–91",How did US–Soviet relations develop between 1950 and 1980?,Peaceful coexistence,History,Cambridge Assessment International Education,Cambridge International AS & A Level,A Level,Paper 4 Depth study,9489/4,105,60,30
"US–Soviet relations during the Cold War, 1950–91",How did US–Soviet relations develop between 1950 and 1980?,"Impact of key events in Asia and Europe, e.g. Korea, Hungary, Berlin, the Prague Spring",History,Cambridge Assessment International Education,Cambridge International AS & A Level,A Level,Paper 4 Depth study,9489/4,105,60,30
"US–Soviet relations during the Cold War, 1950–91",How did US–Soviet relations develop between 1950 and 1980?,Détente and the outbreak of the Second Cold War,History,Cambridge Assessment International Education,Cambridge International AS & A Level,A Level,Paper 4 Depth study,9489/4,105,60,30
"US–Soviet relations during the Cold War, 1950–91",Why was there a crisis over Cuba in the 1960s and how did it affect the US–Soviet relations?,US reaction to the Cuban revolution,History,Cambridge Assessment International Education,Cambridge International AS & A Level,A Level,Paper 4 Depth study,9489/4,105,60,30
"US–Soviet relations during the Cold War, 1950–91",Why was there a crisis over Cuba in the 1960s and how did it affect the US–Soviet relations?,Khrushchev’s aims in Cuba,History,Cambridge Assessment International Education,Cambridge International AS & A Level,A Level,Paper 4 Depth study,9489/4,105,60,30
"US–Soviet relations during the Cold War, 1950–91",Why was there a crisis over Cuba in the 1960s and how did it affect the US–Soviet relations?,The crisis and its resolution,History,Cambridge Assessment International Education,Cambridge International AS & A Level,A Level,Paper 4 Depth study,9489/4,105,60,30
"US–Soviet relations during the Cold War, 1950–91",Why was there a crisis over Cuba in the 1960s and how did it affect the US–Soviet relations?,"Consequences of the conflict, e.g. hotline, Test Ban Treaty",History,Cambridge Assessment International Education,Cambridge International AS & A Level,A Level,Paper 4 Depth study,9489/4,105,60,30
"US–Soviet relations during the Cold War, 1950–91",Why was there a crisis over Cuba in the 1960s and how did it affect the US–Soviet relations?,The development of the nuclear arms race,History,Cambridge Assessment International Education,Cambridge International AS & A Level,A Level,Paper 4 Depth study,9489/4,105,60,30
"US–Soviet relations during the Cold War, 1950–91",How did the arms race affect US–Soviet relations?,The impact of the arms race on US–Soviet relations,History,Cambridge Assessment International Education,Cambridge International AS & A Level,A Level,Paper 4 Depth study,9489/4,105,60,30
"US–Soviet relations during the Cold War, 1950–91",How did the arms race affect US–Soviet relations?,"The successes and failures of attempts to control nuclear weapons, e.g. NPT, SALT and START",History,Cambridge Assessment International Education,Cambridge International AS & A Level,A Level,Paper 4 Depth study,9489/4,105,60,30
"US–Soviet relations during the Cold War, 1950–91",Why did the Cold War come to an end in 1989?,"Problems facing the USSR: economic and political stagnation, Afghanistan and Eastern Europe",History,Cambridge Assessment International Education,Cambridge International AS & A Level,A Level,Paper 4 Depth study,9489/4,105,60,30
"US–Soviet relations during the Cold War, 1950–91",Why did the Cold War come to an end in 1989?,The impact of Reagan and Gorbachev,History,Cambridge Assessment International Education,Cambridge International AS & A Level,A Level,Paper 4 Depth study,9489/4,105,60,30
"US–Soviet relations during the Cold War, 1950–91",Why did the Cold War come to an end in 1989?,The collapse of the Soviet system,History,Cambridge Assessment International Education,Cambridge International AS & A Level,A Level,Paper 4 Depth study,9489/4,105,60,30
"The spread of communism in East and Southeast Asia, 1945–91",What was the impact of the end of the Second World War on this region?,"Attempts to re-establish colonial control (British, Dutch and French)",History,Cambridge Assessment International Education,Cambridge International AS & A Level,A Level,Paper 4 Depth study,9489/4,105,60,30
"The spread of communism in East and Southeast Asia, 1945–91",What was the impact of the end of the Second World War on this region?,Growth of nationalist movements,History,Cambridge Assessment International Education,Cambridge International AS & A Level,A Level,Paper 4 Depth study,9489/4,105,60,30
"The spread of communism in East and Southeast Asia, 1945–91",What was the impact of the end of the Second World War on this region?,The establishment of the People’s Republic of China (PRC),History,Cambridge Assessment International Education,Cambridge International AS & A Level,A Level,Paper 4 Depth study,9489/4,105,60,30
"The spread of communism in East and Southeast Asia, 1945–91",What was the impact of the end of the Second World War on this region?,Changing Sino–Soviet relations,History,Cambridge Assessment International Education,Cambridge International AS & A Level,A Level,Paper 4 Depth study,9489/4,105,60,30
"The spread of communism in East and Southeast Asia, 1945–91",Why was there war in Korea and what were its consequences?,Division of Korea and subsequent tensions,History,Cambridge Assessment International Education,Cambridge International AS & A Level,A Level,Paper 4 Depth study,9489/4,105,60,30
"The spread of communism in East and Southeast Asia, 1945–91",Why was there war in Korea and what were its consequences?,US reaction to the invasion of South Korea,History,Cambridge Assessment International Education,Cambridge International AS & A Level,A Level,Paper 4 Depth study,9489/4,105,60,30
"The spread of communism in East and Southeast Asia, 1945–91",Why was there war in Korea and what were its consequences?,"International involvement, e.g. UN, PRC",History,Cambridge Assessment International Education,Cambridge International AS & A Level,A Level,Paper 4 Depth study,9489/4,105,60,30
"The spread of communism in East and Southeast Asia, 1945–91",Why was there war in Korea and what were its consequences?,Growing US presence in the Eastern Pacific including the formation of SEATO,History,Cambridge Assessment International Education,Cambridge International AS & A Level,A Level,Paper 4 Depth study,9489/4,105,60,30
"The spread of communism in East and Southeast Asia, 1945–91",Why did the US intervene in Vietnam and what were the consequences?,Reasons for growing US involvement in Vietnam,History,Cambridge Assessment International Education,Cambridge International AS & A Level,A Level,Paper 4 Depth study,9489/4,105,60,30
"The spread of communism in East and Southeast Asia, 1945–91",Why did the US intervene in Vietnam and what were the consequences?,Importance of support from PRC and USSR for North Vietnam,History,Cambridge Assessment International Education,Cambridge International AS & A Level,A Level,Paper 4 Depth study,9489/4,105,60,30
"The spread of communism in East and Southeast Asia, 1945–91",Why did the US intervene in Vietnam and what were the consequences?,"Reasons for US withdrawal, e.g. military failings, heavy losses, public opinion",History,Cambridge Assessment International Education,Cambridge International AS & A Level,A Level,Paper 4 Depth study,9489/4,105,60,30
"The spread of communism in East and Southeast Asia, 1945–91",Why did the US intervene in Vietnam and what were the consequences?,Unification of Vietnam (1975) and its implications,History,Cambridge Assessment International Education,Cambridge International AS & A Level,A Level,Paper 4 Depth study,9489/4,105,60,30
"The spread of communism in East and Southeast Asia, 1945–91",Why did the US intervene in Vietnam and what were the consequences?,Ideological divides,History,Cambridge Assessment International Education,Cambridge International AS & A Level,A Level,Paper 4 Depth study,9489/4,105,60,30
"The spread of communism in East and Southeast Asia, 1945–91",How did the Cold War affect Sino–US relations?,Issues over Taiwan,History,Cambridge Assessment International Education,Cambridge International AS & A Level,A Level,Paper 4 Depth study,9489/4,105,60,30
"The spread of communism in East and Southeast Asia, 1945–91",How did the Cold War affect Sino–US relations?,Impact of Korean and Vietnam Wars,History,Cambridge Assessment International Education,Cambridge International AS & A Level,A Level,Paper 4 Depth study,9489/4,105,60,30
"The spread of communism in East and Southeast Asia, 1945–91",How did the Cold War affect Sino–US relations?,Improvement of relations in the 1970s and 1980s including ‘ping pong diplomacy’,History,Cambridge Assessment International Education,Cambridge International AS & A Level,A Level,Paper 4 Depth study,9489/4,105,60,30
"Decolonisation, the Cold War and the UN in Sub-Saharan Africa, 1950–92",How did African nations gain their independence from the colonial powers?,The rise of nationalist movements,History,Cambridge Assessment International Education,Cambridge International AS & A Level,A Level,Paper 4 Depth study,9489/4,105,60,30
"Decolonisation, the Cold War and the UN in Sub-Saharan Africa, 1950–92",How did African nations gain their independence from the colonial powers?,The attitude of the colonial powers,History,Cambridge Assessment International Education,Cambridge International AS & A Level,A Level,Paper 4 Depth study,9489/4,105,60,30
"Decolonisation, the Cold War and the UN in Sub-Saharan Africa, 1950–92",How did African nations gain their independence from the colonial powers?,"The importance of leadership (Nkrumah, Azikiwe, Senghor, Kenyatta) and mass support",History,Cambridge Assessment International Education,Cambridge International AS & A Level,A Level,Paper 4 Depth study,9489/4,105,60,30
"Decolonisation, the Cold War and the UN in Sub-Saharan Africa, 1950–92",What problems faced the newly independent nations?,"Establishing governments, one-party / multi- party states",History,Cambridge Assessment International Education,Cambridge International AS & A Level,A Level,Paper 4 Depth study,9489/4,105,60,30
"Decolonisation, the Cold War and the UN in Sub-Saharan Africa, 1950–92",What problems faced the newly independent nations?,"Economic challenges, agriculture, mineral resources, dependence on ex-colonial trading partners",History,Cambridge Assessment International Education,Cambridge International AS & A Level,A Level,Paper 4 Depth study,9489/4,105,60,30
"Decolonisation, the Cold War and the UN in Sub-Saharan Africa, 1950–92",What problems faced the newly independent nations?,"Social challenges, urban/rural divide, education",History,Cambridge Assessment International Education,Cambridge International AS & A Level,A Level,Paper 4 Depth study,9489/4,105,60,30
"Decolonisation, the Cold War and the UN in Sub-Saharan Africa, 1950–92",In what ways were African countries affected by Cold War tensions?,"Superpower involvement in disputes (Angola, Ethiopia and Mozambique)",History,Cambridge Assessment International Education,Cambridge International AS & A Level,A Level,Paper 4 Depth study,9489/4,105,60,30
"Decolonisation, the Cold War and the UN in Sub-Saharan Africa, 1950–92",In what ways were African countries affected by Cold War tensions?,Chinese influence: support for nationalist movements in southern Africa,History,Cambridge Assessment International Education,Cambridge International AS & A Level,A Level,Paper 4 Depth study,9489/4,105,60,30
"Decolonisation, the Cold War and the UN in Sub-Saharan Africa, 1950–92",In what ways were African countries affected by Cold War tensions?,Non-alignment and Pan-Africanism,History,Cambridge Assessment International Education,Cambridge International AS & A Level,A Level,Paper 4 Depth study,9489/4,105,60,30
"Decolonisation, the Cold War and the UN in Sub-Saharan Africa, 1950–92",How effective was UN peacekeeping in Africa?,Nature and extent of UN involvement,History,Cambridge Assessment International Education,Cambridge International AS & A Level,A Level,Paper 4 Depth study,9489/4,105,60,30
"Decolonisation, the Cold War and the UN in Sub-Saharan Africa, 1950–92",How effective was UN peacekeeping in Africa?,"Reasons for, and impact of, UN involvement in the Congo",History,Cambridge Assessment International Education,Cambridge International AS & A Level,A Level,Paper 4 Depth study,9489/4,105,60,30
"Decolonisation, the Cold War and the UN in Sub-Saharan Africa, 1950–92",How effective was UN peacekeeping in Africa?,Reasons for UN failure in Somalia,History,Cambridge Assessment International Education,Cambridge International AS & A Level,A Level,Paper 4 Depth study,9489/4,105,60,30
"Conflict in the Middle East, 1948–91",How and why was the state of Israel created?,Long-term factors: Arab unity; strategic importance of the Middle East; foreign involvement; persecution of Jews,History,Cambridge Assessment International Education,Cambridge International AS & A Level,A Level,Paper 4 Depth study,9489/4,105,60,30
"Conflict in the Middle East, 1948–91",How and why was the state of Israel created?,Jewish resistance to the British mandate,History,Cambridge Assessment International Education,Cambridge International AS & A Level,A Level,Paper 4 Depth study,9489/4,105,60,30
"Conflict in the Middle East, 1948–91",How and why was the state of Israel created?,"Reasons for, and effects of, the UN decision to partition Palestine",History,Cambridge Assessment International Education,Cambridge International AS & A Level,A Level,Paper 4 Depth study,9489/4,105,60,30
"Conflict in the Middle East, 1948–91",How and why was the state of Israel created?,Involvement of the USA,History,Cambridge Assessment International Education,Cambridge International AS & A Level,A Level,Paper 4 Depth study,9489/4,105,60,30
"Conflict in the Middle East, 1948–91",How and why was the state of Israel created?,"Challenges to the state of Israel between 1948 and 1973: Arab-Israeli War (1948–49), Suez Crisis (1956); Six-Day War (1967); Yom Kippur War (1973)",History,Cambridge Assessment International Education,Cambridge International AS & A Level,A Level,Paper 4 Depth study,9489/4,105,60,30
"Conflict in the Middle East, 1948–91",How did the Arab–Israeli conflict develop between 1948 and 1979?,"The role of key individuals including Nasser, Ben Gurion, Sadat, Meir",History,Cambridge Assessment International Education,Cambridge International AS & A Level,A Level,Paper 4 Depth study,9489/4,105,60,30
"Conflict in the Middle East, 1948–91",How did the Arab–Israeli conflict develop between 1948 and 1979?,Consequences of the wars for Arabs and Israelis,History,Cambridge Assessment International Education,Cambridge International AS & A Level,A Level,Paper 4 Depth study,9489/4,105,60,30
"Conflict in the Middle East, 1948–91",How did the Arab–Israeli conflict develop between 1948 and 1979?,Reasons for the growth of the Palestine Liberation Organisation (PLO) and the changing role of Arafat,History,Cambridge Assessment International Education,Cambridge International AS & A Level,A Level,Paper 4 Depth study,9489/4,105,60,30
"Conflict in the Middle East, 1948–91",How did the Arab–Israeli conflict develop between 1948 and 1979?,Attempts at reconciliation and peace agreements,History,Cambridge Assessment International Education,Cambridge International AS & A Level,A Level,Paper 4 Depth study,9489/4,105,60,30
"Conflict in the Middle East, 1948–91",What impact did the Cold War have on the conflict in the Middle East?,Reasons for superpower involvement including oil,History,Cambridge Assessment International Education,Cambridge International AS & A Level,A Level,Paper 4 Depth study,9489/4,105,60,30
"Conflict in the Middle East, 1948–91",What impact did the Cold War have on the conflict in the Middle East?,American policies and their impact,History,Cambridge Assessment International Education,Cambridge International AS & A Level,A Level,Paper 4 Depth study,9489/4,105,60,30
"Conflict in the Middle East, 1948–91",What impact did the Cold War have on the conflict in the Middle East?,Soviet policies and their impact,History,Cambridge Assessment International Education,Cambridge International AS & A Level,A Level,Paper 4 Depth study,9489/4,105,60,30
"Conflict in the Middle East, 1948–91",What impact did the Cold War have on the conflict in the Middle East?,The Iranian Revolution (1979): causes and outcomes for Iran and the region,History,Cambridge Assessment International Education,Cambridge International AS & A Level,A Level,Paper 4 Depth study,9489/4,105,60,30
"Conflict in the Middle East, 1948–91",What additional factors led to the de‑stabilisation of the Middle East between 1975 and 1991?,Iran–Iraq War (1980–88): causes and outcomes for the region,History,Cambridge Assessment International Education,Cambridge International AS & A Level,A Level,Paper 4 Depth study,9489/4,105,60,30
"Conflict in the Middle East, 1948–91",What additional factors led to the de‑stabilisation of the Middle East between 1975 and 1991?,Gulf War (1990–91): causes and immediate results for the region,History,Cambridge Assessment International Education,Cambridge International AS & A Level,A Level,Paper 4 Depth study,9489/4,105,60,30
