Main Topic,Subtopic,Learning Outcome,Subject,Exam Board,Qualification,Level,Component Name,Paper Code,Duration (min),Total Marks,Weighting (%)
"France, 1774–1814",What were the causes and immediate consequences of the 1789 Revolution?,The Ancien Régime and pressure for change — Absolute monarchy and structure of royal government,History,Cambridge Assessment International Education,Cambridge International AS & A Level,AS Level,,,,,
"France, 1774–1814",What were the causes and immediate consequences of the 1789 Revolution?,"The Ancien Régime and pressure for change — French society: the Estate system, including: The discontent of the Third Estate",History,Cambridge Assessment International Education,Cambridge International AS & A Level,AS Level,,,,,
"France, 1774–1814",What were the causes and immediate consequences of the 1789 Revolution?,The Ancien Régime and pressure for change — American War of Independence,History,Cambridge Assessment International Education,Cambridge International AS & A Level,AS Level,,,,,
"France, 1774–1814",What were the causes and immediate consequences of the 1789 Revolution?,The Ancien Régime and pressure for change — The influence of the Enlightenment,History,Cambridge Assessment International Education,Cambridge International AS & A Level,AS Level,,,,,
"France, 1774–1814",What were the causes and immediate consequences of the 1789 Revolution?,"The Ancien Régime and pressure for change — Economic problems and attempts to deal with them up to 1787, including: Necker, Turgot and Calonne",History,Cambridge Assessment International Education,Cambridge International AS & A Level,AS Level,,,,,
"France, 1774–1814",What were the causes and immediate consequences of the 1789 Revolution?,"The financial and political crisis, 1787–89 — The Assembly of Notables, including: Failure of Calonne’s reforms; Brienne and the involvement of the Parlement of Paris",History,Cambridge Assessment International Education,Cambridge International AS & A Level,AS Level,,,,,
"France, 1774–1814",What were the causes and immediate consequences of the 1789 Revolution?,"The financial and political crisis, 1787–89 — Economic problems, including: Bad harvests and food shortage; Unemployment and price rises; Necker reappointed as Finance Minister",History,Cambridge Assessment International Education,Cambridge International AS & A Level,AS Level,,,,,
"France, 1774–1814",What were the causes and immediate consequences of the 1789 Revolution?,"The financial and political crisis, 1787–89 — King’s decision to call the Estates-General, including: Cahiers de doléances",History,Cambridge Assessment International Education,Cambridge International AS & A Level,AS Level,,,,,
"France, 1774–1814",What were the causes and immediate consequences of the 1789 Revolution?,"The financial and political crisis, 1787–89 — The meeting of the Estates-General",History,Cambridge Assessment International Education,Cambridge International AS & A Level,AS Level,,,,,
"France, 1774–1814",What were the causes and immediate consequences of the 1789 Revolution?,"The financial and political crisis, 1787–89 — The National Assembly and the Tennis Court Oath",History,Cambridge Assessment International Education,Cambridge International AS & A Level,AS Level,,,,,
"France, 1774–1814",What were the causes and immediate consequences of the 1789 Revolution?,"The financial and political crisis, 1787–89 — Louis’ refusal to carry out reform",History,Cambridge Assessment International Education,Cambridge International AS & A Level,AS Level,,,,,
"France, 1774–1814",What were the causes and immediate consequences of the 1789 Revolution?,The outbreak of revolution — The Storming of the Bastille,History,Cambridge Assessment International Education,Cambridge International AS & A Level,AS Level,,,,,
"France, 1774–1814",What were the causes and immediate consequences of the 1789 Revolution?,The outbreak of revolution — The Great Fear,History,Cambridge Assessment International Education,Cambridge International AS & A Level,AS Level,,,,,
"France, 1774–1814",What were the causes and immediate consequences of the 1789 Revolution?,The outbreak of revolution — The August Decrees,History,Cambridge Assessment International Education,Cambridge International AS & A Level,AS Level,,,,,
"France, 1774–1814",What were the causes and immediate consequences of the 1789 Revolution?,The outbreak of revolution — The Declaration of the Rights of Man and of the Citizen,History,Cambridge Assessment International Education,Cambridge International AS & A Level,AS Level,,,,,
"France, 1774–1814",What were the causes and immediate consequences of the 1789 Revolution?,The outbreak of revolution — March of the Women,History,Cambridge Assessment International Education,Cambridge International AS & A Level,AS Level,,,,,
"France, 1774–1814",How and why did France become a republic by 1792?,"The revolutionary and counter-revolutionary groups — Aims of the revolutionary groups, including: The Jacobins, the Feuillants and the Girondins",History,Cambridge Assessment International Education,Cambridge International AS & A Level,AS Level,,,,,
"France, 1774–1814",How and why did France become a republic by 1792?,The revolutionary and counter-revolutionary groups — Counter-revolutionary groups: reasons for failure,History,Cambridge Assessment International Education,Cambridge International AS & A Level,AS Level,,,,,
"France, 1774–1814",How and why did France become a republic by 1792?,"Reforms — Financial, including: Assignats; Taxation reform",History,Cambridge Assessment International Education,Cambridge International AS & A Level,AS Level,,,,,
"France, 1774–1814",How and why did France become a republic by 1792?,Reforms — Local government,History,Cambridge Assessment International Education,Cambridge International AS & A Level,AS Level,,,,,
"France, 1774–1814",How and why did France become a republic by 1792?,Reforms — Justice,History,Cambridge Assessment International Education,Cambridge International AS & A Level,AS Level,,,,,
"France, 1774–1814",How and why did France become a republic by 1792?,Reforms — Church reforms,History,Cambridge Assessment International Education,Cambridge International AS & A Level,AS Level,,,,,
"France, 1774–1814",How and why did France become a republic by 1792?,Political instability — Disagreement on the terms of the new constitution,History,Cambridge Assessment International Education,Cambridge International AS & A Level,AS Level,,,,,
"France, 1774–1814",How and why did France become a republic by 1792?,Political instability — The behaviour of the King and the flight to Varennes,History,Cambridge Assessment International Education,Cambridge International AS & A Level,AS Level,,,,,
"France, 1774–1814",How and why did France become a republic by 1792?,Political instability — The Champ de Mars,History,Cambridge Assessment International Education,Cambridge International AS & A Level,AS Level,,,,,
"France, 1774–1814",How and why did France become a republic by 1792?,From constitutional monarchy to republic — Legislative Assembly,History,Cambridge Assessment International Education,Cambridge International AS & A Level,AS Level,,,,,
"France, 1774–1814",How and why did France become a republic by 1792?,"From constitutional monarchy to republic — Declaration of war on Austria, April 1792",History,Cambridge Assessment International Education,Cambridge International AS & A Level,AS Level,,,,,
"France, 1774–1814",How and why did France become a republic by 1792?,From constitutional monarchy to republic — September Massacres,History,Cambridge Assessment International Education,Cambridge International AS & A Level,AS Level,,,,,
"France, 1774–1814",How and why did France become a republic by 1792?,From constitutional monarchy to republic — The National Convention and abolition of the monarchy,History,Cambridge Assessment International Education,Cambridge International AS & A Level,AS Level,,,,,
"France, 1774–1814",How well was France governed in the period 1793–99?,"Instability, 1793–95 — Problems facing France after the execution of Louis XVI, including: The influence of the sans-culottes; Disagreement within the Convention; The effects of war on France in 1793",History,Cambridge Assessment International Education,Cambridge International AS & A Level,AS Level,,,,,
"France, 1774–1814",How well was France governed in the period 1793–99?,"Instability, 1793–95 — New constitution, 1793 and the Committee of Public Safety",History,Cambridge Assessment International Education,Cambridge International AS & A Level,AS Level,,,,,
"France, 1774–1814",How well was France governed in the period 1793–99?,"Instability, 1793–95 — Robespierre and the reign of terror",History,Cambridge Assessment International Education,Cambridge International AS & A Level,AS Level,,,,,
"France, 1774–1814",How well was France governed in the period 1793–99?,"Instability, 1793–95 — Economic problems",History,Cambridge Assessment International Education,Cambridge International AS & A Level,AS Level,,,,,
"France, 1774–1814",How well was France governed in the period 1793–99?,"Instability, 1793–95 — The White Terror, 1794–95",History,Cambridge Assessment International Education,Cambridge International AS & A Level,AS Level,,,,,
"France, 1774–1814",How well was France governed in the period 1793–99?,"Instability, 1793–95 — The Parisian risings, 1795",History,Cambridge Assessment International Education,Cambridge International AS & A Level,AS Level,,,,,
"France, 1774–1814",How well was France governed in the period 1793–99?,"The Directory, 1795–99 — The Constitution of the Year III",History,Cambridge Assessment International Education,Cambridge International AS & A Level,AS Level,,,,,
"France, 1774–1814",How well was France governed in the period 1793–99?,"The Directory, 1795–99 — Aims of the Directory",History,Cambridge Assessment International Education,Cambridge International AS & A Level,AS Level,,,,,
"France, 1774–1814",How well was France governed in the period 1793–99?,"The Directory, 1795–99 — Problems facing the Directory",History,Cambridge Assessment International Education,Cambridge International AS & A Level,AS Level,,,,,
"France, 1774–1814",How well was France governed in the period 1793–99?,"The Directory, 1795–99 — Success and failures of the Directory, including: Financial; Military; Political",History,Cambridge Assessment International Education,Cambridge International AS & A Level,AS Level,,,,,
"France, 1774–1814",What caused the rise and fall of Napoleon Bonaparte?,Napoleon Bonaparte’s military reputation and political ambitions,History,Cambridge Assessment International Education,Cambridge International AS & A Level,AS Level,,,,,
"France, 1774–1814",What caused the rise and fall of Napoleon Bonaparte?,The coup of 1799,History,Cambridge Assessment International Education,Cambridge International AS & A Level,AS Level,,,,,
"France, 1774–1814",What caused the rise and fall of Napoleon Bonaparte?,Napoleon’s initiatives as first consul,History,Cambridge Assessment International Education,Cambridge International AS & A Level,AS Level,,,,,
"France, 1774–1814",What caused the rise and fall of Napoleon Bonaparte?,"Establishing authoritarian control — Means used, including: Setting up new ministries and a Council of State; Reform of the police force and the judiciary; Propaganda and censorship; Control of elections; Emperor Napoleon, 1804",History,Cambridge Assessment International Education,Cambridge International AS & A Level,AS Level,,,,,
"France, 1774–1814",What caused the rise and fall of Napoleon Bonaparte?,Napoleon’s domestic reforms — Legal: the Code Napoleon,History,Cambridge Assessment International Education,Cambridge International AS & A Level,AS Level,,,,,
"France, 1774–1814",What caused the rise and fall of Napoleon Bonaparte?,Napoleon’s domestic reforms — Educational,History,Cambridge Assessment International Education,Cambridge International AS & A Level,AS Level,,,,,
"France, 1774–1814",What caused the rise and fall of Napoleon Bonaparte?,"Napoleon’s domestic reforms — Financial and economic, including: Bank of France; Taxation; Bread prices",History,Cambridge Assessment International Education,Cambridge International AS & A Level,AS Level,,,,,
"France, 1774–1814",What caused the rise and fall of Napoleon Bonaparte?,Napoleon’s domestic reforms — Religious: the Concordat with the Roman Catholic Church,History,Cambridge Assessment International Education,Cambridge International AS & A Level,AS Level,,,,,
"France, 1774–1814",What caused the rise and fall of Napoleon Bonaparte?,"Reasons for Napoleon’s fall from power — Declining popularity at home, including: Conscription and deteriorating economy",History,Cambridge Assessment International Education,Cambridge International AS & A Level,AS Level,,,,,
"France, 1774–1814",What caused the rise and fall of Napoleon Bonaparte?,"Reasons for Napoleon’s fall from power — Effects of Napoleon’s failure to defeat Britain, including: The failure of the Continental System; Outcome of the Peninsular War, 1808–14",History,Cambridge Assessment International Education,Cambridge International AS & A Level,AS Level,,,,,
"France, 1774–1814",What caused the rise and fall of Napoleon Bonaparte?,Reasons for Napoleon’s fall from power — Growth of nationalism in the Empire — The extent of his Empire by 1812,History,Cambridge Assessment International Education,Cambridge International AS & A Level,AS Level,,,,,
"France, 1774–1814",What caused the rise and fall of Napoleon Bonaparte?,Reasons for Napoleon’s fall from power — Outcome of the failure of the campaign against Russia,History,Cambridge Assessment International Education,Cambridge International AS & A Level,AS Level,,,,,
"France, 1774–1814",What caused the rise and fall of Napoleon Bonaparte?,"Reasons for Napoleon’s fall from power — Impact of the defeat at Leipzig, 1813",History,Cambridge Assessment International Education,Cambridge International AS & A Level,AS Level,,,,,
"France, 1774–1814",What caused the rise and fall of Napoleon Bonaparte?,"Reasons for Napoleon’s fall from power — Allies capture of Paris, including: Abdication, 1814",History,Cambridge Assessment International Education,Cambridge International AS & A Level,AS Level,,,,,
"Liberalism and nationalism in Germany, 1815–71",What were the causes of the Revolutions of 1848?,The Congress of Vienna and the formation of the Confederation — Strengths and weaknesses of the Confederation,History,Cambridge Assessment International Education,Cambridge International AS & A Level,AS Level,,,,,
"Liberalism and nationalism in Germany, 1815–71",What were the causes of the Revolutions of 1848?,The impact of Metternich’s system on the States of Germany — The Carlsbad Decrees,History,Cambridge Assessment International Education,Cambridge International AS & A Level,AS Level,,,,,
"Liberalism and nationalism in Germany, 1815–71",What were the causes of the Revolutions of 1848?,The influence of Liberal ideas — The aims of the Liberals,History,Cambridge Assessment International Education,Cambridge International AS & A Level,AS Level,,,,,
"Liberalism and nationalism in Germany, 1815–71",What were the causes of the Revolutions of 1848?,The influence of Liberal ideas — The emergence of the middle class,History,Cambridge Assessment International Education,Cambridge International AS & A Level,AS Level,,,,,
"Liberalism and nationalism in Germany, 1815–71",What were the causes of the Revolutions of 1848?,The influence of Liberal ideas — The extent of support for liberalism in Prussia,History,Cambridge Assessment International Education,Cambridge International AS & A Level,AS Level,,,,,
"Liberalism and nationalism in Germany, 1815–71",What were the causes of the Revolutions of 1848?,The growth of nationalist ideas — The impact of the 1830 revolutions on German states,History,Cambridge Assessment International Education,Cambridge International AS & A Level,AS Level,,,,,
"Liberalism and nationalism in Germany, 1815–71",What were the causes of the Revolutions of 1848?,The growth of nationalist ideas — Support for nationalist ideas in the universities,History,Cambridge Assessment International Education,Cambridge International AS & A Level,AS Level,,,,,
"Liberalism and nationalism in Germany, 1815–71",What were the causes of the Revolutions of 1848?,"The growth of nationalist ideas — Reactions to the growth of nationalist ideas — The Six Articles and Ten Articles, 1832",History,Cambridge Assessment International Education,Cambridge International AS & A Level,AS Level,,,,,
"Liberalism and nationalism in Germany, 1815–71",What were the causes of the Revolutions of 1848?,The growth of nationalist ideas — Reasons for the growth of nationalism in the 1840s,History,Cambridge Assessment International Education,Cambridge International AS & A Level,AS Level,,,,,
"Liberalism and nationalism in Germany, 1815–71",What were the causes of the Revolutions of 1848?,The economic and political impact of — Prussian Customs Union and the Zollverein,History,Cambridge Assessment International Education,Cambridge International AS & A Level,AS Level,,,,,
"Liberalism and nationalism in Germany, 1815–71",What were the causes of the Revolutions of 1848?,The economic and political impact of — Railway development,History,Cambridge Assessment International Education,Cambridge International AS & A Level,AS Level,,,,,
"Liberalism and nationalism in Germany, 1815–71",What were the causes of the Revolutions of 1848?,"Problems facing the German States in the 1840s — Economic and social problems in the 1840s, including: The economic crisis of 1846–47; Impact of urbanisation; Impact of industrialisation on skilled workers",History,Cambridge Assessment International Education,Cambridge International AS & A Level,AS Level,,,,,
"Liberalism and nationalism in Germany, 1815–71",What happened during the 1848–49 revolutions and what were their consequences?,The spread of revolution in the German states — The fall of Metternich,History,Cambridge Assessment International Education,Cambridge International AS & A Level,AS Level,,,,,
"Liberalism and nationalism in Germany, 1815–71",What happened during the 1848–49 revolutions and what were their consequences?,The spread of revolution in the German states — Revolution in Prussia,History,Cambridge Assessment International Education,Cambridge International AS & A Level,AS Level,,,,,
"Liberalism and nationalism in Germany, 1815–71",What happened during the 1848–49 revolutions and what were their consequences?,The spread of revolution in the German states — Role of Friedrich Wilhelm IV of Prussia,History,Cambridge Assessment International Education,Cambridge International AS & A Level,AS Level,,,,,
"Liberalism and nationalism in Germany, 1815–71",What happened during the 1848–49 revolutions and what were their consequences?,The Frankfurt Parliament — Formation and actions of the Parliament,History,Cambridge Assessment International Education,Cambridge International AS & A Level,AS Level,,,,,
"Liberalism and nationalism in Germany, 1815–71",What happened during the 1848–49 revolutions and what were their consequences?,The Frankfurt Parliament — Reasons for its collapse,History,Cambridge Assessment International Education,Cambridge International AS & A Level,AS Level,,,,,
"Liberalism and nationalism in Germany, 1815–71",What happened during the 1848–49 revolutions and what were their consequences?,The Frankfurt Parliament — Impact of the 1848 revolutions,History,Cambridge Assessment International Education,Cambridge International AS & A Level,AS Level,,,,,
"Liberalism and nationalism in Germany, 1815–71",What happened during the 1848–49 revolutions and what were their consequences?,Reasons for the reassertion of Austrian control — The strength of the conservatives,History,Cambridge Assessment International Education,Cambridge International AS & A Level,AS Level,,,,,
"Liberalism and nationalism in Germany, 1815–71",What happened during the 1848–49 revolutions and what were their consequences?,Reasons for the reassertion of Austrian control — Divisions between the revolutionaries,History,Cambridge Assessment International Education,Cambridge International AS & A Level,AS Level,,,,,
"Liberalism and nationalism in Germany, 1815–71",What happened during the 1848–49 revolutions and what were their consequences?,Changing relations between Austria and Prussia after 1848 — The humiliation of Olmütz,History,Cambridge Assessment International Education,Cambridge International AS & A Level,AS Level,,,,,
"Liberalism and nationalism in Germany, 1815–71",What happened during the 1848–49 revolutions and what were their consequences?,"Changing relations between Austria and Prussia after 1848 — Economic issues, including: Disagreements over the Zollverein; Economic development and growth in Prussia; Economic and financial problems facing Austria",History,Cambridge Assessment International Education,Cambridge International AS & A Level,AS Level,,,,,
"Liberalism and nationalism in Germany, 1815–71",What happened during the 1848–49 revolutions and what were their consequences?,"Changing relations between Austria and Prussia after 1848 — Political issues, including: The growth of liberalism; Prussia’s international position; Bismarck’s role up to 1859, including his attitude towards Austria",History,Cambridge Assessment International Education,Cambridge International AS & A Level,AS Level,,,,,
"Liberalism and nationalism in Germany, 1815–71",Why was Bismarck appointed as Minister-President and what were his aims in the period up to 1866?,The Constitutional Crisis — The accession of Wilhelm I,History,Cambridge Assessment International Education,Cambridge International AS & A Level,AS Level,,,,,
"Liberalism and nationalism in Germany, 1815–71",Why was Bismarck appointed as Minister-President and what were his aims in the period up to 1866?,The Constitutional Crisis — Proposals for army reforms and the reaction of the Liberals,History,Cambridge Assessment International Education,Cambridge International AS & A Level,AS Level,,,,,
"Liberalism and nationalism in Germany, 1815–71",Why was Bismarck appointed as Minister-President and what were his aims in the period up to 1866?,The Constitutional Crisis — The formation of the German Progressive Party,History,Cambridge Assessment International Education,Cambridge International AS & A Level,AS Level,,,,,
"Liberalism and nationalism in Germany, 1815–71",Why was Bismarck appointed as Minister-President and what were his aims in the period up to 1866?,The Constitutional Crisis — Bismarck’s appointment and how he resolved the crisis,History,Cambridge Assessment International Education,Cambridge International AS & A Level,AS Level,,,,,
"Liberalism and nationalism in Germany, 1815–71",Why was Bismarck appointed as Minister-President and what were his aims in the period up to 1866?,"The Congress of Princes, August 1863 and relations with Austria",History,Cambridge Assessment International Education,Cambridge International AS & A Level,AS Level,,,,,
"Liberalism and nationalism in Germany, 1815–71",Why was Bismarck appointed as Minister-President and what were his aims in the period up to 1866?,"War with Denmark, 1864 — Causes of the war",History,Cambridge Assessment International Education,Cambridge International AS & A Level,AS Level,,,,,
"Liberalism and nationalism in Germany, 1815–71",Why was Bismarck appointed as Minister-President and what were his aims in the period up to 1866?,"War with Denmark, 1864 — Reasons for Bismarck’s involvement",History,Cambridge Assessment International Education,Cambridge International AS & A Level,AS Level,,,,,
"Liberalism and nationalism in Germany, 1815–71",Why was Bismarck appointed as Minister-President and what were his aims in the period up to 1866?,"War with Denmark, 1864 — The outcome, including: Increased tensions between Germany and Austria; The Convention of Gastein",History,Cambridge Assessment International Education,Cambridge International AS & A Level,AS Level,,,,,
"Liberalism and nationalism in Germany, 1815–71",Why was Bismarck appointed as Minister-President and what were his aims in the period up to 1866?,Preparation for war with Austria — Meeting with Napoleon III at Biarritz,History,Cambridge Assessment International Education,Cambridge International AS & A Level,AS Level,,,,,
"Liberalism and nationalism in Germany, 1815–71",Why was Bismarck appointed as Minister-President and what were his aims in the period up to 1866?,Preparation for war with Austria — Secret alliance with Italy,History,Cambridge Assessment International Education,Cambridge International AS & A Level,AS Level,,,,,
"Liberalism and nationalism in Germany, 1815–71",Why was Bismarck appointed as Minister-President and what were his aims in the period up to 1866?,"Preparation for war with Austria — Reasons why war broke out, including: Bismarck’s proposal to the Federal Diet for a new constitution; Austria’s violation of the Convention of Gastein",History,Cambridge Assessment International Education,Cambridge International AS & A Level,AS Level,,,,,
"Liberalism and nationalism in Germany, 1815–71",Why was Bismarck appointed as Minister-President and what were his aims in the period up to 1866?,"Preparation for war with Austria — The outcome of the Seven Weeks’ War, including: The Treaty of Prague; The formation of the North German Confederation; The Liberals change in attitude toward Bismarck; The Indemnity Bill, 1866",History,Cambridge Assessment International Education,Cambridge International AS & A Level,AS Level,,,,,
"Liberalism and nationalism in Germany, 1815–71",How and why was German unification achieved by 1871?,Pressure from nationalists to complete the unification process,History,Cambridge Assessment International Education,Cambridge International AS & A Level,AS Level,,,,,
"Liberalism and nationalism in Germany, 1815–71",How and why was German unification achieved by 1871?,Problem with the southern states — The Zollparlament,History,Cambridge Assessment International Education,Cambridge International AS & A Level,AS Level,,,,,
"Liberalism and nationalism in Germany, 1815–71",How and why was German unification achieved by 1871?,Problem with the southern states — Lack of political unity,History,Cambridge Assessment International Education,Cambridge International AS & A Level,AS Level,,,,,
"Liberalism and nationalism in Germany, 1815–71",How and why was German unification achieved by 1871?,"Napoleon III’s ambitions — The Luxemburg Crisis, including: Causes; Why Bismarck encouraged it; Outcome and effects on relations with France",History,Cambridge Assessment International Education,Cambridge International AS & A Level,AS Level,,,,,
"Liberalism and nationalism in Germany, 1815–71",How and why was German unification achieved by 1871?,"Napoleon III’s ambitions — The Hohenzollern candidature, including: Spanish crown accepted by Prince Leopold; Reaction of Napoleon III; The Ems Telegram; Declaration of war by France",History,Cambridge Assessment International Education,Cambridge International AS & A Level,AS Level,,,,,
"Liberalism and nationalism in Germany, 1815–71",How and why was German unification achieved by 1871?,"The Franco–Prussian War, 1870–71 — Why Bismarck was in a strong position, including: Lack of international support for France and the weakness of the French army; The strength of the Prussian Army under General Moltke; Impact of the German victory at Sedan; Armistice agreed, 28 January 1871; Treaty of Frankfurt, 1871",History,Cambridge Assessment International Education,Cambridge International AS & A Level,AS Level,,,,,
"Liberalism and nationalism in Germany, 1815–71",How and why was German unification achieved by 1871?,"Creation of the German Empire, 1871 — Concessions to the southern states",History,Cambridge Assessment International Education,Cambridge International AS & A Level,AS Level,,,,,
"Liberalism and nationalism in Germany, 1815–71",How and why was German unification achieved by 1871?,"Creation of the German Empire, 1871 — Wilhelm proclaimed Kaiser",History,Cambridge Assessment International Education,Cambridge International AS & A Level,AS Level,,,,,
"Liberalism and nationalism in Germany, 1815–71",How and why was German unification achieved by 1871?,"Creation of the German Empire, 1871 — Constitution of the new Reich",History,Cambridge Assessment International Education,Cambridge International AS & A Level,AS Level,,,,,
"Russia from autocracy to revolution, 1881–1924",What challenges faced the Tsarist regime in the years 1881–94?,"How Russia was ruled in the period 1881–94 — Autocracy: the role of the Tsar, State Council and key ministries, the army, and the Church",History,Cambridge Assessment International Education,Cambridge International AS & A Level,AS Level,,,,,
"Russia from autocracy to revolution, 1881–1924",What challenges faced the Tsarist regime in the years 1881–94?,"How Russia was ruled in the period 1881–94 — Reform and repression, including: Alexander III’s policies; Russification; Repression",History,Cambridge Assessment International Education,Cambridge International AS & A Level,AS Level,,,,,
"Russia from autocracy to revolution, 1881–1924",What challenges faced the Tsarist regime in the years 1881–94?,"The development of the Russian economy in the period 1881–94 — Economic developments, including: Bunge’s policies; Industrialisation; Economic problems, including taxation and famines",History,Cambridge Assessment International Education,Cambridge International AS & A Level,AS Level,,,,,
"Russia from autocracy to revolution, 1881–1924",What challenges faced the Tsarist regime in the years 1881–94?,"Social change in the period 1881–94 — Social development, urban growth and development of the middle class",History,Cambridge Assessment International Education,Cambridge International AS & A Level,AS Level,,,,,
"Russia from autocracy to revolution, 1881–1924",What challenges faced the Tsarist regime in the years 1881–94?,The role of opposition — The development of opposition from the peasants and urban workers,History,Cambridge Assessment International Education,Cambridge International AS & A Level,AS Level,,,,,
"Russia from autocracy to revolution, 1881–1924",What challenges faced the Tsarist regime in the years 1881–94?,The role of opposition — Growth of Marxism,History,Cambridge Assessment International Education,Cambridge International AS & A Level,AS Level,,,,,
"Russia from autocracy to revolution, 1881–1924",What were the causes and outcomes of the 1905 Revolution up to 1914?,"The causes of the 1905 Revolution — Discontent with the regime of Nicholas II, including: Resentment caused by the lack of political reform",History,Cambridge Assessment International Education,Cambridge International AS & A Level,AS Level,,,,,
"Russia from autocracy to revolution, 1881–1924",What were the causes and outcomes of the 1905 Revolution up to 1914?,The causes of the 1905 Revolution — Political opposition — The Socialist Revolutionaries; The Social Democrats,History,Cambridge Assessment International Education,Cambridge International AS & A Level,AS Level,,,,,
"Russia from autocracy to revolution, 1881–1924",What were the causes and outcomes of the 1905 Revolution up to 1914?,"The causes of the 1905 Revolution — Economic problems, including: Bad harvests; Unemployment; Witte’s policies; Taxation",History,Cambridge Assessment International Education,Cambridge International AS & A Level,AS Level,,,,,
"Russia from autocracy to revolution, 1881–1924",What were the causes and outcomes of the 1905 Revolution up to 1914?,The causes of the 1905 Revolution — Defeat in the Russo-Japanese War,History,Cambridge Assessment International Education,Cambridge International AS & A Level,AS Level,,,,,
"Russia from autocracy to revolution, 1881–1924",What were the causes and outcomes of the 1905 Revolution up to 1914?,"The events and consequences of the 1905 Revolution — Bloody Sunday, strikes and unrest in 1905",History,Cambridge Assessment International Education,Cambridge International AS & A Level,AS Level,,,,,
"Russia from autocracy to revolution, 1881–1924",What were the causes and outcomes of the 1905 Revolution up to 1914?,"The events and consequences of the 1905 Revolution — The reactions of Nicholas II to the 1905 revolution, including: October Manifesto; The formation of the Duma",History,Cambridge Assessment International Education,Cambridge International AS & A Level,AS Level,,,,,
"Russia from autocracy to revolution, 1881–1924",What were the causes and outcomes of the 1905 Revolution up to 1914?,Reasons for the survival of the Tsarist regime — Nature and extent of opposition,History,Cambridge Assessment International Education,Cambridge International AS & A Level,AS Level,,,,,
"Russia from autocracy to revolution, 1881–1924",What were the causes and outcomes of the 1905 Revolution up to 1914?,Reasons for the survival of the Tsarist regime — The Fundamental Laws and the Dumas,History,Cambridge Assessment International Education,Cambridge International AS & A Level,AS Level,,,,,
"Russia from autocracy to revolution, 1881–1924",What were the causes and outcomes of the 1905 Revolution up to 1914?,Reasons for the survival of the Tsarist regime — Repression,History,Cambridge Assessment International Education,Cambridge International AS & A Level,AS Level,,,,,
"Russia from autocracy to revolution, 1881–1924",What were the causes and outcomes of the 1905 Revolution up to 1914?,The extent of changes in Russia between 1905 and the start of the First World War — Stolypin’s agrarian reforms and their impact,History,Cambridge Assessment International Education,Cambridge International AS & A Level,AS Level,,,,,
"Russia from autocracy to revolution, 1881–1924",What were the causes and outcomes of the 1905 Revolution up to 1914?,The extent of changes in Russia between 1905 and the start of the First World War — Developments in industry and their impact,History,Cambridge Assessment International Education,Cambridge International AS & A Level,AS Level,,,,,
"Russia from autocracy to revolution, 1881–1924",How and why did the Bolsheviks seize power in October 1917?,The impact of the First World War on Tsarist rule — The impact of defeats during the First World War on the Tsar’s position,History,Cambridge Assessment International Education,Cambridge International AS & A Level,AS Level,,,,,
"Russia from autocracy to revolution, 1881–1924",How and why did the Bolsheviks seize power in October 1917?,The impact of the First World War on Tsarist rule — Weaknesses in the government during the war,History,Cambridge Assessment International Education,Cambridge International AS & A Level,AS Level,,,,,
"Russia from autocracy to revolution, 1881–1924",How and why did the Bolsheviks seize power in October 1917?,The causes and effects of the February Revolution,History,Cambridge Assessment International Education,Cambridge International AS & A Level,AS Level,,,,,
"Russia from autocracy to revolution, 1881–1924",How and why did the Bolsheviks seize power in October 1917?,Economic and social problems on the home front — Inflation,History,Cambridge Assessment International Education,Cambridge International AS & A Level,AS Level,,,,,
"Russia from autocracy to revolution, 1881–1924",How and why did the Bolsheviks seize power in October 1917?,Economic and social problems on the home front — Food shortages,History,Cambridge Assessment International Education,Cambridge International AS & A Level,AS Level,,,,,
"Russia from autocracy to revolution, 1881–1924",How and why did the Bolsheviks seize power in October 1917?,Economic and social problems on the home front — Land seizures,History,Cambridge Assessment International Education,Cambridge International AS & A Level,AS Level,,,,,
"Russia from autocracy to revolution, 1881–1924",How and why did the Bolsheviks seize power in October 1917?,Events of February 1917 leading to the abdication of the Tsar,History,Cambridge Assessment International Education,Cambridge International AS & A Level,AS Level,,,,,
"Russia from autocracy to revolution, 1881–1924",How and why did the Bolsheviks seize power in October 1917?,Formation and aims of the Provisional Government,History,Cambridge Assessment International Education,Cambridge International AS & A Level,AS Level,,,,,
"Russia from autocracy to revolution, 1881–1924",How and why did the Bolsheviks seize power in October 1917?,"Reasons for the failure of the Provisional Government — Challenges facing the Provisional Government leading to its failure, including: Failure to end the war; Need for land reform; The July Days; Kornilov Revolt",History,Cambridge Assessment International Education,Cambridge International AS & A Level,AS Level,,,,,
"Russia from autocracy to revolution, 1881–1924",How and why did the Bolsheviks seize power in October 1917?,"Reasons for the failure of the Provisional Government — Methods used by the Bolsheviks to seize power in October 1917, including: Bolshevik promises; Lenin’s leadership; The role of the Petrograd Soviet and Trotsky; Military Revolutionary Committee",History,Cambridge Assessment International Education,Cambridge International AS & A Level,AS Level,,,,,
"Russia from autocracy to revolution, 1881–1924",How and why did the Bolsheviks seize power in October 1917?,The events of the October Revolution,History,Cambridge Assessment International Education,Cambridge International AS & A Level,AS Level,,,,,
"Russia from autocracy to revolution, 1881–1924",How were the Bolsheviks able to consolidate their power up to 1924?,Bolshevik policies — Establishment of Sovnarkom,History,Cambridge Assessment International Education,Cambridge International AS & A Level,AS Level,,,,,
"Russia from autocracy to revolution, 1881–1924",How were the Bolsheviks able to consolidate their power up to 1924?,"Bolshevik policies — Decrees on rights, workers’ control, peace and land",History,Cambridge Assessment International Education,Cambridge International AS & A Level,AS Level,,,,,
"Russia from autocracy to revolution, 1881–1924",How were the Bolsheviks able to consolidate their power up to 1924?,Bolshevik policies — Treaty of Brest-Litovsk,History,Cambridge Assessment International Education,Cambridge International AS & A Level,AS Level,,,,,
"Russia from autocracy to revolution, 1881–1924",How were the Bolsheviks able to consolidate their power up to 1924?,The establishment of a dictatorship — The Cheka,History,Cambridge Assessment International Education,Cambridge International AS & A Level,AS Level,,,,,
"Russia from autocracy to revolution, 1881–1924",How were the Bolsheviks able to consolidate their power up to 1924?,The establishment of a dictatorship — The closure of the Constituent Assembly,History,Cambridge Assessment International Education,Cambridge International AS & A Level,AS Level,,,,,
"Russia from autocracy to revolution, 1881–1924",How were the Bolsheviks able to consolidate their power up to 1924?,"Reasons for the Bolshevik victory in the Civil War — Strengths of the Bolsheviks, including: Leadership; Popular support; Geographical factors; Unity and organisation; The introduction and impact of War Communism",History,Cambridge Assessment International Education,Cambridge International AS & A Level,AS Level,,,,,
"Russia from autocracy to revolution, 1881–1924",How were the Bolsheviks able to consolidate their power up to 1924?,"Reasons for the Bolshevik victory in the Civil War — Weaknesses of the Whites, including: Leadership; Use of conscription; Issues of supply; Foreign intervention",History,Cambridge Assessment International Education,Cambridge International AS & A Level,AS Level,,,,,
"Russia from autocracy to revolution, 1881–1924",How were the Bolsheviks able to consolidate their power up to 1924?,"The importance of the Kronstadt Mutiny — The Kronstadt Munity causes, events and impact",History,Cambridge Assessment International Education,Cambridge International AS & A Level,AS Level,,,,,
"Russia from autocracy to revolution, 1881–1924",How were the Bolsheviks able to consolidate their power up to 1924?,The importance of the Kronstadt Mutiny — The introduction and impact of the New Economic Policy,History,Cambridge Assessment International Education,Cambridge International AS & A Level,AS Level,,,,,
"The Civil War and Reconstruction, 1820–77",Why was there increasing tension between the North and the South before 1860?,The differing social and economic structures of the South and North — Industry versus agriculture,History,Cambridge Assessment International Education,Cambridge International AS & A Level,AS Level,,,,,
"The Civil War and Reconstruction, 1820–77",Why was there increasing tension between the North and the South before 1860?,The differing social and economic structures of the South and North — Tariff issues,History,Cambridge Assessment International Education,Cambridge International AS & A Level,AS Level,,,,,
"The Civil War and Reconstruction, 1820–77",Why was there increasing tension between the North and the South before 1860?,"The differing social and economic structures of the South and North — Missouri Compromise, 1820",History,Cambridge Assessment International Education,Cambridge International AS & A Level,AS Level,,,,,
"The Civil War and Reconstruction, 1820–77",Why was there increasing tension between the North and the South before 1860?,Impact of territorial expansion — Westward expansion,History,Cambridge Assessment International Education,Cambridge International AS & A Level,AS Level,,,,,
"The Civil War and Reconstruction, 1820–77",Why was there increasing tension between the North and the South before 1860?,"Impact of territorial expansion — The absorption of Texas and the Mexican War, 1846–48",History,Cambridge Assessment International Education,Cambridge International AS & A Level,AS Level,,,,,
"The Civil War and Reconstruction, 1820–77",Why was there increasing tension between the North and the South before 1860?,Impact of territorial expansion — The Wilmot Proviso,History,Cambridge Assessment International Education,Cambridge International AS & A Level,AS Level,,,,,
"The Civil War and Reconstruction, 1820–77",Why was there increasing tension between the North and the South before 1860?,Impact of territorial expansion — Emergence of Free Soil ideology,History,Cambridge Assessment International Education,Cambridge International AS & A Level,AS Level,,,,,
"The Civil War and Reconstruction, 1820–77",Why was there increasing tension between the North and the South before 1860?,Problems arising from the implementation of the Compromise of 1850 — Fugitive Slave Act,History,Cambridge Assessment International Education,Cambridge International AS & A Level,AS Level,,,,,
"The Civil War and Reconstruction, 1820–77",Why was there increasing tension between the North and the South before 1860?,Problems arising from the implementation of the Compromise of 1850 — Kansas–Nebraska Act,History,Cambridge Assessment International Education,Cambridge International AS & A Level,AS Level,,,,,
"The Civil War and Reconstruction, 1820–77",Why was there increasing tension between the North and the South before 1860?,Problems arising from the implementation of the Compromise of 1850 — ‘Bleeding Kansas’,History,Cambridge Assessment International Education,Cambridge International AS & A Level,AS Level,,,,,
"The Civil War and Reconstruction, 1820–77",Why was there increasing tension between the North and the South before 1860?,Problems arising from the implementation of the Compromise of 1850 — Brooks-Sumner incident,History,Cambridge Assessment International Education,Cambridge International AS & A Level,AS Level,,,,,
"The Civil War and Reconstruction, 1820–77",Why was there increasing tension between the North and the South before 1860?,Problems arising from the implementation of the Compromise of 1850 — Lecompton Constitution,History,Cambridge Assessment International Education,Cambridge International AS & A Level,AS Level,,,,,
"The Civil War and Reconstruction, 1820–77",Why was there increasing tension between the North and the South before 1860?,Changes in the party-political system — The decline of the Whig Party,History,Cambridge Assessment International Education,Cambridge International AS & A Level,AS Level,,,,,
"The Civil War and Reconstruction, 1820–77",Why was there increasing tension between the North and the South before 1860?,Changes in the party-political system — The rise of the Republican Party,History,Cambridge Assessment International Education,Cambridge International AS & A Level,AS Level,,,,,
"The Civil War and Reconstruction, 1820–77",Why was there increasing tension between the North and the South before 1860?,Changes in the party-political system — The Lincoln–Douglas debates,History,Cambridge Assessment International Education,Cambridge International AS & A Level,AS Level,,,,,
"The Civil War and Reconstruction, 1820–77",Why was there increasing tension between the North and the South before 1860?,Changes in the party-political system — Splits within the Democratic Party,History,Cambridge Assessment International Education,Cambridge International AS & A Level,AS Level,,,,,
"The Civil War and Reconstruction, 1820–77",Why did the Civil War break out in April 1861?,Growing strength of abolitionism and support for secession — The impact of ‘Uncle Tom’s Cabin’,History,Cambridge Assessment International Education,Cambridge International AS & A Level,AS Level,,,,,
"The Civil War and Reconstruction, 1820–77",Why did the Civil War break out in April 1861?,Growing strength of abolitionism and support for secession — John Brown and Harper’s Ferry,History,Cambridge Assessment International Education,Cambridge International AS & A Level,AS Level,,,,,
"The Civil War and Reconstruction, 1820–77",Why did the Civil War break out in April 1861?,Emerging notions of states’ rights and ‘slave power’ — The Dred Scott judgement,History,Cambridge Assessment International Education,Cambridge International AS & A Level,AS Level,,,,,
"The Civil War and Reconstruction, 1820–77",Why did the Civil War break out in April 1861?,The election campaigns of 1860 and reactions to the election results,History,Cambridge Assessment International Education,Cambridge International AS & A Level,AS Level,,,,,
"The Civil War and Reconstruction, 1820–77",Why did the Civil War break out in April 1861?,The failure of compromise and the attack on Fort Sumter — The stages of secession before and after Lincoln’s inauguration,History,Cambridge Assessment International Education,Cambridge International AS & A Level,AS Level,,,,,
"The Civil War and Reconstruction, 1820–77",Why did the Civil War last four years?,The military strategies and military leadership of the two sides — The Anaconda Plan of the North,History,Cambridge Assessment International Education,Cambridge International AS & A Level,AS Level,,,,,
"The Civil War and Reconstruction, 1820–77",Why did the Civil War last four years?,The military strategies and military leadership of the two sides — Defensive and offensive strategy of the South,History,Cambridge Assessment International Education,Cambridge International AS & A Level,AS Level,,,,,
"The Civil War and Reconstruction, 1820–77",Why did the Civil War last four years?,The military strategies and military leadership of the two sides — The strengths and weaknesses of the military leadership of both sides,History,Cambridge Assessment International Education,Cambridge International AS & A Level,AS Level,,,,,
"The Civil War and Reconstruction, 1820–77",Why did the Civil War last four years?,The resources available to the two sides — Industry,History,Cambridge Assessment International Education,Cambridge International AS & A Level,AS Level,,,,,
"The Civil War and Reconstruction, 1820–77",Why did the Civil War last four years?,The resources available to the two sides — Population,History,Cambridge Assessment International Education,Cambridge International AS & A Level,AS Level,,,,,
"The Civil War and Reconstruction, 1820–77",Why did the Civil War last four years?,The resources available to the two sides — Infrastructure,History,Cambridge Assessment International Education,Cambridge International AS & A Level,AS Level,,,,,
"The Civil War and Reconstruction, 1820–77",Why did the Civil War last four years?,The political leadership of the two sides — The roles of Lincoln and Davis,History,Cambridge Assessment International Education,Cambridge International AS & A Level,AS Level,,,,,
"The Civil War and Reconstruction, 1820–77",Why did the Civil War last four years?,"The political leadership of the two sides — Conscription, taxation and the management of resources",History,Cambridge Assessment International Education,Cambridge International AS & A Level,AS Level,,,,,
"The Civil War and Reconstruction, 1820–77",Why did the Civil War last four years?,The political leadership of the two sides — Retaining the support of the Border States,History,Cambridge Assessment International Education,Cambridge International AS & A Level,AS Level,,,,,
"The Civil War and Reconstruction, 1820–77",Why did the Civil War last four years?,"The political leadership of the two sides — Reasons for, and consequences of, the Emancipation Proclamation",History,Cambridge Assessment International Education,Cambridge International AS & A Level,AS Level,,,,,
"The Civil War and Reconstruction, 1820–77",Why did the Civil War last four years?,The political leadership of the two sides — Limitations on civil liberties,History,Cambridge Assessment International Education,Cambridge International AS & A Level,AS Level,,,,,
"The Civil War and Reconstruction, 1820–77",Why did the Civil War last four years?,The role of foreign powers — Great Britain,History,Cambridge Assessment International Education,Cambridge International AS & A Level,AS Level,,,,,
"The Civil War and Reconstruction, 1820–77",Why did the Civil War last four years?,The role of foreign powers — France,History,Cambridge Assessment International Education,Cambridge International AS & A Level,AS Level,,,,,
"The Civil War and Reconstruction, 1820–77",Why did the Civil War last four years?,The role of foreign powers — Russia,History,Cambridge Assessment International Education,Cambridge International AS & A Level,AS Level,,,,,
"The Civil War and Reconstruction, 1820–77",What were the aims of Reconstruction and how successful was it?,"The problems facing the United States at the end of the Civil War — The conflicting views of the Radicals, Conservatives and Copperheads",History,Cambridge Assessment International Education,Cambridge International AS & A Level,AS Level,,,,,
"The Civil War and Reconstruction, 1820–77",What were the aims of Reconstruction and how successful was it?,The problems facing the United States at the end of the Civil War — Economic recovery and the management and reintegration of the South,History,Cambridge Assessment International Education,Cambridge International AS & A Level,AS Level,,,,,
"The Civil War and Reconstruction, 1820–77",What were the aims of Reconstruction and how successful was it?,"The roles of Lincoln, Johnson and Congress — Lincoln, the Wade-Davis Bill and his legacy",History,Cambridge Assessment International Education,Cambridge International AS & A Level,AS Level,,,,,
"The Civil War and Reconstruction, 1820–77",What were the aims of Reconstruction and how successful was it?,"The roles of Lincoln, Johnson and Congress — The policies of Johnson between 1865 and 1869",History,Cambridge Assessment International Education,Cambridge International AS & A Level,AS Level,,,,,
"The Civil War and Reconstruction, 1820–77",What were the aims of Reconstruction and how successful was it?,"The roles of Lincoln, Johnson and Congress — Congress and Radical Reconstruction",History,Cambridge Assessment International Education,Cambridge International AS & A Level,AS Level,,,,,
"The Civil War and Reconstruction, 1820–77",What were the aims of Reconstruction and how successful was it?,"The roles of Lincoln, Johnson and Congress — The reasons for, and impact of, the 13th, 14th and 15th Constitutional Amendments",History,Cambridge Assessment International Education,Cambridge International AS & A Level,AS Level,,,,,
"The Civil War and Reconstruction, 1820–77",What were the aims of Reconstruction and how successful was it?,The changing position of former slaves and responses of the White South — The Freedmen’s Bureau and sharecropping,History,Cambridge Assessment International Education,Cambridge International AS & A Level,AS Level,,,,,
"The Civil War and Reconstruction, 1820–77",What were the aims of Reconstruction and how successful was it?,"The changing position of former slaves and responses of the White South — Carpetbaggers, the Black Codes and the rise of the Ku Klux Klan",History,Cambridge Assessment International Education,Cambridge International AS & A Level,AS Level,,,,,
"The Civil War and Reconstruction, 1820–77",What were the aims of Reconstruction and how successful was it?,The changing position of former slaves and responses of the White South — The rise in violence,History,Cambridge Assessment International Education,Cambridge International AS & A Level,AS Level,,,,,
"The Civil War and Reconstruction, 1820–77",What were the aims of Reconstruction and how successful was it?,The changing position of former slaves and responses of the White South — The growing dominance of whites in the governments and legislatures of the South,History,Cambridge Assessment International Education,Cambridge International AS & A Level,AS Level,,,,,
"The Civil War and Reconstruction, 1820–77",What were the aims of Reconstruction and how successful was it?,"Grant’s Reconstruction policies, the Compromise of 1877 and the end of Reconstruction — The Force Acts, the Amnesty Act, the Civil Rights Act and Grant’s support for them",History,Cambridge Assessment International Education,Cambridge International AS & A Level,AS Level,,,,,
"The Civil War and Reconstruction, 1820–77",What were the aims of Reconstruction and how successful was it?,"Grant’s Reconstruction policies, the Compromise of 1877 and the end of Reconstruction — The reasons for, and the results of, the Compromise of 1877",History,Cambridge Assessment International Education,Cambridge International AS & A Level,AS Level,,,,,
"The Civil War and Reconstruction, 1820–77",What were the aims of Reconstruction and how successful was it?,"Grant’s Reconstruction policies, the Compromise of 1877 and the end of Reconstruction — The extent to which Reconstruction should be seen as a success or a failure",History,Cambridge Assessment International Education,Cambridge International AS & A Level,AS Level,,,,,
"The Gilded Age and the Progressive Era, 1870–1920",Why was there rapid industrialisation after 1870?,The impact of the Civil War on industrialisation — Opening of the West,History,Cambridge Assessment International Education,Cambridge International AS & A Level,AS Level,,,,,
"The Gilded Age and the Progressive Era, 1870–1920",Why was there rapid industrialisation after 1870?,The impact of the Civil War on industrialisation — Railroad expansion,History,Cambridge Assessment International Education,Cambridge International AS & A Level,AS Level,,,,,
"The Gilded Age and the Progressive Era, 1870–1920",Why was there rapid industrialisation after 1870?,The impact of the Civil War on industrialisation — Industrial expansion,History,Cambridge Assessment International Education,Cambridge International AS & A Level,AS Level,,,,,
"The Gilded Age and the Progressive Era, 1870–1920",Why was there rapid industrialisation after 1870?,Population growth — Migration of emancipated slaves North and West,History,Cambridge Assessment International Education,Cambridge International AS & A Level,AS Level,,,,,
"The Gilded Age and the Progressive Era, 1870–1920",Why was there rapid industrialisation after 1870?,Population growth — Mass immigration into the United States,History,Cambridge Assessment International Education,Cambridge International AS & A Level,AS Level,,,,,
"The Gilded Age and the Progressive Era, 1870–1920",Why was there rapid industrialisation after 1870?,Availability of natural resources — Raw materials and food,History,Cambridge Assessment International Education,Cambridge International AS & A Level,AS Level,,,,,
"The Gilded Age and the Progressive Era, 1870–1920",Why was there rapid industrialisation after 1870?,Availability of natural resources — Energy resources,History,Cambridge Assessment International Education,Cambridge International AS & A Level,AS Level,,,,,
"The Gilded Age and the Progressive Era, 1870–1920",Why was there rapid industrialisation after 1870?,Availability of natural resources — Access to export markets,History,Cambridge Assessment International Education,Cambridge International AS & A Level,AS Level,,,,,
"The Gilded Age and the Progressive Era, 1870–1920",Why was there rapid industrialisation after 1870?,Lack of regulation and support from State and Federal Governments — Tariffs,History,Cambridge Assessment International Education,Cambridge International AS & A Level,AS Level,,,,,
"The Gilded Age and the Progressive Era, 1870–1920",Why was there rapid industrialisation after 1870?,Lack of regulation and support from State and Federal Governments — Money supply and availability of capital,History,Cambridge Assessment International Education,Cambridge International AS & A Level,AS Level,,,,,
"The Gilded Age and the Progressive Era, 1870–1920",Why was there rapid industrialisation after 1870?,Lack of regulation and support from State and Federal Governments — Banking systems,History,Cambridge Assessment International Education,Cambridge International AS & A Level,AS Level,,,,,
"The Gilded Age and the Progressive Era, 1870–1920",Why was there rapid industrialisation after 1870?,Technological innovation — Electrical power and the internal combustion engine,History,Cambridge Assessment International Education,Cambridge International AS & A Level,AS Level,,,,,
"The Gilded Age and the Progressive Era, 1870–1920",Why was there rapid industrialisation after 1870?,Technological innovation — The typewriter and the telephone,History,Cambridge Assessment International Education,Cambridge International AS & A Level,AS Level,,,,,
"The Gilded Age and the Progressive Era, 1870–1920",Why was there rapid industrialisation after 1870?,Technological innovation — US system of patents,History,Cambridge Assessment International Education,Cambridge International AS & A Level,AS Level,,,,,
"The Gilded Age and the Progressive Era, 1870–1920",Why was there rapid industrialisation after 1870?,Technological innovation — Developments in steel production,History,Cambridge Assessment International Education,Cambridge International AS & A Level,AS Level,,,,,
"The Gilded Age and the Progressive Era, 1870–1920",Why was there rapid industrialisation after 1870?,Contemporary social attitudes towards commercial growth and success,History,Cambridge Assessment International Education,Cambridge International AS & A Level,AS Level,,,,,
"The Gilded Age and the Progressive Era, 1870–1920",What were the consequences of the rapid economic growth after 1870?,Industrial expansion and economic recessions — The nature and extent of industrial growth,History,Cambridge Assessment International Education,Cambridge International AS & A Level,AS Level,,,,,
"The Gilded Age and the Progressive Era, 1870–1920",What were the consequences of the rapid economic growth after 1870?,"Industrial expansion and economic recessions — The reasons for, and consequences of, the ‘Panics’",History,Cambridge Assessment International Education,Cambridge International AS & A Level,AS Level,,,,,
"The Gilded Age and the Progressive Era, 1870–1920",What were the consequences of the rapid economic growth after 1870?,The social impact of industrialisation and urbanisation — Living and working conditions,History,Cambridge Assessment International Education,Cambridge International AS & A Level,AS Level,,,,,
"The Gilded Age and the Progressive Era, 1870–1920",What were the consequences of the rapid economic growth after 1870?,The social impact of industrialisation and urbanisation — Housing,History,Cambridge Assessment International Education,Cambridge International AS & A Level,AS Level,,,,,
"The Gilded Age and the Progressive Era, 1870–1920",What were the consequences of the rapid economic growth after 1870?,The social impact of industrialisation and urbanisation — Health,History,Cambridge Assessment International Education,Cambridge International AS & A Level,AS Level,,,,,
"The Gilded Age and the Progressive Era, 1870–1920",What were the consequences of the rapid economic growth after 1870?,The social impact of industrialisation and urbanisation — The ‘Boss’ system,History,Cambridge Assessment International Education,Cambridge International AS & A Level,AS Level,,,,,
"The Gilded Age and the Progressive Era, 1870–1920",What were the consequences of the rapid economic growth after 1870?,"The growth of trusts and monopolies — Impact on political parties, states and legislatures",History,Cambridge Assessment International Education,Cambridge International AS & A Level,AS Level,,,,,
"The Gilded Age and the Progressive Era, 1870–1920",What were the consequences of the rapid economic growth after 1870?,The growth of trusts and monopolies — Impact on the Federal government and the economy,History,Cambridge Assessment International Education,Cambridge International AS & A Level,AS Level,,,,,
"The Gilded Age and the Progressive Era, 1870–1920",What were the consequences of the rapid economic growth after 1870?,The growth of trusts and monopolies — The Robber Barons,History,Cambridge Assessment International Education,Cambridge International AS & A Level,AS Level,,,,,
"The Gilded Age and the Progressive Era, 1870–1920",What were the consequences of the rapid economic growth after 1870?,The rise of organised labour and the growth of populist movements — The National Labor movement,History,Cambridge Assessment International Education,Cambridge International AS & A Level,AS Level,,,,,
"The Gilded Age and the Progressive Era, 1870–1920",What were the consequences of the rapid economic growth after 1870?,The rise of organised labour and the growth of populist movements — The Knights of Labor and the American Federation of Labor,History,Cambridge Assessment International Education,Cambridge International AS & A Level,AS Level,,,,,
"The Gilded Age and the Progressive Era, 1870–1920",What were the consequences of the rapid economic growth after 1870?,The rise of organised labour and the growth of populist movements — Farm organisations and the Granger Movement,History,Cambridge Assessment International Education,Cambridge International AS & A Level,AS Level,,,,,
"The Gilded Age and the Progressive Era, 1870–1920",What were the consequences of the rapid economic growth after 1870?,The rise of organised labour and the growth of populist movements — The Greenback Party,History,Cambridge Assessment International Education,Cambridge International AS & A Level,AS Level,,,,,
"The Gilded Age and the Progressive Era, 1870–1920",Why did the Progressive Movement develop and what were its aims and policies?,The reasons for the growth of the reform movement — The work of the muckrakers,History,Cambridge Assessment International Education,Cambridge International AS & A Level,AS Level,,,,,
"The Gilded Age and the Progressive Era, 1870–1920",Why did the Progressive Movement develop and what were its aims and policies?,The reasons for the growth of the reform movement — Temperance movement,History,Cambridge Assessment International Education,Cambridge International AS & A Level,AS Level,,,,,
"The Gilded Age and the Progressive Era, 1870–1920",Why did the Progressive Movement develop and what were its aims and policies?,The reasons for the growth of the reform movement — The frequency of banking ‘panics’ and the concentration of wealth in the hands of the few,History,Cambridge Assessment International Education,Cambridge International AS & A Level,AS Level,,,,,
"The Gilded Age and the Progressive Era, 1870–1920",Why did the Progressive Movement develop and what were its aims and policies?,The reasons for the growth of the reform movement — The impact of rapid and uncontrolled urbanisation and endemic corruption,History,Cambridge Assessment International Education,Cambridge International AS & A Level,AS Level,,,,,
"The Gilded Age and the Progressive Era, 1870–1920",Why did the Progressive Movement develop and what were its aims and policies?,The reasons for the growth of the reform movement — The demand by women’s groups for radical social change and their participation in society and government,History,Cambridge Assessment International Education,Cambridge International AS & A Level,AS Level,,,,,
"The Gilded Age and the Progressive Era, 1870–1920",Why did the Progressive Movement develop and what were its aims and policies?,"Reforms in cities, states, Congress, Federal Government and political parties — Widening the franchise and reforming elections",History,Cambridge Assessment International Education,Cambridge International AS & A Level,AS Level,,,,,
"The Gilded Age and the Progressive Era, 1870–1920",Why did the Progressive Movement develop and what were its aims and policies?,"Reforms in cities, states, Congress, Federal Government and political parties — Primary elections and the direct election of Senators",History,Cambridge Assessment International Education,Cambridge International AS & A Level,AS Level,,,,,
"The Gilded Age and the Progressive Era, 1870–1920",Why did the Progressive Movement develop and what were its aims and policies?,"Reforms in cities, states, Congress, Federal Government and political parties — Civil Service reform",History,Cambridge Assessment International Education,Cambridge International AS & A Level,AS Level,,,,,
"The Gilded Age and the Progressive Era, 1870–1920",Why did the Progressive Movement develop and what were its aims and policies?,"The regulation of banking, business and industry — The recognition of labor unions",History,Cambridge Assessment International Education,Cambridge International AS & A Level,AS Level,,,,,
"The Gilded Age and the Progressive Era, 1870–1920",Why did the Progressive Movement develop and what were its aims and policies?,"The regulation of banking, business and industry — Regulation of working conditions",History,Cambridge Assessment International Education,Cambridge International AS & A Level,AS Level,,,,,
"The Gilded Age and the Progressive Era, 1870–1920",Why did the Progressive Movement develop and what were its aims and policies?,"The regulation of banking, business and industry — New controls over banks, insurance companies, trusts and the Stock Market",History,Cambridge Assessment International Education,Cambridge International AS & A Level,AS Level,,,,,
"The Gilded Age and the Progressive Era, 1870–1920",How successful was the Progressive Movement from 1890 to 1920?,"The role of the Presidents, Roosevelt, Taft and Wilson — The changing role of the presidency",History,Cambridge Assessment International Education,Cambridge International AS & A Level,AS Level,,,,,
"The Gilded Age and the Progressive Era, 1870–1920",How successful was the Progressive Movement from 1890 to 1920?,"The role of the Presidents, Roosevelt, Taft and Wilson — The increasing intervention by the Federal Government in social and economic affairs",History,Cambridge Assessment International Education,Cambridge International AS & A Level,AS Level,,,,,
"The Gilded Age and the Progressive Era, 1870–1920",How successful was the Progressive Movement from 1890 to 1920?,"The growth of regulation by city, state and federal governments — Transport, food and drugs and environmental protection",History,Cambridge Assessment International Education,Cambridge International AS & A Level,AS Level,,,,,
"The Gilded Age and the Progressive Era, 1870–1920",How successful was the Progressive Movement from 1890 to 1920?,"The growth of regulation by city, state and federal governments — Working and living conditions",History,Cambridge Assessment International Education,Cambridge International AS & A Level,AS Level,,,,,
"The Gilded Age and the Progressive Era, 1870–1920",How successful was the Progressive Movement from 1890 to 1920?,"The growth of regulation by city, state and federal governments — Banks, businesses, the stock market, monopolies and trusts",History,Cambridge Assessment International Education,Cambridge International AS & A Level,AS Level,,,,,
"The Gilded Age and the Progressive Era, 1870–1920",How successful was the Progressive Movement from 1890 to 1920?,"The growth of regulation by city, state and federal governments — Anti-corruption measures",History,Cambridge Assessment International Education,Cambridge International AS & A Level,AS Level,,,,,
"The Gilded Age and the Progressive Era, 1870–1920",How successful was the Progressive Movement from 1890 to 1920?,The amendments to the Constitution — 16th amendment,History,Cambridge Assessment International Education,Cambridge International AS & A Level,AS Level,,,,,
"The Gilded Age and the Progressive Era, 1870–1920",How successful was the Progressive Movement from 1890 to 1920?,The amendments to the Constitution — 17th amendment,History,Cambridge Assessment International Education,Cambridge International AS & A Level,AS Level,,,,,
"The Gilded Age and the Progressive Era, 1870–1920",How successful was the Progressive Movement from 1890 to 1920?,The amendments to the Constitution — 18th amendment,History,Cambridge Assessment International Education,Cambridge International AS & A Level,AS Level,,,,,
"The Gilded Age and the Progressive Era, 1870–1920",How successful was the Progressive Movement from 1890 to 1920?,The amendments to the Constitution — 19th amendment,History,Cambridge Assessment International Education,Cambridge International AS & A Level,AS Level,,,,,
"The Gilded Age and the Progressive Era, 1870–1920",How successful was the Progressive Movement from 1890 to 1920?,The impact of pressure groups and the role played by women,History,Cambridge Assessment International Education,Cambridge International AS & A Level,AS Level,,,,,
"The Gilded Age and the Progressive Era, 1870–1920",How successful was the Progressive Movement from 1890 to 1920?,The remaining problems of the Progressive movement — The nature and extent of the legislation,History,Cambridge Assessment International Education,Cambridge International AS & A Level,AS Level,,,,,
"The Gilded Age and the Progressive Era, 1870–1920",How successful was the Progressive Movement from 1890 to 1920?,The remaining problems of the Progressive movement — Minorities,History,Cambridge Assessment International Education,Cambridge International AS & A Level,AS Level,,,,,
"The Gilded Age and the Progressive Era, 1870–1920",How successful was the Progressive Movement from 1890 to 1920?,The remaining problems of the Progressive movement — Gender inequality,History,Cambridge Assessment International Education,Cambridge International AS & A Level,AS Level,,,,,
"The Gilded Age and the Progressive Era, 1870–1920",How successful was the Progressive Movement from 1890 to 1920?,The remaining problems of the Progressive movement — Rural deprivation,History,Cambridge Assessment International Education,Cambridge International AS & A Level,AS Level,,,,,
"The Great Crash, the Great Depression and the New Deal, 1920–41",What were the causes of the Great Crash and the Great Depression?,The Republican administrations of 1921–29 — Economic policy under the Harding and Coolidge administrations,History,Cambridge Assessment International Education,Cambridge International AS & A Level,AS Level,,,,,
"The Great Crash, the Great Depression and the New Deal, 1920–41",What were the causes of the Great Crash and the Great Depression?,The Republican administrations of 1921–29 — The post-war economic boom,History,Cambridge Assessment International Education,Cambridge International AS & A Level,AS Level,,,,,
"The Great Crash, the Great Depression and the New Deal, 1920–41",What were the causes of the Great Crash and the Great Depression?,The Republican administrations of 1921–29 — Unequal distribution of wealth,History,Cambridge Assessment International Education,Cambridge International AS & A Level,AS Level,,,,,
"The Great Crash, the Great Depression and the New Deal, 1920–41",What were the causes of the Great Crash and the Great Depression?,The Republican administrations of 1921–29 — Urban/rural divide,History,Cambridge Assessment International Education,Cambridge International AS & A Level,AS Level,,,,,
"The Great Crash, the Great Depression and the New Deal, 1920–41",What were the causes of the Great Crash and the Great Depression?,The causes of the Great Crash — A decline in confidence in the American economy,History,Cambridge Assessment International Education,Cambridge International AS & A Level,AS Level,,,,,
"The Great Crash, the Great Depression and the New Deal, 1920–41",What were the causes of the Great Crash and the Great Depression?,The causes of the Great Crash — The stock market boom and lack of regulation,History,Cambridge Assessment International Education,Cambridge International AS & A Level,AS Level,,,,,
"The Great Crash, the Great Depression and the New Deal, 1920–41",What were the causes of the Great Crash and the Great Depression?,The causes of the Great Crash — Speculation and the overvaluation of stocks,History,Cambridge Assessment International Education,Cambridge International AS & A Level,AS Level,,,,,
"The Great Crash, the Great Depression and the New Deal, 1920–41",What were the causes of the Great Crash and the Great Depression?,The causes of the Great Depression — The impact of the First World War on the US and international trade,History,Cambridge Assessment International Education,Cambridge International AS & A Level,AS Level,,,,,
"The Great Crash, the Great Depression and the New Deal, 1920–41",What were the causes of the Great Crash and the Great Depression?,"The causes of the Great Depression — Structural weaknesses in the US economy and the banking system, and the role of the Federal Reserve",History,Cambridge Assessment International Education,Cambridge International AS & A Level,AS Level,,,,,
"The Great Crash, the Great Depression and the New Deal, 1920–41",What were the causes of the Great Crash and the Great Depression?,"The causes of the Great Depression — Agriculture, the old and new industries, mass production and oversupply",History,Cambridge Assessment International Education,Cambridge International AS & A Level,AS Level,,,,,
"The Great Crash, the Great Depression and the New Deal, 1920–41",What was the impact of the Great Crash and the Great Depression in the United States?,The impact of the Great Crash — The drop in the value of shares and the crisis of confidence,History,Cambridge Assessment International Education,Cambridge International AS & A Level,AS Level,,,,,
"The Great Crash, the Great Depression and the New Deal, 1920–41",What was the impact of the Great Crash and the Great Depression in the United States?,"The impact of the Great Crash — Bankruptcy for banks, insurance companies and individuals",History,Cambridge Assessment International Education,Cambridge International AS & A Level,AS Level,,,,,
"The Great Crash, the Great Depression and the New Deal, 1920–41",What was the impact of the Great Crash and the Great Depression in the United States?,The impact of the Great Crash — The demand for greater regulation,History,Cambridge Assessment International Education,Cambridge International AS & A Level,AS Level,,,,,
"The Great Crash, the Great Depression and the New Deal, 1920–41",What was the impact of the Great Crash and the Great Depression in the United States?,"The impact of the Great Depression — Mass unemployment, agricultural depression and the collapse of industry",History,Cambridge Assessment International Education,Cambridge International AS & A Level,AS Level,,,,,
"The Great Crash, the Great Depression and the New Deal, 1920–41",What was the impact of the Great Crash and the Great Depression in the United States?,The impact of the Great Depression — Deflation,History,Cambridge Assessment International Education,Cambridge International AS & A Level,AS Level,,,,,
"The Great Crash, the Great Depression and the New Deal, 1920–41",What was the impact of the Great Crash and the Great Depression in the United States?,"The impact of the Great Depression — The lack of welfare, Hoovervilles, employment discrimination and the impact on families and minorities",History,Cambridge Assessment International Education,Cambridge International AS & A Level,AS Level,,,,,
"The Great Crash, the Great Depression and the New Deal, 1920–41",What was the impact of the Great Crash and the Great Depression in the United States?,The response of the Hoover Administration to the Great Depression — The conflicting views over solutions to the Great Depression,History,Cambridge Assessment International Education,Cambridge International AS & A Level,AS Level,,,,,
"The Great Crash, the Great Depression and the New Deal, 1920–41",What was the impact of the Great Crash and the Great Depression in the United States?,"The response of the Hoover Administration to the Great Depression — The support for agriculture, home loans, the Reconstruction Finance Corporation (RFC) and the Relief and Reconstruction Act",History,Cambridge Assessment International Education,Cambridge International AS & A Level,AS Level,,,,,
"The Great Crash, the Great Depression and the New Deal, 1920–41",What was the impact of the Great Crash and the Great Depression in the United States?,The response of the Hoover Administration to the Great Depression — The treatment of the Bonus Marchers and degree of support for welfare,History,Cambridge Assessment International Education,Cambridge International AS & A Level,AS Level,,,,,
"The Great Crash, the Great Depression and the New Deal, 1920–41",What was the impact of the Great Crash and the Great Depression in the United States?,The election of 1932 and creation of the New Deal coalition,History,Cambridge Assessment International Education,Cambridge International AS & A Level,AS Level,,,,,
"The Great Crash, the Great Depression and the New Deal, 1920–41",How successful was Roosevelt’s first New Deal?,The situation in March 1933 and the new administration — The growing crisis between January and March 1933,History,Cambridge Assessment International Education,Cambridge International AS & A Level,AS Level,,,,,
"The Great Crash, the Great Depression and the New Deal, 1920–41",How successful was Roosevelt’s first New Deal?,The situation in March 1933 and the new administration — The new administration and the Brains Trust,History,Cambridge Assessment International Education,Cambridge International AS & A Level,AS Level,,,,,
"The Great Crash, the Great Depression and the New Deal, 1920–41",How successful was Roosevelt’s first New Deal?,The situation in March 1933 and the new administration — The Democratic majority in Congress,History,Cambridge Assessment International Education,Cambridge International AS & A Level,AS Level,,,,,
"The Great Crash, the Great Depression and the New Deal, 1920–41",How successful was Roosevelt’s first New Deal?,The First 100 Days — Congressional legislation,History,Cambridge Assessment International Education,Cambridge International AS & A Level,AS Level,,,,,
"The Great Crash, the Great Depression and the New Deal, 1920–41",How successful was Roosevelt’s first New Deal?,The First 100 Days — Executive actions,History,Cambridge Assessment International Education,Cambridge International AS & A Level,AS Level,,,,,
"The Great Crash, the Great Depression and the New Deal, 1920–41",How successful was Roosevelt’s first New Deal?,The First 100 Days — The new Administrations,History,Cambridge Assessment International Education,Cambridge International AS & A Level,AS Level,,,,,
"The Great Crash, the Great Depression and the New Deal, 1920–41",How successful was Roosevelt’s first New Deal?,"The Impact of the New Deal and the Alphabet Administrations — The support for agriculture, business and industry",History,Cambridge Assessment International Education,Cambridge International AS & A Level,AS Level,,,,,
"The Great Crash, the Great Depression and the New Deal, 1920–41",How successful was Roosevelt’s first New Deal?,"The Impact of the New Deal and the Alphabet Administrations — The regulation of banking, finance, the stock market, agriculture and industry",History,Cambridge Assessment International Education,Cambridge International AS & A Level,AS Level,,,,,
"The Great Crash, the Great Depression and the New Deal, 1920–41",How successful was Roosevelt’s first New Deal?,"The Impact of the New Deal and the Alphabet Administrations — The creation of jobs, the support for families and the destitute",History,Cambridge Assessment International Education,Cambridge International AS & A Level,AS Level,,,,,
"The Great Crash, the Great Depression and the New Deal, 1920–41",How successful was Roosevelt’s first New Deal?,"Critics and opponents of the New Deal and the impact of the Supreme Court decisions — Critics from the Left, including socialists and communists, Townsend, Coughlin and Long",History,Cambridge Assessment International Education,Cambridge International AS & A Level,AS Level,,,,,
"The Great Crash, the Great Depression and the New Deal, 1920–41",How successful was Roosevelt’s first New Deal?,"Critics and opponents of the New Deal and the impact of the Supreme Court decisions — Critics from the Right, including Republicans, Southern Democrats, industry, business and the press",History,Cambridge Assessment International Education,Cambridge International AS & A Level,AS Level,,,,,
"The Great Crash, the Great Depression and the New Deal, 1920–41",How successful was Roosevelt’s first New Deal?,Critics and opponents of the New Deal and the impact of the Supreme Court decisions — The Supreme Court’s rulings on the New Deal,History,Cambridge Assessment International Education,Cambridge International AS & A Level,AS Level,,,,,
"The Great Crash, the Great Depression and the New Deal, 1920–41",How successful was Roosevelt’s first New Deal?,Critics and opponents of the New Deal and the impact of the Supreme Court decisions — Roosevelt’s Court packing plan and his new appointments to the Court,History,Cambridge Assessment International Education,Cambridge International AS & A Level,AS Level,,,,,
"The Great Crash, the Great Depression and the New Deal, 1920–41",Why was there a second New Deal and how successful was it?,The election of 1936 and Roosevelt’s political skills — Maintaining the New Deal coalition,History,Cambridge Assessment International Education,Cambridge International AS & A Level,AS Level,,,,,
"The Great Crash, the Great Depression and the New Deal, 1920–41",Why was there a second New Deal and how successful was it?,The election of 1936 and Roosevelt’s political skills — The popularity of the New Deal and the nature of Democratic support,History,Cambridge Assessment International Education,Cambridge International AS & A Level,AS Level,,,,,
"The Great Crash, the Great Depression and the New Deal, 1920–41",Why was there a second New Deal and how successful was it?,The election of 1936 and Roosevelt’s political skills — Roosevelt’s communication skills and use of patronage,History,Cambridge Assessment International Education,Cambridge International AS & A Level,AS Level,,,,,
"The Great Crash, the Great Depression and the New Deal, 1920–41",Why was there a second New Deal and how successful was it?,The reasons for a second New Deal and its development — Roosevelt’s motives for the legislation of 1935–37,History,Cambridge Assessment International Education,Cambridge International AS & A Level,AS Level,,,,,
"The Great Crash, the Great Depression and the New Deal, 1920–41",Why was there a second New Deal and how successful was it?,The reasons for a second New Deal and its development — The principal legislation of 1935–37,History,Cambridge Assessment International Education,Cambridge International AS & A Level,AS Level,,,,,
"The Great Crash, the Great Depression and the New Deal, 1920–41",Why was there a second New Deal and how successful was it?,The reasons for a second New Deal and its development — The impact and importance of the Second New Deal,History,Cambridge Assessment International Education,Cambridge International AS & A Level,AS Level,,,,,
"The Great Crash, the Great Depression and the New Deal, 1920–41",Why was there a second New Deal and how successful was it?,The recession of 1937–38 — The causes of the recession,History,Cambridge Assessment International Education,Cambridge International AS & A Level,AS Level,,,,,
"The Great Crash, the Great Depression and the New Deal, 1920–41",Why was there a second New Deal and how successful was it?,"The recession of 1937–38 — The impact on employment, business and society",History,Cambridge Assessment International Education,Cambridge International AS & A Level,AS Level,,,,,
"The Great Crash, the Great Depression and the New Deal, 1920–41",Why was there a second New Deal and how successful was it?,The recession of 1937–38 — The reasons for its decline,History,Cambridge Assessment International Education,Cambridge International AS & A Level,AS Level,,,,,
"The Great Crash, the Great Depression and the New Deal, 1920–41",Why was there a second New Deal and how successful was it?,The impact of the Second New Deal by 1941 — Groups that benefitted from the New Deal,History,Cambridge Assessment International Education,Cambridge International AS & A Level,AS Level,,,,,
"The Great Crash, the Great Depression and the New Deal, 1920–41",Why was there a second New Deal and how successful was it?,The impact of the Second New Deal by 1941 — Groups who did not benefit from the New Deal,History,Cambridge Assessment International Education,Cambridge International AS & A Level,AS Level,,,,,
"The Great Crash, the Great Depression and the New Deal, 1920–41",Why was there a second New Deal and how successful was it?,The impact of the Second New Deal by 1941 — Changes to the role of the American government,History,Cambridge Assessment International Education,Cambridge International AS & A Level,AS Level,,,,,
"The Great Crash, the Great Depression and the New Deal, 1920–41",Why was there a second New Deal and how successful was it?,The impact of the Second New Deal by 1941 — Economic recovery,History,Cambridge Assessment International Education,Cambridge International AS & A Level,AS Level,,,,,
"Imperialism and the emergence of world powers, c.1870–1918",Why was imperialism a significant force in Africa from 1870?,Motives for the Scramble for Africa by European countries — Economic,History,Cambridge Assessment International Education,Cambridge International AS & A Level,AS Level,,,,,
"Imperialism and the emergence of world powers, c.1870–1918",Why was imperialism a significant force in Africa from 1870?,"Motives for the Scramble for Africa by European countries — Religious and cultural, ‘the civilising mission’",History,Cambridge Assessment International Education,Cambridge International AS & A Level,AS Level,,,,,
"Imperialism and the emergence of world powers, c.1870–1918",Why was imperialism a significant force in Africa from 1870?,Motives for the Scramble for Africa by European countries — National and strategic rivalry,History,Cambridge Assessment International Education,Cambridge International AS & A Level,AS Level,,,,,
"Imperialism and the emergence of world powers, c.1870–1918",Why was imperialism a significant force in Africa from 1870?,Process of colonisation of Africa — Expansion and government of colonies: direct and indirect,History,Cambridge Assessment International Education,Cambridge International AS & A Level,AS Level,,,,,
"Imperialism and the emergence of world powers, c.1870–1918",Why was imperialism a significant force in Africa from 1870?,"Process of colonisation of Africa — Activities of European explorers, including: Barth; Livingstone; Stanley",History,Cambridge Assessment International Education,Cambridge International AS & A Level,AS Level,,,,,
"Imperialism and the emergence of world powers, c.1870–1918",Why was imperialism a significant force in Africa from 1870?,Process of colonisation of Africa — Influence of the advance of technology/science,History,Cambridge Assessment International Education,Cambridge International AS & A Level,AS Level,,,,,
"Imperialism and the emergence of world powers, c.1870–1918",Why was imperialism a significant force in Africa from 1870?,Process of colonisation of Africa — Development of the Suez Canal,History,Cambridge Assessment International Education,Cambridge International AS & A Level,AS Level,,,,,
"Imperialism and the emergence of world powers, c.1870–1918",Why was imperialism a significant force in Africa from 1870?,Impact of colonialism on Africa — Imposition of arbitrary boundaries by colonising powers,History,Cambridge Assessment International Education,Cambridge International AS & A Level,AS Level,,,,,
"Imperialism and the emergence of world powers, c.1870–1918",Why was imperialism a significant force in Africa from 1870?,Impact of colonialism on Africa — Human exploitation and abuse: the Belgian Congo,History,Cambridge Assessment International Education,Cambridge International AS & A Level,AS Level,,,,,
"Imperialism and the emergence of world powers, c.1870–1918",Why was imperialism a significant force in Africa from 1870?,"Impact of colonialism on Africa — Conversion to Christianity, healthcare and education",History,Cambridge Assessment International Education,Cambridge International AS & A Level,AS Level,,,,,
"Imperialism and the emergence of world powers, c.1870–1918",Why was imperialism a significant force in Africa from 1870?,Impact of colonialism on Africa — Infrastructure development,History,Cambridge Assessment International Education,Cambridge International AS & A Level,AS Level,,,,,
"Imperialism and the emergence of world powers, c.1870–1918",Why was imperialism a significant force in Africa from 1870?,"Impact of colonialism on Africa — Causes and impact of African resistance, including: The Anglo-Zulu war of 1879; Ndebele rebellion; The Battle of Adwa; Herero War",History,Cambridge Assessment International Education,Cambridge International AS & A Level,AS Level,,,,,
"Imperialism and the emergence of world powers, c.1870–1918",What was the impact of imperial expansion on international relations?,"The Berlin Conference, 1884–85 — Purpose, including: Pressures on Bismarck; Intentions of different powers",History,Cambridge Assessment International Education,Cambridge International AS & A Level,AS Level,,,,,
"Imperialism and the emergence of world powers, c.1870–1918",What was the impact of imperial expansion on international relations?,"The Berlin Conference, 1884–85 — Outcome, including: Principle of ‘effective occupation’; Recognising King Leopold’s Congo claim; End of slavery; Free trade and navigation",History,Cambridge Assessment International Education,Cambridge International AS & A Level,AS Level,,,,,
"Imperialism and the emergence of world powers, c.1870–1918",What was the impact of imperial expansion on international relations?,"Rivalries between colonial powers — Between Britain and Germany, Weltpolitik and naval rivalry, and tension over South Africa",History,Cambridge Assessment International Education,Cambridge International AS & A Level,AS Level,,,,,
"Imperialism and the emergence of world powers, c.1870–1918",What was the impact of imperial expansion on international relations?,Rivalries between colonial powers — Between France and Britain over the Sudan: the Fashoda Incident,History,Cambridge Assessment International Education,Cambridge International AS & A Level,AS Level,,,,,
"Imperialism and the emergence of world powers, c.1870–1918",What was the impact of imperial expansion on international relations?,Rivalries between colonial powers — Between France and Germany over Morocco,History,Cambridge Assessment International Education,Cambridge International AS & A Level,AS Level,,,,,
"Imperialism and the emergence of world powers, c.1870–1918",What was the impact of imperial expansion on international relations?,Attempts to resolve tensions between imperial nations after 1900 — The end of Britain’s ‘splendid isolation’ and the Anglo-French Entente,History,Cambridge Assessment International Education,Cambridge International AS & A Level,AS Level,,,,,
"Imperialism and the emergence of world powers, c.1870–1918",What was the impact of imperial expansion on international relations?,Attempts to resolve tensions between imperial nations after 1900 — The Algeciras conference,History,Cambridge Assessment International Education,Cambridge International AS & A Level,AS Level,,,,,
"Imperialism and the emergence of world powers, c.1870–1918",What was the impact of imperial expansion on international relations?,Attempts to resolve tensions between imperial nations after 1900 — The convention of November 1911 that ended the Agadir crisis,History,Cambridge Assessment International Education,Cambridge International AS & A Level,AS Level,,,,,
"Imperialism and the emergence of world powers, c.1870–1918",What was the impact of imperial expansion on international relations?,The situation in 1914 — The extent of European empires,History,Cambridge Assessment International Education,Cambridge International AS & A Level,AS Level,,,,,
"Imperialism and the emergence of world powers, c.1870–1918",What was the impact of imperial expansion on international relations?,The situation in 1914 — Influence on European alliances,History,Cambridge Assessment International Education,Cambridge International AS & A Level,AS Level,,,,,
"Imperialism and the emergence of world powers, c.1870–1918",What was the impact of imperial expansion on international relations?,The situation in 1914 — Contemporary views and verdicts,History,Cambridge Assessment International Education,Cambridge International AS & A Level,AS Level,,,,,
"Imperialism and the emergence of world powers, c.1870–1918",Why did Japan emerge as a world power and what was the impact on international relations?,Japanese relations with western powers in the nineteenth century — Commodore Perry’s mission,History,Cambridge Assessment International Education,Cambridge International AS & A Level,AS Level,,,,,
"Imperialism and the emergence of world powers, c.1870–1918",Why did Japan emerge as a world power and what was the impact on international relations?,Japanese relations with western powers in the nineteenth century — Unequal treaties,History,Cambridge Assessment International Education,Cambridge International AS & A Level,AS Level,,,,,
"Imperialism and the emergence of world powers, c.1870–1918",Why did Japan emerge as a world power and what was the impact on international relations?,Reasons for rapid modernisation and military development — Meiji Restoration,History,Cambridge Assessment International Education,Cambridge International AS & A Level,AS Level,,,,,
"Imperialism and the emergence of world powers, c.1870–1918",Why did Japan emerge as a world power and what was the impact on international relations?,Reasons for rapid modernisation and military development — Industrialisation,History,Cambridge Assessment International Education,Cambridge International AS & A Level,AS Level,,,,,
"Imperialism and the emergence of world powers, c.1870–1918",Why did Japan emerge as a world power and what was the impact on international relations?,Reasons for rapid modernisation and military development — Adoption of western technology,History,Cambridge Assessment International Education,Cambridge International AS & A Level,AS Level,,,,,
"Imperialism and the emergence of world powers, c.1870–1918",Why did Japan emerge as a world power and what was the impact on international relations?,Reasons for rapid modernisation and military development — Education,History,Cambridge Assessment International Education,Cambridge International AS & A Level,AS Level,,,,,
"Imperialism and the emergence of world powers, c.1870–1918",Why did Japan emerge as a world power and what was the impact on international relations?,International recognition of Japan as a world power — Japanese foreign policy objectives: relations with Korea,History,Cambridge Assessment International Education,Cambridge International AS & A Level,AS Level,,,,,
"Imperialism and the emergence of world powers, c.1870–1918",Why did Japan emerge as a world power and what was the impact on international relations?,"International recognition of Japan as a world power — Anglo Japanese Treaty, 1902: causes and consequences",History,Cambridge Assessment International Education,Cambridge International AS & A Level,AS Level,,,,,
"Imperialism and the emergence of world powers, c.1870–1918",Why did Japan emerge as a world power and what was the impact on international relations?,"International recognition of Japan as a world power — Russo-Japanese War, 1904–05 and reason for Japan’s victory",History,Cambridge Assessment International Education,Cambridge International AS & A Level,AS Level,,,,,
"Imperialism and the emergence of world powers, c.1870–1918",Why did Japan emerge as a world power and what was the impact on international relations?,Japan’s role in the First World War and global position by 1918 — Contribution to global war,History,Cambridge Assessment International Education,Cambridge International AS & A Level,AS Level,,,,,
"Imperialism and the emergence of world powers, c.1870–1918",Why did Japan emerge as a world power and what was the impact on international relations?,"Japan’s role in the First World War and global position by 1918 — Role in the Pacific, including seizure of German possessions",History,Cambridge Assessment International Education,Cambridge International AS & A Level,AS Level,,,,,
"Imperialism and the emergence of world powers, c.1870–1918",Why did Japan emerge as a world power and what was the impact on international relations?,Japan’s role in the First World War and global position by 1918 — Intervention in Russian Civil War,History,Cambridge Assessment International Education,Cambridge International AS & A Level,AS Level,,,,,
"Imperialism and the emergence of world powers, c.1870–1918",Why did the USA emerge as a world power and what was the impact on international relations?,Changing attitudes to overseas expansion — Impact of the closing of the frontier on US foreign policy,History,Cambridge Assessment International Education,Cambridge International AS & A Level,AS Level,,,,,
"Imperialism and the emergence of world powers, c.1870–1918",Why did the USA emerge as a world power and what was the impact on international relations?,"Changing attitudes to overseas expansion — Development of naval power: Mahan’s ‘The Influence of Sea Power upon History’, building of the Great White Fleet",History,Cambridge Assessment International Education,Cambridge International AS & A Level,AS Level,,,,,
"Imperialism and the emergence of world powers, c.1870–1918",Why did the USA emerge as a world power and what was the impact on international relations?,Changing attitudes to overseas expansion — Rapid economic growth,History,Cambridge Assessment International Education,Cambridge International AS & A Level,AS Level,,,,,
"Imperialism and the emergence of world powers, c.1870–1918",Why did the USA emerge as a world power and what was the impact on international relations?,Changing attitudes to overseas expansion — Economic cycle and the Panic of 1893,History,Cambridge Assessment International Education,Cambridge International AS & A Level,AS Level,,,,,
"Imperialism and the emergence of world powers, c.1870–1918",Why did the USA emerge as a world power and what was the impact on international relations?,Changing attitudes to overseas expansion — Building of the Panama Canal,History,Cambridge Assessment International Education,Cambridge International AS & A Level,AS Level,,,,,
"Imperialism and the emergence of world powers, c.1870–1918",Why did the USA emerge as a world power and what was the impact on international relations?,"Reasons for, and impact of, the Spanish–American War, 1898 — Increasing US interest in Central and Latin America",History,Cambridge Assessment International Education,Cambridge International AS & A Level,AS Level,,,,,
"Imperialism and the emergence of world powers, c.1870–1918",Why did the USA emerge as a world power and what was the impact on international relations?,"Reasons for, and impact of, the Spanish–American War, 1898 — Yellow journalism",History,Cambridge Assessment International Education,Cambridge International AS & A Level,AS Level,,,,,
"Imperialism and the emergence of world powers, c.1870–1918",Why did the USA emerge as a world power and what was the impact on international relations?,"Reasons for, and impact of, the Spanish–American War, 1898 — Sinking of the Maine",History,Cambridge Assessment International Education,Cambridge International AS & A Level,AS Level,,,,,
"Imperialism and the emergence of world powers, c.1870–1918",Why did the USA emerge as a world power and what was the impact on international relations?,"Reasons for, and impact of, the Spanish–American War, 1898 — Taft and Dollar Diplomacy",History,Cambridge Assessment International Education,Cambridge International AS & A Level,AS Level,,,,,
"Imperialism and the emergence of world powers, c.1870–1918",Why did the USA emerge as a world power and what was the impact on international relations?,"Reasons for, and impact of, the Philippine–American War, 1899–1902 — US expansion into the Pacific",History,Cambridge Assessment International Education,Cambridge International AS & A Level,AS Level,,,,,
"Imperialism and the emergence of world powers, c.1870–1918",Why did the USA emerge as a world power and what was the impact on international relations?,"Reasons for, and impact of, the Philippine–American War, 1899–1902 — Controversy over US motives and actions",History,Cambridge Assessment International Education,Cambridge International AS & A Level,AS Level,,,,,
"Imperialism and the emergence of world powers, c.1870–1918",Why did the USA emerge as a world power and what was the impact on international relations?,"Reasons for, and impact of, the Philippine–American War, 1899–1902 — Filipino resistance",History,Cambridge Assessment International Education,Cambridge International AS & A Level,AS Level,,,,,
"Imperialism and the emergence of world powers, c.1870–1918",Why did the USA emerge as a world power and what was the impact on international relations?,"Reasons for, and impact of, the USA’s entry into the First World War — US relations with Germany, Britain and France",History,Cambridge Assessment International Education,Cambridge International AS & A Level,AS Level,,,,,
"Imperialism and the emergence of world powers, c.1870–1918",Why did the USA emerge as a world power and what was the impact on international relations?,"Reasons for, and impact of, the USA’s entry into the First World War — Wilson’s policy and anti-war pressure groups",History,Cambridge Assessment International Education,Cambridge International AS & A Level,AS Level,,,,,
"Imperialism and the emergence of world powers, c.1870–1918",Why did the USA emerge as a world power and what was the impact on international relations?,"Reasons for, and impact of, the USA’s entry into the First World War — Actions of German U-boats and the sinking of the Lusitania",History,Cambridge Assessment International Education,Cambridge International AS & A Level,AS Level,,,,,
"Imperialism and the emergence of world powers, c.1870–1918",Why did the USA emerge as a world power and what was the impact on international relations?,"Reasons for, and impact of, the USA’s entry into the First World War — Zimmerman telegram",History,Cambridge Assessment International Education,Cambridge International AS & A Level,AS Level,,,,,
"Imperialism and the emergence of world powers, c.1870–1918",Why did the USA emerge as a world power and what was the impact on international relations?,"Reasons for, and impact of, the USA’s entry into the First World War — Impact of US intervention",History,Cambridge Assessment International Education,Cambridge International AS & A Level,AS Level,,,,,
International relations 1919–29: conflict and cooperation,Why was there such extensive dissatisfaction with the peace settlements of 1919–20?,"The negotiations at Versailles — Key issues in agreeing the Treaties, including: The aims of the Big Three; Representation of other powers",History,Cambridge Assessment International Education,Cambridge International AS & A Level,AS Level,,,,,
International relations 1919–29: conflict and cooperation,Why was there such extensive dissatisfaction with the peace settlements of 1919–20?,"The negotiations at Versailles — Key terms of the Treaties of Versailles, Trianon, Neuilly, Saint Germain and Sèvres",History,Cambridge Assessment International Education,Cambridge International AS & A Level,AS Level,,,,,
International relations 1919–29: conflict and cooperation,Why was there such extensive dissatisfaction with the peace settlements of 1919–20?,Difficulties created by the treaties — Boundaries created by the settlements,History,Cambridge Assessment International Education,Cambridge International AS & A Level,AS Level,,,,,
International relations 1919–29: conflict and cooperation,Why was there such extensive dissatisfaction with the peace settlements of 1919–20?,Difficulties created by the treaties — Inconsistent application of national self-determination,History,Cambridge Assessment International Education,Cambridge International AS & A Level,AS Level,,,,,
International relations 1919–29: conflict and cooperation,Why was there such extensive dissatisfaction with the peace settlements of 1919–20?,"Reactions of victors and defeated powers — France, Britain, USA, Italy, Japan and Germany",History,Cambridge Assessment International Education,Cambridge International AS & A Level,AS Level,,,,,
International relations 1919–29: conflict and cooperation,Why was there such extensive dissatisfaction with the peace settlements of 1919–20?,Reactions of victors and defeated powers — Position of Russia,History,Cambridge Assessment International Education,Cambridge International AS & A Level,AS Level,,,,,
International relations 1919–29: conflict and cooperation,Why was there such extensive dissatisfaction with the peace settlements of 1919–20?,Reparations — The question of ‘war guilt’,History,Cambridge Assessment International Education,Cambridge International AS & A Level,AS Level,,,,,
International relations 1919–29: conflict and cooperation,Why was there such extensive dissatisfaction with the peace settlements of 1919–20?,Reparations — The issue of size and payment,History,Cambridge Assessment International Education,Cambridge International AS & A Level,AS Level,,,,,
International relations 1919–29: conflict and cooperation,Why was the League of Nations created and what challenges did it face in the 1920s?,Creation of the League — Wilson’s 14 points,History,Cambridge Assessment International Education,Cambridge International AS & A Level,AS Level,,,,,
International relations 1919–29: conflict and cooperation,Why was the League of Nations created and what challenges did it face in the 1920s?,Creation of the League — Inclusion in all the Treaties,History,Cambridge Assessment International Education,Cambridge International AS & A Level,AS Level,,,,,
International relations 1919–29: conflict and cooperation,Why was the League of Nations created and what challenges did it face in the 1920s?,Creation of the League — Aims and structure,History,Cambridge Assessment International Education,Cambridge International AS & A Level,AS Level,,,,,
International relations 1919–29: conflict and cooperation,Why was the League of Nations created and what challenges did it face in the 1920s?,Weaknesses of the League — Restricted membership,History,Cambridge Assessment International Education,Cambridge International AS & A Level,AS Level,,,,,
International relations 1919–29: conflict and cooperation,Why was the League of Nations created and what challenges did it face in the 1920s?,Weaknesses of the League — Leadership,History,Cambridge Assessment International Education,Cambridge International AS & A Level,AS Level,,,,,
International relations 1919–29: conflict and cooperation,Why was the League of Nations created and what challenges did it face in the 1920s?,Weaknesses of the League — Voting processes,History,Cambridge Assessment International Education,Cambridge International AS & A Level,AS Level,,,,,
International relations 1919–29: conflict and cooperation,Why was the League of Nations created and what challenges did it face in the 1920s?,Weaknesses of the League — Enforcement difficulties,History,Cambridge Assessment International Education,Cambridge International AS & A Level,AS Level,,,,,
International relations 1919–29: conflict and cooperation,Why was the League of Nations created and what challenges did it face in the 1920s?,Collective security and the League’s involvement in the resolution of post-war disputes — The Aaland Islands,History,Cambridge Assessment International Education,Cambridge International AS & A Level,AS Level,,,,,
International relations 1919–29: conflict and cooperation,Why was the League of Nations created and what challenges did it face in the 1920s?,Collective security and the League’s involvement in the resolution of post-war disputes — Teschen,History,Cambridge Assessment International Education,Cambridge International AS & A Level,AS Level,,,,,
International relations 1919–29: conflict and cooperation,Why was the League of Nations created and what challenges did it face in the 1920s?,Collective security and the League’s involvement in the resolution of post-war disputes — Polish seizure of Vilna,History,Cambridge Assessment International Education,Cambridge International AS & A Level,AS Level,,,,,
International relations 1919–29: conflict and cooperation,Why was the League of Nations created and what challenges did it face in the 1920s?,Collective security and the League’s involvement in the resolution of post-war disputes — The Upper Silesian Coalfields dispute,History,Cambridge Assessment International Education,Cambridge International AS & A Level,AS Level,,,,,
International relations 1919–29: conflict and cooperation,Why was the League of Nations created and what challenges did it face in the 1920s?,Collective security and the League’s involvement in the resolution of post-war disputes — Memel,History,Cambridge Assessment International Education,Cambridge International AS & A Level,AS Level,,,,,
International relations 1919–29: conflict and cooperation,Why was the League of Nations created and what challenges did it face in the 1920s?,Collective security and the League’s involvement in the resolution of post-war disputes — Greco-Bulgarian border dispute,History,Cambridge Assessment International Education,Cambridge International AS & A Level,AS Level,,,,,
International relations 1919–29: conflict and cooperation,Why was the League of Nations created and what challenges did it face in the 1920s?,Role and impact of the Agencies — Commission for Refugees,History,Cambridge Assessment International Education,Cambridge International AS & A Level,AS Level,,,,,
International relations 1919–29: conflict and cooperation,Why was the League of Nations created and what challenges did it face in the 1920s?,Role and impact of the Agencies — International Labour Organisation (ILO),History,Cambridge Assessment International Education,Cambridge International AS & A Level,AS Level,,,,,
International relations 1919–29: conflict and cooperation,Why was the League of Nations created and what challenges did it face in the 1920s?,Role and impact of the Agencies — Slavery Commission,History,Cambridge Assessment International Education,Cambridge International AS & A Level,AS Level,,,,,
International relations 1919–29: conflict and cooperation,Why was the League of Nations created and what challenges did it face in the 1920s?,Role and impact of the Agencies — Disarmament Commission,History,Cambridge Assessment International Education,Cambridge International AS & A Level,AS Level,,,,,
International relations 1919–29: conflict and cooperation,Why was the League of Nations created and what challenges did it face in the 1920s?,Role and impact of the Agencies — Mandates Commission,History,Cambridge Assessment International Education,Cambridge International AS & A Level,AS Level,,,,,
International relations 1919–29: conflict and cooperation,How and why did international tensions remain high after the Versailles settlement?,Crises and tensions — Fiume,History,Cambridge Assessment International Education,Cambridge International AS & A Level,AS Level,,,,,
International relations 1919–29: conflict and cooperation,How and why did international tensions remain high after the Versailles settlement?,Crises and tensions — Corfu,History,Cambridge Assessment International Education,Cambridge International AS & A Level,AS Level,,,,,
International relations 1919–29: conflict and cooperation,How and why did international tensions remain high after the Versailles settlement?,Crises and tensions — The Ruhr crisis,History,Cambridge Assessment International Education,Cambridge International AS & A Level,AS Level,,,,,
International relations 1919–29: conflict and cooperation,How and why did international tensions remain high after the Versailles settlement?,Crises and tensions — German hyperinflation and the reparations issue,History,Cambridge Assessment International Education,Cambridge International AS & A Level,AS Level,,,,,
International relations 1919–29: conflict and cooperation,How and why did international tensions remain high after the Versailles settlement?,"Crises and tensions — Ethnic, political and economic problems in the successor states",History,Cambridge Assessment International Education,Cambridge International AS & A Level,AS Level,,,,,
International relations 1919–29: conflict and cooperation,How and why did international tensions remain high after the Versailles settlement?,"Aims and impact of international treaties and conferences — Little Entente, 1921",History,Cambridge Assessment International Education,Cambridge International AS & A Level,AS Level,,,,,
International relations 1919–29: conflict and cooperation,How and why did international tensions remain high after the Versailles settlement?,"Aims and impact of international treaties and conferences — Washington Conference, 1921–22",History,Cambridge Assessment International Education,Cambridge International AS & A Level,AS Level,,,,,
International relations 1919–29: conflict and cooperation,How and why did international tensions remain high after the Versailles settlement?,"Aims and impact of international treaties and conferences — Genoa Conference, 1922",History,Cambridge Assessment International Education,Cambridge International AS & A Level,AS Level,,,,,
International relations 1919–29: conflict and cooperation,How and why did international tensions remain high after the Versailles settlement?,"Aims and impact of international treaties and conferences — Rapallo Pact, 1922",History,Cambridge Assessment International Education,Cambridge International AS & A Level,AS Level,,,,,
International relations 1919–29: conflict and cooperation,How and why did international tensions remain high after the Versailles settlement?,"Aims and impact of international treaties and conferences — Treaty of Lausanne, 1923",History,Cambridge Assessment International Education,Cambridge International AS & A Level,AS Level,,,,,
International relations 1919–29: conflict and cooperation,How and why did international tensions remain high after the Versailles settlement?,"Changing relations between the major powers — European nations: Britain, France, Germany and Italy",History,Cambridge Assessment International Education,Cambridge International AS & A Level,AS Level,,,,,
International relations 1919–29: conflict and cooperation,How and why did international tensions remain high after the Versailles settlement?,Changing relations between the major powers — The Soviet Union and the challenge of Communism,History,Cambridge Assessment International Education,Cambridge International AS & A Level,AS Level,,,,,
International relations 1919–29: conflict and cooperation,How and why did international tensions remain high after the Versailles settlement?,Changing relations between the major powers — The USA: isolation or involvement,History,Cambridge Assessment International Education,Cambridge International AS & A Level,AS Level,,,,,
International relations 1919–29: conflict and cooperation,How and why did international tensions remain high after the Versailles settlement?,Changing relations between the major powers — Emergence of Japan: internal issues and the effect on international relations,History,Cambridge Assessment International Education,Cambridge International AS & A Level,AS Level,,,,,
International relations 1919–29: conflict and cooperation,"How and why did international relations improve, 1924–29?",Economic recovery and improved relations — Dawes Plan: proposals and effect on international relations,History,Cambridge Assessment International Education,Cambridge International AS & A Level,AS Level,,,,,
International relations 1919–29: conflict and cooperation,"How and why did international relations improve, 1924–29?",Economic recovery and improved relations — Stresemann and German recovery,History,Cambridge Assessment International Education,Cambridge International AS & A Level,AS Level,,,,,
International relations 1919–29: conflict and cooperation,"How and why did international relations improve, 1924–29?",Economic recovery and improved relations — German entry into the League of Nations,History,Cambridge Assessment International Education,Cambridge International AS & A Level,AS Level,,,,,
International relations 1919–29: conflict and cooperation,"How and why did international relations improve, 1924–29?",Economic recovery and improved relations — Young Plan,History,Cambridge Assessment International Education,Cambridge International AS & A Level,AS Level,,,,,
International relations 1919–29: conflict and cooperation,"How and why did international relations improve, 1924–29?","Aims and impact of international proposals, treaties and conferences — Geneva Protocol, 1924: support and opposition",History,Cambridge Assessment International Education,Cambridge International AS & A Level,AS Level,,,,,
International relations 1919–29: conflict and cooperation,"How and why did international relations improve, 1924–29?","Aims and impact of international proposals, treaties and conferences — Locarno Treaties, 1925: achievements and failures",History,Cambridge Assessment International Education,Cambridge International AS & A Level,AS Level,,,,,
International relations 1919–29: conflict and cooperation,"How and why did international relations improve, 1924–29?","Aims and impact of international proposals, treaties and conferences — Kellogg–Briand Pact, 1928: purpose and limitations",History,Cambridge Assessment International Education,Cambridge International AS & A Level,AS Level,,,,,
International relations 1919–29: conflict and cooperation,"How and why did international relations improve, 1924–29?","Aims and impact of international proposals, treaties and conferences — Hague Conference, 1929 and the dispute over evacuation of the Rhineland",History,Cambridge Assessment International Education,Cambridge International AS & A Level,AS Level,,,,,
International relations 1919–29: conflict and cooperation,"How and why did international relations improve, 1924–29?",Developing relations between the major powers — France and Germany: the role of Stresemann and Briand,History,Cambridge Assessment International Education,Cambridge International AS & A Level,AS Level,,,,,
International relations 1919–29: conflict and cooperation,"How and why did international relations improve, 1924–29?",Developing relations between the major powers — Italy and the impact of Mussolini’s ambitions on international relations,History,Cambridge Assessment International Education,Cambridge International AS & A Level,AS Level,,,,,
International relations 1919–29: conflict and cooperation,"How and why did international relations improve, 1924–29?",Developing relations between the major powers — Shifting relations with the Soviet Union,History,Cambridge Assessment International Education,Cambridge International AS & A Level,AS Level,,,,,
International relations 1919–29: conflict and cooperation,"How and why did international relations improve, 1924–29?",Improved relations: reality or illusion — European powers,History,Cambridge Assessment International Education,Cambridge International AS & A Level,AS Level,,,,,
International relations 1919–29: conflict and cooperation,"How and why did international relations improve, 1924–29?",Improved relations: reality or illusion — Japan and USA,History,Cambridge Assessment International Education,Cambridge International AS & A Level,AS Level,,,,,
International relations 1919–29: conflict and cooperation,"How and why did international relations improve, 1924–29?",Improved relations: reality or illusion — Immediate impact of the Wall Street Crash,History,Cambridge Assessment International Education,Cambridge International AS & A Level,AS Level,,,,,
International history 1929–39: the rise of extremism and the road to war,How did the rise of extremism affect international relations?,Impact of the Great Depression on political ideologies and intentions — The collapse of support for democracy and rise of Nazism in Germany,History,Cambridge Assessment International Education,Cambridge International AS & A Level,AS Level,,,,,
International history 1929–39: the rise of extremism and the road to war,How did the rise of extremism affect international relations?,Impact of the Great Depression on political ideologies and intentions — The collapse of democratic government and rise of militarism in Japan,History,Cambridge Assessment International Education,Cambridge International AS & A Level,AS Level,,,,,
International history 1929–39: the rise of extremism and the road to war,How did the rise of extremism affect international relations?,Impact of the Great Depression on political ideologies and intentions — Pressure on Mussolini for a change of policy in Italy,History,Cambridge Assessment International Education,Cambridge International AS & A Level,AS Level,,,,,
International history 1929–39: the rise of extremism and the road to war,How did the rise of extremism affect international relations?,Impact of the Great Depression on political ideologies and intentions — Isolationist pressures on the USA,History,Cambridge Assessment International Education,Cambridge International AS & A Level,AS Level,,,,,
International history 1929–39: the rise of extremism and the road to war,How did the rise of extremism affect international relations?,"Failure of the World Disarmament Conference, 1932–34 — Reasons for the Conference",History,Cambridge Assessment International Education,Cambridge International AS & A Level,AS Level,,,,,
International history 1929–39: the rise of extremism and the road to war,How did the rise of extremism affect international relations?,"Failure of the World Disarmament Conference, 1932–34 — Effect of international events",History,Cambridge Assessment International Education,Cambridge International AS & A Level,AS Level,,,,,
International history 1929–39: the rise of extremism and the road to war,How did the rise of extremism affect international relations?,"Failure of the World Disarmament Conference, 1932–34 — Attitude of major powers especially France and Germany",History,Cambridge Assessment International Education,Cambridge International AS & A Level,AS Level,,,,,
International history 1929–39: the rise of extremism and the road to war,How did the rise of extremism affect international relations?,"Changing relationship between the powers — London Naval Conference, 1930",History,Cambridge Assessment International Education,Cambridge International AS & A Level,AS Level,,,,,
International history 1929–39: the rise of extremism and the road to war,How did the rise of extremism affect international relations?,"Changing relationship between the powers — Stresa Front, 1935: membership and purpose",History,Cambridge Assessment International Education,Cambridge International AS & A Level,AS Level,,,,,
International history 1929–39: the rise of extremism and the road to war,How did the rise of extremism affect international relations?,"Changing relationship between the powers — Rome–Berlin Axis, 1936",History,Cambridge Assessment International Education,Cambridge International AS & A Level,AS Level,,,,,
International history 1929–39: the rise of extremism and the road to war,How did the rise of extremism affect international relations?,"Changing relationship between the powers — Anti-Comintern Pact, 1936–37",History,Cambridge Assessment International Education,Cambridge International AS & A Level,AS Level,,,,,
International history 1929–39: the rise of extremism and the road to war,How did the rise of extremism affect international relations?,Changing nature of relations with the USSR and impact on foreign policy — Soviet response to the rise of Nazism,History,Cambridge Assessment International Education,Cambridge International AS & A Level,AS Level,,,,,
International history 1929–39: the rise of extremism and the road to war,How did the rise of extremism affect international relations?,Changing nature of relations with the USSR and impact on foreign policy — Comintern and fear of Communism,History,Cambridge Assessment International Education,Cambridge International AS & A Level,AS Level,,,,,
International history 1929–39: the rise of extremism and the road to war,Why did the League of Nations fail to keep the peace in the 1930s?,"Response of the League to major crises — Manchuria, 1931–33",History,Cambridge Assessment International Education,Cambridge International AS & A Level,AS Level,,,,,
International history 1929–39: the rise of extremism and the road to war,Why did the League of Nations fail to keep the peace in the 1930s?,"Response of the League to major crises — Abyssinia, 1935–36",History,Cambridge Assessment International Education,Cambridge International AS & A Level,AS Level,,,,,
International history 1929–39: the rise of extremism and the road to war,Why did the League of Nations fail to keep the peace in the 1930s?,"Changing attitudes of major powers towards the League of Nations — Withdrawal from membership of Japan, March 1933; Germany, October 1933; and Italy, 1936",History,Cambridge Assessment International Education,Cambridge International AS & A Level,AS Level,,,,,
International history 1929–39: the rise of extremism and the road to war,Why did the League of Nations fail to keep the peace in the 1930s?,"Changing attitudes of major powers towards the League of Nations — Admission of the USSR, 1934",History,Cambridge Assessment International Education,Cambridge International AS & A Level,AS Level,,,,,
International history 1929–39: the rise of extremism and the road to war,Why did the League of Nations fail to keep the peace in the 1930s?,Changing attitudes of major powers towards the League of Nations — Negotiations taking place outside the League of Nations,History,Cambridge Assessment International Education,Cambridge International AS & A Level,AS Level,,,,,
International history 1929–39: the rise of extremism and the road to war,Why did the League of Nations fail to keep the peace in the 1930s?,Responses to the Spanish Civil War — Why the League of Nations did not respond,History,Cambridge Assessment International Education,Cambridge International AS & A Level,AS Level,,,,,
International history 1929–39: the rise of extremism and the road to war,Why did the League of Nations fail to keep the peace in the 1930s?,"Responses to the Spanish Civil War — The creation of the Non-intervention Agreement, 1936",History,Cambridge Assessment International Education,Cambridge International AS & A Level,AS Level,,,,,
International history 1929–39: the rise of extremism and the road to war,Why did the League of Nations fail to keep the peace in the 1930s?,"Responses to the Spanish Civil War — Reason for failure of the agreement, including: Intervention of Germany, Italy and the USSR; Lack of commitment of France and Britain; The International Brigades and other volunteers",History,Cambridge Assessment International Education,Cambridge International AS & A Level,AS Level,,,,,
International history 1929–39: the rise of extremism and the road to war,Why did the League of Nations fail to keep the peace in the 1930s?,Causes of the failure of the League of Nations — Unable to achieve widespread disarmament,History,Cambridge Assessment International Education,Cambridge International AS & A Level,AS Level,,,,,
International history 1929–39: the rise of extremism and the road to war,Why did the League of Nations fail to keep the peace in the 1930s?,Causes of the failure of the League of Nations — Absence of major powers,History,Cambridge Assessment International Education,Cambridge International AS & A Level,AS Level,,,,,
International history 1929–39: the rise of extremism and the road to war,Why did the League of Nations fail to keep the peace in the 1930s?,Causes of the failure of the League of Nations — Reliance on Britain and France,History,Cambridge Assessment International Education,Cambridge International AS & A Level,AS Level,,,,,
International history 1929–39: the rise of extremism and the road to war,Why did the League of Nations fail to keep the peace in the 1930s?,Causes of the failure of the League of Nations — Effects of Great Depression,History,Cambridge Assessment International Education,Cambridge International AS & A Level,AS Level,,,,,
International history 1929–39: the rise of extremism and the road to war,Why did the League of Nations fail to keep the peace in the 1930s?,Causes of the failure of the League of Nations — Increasing nationalism,History,Cambridge Assessment International Education,Cambridge International AS & A Level,AS Level,,,,,
International history 1929–39: the rise of extremism and the road to war,"Why, and with what effects, did Britain and France pursue a policy of appeasement?","Impact of economic, military and social considerations on foreign policy — Britain: effects of Great Depression, 10-year rule, Oxford ‘King and Country’ debate of 1933 and the Peace Ballot, 1934–35",History,Cambridge Assessment International Education,Cambridge International AS & A Level,AS Level,,,,,
International history 1929–39: the rise of extremism and the road to war,"Why, and with what effects, did Britain and France pursue a policy of appeasement?","Impact of economic, military and social considerations on foreign policy — Fascism as a bulwark against Bolshevism, and sympathy for Nazi policies",History,Cambridge Assessment International Education,Cambridge International AS & A Level,AS Level,,,,,
International history 1929–39: the rise of extremism and the road to war,"Why, and with what effects, did Britain and France pursue a policy of appeasement?","Impact of economic, military and social considerations on foreign policy — France: economic problems, political divisions, threat of communism and elections of 1936",History,Cambridge Assessment International Education,Cambridge International AS & A Level,AS Level,,,,,
International history 1929–39: the rise of extremism and the road to war,"Why, and with what effects, did Britain and France pursue a policy of appeasement?","Impact of economic, military and social considerations on foreign policy — French Grand Strategy: creation of the Maginot Line",History,Cambridge Assessment International Education,Cambridge International AS & A Level,AS Level,,,,,
International history 1929–39: the rise of extremism and the road to war,"Why, and with what effects, did Britain and France pursue a policy of appeasement?","Actions taken to appease Hitler — Response to rearmament, Anglo-German Naval Agreement, 1935",History,Cambridge Assessment International Education,Cambridge International AS & A Level,AS Level,,,,,
International history 1929–39: the rise of extremism and the road to war,"Why, and with what effects, did Britain and France pursue a policy of appeasement?",Actions taken to appease Hitler — Inaction over the Rhineland,History,Cambridge Assessment International Education,Cambridge International AS & A Level,AS Level,,,,,
International history 1929–39: the rise of extremism and the road to war,"Why, and with what effects, did Britain and France pursue a policy of appeasement?",Actions taken to appease Hitler — Acceptance of the Anschluss,History,Cambridge Assessment International Education,Cambridge International AS & A Level,AS Level,,,,,
International history 1929–39: the rise of extremism and the road to war,"Why, and with what effects, did Britain and France pursue a policy of appeasement?",Actions taken to appease Hitler — The Sudetenland Crisis,History,Cambridge Assessment International Education,Cambridge International AS & A Level,AS Level,,,,,
International history 1929–39: the rise of extremism and the road to war,"Why, and with what effects, did Britain and France pursue a policy of appeasement?",Actions taken to appease Hitler — The Munich conference and its outcome,History,Cambridge Assessment International Education,Cambridge International AS & A Level,AS Level,,,,,
International history 1929–39: the rise of extremism and the road to war,"Why, and with what effects, did Britain and France pursue a policy of appeasement?",Actions taken to appease Hitler — Responses to Hitler’s occupation of Prague,History,Cambridge Assessment International Education,Cambridge International AS & A Level,AS Level,,,,,
International history 1929–39: the rise of extremism and the road to war,"Why, and with what effects, did Britain and France pursue a policy of appeasement?",Successes of appeasement — War postponed,History,Cambridge Assessment International Education,Cambridge International AS & A Level,AS Level,,,,,
International history 1929–39: the rise of extremism and the road to war,"Why, and with what effects, did Britain and France pursue a policy of appeasement?",Successes of appeasement — Buying time for rearmament,History,Cambridge Assessment International Education,Cambridge International AS & A Level,AS Level,,,,,
International history 1929–39: the rise of extremism and the road to war,"Why, and with what effects, did Britain and France pursue a policy of appeasement?",Successes of appeasement — Gaining popular consent,History,Cambridge Assessment International Education,Cambridge International AS & A Level,AS Level,,,,,
International history 1929–39: the rise of extremism and the road to war,"Why, and with what effects, did Britain and France pursue a policy of appeasement?",Failure of appeasement — Increased resources of dictators,History,Cambridge Assessment International Education,Cambridge International AS & A Level,AS Level,,,,,
International history 1929–39: the rise of extremism and the road to war,"Why, and with what effects, did Britain and France pursue a policy of appeasement?",Failure of appeasement — Increased morale of dictators,History,Cambridge Assessment International Education,Cambridge International AS & A Level,AS Level,,,,,
International history 1929–39: the rise of extremism and the road to war,"Why, and with what effects, did Britain and France pursue a policy of appeasement?",Failure of appeasement — Growing opposition to the policy,History,Cambridge Assessment International Education,Cambridge International AS & A Level,AS Level,,,,,
International history 1929–39: the rise of extremism and the road to war,Why did war break out in 1939?,Aims and impact of Hitler’s expansionist policies — Underlying aims of Hitler in foreign policy,History,Cambridge Assessment International Education,Cambridge International AS & A Level,AS Level,,,,,
International history 1929–39: the rise of extremism and the road to war,Why did war break out in 1939?,"Aims and impact of Hitler’s expansionist policies — Rearmament and Anglo-German Naval Agreement, 1935",History,Cambridge Assessment International Education,Cambridge International AS & A Level,AS Level,,,,,
International history 1929–39: the rise of extremism and the road to war,Why did war break out in 1939?,"Aims and impact of Hitler’s expansionist policies — Remilitarisation of the Rhineland, 1936",History,Cambridge Assessment International Education,Cambridge International AS & A Level,AS Level,,,,,
International history 1929–39: the rise of extremism and the road to war,Why did war break out in 1939?,"Aims and impact of Hitler’s expansionist policies — Anschluss, 1938",History,Cambridge Assessment International Education,Cambridge International AS & A Level,AS Level,,,,,
International history 1929–39: the rise of extremism and the road to war,Why did war break out in 1939?,"Aims and impact of Hitler’s expansionist policies — Sudetenland, 1938",History,Cambridge Assessment International Education,Cambridge International AS & A Level,AS Level,,,,,
International history 1929–39: the rise of extremism and the road to war,Why did war break out in 1939?,"Aims and impact of Hitler’s expansionist policies — Czechoslovakia, 1939",History,Cambridge Assessment International Education,Cambridge International AS & A Level,AS Level,,,,,
International history 1929–39: the rise of extremism and the road to war,Why did war break out in 1939?,British rearmament in response to Germany’s expansionism — Development of aircraft,History,Cambridge Assessment International Education,Cambridge International AS & A Level,AS Level,,,,,
International history 1929–39: the rise of extremism and the road to war,Why did war break out in 1939?,British rearmament in response to Germany’s expansionism — Preparation for air raids,History,Cambridge Assessment International Education,Cambridge International AS & A Level,AS Level,,,,,
International history 1929–39: the rise of extremism and the road to war,Why did war break out in 1939?,British rearmament in response to Germany’s expansionism — Targets and progress by 1939,History,Cambridge Assessment International Education,Cambridge International AS & A Level,AS Level,,,,,
International history 1929–39: the rise of extremism and the road to war,Why did war break out in 1939?,Development of German alliances — Anti-Comintern Pact,History,Cambridge Assessment International Education,Cambridge International AS & A Level,AS Level,,,,,
International history 1929–39: the rise of extremism and the road to war,Why did war break out in 1939?,Development of German alliances — Pact of Steel,History,Cambridge Assessment International Education,Cambridge International AS & A Level,AS Level,,,,,
International history 1929–39: the rise of extremism and the road to war,Why did war break out in 1939?,Development of German alliances — Nazi–Soviet Pact,History,Cambridge Assessment International Education,Cambridge International AS & A Level,AS Level,,,,,
International history 1929–39: the rise of extremism and the road to war,Why did war break out in 1939?,Development of German alliances — Long-term and short-term motives of participants,History,Cambridge Assessment International Education,Cambridge International AS & A Level,AS Level,,,,,
International history 1929–39: the rise of extremism and the road to war,Why did war break out in 1939?,Attack on Poland — German–Polish issues including Danzig and the Polish Corridor,History,Cambridge Assessment International Education,Cambridge International AS & A Level,AS Level,,,,,
International history 1929–39: the rise of extremism and the road to war,Why did war break out in 1939?,"Attack on Poland — The end of Appeasement and the Anglo-French guarantee to Poland, March 1939",History,Cambridge Assessment International Education,Cambridge International AS & A Level,AS Level,,,,,
International history 1929–39: the rise of extremism and the road to war,Why did war break out in 1939?,Attack on Poland — Disagreement between Hitler and the German High Command,History,Cambridge Assessment International Education,Cambridge International AS & A Level,AS Level,,,,,
International history 1929–39: the rise of extremism and the road to war,Why did war break out in 1939?,Attack on Poland — Hitler’s intentions,History,Cambridge Assessment International Education,Cambridge International AS & A Level,AS Level,,,,,
The origins of the First World War,Key question,Who or what was to blame for the First World War?,History,Cambridge Assessment International Education,Cambridge International AS & A Level,A Level,Paper 3 Historical Interpretations,9489/3,75,40,20
The origins of the First World War,Context,"The historical context to which these interpretations will relate is the events and developments in the period c.1890–1914 leading to the outbreak of the First World War, including: tensions between the Great Powers, the alliance system, the growth of militarism, the arms race, instability in the Balkans, war plans, the assassination at Sarajevo and the July crisis, and mobilisation and declarations of war.",History,Cambridge Assessment International Education,Cambridge International AS & A Level,A Level,Paper 3 Historical Interpretations,9489/3,75,40,20
The origins of the First World War,Content,How far was tension between the Great Powers likely to lead to war?,History,Cambridge Assessment International Education,Cambridge International AS & A Level,A Level,Paper 3 Historical Interpretations,9489/3,75,40,20
The origins of the First World War,Content,How important were the decisions taken by key individuals in leading to war?,History,Cambridge Assessment International Education,Cambridge International AS & A Level,A Level,Paper 3 Historical Interpretations,9489/3,75,40,20
The origins of the First World War,Content,How did Article 231 of the Treaty of Versailles have an impact on the debate about responsibility for war?,History,Cambridge Assessment International Education,Cambridge International AS & A Level,A Level,Paper 3 Historical Interpretations,9489/3,75,40,20
The origins of the First World War,Content,How and why did the idea of ‘shared responsibility’ arise?,History,Cambridge Assessment International Education,Cambridge International AS & A Level,A Level,Paper 3 Historical Interpretations,9489/3,75,40,20
The origins of the First World War,Content,How did the Second World War affect the debate?,History,Cambridge Assessment International Education,Cambridge International AS & A Level,A Level,Paper 3 Historical Interpretations,9489/3,75,40,20
The origins of the First World War,Content,The Fischer thesis,History,Cambridge Assessment International Education,Cambridge International AS & A Level,A Level,Paper 3 Historical Interpretations,9489/3,75,40,20
The origins of the First World War,Content,The German reaction to Fischer,History,Cambridge Assessment International Education,Cambridge International AS & A Level,A Level,Paper 3 Historical Interpretations,9489/3,75,40,20
The origins of the First World War,Content,Challenges to Fischer,History,Cambridge Assessment International Education,Cambridge International AS & A Level,A Level,Paper 3 Historical Interpretations,9489/3,75,40,20
The origins of the First World War,Content,Modern interpretations exploring the responsibility of nations other than Germany,History,Cambridge Assessment International Education,Cambridge International AS & A Level,A Level,Paper 3 Historical Interpretations,9489/3,75,40,20
The origins of the First World War,Content,Relative importance of long-term and short-term factors,History,Cambridge Assessment International Education,Cambridge International AS & A Level,A Level,Paper 3 Historical Interpretations,9489/3,75,40,20
The origins of the First World War,Content,How the centenary of the First World War affected the debate,History,Cambridge Assessment International Education,Cambridge International AS & A Level,A Level,Paper 3 Historical Interpretations,9489/3,75,40,20
The origins of the First World War,Content,The importance of contingency over motive,History,Cambridge Assessment International Education,Cambridge International AS & A Level,A Level,Paper 3 Historical Interpretations,9489/3,75,40,20
The Holocaust,Key question,Who or what was to blame for the Holocaust?,History,Cambridge Assessment International Education,Cambridge International AS & A Level,A Level,Paper 3 Historical Interpretations,9489/3,75,40,20
The Holocaust,Context,"The historical context to which these interpretations will relate is the events and developments out of which the Holocaust occurred, including: the background of European and German antisemitism and racist theories, Nazi antisemitism and persecution of the Jews, 1933–41, the impact of war on Nazi policy towards the Jews, Ghettoisation and Jewish responses to the Holocaust, the development of Nazi extermination policies towards Jews and other minorities, contemporary reactions to the Holocaust.",History,Cambridge Assessment International Education,Cambridge International AS & A Level,A Level,Paper 3 Historical Interpretations,9489/3,75,40,20
The Holocaust,Content,How far was the Holocaust a consequence of racist ideas which existed before the Nazis?,History,Cambridge Assessment International Education,Cambridge International AS & A Level,A Level,Paper 3 Historical Interpretations,9489/3,75,40,20
The Holocaust,Content,Intentionalism and the role of Hitler: was the Holocaust planned in advance by Hitler?,History,Cambridge Assessment International Education,Cambridge International AS & A Level,A Level,Paper 3 Historical Interpretations,9489/3,75,40,20
The Holocaust,Content,Structuralism: how far did the nature of the Nazi state determine how the Holocaust developed?,History,Cambridge Assessment International Education,Cambridge International AS & A Level,A Level,Paper 3 Historical Interpretations,9489/3,75,40,20
The Holocaust,Content,Functionalism: how far did contingent factors such as war determine how the Holocaust developed?,History,Cambridge Assessment International Education,Cambridge International AS & A Level,A Level,Paper 3 Historical Interpretations,9489/3,75,40,20
The Holocaust,Content,"Synthesis interpretations which aim to reconcile aspects of the Intentionalist, Structuralist and Functionalist approaches.",History,Cambridge Assessment International Education,Cambridge International AS & A Level,A Level,Paper 3 Historical Interpretations,9489/3,75,40,20
The Holocaust,Content,"Perpetrators: who carried out the Holocaust, and why? Was murderous behaviour the exception or were many involved? Why did non-Germans participate in the killings?",History,Cambridge Assessment International Education,Cambridge International AS & A Level,A Level,Paper 3 Historical Interpretations,9489/3,75,40,20
The Holocaust,Content,"Victims: How far did Jews resist the Holocaust, and how can resistance be defined? Should definitions of the Holocaust include victims other than Jews?",History,Cambridge Assessment International Education,Cambridge International AS & A Level,A Level,Paper 3 Historical Interpretations,9489/3,75,40,20
The Holocaust,Content,Bystanders: How did the USA and Britain respond to the Holocaust at the time?,History,Cambridge Assessment International Education,Cambridge International AS & A Level,A Level,Paper 3 Historical Interpretations,9489/3,75,40,20
The origins and development of the Cold War,Key question,Who or what was to blame for the Cold War?,History,Cambridge Assessment International Education,Cambridge International AS & A Level,A Level,Paper 3 Historical Interpretations,9489/3,75,40,20
The origins and development of the Cold War,Context,"The historical context to which these interpretations will relate is the events and developments in the evolution of the Cold War in Europe, 1941–49, including: tensions in the wartime alliance against the Axis powers, problems in peace-making at the end of the Second World War, Yalta and Potsdam conferences, increasing tensions in a divided Europe, the Truman Doctrine and the Marshall Plan, the Berlin Blockade and Airlift, the establishment of North Atlantic Treaty Organisation (NATO).",History,Cambridge Assessment International Education,Cambridge International AS & A Level,A Level,Paper 3 Historical Interpretations,9489/3,75,40,20
The origins and development of the Cold War,Content,How far were inherent tensions between East and West bound to resurface in 1945?,History,Cambridge Assessment International Education,Cambridge International AS & A Level,A Level,Paper 3 Historical Interpretations,9489/3,75,40,20
The origins and development of the Cold War,Content,How important were the personalities of the leaders of the Great Powers in the evolution of the Cold War?,History,Cambridge Assessment International Education,Cambridge International AS & A Level,A Level,Paper 3 Historical Interpretations,9489/3,75,40,20
The origins and development of the Cold War,Content,"How far were ideology, security and economics the factors which created Cold War tensions?",History,Cambridge Assessment International Education,Cambridge International AS & A Level,A Level,Paper 3 Historical Interpretations,9489/3,75,40,20
The origins and development of the Cold War,Content,Traditionalism: interpretations blaming the Soviet Union,History,Cambridge Assessment International Education,Cambridge International AS & A Level,A Level,Paper 3 Historical Interpretations,9489/3,75,40,20
The origins and development of the Cold War,Content,Revisionism: interpretations blaming the USA,History,Cambridge Assessment International Education,Cambridge International AS & A Level,A Level,Paper 3 Historical Interpretations,9489/3,75,40,20
The origins and development of the Cold War,Content,Post-revisionism: interpretations blaming both or neither side,History,Cambridge Assessment International Education,Cambridge International AS & A Level,A Level,Paper 3 Historical Interpretations,9489/3,75,40,20
The origins and development of the Cold War,Content,How have the perspectives on the Cold War of Russian historians differed from those in the West?,History,Cambridge Assessment International Education,Cambridge International AS & A Level,A Level,Paper 3 Historical Interpretations,9489/3,75,40,20
The origins and development of the Cold War,Content,Reinterpretations of the Cold War in the light of new archival sources,History,Cambridge Assessment International Education,Cambridge International AS & A Level,A Level,Paper 3 Historical Interpretations,9489/3,75,40,20
The origins and development of the Cold War,Content,The emergence of the ‘New’ Cold War history: post-post-revisionism,History,Cambridge Assessment International Education,Cambridge International AS & A Level,A Level,Paper 3 Historical Interpretations,9489/3,75,40,20
"Mussolini’s Italy, 1919–41",How did Mussolini gain control of Italy?,Problems facing Italy after the First World War — Impact of war on Italy,History,Cambridge Assessment International Education,Cambridge International AS & A Level,A Level,Paper 4 Depth Study,9489/4,105,60,30
"Mussolini’s Italy, 1919–41",How did Mussolini gain control of Italy?,Problems facing Italy after the First World War — Responses to the post-war settlement: the ‘Mutilated Victory’,History,Cambridge Assessment International Education,Cambridge International AS & A Level,A Level,Paper 4 Depth Study,9489/4,105,60,30
"Mussolini’s Italy, 1919–41",How did Mussolini gain control of Italy?,Problems facing Italy after the First World War — The seizure of Fiume by d’Annunzio,History,Cambridge Assessment International Education,Cambridge International AS & A Level,A Level,Paper 4 Depth Study,9489/4,105,60,30
"Mussolini’s Italy, 1919–41",How did Mussolini gain control of Italy?,Problems facing Italy after the First World War — Economic challenges: unemployment and inflation,History,Cambridge Assessment International Education,Cambridge International AS & A Level,A Level,Paper 4 Depth Study,9489/4,105,60,30
"Mussolini’s Italy, 1919–41",How did Mussolini gain control of Italy?,Problems facing Italy after the First World War — Government instability and unpopularity,History,Cambridge Assessment International Education,Cambridge International AS & A Level,A Level,Paper 4 Depth Study,9489/4,105,60,30
"Mussolini’s Italy, 1919–41",How did Mussolini gain control of Italy?,Problems facing Italy after the First World War — Biennio Rosso,History,Cambridge Assessment International Education,Cambridge International AS & A Level,A Level,Paper 4 Depth Study,9489/4,105,60,30
"Mussolini’s Italy, 1919–41",How did Mussolini gain control of Italy?,Mussolini’s appointment as prime minister in 1922 — The development of policy programmes,History,Cambridge Assessment International Education,Cambridge International AS & A Level,A Level,Paper 4 Depth Study,9489/4,105,60,30
"Mussolini’s Italy, 1919–41",How did Mussolini gain control of Italy?,Mussolini’s appointment as prime minister in 1922 — Fasci de Combattimento,History,Cambridge Assessment International Education,Cambridge International AS & A Level,A Level,Paper 4 Depth Study,9489/4,105,60,30
"Mussolini’s Italy, 1919–41",How did Mussolini gain control of Italy?,Mussolini’s appointment as prime minister in 1922 — Squadrismo,History,Cambridge Assessment International Education,Cambridge International AS & A Level,A Level,Paper 4 Depth Study,9489/4,105,60,30
"Mussolini’s Italy, 1919–41",How did Mussolini gain control of Italy?,Mussolini’s appointment as prime minister in 1922 — Establishment of a dual policy and the March on Rome,History,Cambridge Assessment International Education,Cambridge International AS & A Level,A Level,Paper 4 Depth Study,9489/4,105,60,30
"Mussolini’s Italy, 1919–41",How did Mussolini gain control of Italy?,Mussolini’s appointment as prime minister in 1922 — The role of Victor Emmanuel III and of the political and economic elites,History,Cambridge Assessment International Education,Cambridge International AS & A Level,A Level,Paper 4 Depth Study,9489/4,105,60,30
"Mussolini’s Italy, 1919–41",How did Mussolini gain control of Italy?,Mussolini’s appointment as prime minister in 1922 — The nature of the National government,History,Cambridge Assessment International Education,Cambridge International AS & A Level,A Level,Paper 4 Depth Study,9489/4,105,60,30
"Mussolini’s Italy, 1919–41",How did Mussolini gain control of Italy?,"The establishment of a dictatorship, 1922–26 — Formation of the Fascist Grand Council and Militia",History,Cambridge Assessment International Education,Cambridge International AS & A Level,A Level,Paper 4 Depth Study,9489/4,105,60,30
"Mussolini’s Italy, 1919–41",How did Mussolini gain control of Italy?,"The establishment of a dictatorship, 1922–26 — Acerbo Election Law",History,Cambridge Assessment International Education,Cambridge International AS & A Level,A Level,Paper 4 Depth Study,9489/4,105,60,30
"Mussolini’s Italy, 1919–41",How did Mussolini gain control of Italy?,"The establishment of a dictatorship, 1922–26 — The murder of Matteotti",History,Cambridge Assessment International Education,Cambridge International AS & A Level,A Level,Paper 4 Depth Study,9489/4,105,60,30
"Mussolini’s Italy, 1919–41",How did Mussolini gain control of Italy?,"The establishment of a dictatorship, 1922–26 — The fascist movement and law on powers of Head of Government",History,Cambridge Assessment International Education,Cambridge International AS & A Level,A Level,Paper 4 Depth Study,9489/4,105,60,30
"Mussolini’s Italy, 1919–41",How did Mussolini gain control of Italy?,Extent of fascist control by 1926 — Levels of support,History,Cambridge Assessment International Education,Cambridge International AS & A Level,A Level,Paper 4 Depth Study,9489/4,105,60,30
"Mussolini’s Italy, 1919–41",How did Mussolini gain control of Italy?,Extent of fascist control by 1926 — Opposition and dissent,History,Cambridge Assessment International Education,Cambridge International AS & A Level,A Level,Paper 4 Depth Study,9489/4,105,60,30
"Mussolini’s Italy, 1919–41",How effectively did Mussolini govern Italy?,"The terror state and coercion — Methods to deal with opposition and dissent: OVRA, MVSN and special tribunals",History,Cambridge Assessment International Education,Cambridge International AS & A Level,A Level,Paper 4 Depth Study,9489/4,105,60,30
"Mussolini’s Italy, 1919–41",How effectively did Mussolini govern Italy?,"The terror state and coercion — Antisemitic laws, 1938",History,Cambridge Assessment International Education,Cambridge International AS & A Level,A Level,Paper 4 Depth Study,9489/4,105,60,30
"Mussolini’s Italy, 1919–41",How effectively did Mussolini govern Italy?,Propaganda and censorship — Attempts to link fascist Italy with Ancient Rome,History,Cambridge Assessment International Education,Cambridge International AS & A Level,A Level,Paper 4 Depth Study,9489/4,105,60,30
"Mussolini’s Italy, 1919–41",How effectively did Mussolini govern Italy?,Propaganda and censorship — Personality cult,History,Cambridge Assessment International Education,Cambridge International AS & A Level,A Level,Paper 4 Depth Study,9489/4,105,60,30
"Mussolini’s Italy, 1919–41",How effectively did Mussolini govern Italy?,Propaganda and censorship — Ministry of Popular Culture,History,Cambridge Assessment International Education,Cambridge International AS & A Level,A Level,Paper 4 Depth Study,9489/4,105,60,30
"Mussolini’s Italy, 1919–41",How effectively did Mussolini govern Italy?,"Propaganda and censorship — Control of mass media: newspapers, radio and cinema",History,Cambridge Assessment International Education,Cambridge International AS & A Level,A Level,Paper 4 Depth Study,9489/4,105,60,30
"Mussolini’s Italy, 1919–41",How effectively did Mussolini govern Italy?,Propaganda and censorship — Rallies,History,Cambridge Assessment International Education,Cambridge International AS & A Level,A Level,Paper 4 Depth Study,9489/4,105,60,30
"Mussolini’s Italy, 1919–41",How effectively did Mussolini govern Italy?,Propaganda and censorship — Use of art and culture,History,Cambridge Assessment International Education,Cambridge International AS & A Level,A Level,Paper 4 Depth Study,9489/4,105,60,30
"Mussolini’s Italy, 1919–41",How effectively did Mussolini govern Italy?,Propaganda and censorship — Sporting success,History,Cambridge Assessment International Education,Cambridge International AS & A Level,A Level,Paper 4 Depth Study,9489/4,105,60,30
"Mussolini’s Italy, 1919–41",How effectively did Mussolini govern Italy?,"Propaganda and censorship — Extent, impact and success of propaganda",History,Cambridge Assessment International Education,Cambridge International AS & A Level,A Level,Paper 4 Depth Study,9489/4,105,60,30
"Mussolini’s Italy, 1919–41",How effectively did Mussolini govern Italy?,"The nature of fascist government — Fascist institutions: Duce, PNF and Fascist Grand Council",History,Cambridge Assessment International Education,Cambridge International AS & A Level,A Level,Paper 4 Depth Study,9489/4,105,60,30
"Mussolini’s Italy, 1919–41",How effectively did Mussolini govern Italy?,"The nature of fascist government — Central government: king, cabinet, parliament, police, civil service and judiciary",History,Cambridge Assessment International Education,Cambridge International AS & A Level,A Level,Paper 4 Depth Study,9489/4,105,60,30
"Mussolini’s Italy, 1919–41",How effectively did Mussolini govern Italy?,The nature of fascist government — Prefects and podestas,History,Cambridge Assessment International Education,Cambridge International AS & A Level,A Level,Paper 4 Depth Study,9489/4,105,60,30
"Mussolini’s Italy, 1919–41",How effectively did Mussolini govern Italy?,"Mussolini’s foreign policy — Aims: restoring Italy’s international prestige, control of the Mediterranean and expansion of empire in Africa",History,Cambridge Assessment International Education,Cambridge International AS & A Level,A Level,Paper 4 Depth Study,9489/4,105,60,30
"Mussolini’s Italy, 1919–41",How effectively did Mussolini govern Italy?,"Mussolini’s foreign policy — Methods: international diplomacy and alliances, Corfu, Albania and the invasion of Abyssinia",History,Cambridge Assessment International Education,Cambridge International AS & A Level,A Level,Paper 4 Depth Study,9489/4,105,60,30
"Mussolini’s Italy, 1919–41",How effectively did Mussolini govern Italy?,Mussolini’s foreign policy — Extent of success: individual successes and failures and the overall achievement of aims,History,Cambridge Assessment International Education,Cambridge International AS & A Level,A Level,Paper 4 Depth Study,9489/4,105,60,30
"Mussolini’s Italy, 1919–41",How successful were Mussolini’s economic policies?,Attempts to modernise Italian economy — Aims and development of economic policy,History,Cambridge Assessment International Education,Cambridge International AS & A Level,A Level,Paper 4 Depth Study,9489/4,105,60,30
"Mussolini’s Italy, 1919–41",How successful were Mussolini’s economic policies?,Attempts to modernise Italian economy — Di Stefani and orthodox policies,History,Cambridge Assessment International Education,Cambridge International AS & A Level,A Level,Paper 4 Depth Study,9489/4,105,60,30
"Mussolini’s Italy, 1919–41",How successful were Mussolini’s economic policies?,"Attempts to modernise Italian economy — Economic ‘battles’: lira, grain and marshes",History,Cambridge Assessment International Education,Cambridge International AS & A Level,A Level,Paper 4 Depth Study,9489/4,105,60,30
"Mussolini’s Italy, 1919–41",How successful were Mussolini’s economic policies?,Attempts to modernise Italian economy — Autarky,History,Cambridge Assessment International Education,Cambridge International AS & A Level,A Level,Paper 4 Depth Study,9489/4,105,60,30
"Mussolini’s Italy, 1919–41",How successful were Mussolini’s economic policies?,Attempts to modernise Italian economy — Outcomes and extent of success,History,Cambridge Assessment International Education,Cambridge International AS & A Level,A Level,Paper 4 Depth Study,9489/4,105,60,30
"Mussolini’s Italy, 1919–41",How successful were Mussolini’s economic policies?,Responses to the Great Depression — The impact of the Great Depression on Italy’s economy,History,Cambridge Assessment International Education,Cambridge International AS & A Level,A Level,Paper 4 Depth Study,9489/4,105,60,30
"Mussolini’s Italy, 1919–41",How successful were Mussolini’s economic policies?,"Responses to the Great Depression — Government intervention: IMI and IRI, roles and impact",History,Cambridge Assessment International Education,Cambridge International AS & A Level,A Level,Paper 4 Depth Study,9489/4,105,60,30
"Mussolini’s Italy, 1919–41",How successful were Mussolini’s economic policies?,Responses to the Great Depression — Public works,History,Cambridge Assessment International Education,Cambridge International AS & A Level,A Level,Paper 4 Depth Study,9489/4,105,60,30
"Mussolini’s Italy, 1919–41",How successful were Mussolini’s economic policies?,Corporate State — Aims: the ‘Third Way’,History,Cambridge Assessment International Education,Cambridge International AS & A Level,A Level,Paper 4 Depth Study,9489/4,105,60,30
"Mussolini’s Italy, 1919–41",How successful were Mussolini’s economic policies?,"Corporate State — Creation through Vidoni Pact, Rocco Law, Ministry of Corporations, Charter of Labour and National Council of Corporations",History,Cambridge Assessment International Education,Cambridge International AS & A Level,A Level,Paper 4 Depth Study,9489/4,105,60,30
"Mussolini’s Italy, 1919–41",How successful were Mussolini’s economic policies?,Corporate State — Outcomes,History,Cambridge Assessment International Education,Cambridge International AS & A Level,A Level,Paper 4 Depth Study,9489/4,105,60,30
"Mussolini’s Italy, 1919–41",How successful were Mussolini’s economic policies?,"Living standards — Welfare system: health, pensions, employment levels and childcare",History,Cambridge Assessment International Education,Cambridge International AS & A Level,A Level,Paper 4 Depth Study,9489/4,105,60,30
"Mussolini’s Italy, 1919–41",How successful were Mussolini’s economic policies?,"Living standards — Levels of pay, working hours and consumption",History,Cambridge Assessment International Education,Cambridge International AS & A Level,A Level,Paper 4 Depth Study,9489/4,105,60,30
"Mussolini’s Italy, 1919–41",How far did Mussolini transform Italian society?,Impact on women and young people of fascist policies — Fascist attitudes towards women,History,Cambridge Assessment International Education,Cambridge International AS & A Level,A Level,Paper 4 Depth Study,9489/4,105,60,30
"Mussolini’s Italy, 1919–41",How far did Mussolini transform Italian society?,Impact on women and young people of fascist policies — Aims to increase birth rate and population,History,Cambridge Assessment International Education,Cambridge International AS & A Level,A Level,Paper 4 Depth Study,9489/4,105,60,30
"Mussolini’s Italy, 1919–41",How far did Mussolini transform Italian society?,Impact on women and young people of fascist policies — Attempts to limit employment of women,History,Cambridge Assessment International Education,Cambridge International AS & A Level,A Level,Paper 4 Depth Study,9489/4,105,60,30
"Mussolini’s Italy, 1919–41",How far did Mussolini transform Italian society?,"Impact on women and young people of fascist policies — Battle for Births: propaganda, incentives, abortion, contraception and divorce, and outcomes",History,Cambridge Assessment International Education,Cambridge International AS & A Level,A Level,Paper 4 Depth Study,9489/4,105,60,30
"Mussolini’s Italy, 1919–41",How far did Mussolini transform Italian society?,Impact on women and young people of fascist policies — Indoctrination of youth through education and youth movements,History,Cambridge Assessment International Education,Cambridge International AS & A Level,A Level,Paper 4 Depth Study,9489/4,105,60,30
"Mussolini’s Italy, 1919–41",How far did Mussolini transform Italian society?,Impact on women and young people of fascist policies — Gentile’s reforms,History,Cambridge Assessment International Education,Cambridge International AS & A Level,A Level,Paper 4 Depth Study,9489/4,105,60,30
"Mussolini’s Italy, 1919–41",How far did Mussolini transform Italian society?,Impact on women and young people of fascist policies — Curriculum and textbook changes,History,Cambridge Assessment International Education,Cambridge International AS & A Level,A Level,Paper 4 Depth Study,9489/4,105,60,30
"Mussolini’s Italy, 1919–41",How far did Mussolini transform Italian society?,Impact on women and young people of fascist policies — Control over teachers,History,Cambridge Assessment International Education,Cambridge International AS & A Level,A Level,Paper 4 Depth Study,9489/4,105,60,30
"Mussolini’s Italy, 1919–41",How far did Mussolini transform Italian society?,Impact on women and young people of fascist policies — Fascism and university education,History,Cambridge Assessment International Education,Cambridge International AS & A Level,A Level,Paper 4 Depth Study,9489/4,105,60,30
"Mussolini’s Italy, 1919–41",How far did Mussolini transform Italian society?,"Impact on women and young people of fascist policies — ONB: aims, organisation, activities and outcomes",History,Cambridge Assessment International Education,Cambridge International AS & A Level,A Level,Paper 4 Depth Study,9489/4,105,60,30
"Mussolini’s Italy, 1919–41",How far did Mussolini transform Italian society?,Religious policies — Mussolini’s early anti-clericalism and changing policies,History,Cambridge Assessment International Education,Cambridge International AS & A Level,A Level,Paper 4 Depth Study,9489/4,105,60,30
"Mussolini’s Italy, 1919–41",How far did Mussolini transform Italian society?,"Religious policies — Lateran Treaties, impact and significance",History,Cambridge Assessment International Education,Cambridge International AS & A Level,A Level,Paper 4 Depth Study,9489/4,105,60,30
"Mussolini’s Italy, 1919–41",How far did Mussolini transform Italian society?,Religious policies — Examples of church support for the regime,History,Cambridge Assessment International Education,Cambridge International AS & A Level,A Level,Paper 4 Depth Study,9489/4,105,60,30
"Mussolini’s Italy, 1919–41",How far did Mussolini transform Italian society?,Religious policies — Growing tensions between church and state in 1930s over Catholic Action and antisemitism,History,Cambridge Assessment International Education,Cambridge International AS & A Level,A Level,Paper 4 Depth Study,9489/4,105,60,30
"Mussolini’s Italy, 1919–41",How far did Mussolini transform Italian society?,"Impact of fascist organisations — OND: structure, aims, organisation and outcomes",History,Cambridge Assessment International Education,Cambridge International AS & A Level,A Level,Paper 4 Depth Study,9489/4,105,60,30
"Mussolini’s Italy, 1919–41",How far did Mussolini transform Italian society?,Impact of fascist organisations — Impact of Reform of Customs,History,Cambridge Assessment International Education,Cambridge International AS & A Level,A Level,Paper 4 Depth Study,9489/4,105,60,30
"Mussolini’s Italy, 1919–41",How far did Mussolini transform Italian society?,Extent of opposition to regime — Strikes and demonstrations,History,Cambridge Assessment International Education,Cambridge International AS & A Level,A Level,Paper 4 Depth Study,9489/4,105,60,30
"Mussolini’s Italy, 1919–41",How far did Mussolini transform Italian society?,Extent of opposition to regime — Communist Party,History,Cambridge Assessment International Education,Cambridge International AS & A Level,A Level,Paper 4 Depth Study,9489/4,105,60,30
"Mussolini’s Italy, 1919–41",How far did Mussolini transform Italian society?,Extent of opposition to regime — Justice and liberty,History,Cambridge Assessment International Education,Cambridge International AS & A Level,A Level,Paper 4 Depth Study,9489/4,105,60,30
"Mussolini’s Italy, 1919–41",How far did Mussolini transform Italian society?,Extent of opposition to regime — Non-conformity,History,Cambridge Assessment International Education,Cambridge International AS & A Level,A Level,Paper 4 Depth Study,9489/4,105,60,30
"Mussolini’s Italy, 1919–41",How far did Mussolini transform Italian society?,Extent of opposition to regime — Assassination attempts,History,Cambridge Assessment International Education,Cambridge International AS & A Level,A Level,Paper 4 Depth Study,9489/4,105,60,30
"Stalin’s Russia, 1924–41",How did Stalin gain control of the Soviet Union?,The power vacuum following Lenin’s death — The nature of leadership of the party: collective leadership,History,Cambridge Assessment International Education,Cambridge International AS & A Level,A Level,Paper 4 Depth Study,9489/4,105,60,30
"Stalin’s Russia, 1924–41",How did Stalin gain control of the Soviet Union?,The power vacuum following Lenin’s death — Lenin’s Testament and funeral,History,Cambridge Assessment International Education,Cambridge International AS & A Level,A Level,Paper 4 Depth Study,9489/4,105,60,30
"Stalin’s Russia, 1924–41",How did Stalin gain control of the Soviet Union?,"The strengths and weaknesses of the candidates — Respective personalities and appeal of Stalin, Trotsky, Bukharin, Kamenev, Rykov, Tomsky and Zinoviev",History,Cambridge Assessment International Education,Cambridge International AS & A Level,A Level,Paper 4 Depth Study,9489/4,105,60,30
"Stalin’s Russia, 1924–41",How did Stalin gain control of the Soviet Union?,The strengths and weaknesses of the candidates — Stalin’s use of roles within the party such as General Secretary,History,Cambridge Assessment International Education,Cambridge International AS & A Level,A Level,Paper 4 Depth Study,9489/4,105,60,30
"Stalin’s Russia, 1924–41",How did Stalin gain control of the Soviet Union?,Ideological differences and the power struggle — Arguments relating to economic development: New Economic Policy (NEP) versus industrialisation,History,Cambridge Assessment International Education,Cambridge International AS & A Level,A Level,Paper 4 Depth Study,9489/4,105,60,30
"Stalin’s Russia, 1924–41",How did Stalin gain control of the Soviet Union?,Ideological differences and the power struggle — Socialism in One Country versus Permanent Revolution,History,Cambridge Assessment International Education,Cambridge International AS & A Level,A Level,Paper 4 Depth Study,9489/4,105,60,30
"Stalin’s Russia, 1924–41",How did Stalin gain control of the Soviet Union?,Ideological differences and the power struggle — Changing alliances,History,Cambridge Assessment International Education,Cambridge International AS & A Level,A Level,Paper 4 Depth Study,9489/4,105,60,30
"Stalin’s Russia, 1924–41",How did Stalin gain control of the Soviet Union?,Repression and propaganda to 1929 — The beginning of the cult of personality: ‘Lenin’s disciple’,History,Cambridge Assessment International Education,Cambridge International AS & A Level,A Level,Paper 4 Depth Study,9489/4,105,60,30
"Stalin’s Russia, 1924–41",How did Stalin gain control of the Soviet Union?,Repression and propaganda to 1929 — Machinery of repression,History,Cambridge Assessment International Education,Cambridge International AS & A Level,A Level,Paper 4 Depth Study,9489/4,105,60,30
"Stalin’s Russia, 1924–41",How effectively did Stalin govern the Soviet Union?,Terror and the Purges — Reasons for the Terror and Purges,History,Cambridge Assessment International Education,Cambridge International AS & A Level,A Level,Paper 4 Depth Study,9489/4,105,60,30
"Stalin’s Russia, 1924–41",How effectively did Stalin govern the Soviet Union?,Terror and the Purges — Opposition to Stalin and Kirov’s murder,History,Cambridge Assessment International Education,Cambridge International AS & A Level,A Level,Paper 4 Depth Study,9489/4,105,60,30
"Stalin’s Russia, 1924–41",How effectively did Stalin govern the Soviet Union?,Terror and the Purges — Role of NKVD,History,Cambridge Assessment International Education,Cambridge International AS & A Level,A Level,Paper 4 Depth Study,9489/4,105,60,30
"Stalin’s Russia, 1924–41",How effectively did Stalin govern the Soviet Union?,Terror and the Purges — Show trials,History,Cambridge Assessment International Education,Cambridge International AS & A Level,A Level,Paper 4 Depth Study,9489/4,105,60,30
"Stalin’s Russia, 1924–41",How effectively did Stalin govern the Soviet Union?,"Terror and the Purges — Yezhovshchina: forced labour and gulags, and purge of the armed forces",History,Cambridge Assessment International Education,Cambridge International AS & A Level,A Level,Paper 4 Depth Study,9489/4,105,60,30
"Stalin’s Russia, 1924–41",How effectively did Stalin govern the Soviet Union?,The Cult of Personality — The development of the Stalin cult,History,Cambridge Assessment International Education,Cambridge International AS & A Level,A Level,Paper 4 Depth Study,9489/4,105,60,30
"Stalin’s Russia, 1924–41",How effectively did Stalin govern the Soviet Union?,The Cult of Personality — Propaganda methods: aims and impact,History,Cambridge Assessment International Education,Cambridge International AS & A Level,A Level,Paper 4 Depth Study,9489/4,105,60,30
"Stalin’s Russia, 1924–41",How effectively did Stalin govern the Soviet Union?,Stalin’s leadership — The nature of Stalin’s leadership and the Stalin Constitution,History,Cambridge Assessment International Education,Cambridge International AS & A Level,A Level,Paper 4 Depth Study,9489/4,105,60,30
"Stalin’s Russia, 1924–41",How effectively did Stalin govern the Soviet Union?,Aims and impact of foreign policy — Relations with Germany,History,Cambridge Assessment International Education,Cambridge International AS & A Level,A Level,Paper 4 Depth Study,9489/4,105,60,30
"Stalin’s Russia, 1924–41",How effectively did Stalin govern the Soviet Union?,"Aims and impact of foreign policy — Search for collective security: Comintern, League of Nations, France and Czechoslovakia",History,Cambridge Assessment International Education,Cambridge International AS & A Level,A Level,Paper 4 Depth Study,9489/4,105,60,30
"Stalin’s Russia, 1924–41",How effectively did Stalin govern the Soviet Union?,Aims and impact of foreign policy — Intervention in Spanish Civil War,History,Cambridge Assessment International Education,Cambridge International AS & A Level,A Level,Paper 4 Depth Study,9489/4,105,60,30
"Stalin’s Russia, 1924–41",How effectively did Stalin govern the Soviet Union?,Aims and impact of foreign policy — Policies towards China and Japan,History,Cambridge Assessment International Education,Cambridge International AS & A Level,A Level,Paper 4 Depth Study,9489/4,105,60,30
"Stalin’s Russia, 1924–41",How effectively did Stalin govern the Soviet Union?,Aims and impact of foreign policy — Nazi–Soviet Pact,History,Cambridge Assessment International Education,Cambridge International AS & A Level,A Level,Paper 4 Depth Study,9489/4,105,60,30
"Stalin’s Russia, 1924–41",How successful were Stalin’s economic policies?,Reasons for the Great Turn — Security from invasion,History,Cambridge Assessment International Education,Cambridge International AS & A Level,A Level,Paper 4 Depth Study,9489/4,105,60,30
"Stalin’s Russia, 1924–41",How successful were Stalin’s economic policies?,Reasons for the Great Turn — Achievement of self-sufficiency,History,Cambridge Assessment International Education,Cambridge International AS & A Level,A Level,Paper 4 Depth Study,9489/4,105,60,30
"Stalin’s Russia, 1924–41",How successful were Stalin’s economic policies?,Reasons for the Great Turn — Creation of a fully socialist society and economy,History,Cambridge Assessment International Education,Cambridge International AS & A Level,A Level,Paper 4 Depth Study,9489/4,105,60,30
"Stalin’s Russia, 1924–41",How successful were Stalin’s economic policies?,Reasons for the Great Turn — Enhancing Stalin’s control,History,Cambridge Assessment International Education,Cambridge International AS & A Level,A Level,Paper 4 Depth Study,9489/4,105,60,30
"Stalin’s Russia, 1924–41",How successful were Stalin’s economic policies?,Agricultural policies — Reasons for collectivisation,History,Cambridge Assessment International Education,Cambridge International AS & A Level,A Level,Paper 4 Depth Study,9489/4,105,60,30
"Stalin’s Russia, 1924–41",How successful were Stalin’s economic policies?,Agricultural policies — Voluntary and forced collectivisation,History,Cambridge Assessment International Education,Cambridge International AS & A Level,A Level,Paper 4 Depth Study,9489/4,105,60,30
"Stalin’s Russia, 1924–41",How successful were Stalin’s economic policies?,Agricultural policies — State farms,History,Cambridge Assessment International Education,Cambridge International AS & A Level,A Level,Paper 4 Depth Study,9489/4,105,60,30
"Stalin’s Russia, 1924–41",How successful were Stalin’s economic policies?,"Agricultural policies — The impact and extent of success: forced requisitioning, famine and agricultural yields",History,Cambridge Assessment International Education,Cambridge International AS & A Level,A Level,Paper 4 Depth Study,9489/4,105,60,30
"Stalin’s Russia, 1924–41",How successful were Stalin’s economic policies?,Agricultural policies — Dekulakisation,History,Cambridge Assessment International Education,Cambridge International AS & A Level,A Level,Paper 4 Depth Study,9489/4,105,60,30
"Stalin’s Russia, 1924–41",How successful were Stalin’s economic policies?,Industrial policies — Reasons for industrialisation,History,Cambridge Assessment International Education,Cambridge International AS & A Level,A Level,Paper 4 Depth Study,9489/4,105,60,30
"Stalin’s Russia, 1924–41",How successful were Stalin’s economic policies?,Industrial policies — Gosplan,History,Cambridge Assessment International Education,Cambridge International AS & A Level,A Level,Paper 4 Depth Study,9489/4,105,60,30
"Stalin’s Russia, 1924–41",How successful were Stalin’s economic policies?,"Industrial policies — The organisation, aims and results of the first three Five Year Plans",History,Cambridge Assessment International Education,Cambridge International AS & A Level,A Level,Paper 4 Depth Study,9489/4,105,60,30
"Stalin’s Russia, 1924–41",How successful were Stalin’s economic policies?,"Industrial policies — Constructions, industrial centres and major projects",History,Cambridge Assessment International Education,Cambridge International AS & A Level,A Level,Paper 4 Depth Study,9489/4,105,60,30
"Stalin’s Russia, 1924–41",How successful were Stalin’s economic policies?,Industrial policies — Stakhanovite movement,History,Cambridge Assessment International Education,Cambridge International AS & A Level,A Level,Paper 4 Depth Study,9489/4,105,60,30
"Stalin’s Russia, 1924–41",How successful were Stalin’s economic policies?,Living standards — The living and working conditions of managers and workers in urban areas,History,Cambridge Assessment International Education,Cambridge International AS & A Level,A Level,Paper 4 Depth Study,9489/4,105,60,30
"Stalin’s Russia, 1924–41",How successful were Stalin’s economic policies?,Living standards — Wage differentials and incentives,History,Cambridge Assessment International Education,Cambridge International AS & A Level,A Level,Paper 4 Depth Study,9489/4,105,60,30
"Stalin’s Russia, 1924–41",How successful were Stalin’s economic policies?,Living standards — Workplace discipline,History,Cambridge Assessment International Education,Cambridge International AS & A Level,A Level,Paper 4 Depth Study,9489/4,105,60,30
"Stalin’s Russia, 1924–41",How successful were Stalin’s economic policies?,Living standards — Housing and consumer items,History,Cambridge Assessment International Education,Cambridge International AS & A Level,A Level,Paper 4 Depth Study,9489/4,105,60,30
"Stalin’s Russia, 1924–41",How far did Stalin transform soviet society?,"Women and the family — The Great Retreat and policies towards marriage, divorce and childbirth",History,Cambridge Assessment International Education,Cambridge International AS & A Level,A Level,Paper 4 Depth Study,9489/4,105,60,30
"Stalin’s Russia, 1924–41",How far did Stalin transform soviet society?,Women and the family — Women’s role in the workplace: opportunities and limitations,History,Cambridge Assessment International Education,Cambridge International AS & A Level,A Level,Paper 4 Depth Study,9489/4,105,60,30
"Stalin’s Russia, 1924–41",How far did Stalin transform soviet society?,Women and the family — Treatment of national groups within the Soviet Union,History,Cambridge Assessment International Education,Cambridge International AS & A Level,A Level,Paper 4 Depth Study,9489/4,105,60,30
"Stalin’s Russia, 1924–41",How far did Stalin transform soviet society?,"Youth and education — Education reforms and impact relating to primary, secondary and higher education",History,Cambridge Assessment International Education,Cambridge International AS & A Level,A Level,Paper 4 Depth Study,9489/4,105,60,30
"Stalin’s Russia, 1924–41",How far did Stalin transform soviet society?,Youth and education — 1936 Great Retreat and reversal of earlier reforms,History,Cambridge Assessment International Education,Cambridge International AS & A Level,A Level,Paper 4 Depth Study,9489/4,105,60,30
"Stalin’s Russia, 1924–41",How far did Stalin transform soviet society?,Cultural changes — Cultural Revolution,History,Cambridge Assessment International Education,Cambridge International AS & A Level,A Level,Paper 4 Depth Study,9489/4,105,60,30
"Stalin’s Russia, 1924–41",How far did Stalin transform soviet society?,"Cultural changes — Socialist Realism in art, music, literature and cinema and their aims and impact",History,Cambridge Assessment International Education,Cambridge International AS & A Level,A Level,Paper 4 Depth Study,9489/4,105,60,30
"Stalin’s Russia, 1924–41",How far did Stalin transform soviet society?,Religious policies — Repression towards organised religion,History,Cambridge Assessment International Education,Cambridge International AS & A Level,A Level,Paper 4 Depth Study,9489/4,105,60,30
"Stalin’s Russia, 1924–41",How far did Stalin transform soviet society?,Religious policies — Impact and continued influence of the Church on society,History,Cambridge Assessment International Education,Cambridge International AS & A Level,A Level,Paper 4 Depth Study,9489/4,105,60,30
"Hitler’s Germany, 1929–41",How did Hitler gain control of Germany?,Problems facing Weimar governments — Impact of the Great Depression on Germany,History,Cambridge Assessment International Education,Cambridge International AS & A Level,A Level,Paper 4 Depth Study,9489/4,105,60,30
"Hitler’s Germany, 1929–41",How did Hitler gain control of Germany?,Problems facing Weimar governments — Unpopularity of Müller and Bruning’s Weimar governments,History,Cambridge Assessment International Education,Cambridge International AS & A Level,A Level,Paper 4 Depth Study,9489/4,105,60,30
"Hitler’s Germany, 1929–41",How did Hitler gain control of Germany?,Problems facing Weimar governments — Rise of communism,History,Cambridge Assessment International Education,Cambridge International AS & A Level,A Level,Paper 4 Depth Study,9489/4,105,60,30
"Hitler’s Germany, 1929–41",How did Hitler gain control of Germany?,"Reasons for the growth of support for the Nazis, 1929–32 — The appeal of Hitler",History,Cambridge Assessment International Education,Cambridge International AS & A Level,A Level,Paper 4 Depth Study,9489/4,105,60,30
"Hitler’s Germany, 1929–41",How did Hitler gain control of Germany?,"Reasons for the growth of support for the Nazis, 1929–32 — The role of the SA",History,Cambridge Assessment International Education,Cambridge International AS & A Level,A Level,Paper 4 Depth Study,9489/4,105,60,30
"Hitler’s Germany, 1929–41",How did Hitler gain control of Germany?,"Reasons for the growth of support for the Nazis, 1929–32 — Nazi propaganda and promises",History,Cambridge Assessment International Education,Cambridge International AS & A Level,A Level,Paper 4 Depth Study,9489/4,105,60,30
"Hitler’s Germany, 1929–41",How did Hitler gain control of Germany?,"Reasons for the growth of support for the Nazis, 1929–32 — Elite support",History,Cambridge Assessment International Education,Cambridge International AS & A Level,A Level,Paper 4 Depth Study,9489/4,105,60,30
"Hitler’s Germany, 1929–41",How did Hitler gain control of Germany?,"Hitler’s appointment as Chancellor, 1933 — The elections of 1932",History,Cambridge Assessment International Education,Cambridge International AS & A Level,A Level,Paper 4 Depth Study,9489/4,105,60,30
"Hitler’s Germany, 1929–41",How did Hitler gain control of Germany?,"Hitler’s appointment as Chancellor, 1933 — Von Schleicher’s government",History,Cambridge Assessment International Education,Cambridge International AS & A Level,A Level,Paper 4 Depth Study,9489/4,105,60,30
"Hitler’s Germany, 1929–41",How did Hitler gain control of Germany?,"Hitler’s appointment as Chancellor, 1933 — Hindenburg and von Papen’s actions in 1933",History,Cambridge Assessment International Education,Cambridge International AS & A Level,A Level,Paper 4 Depth Study,9489/4,105,60,30
"Hitler’s Germany, 1929–41",How did Hitler gain control of Germany?,"Hitler’s consolidation of power and creation of a dictatorship, 1933–34 — The Reichstag Fire and subsequent repression",History,Cambridge Assessment International Education,Cambridge International AS & A Level,A Level,Paper 4 Depth Study,9489/4,105,60,30
"Hitler’s Germany, 1929–41",How did Hitler gain control of Germany?,"Hitler’s consolidation of power and creation of a dictatorship, 1933–34 — March 1933 election",History,Cambridge Assessment International Education,Cambridge International AS & A Level,A Level,Paper 4 Depth Study,9489/4,105,60,30
"Hitler’s Germany, 1929–41",How did Hitler gain control of Germany?,"Hitler’s consolidation of power and creation of a dictatorship, 1933–34 — Enabling Act",History,Cambridge Assessment International Education,Cambridge International AS & A Level,A Level,Paper 4 Depth Study,9489/4,105,60,30
"Hitler’s Germany, 1929–41",How did Hitler gain control of Germany?,"Hitler’s consolidation of power and creation of a dictatorship, 1933–34 — Night of the Long Knives",History,Cambridge Assessment International Education,Cambridge International AS & A Level,A Level,Paper 4 Depth Study,9489/4,105,60,30
"Hitler’s Germany, 1929–41",How did Hitler gain control of Germany?,"Hitler’s consolidation of power and creation of a dictatorship, 1933–34 — Hindenburg’s death and the army oath of loyalty",History,Cambridge Assessment International Education,Cambridge International AS & A Level,A Level,Paper 4 Depth Study,9489/4,105,60,30
"Hitler’s Germany, 1929–41",How effectively did the Nazis govern Germany?,The terror state — Examples of repression such as the Gestapo,History,Cambridge Assessment International Education,Cambridge International AS & A Level,A Level,Paper 4 Depth Study,9489/4,105,60,30
"Hitler’s Germany, 1929–41",How effectively did the Nazis govern Germany?,The terror state — Block wardens,History,Cambridge Assessment International Education,Cambridge International AS & A Level,A Level,Paper 4 Depth Study,9489/4,105,60,30
"Hitler’s Germany, 1929–41",How effectively did the Nazis govern Germany?,The terror state — Police and SD,History,Cambridge Assessment International Education,Cambridge International AS & A Level,A Level,Paper 4 Depth Study,9489/4,105,60,30
"Hitler’s Germany, 1929–41",How effectively did the Nazis govern Germany?,The terror state — Judiciary and courts,History,Cambridge Assessment International Education,Cambridge International AS & A Level,A Level,Paper 4 Depth Study,9489/4,105,60,30
"Hitler’s Germany, 1929–41",How effectively did the Nazis govern Germany?,The terror state — SS,History,Cambridge Assessment International Education,Cambridge International AS & A Level,A Level,Paper 4 Depth Study,9489/4,105,60,30
"Hitler’s Germany, 1929–41",How effectively did the Nazis govern Germany?,The terror state — Concentration camps,History,Cambridge Assessment International Education,Cambridge International AS & A Level,A Level,Paper 4 Depth Study,9489/4,105,60,30
"Hitler’s Germany, 1929–41",How effectively did the Nazis govern Germany?,Propaganda — Goebbels and Ministry of Propaganda and Enlightenment,History,Cambridge Assessment International Education,Cambridge International AS & A Level,A Level,Paper 4 Depth Study,9489/4,105,60,30
"Hitler’s Germany, 1929–41",How effectively did the Nazis govern Germany?,"Propaganda — Control of the media: radio, newspapers, film, art and culture",History,Cambridge Assessment International Education,Cambridge International AS & A Level,A Level,Paper 4 Depth Study,9489/4,105,60,30
"Hitler’s Germany, 1929–41",How effectively did the Nazis govern Germany?,Propaganda — Nuremberg Rallies,History,Cambridge Assessment International Education,Cambridge International AS & A Level,A Level,Paper 4 Depth Study,9489/4,105,60,30
"Hitler’s Germany, 1929–41",How effectively did the Nazis govern Germany?,Propaganda — 1936 Olympics,History,Cambridge Assessment International Education,Cambridge International AS & A Level,A Level,Paper 4 Depth Study,9489/4,105,60,30
"Hitler’s Germany, 1929–41",How effectively did the Nazis govern Germany?,"Extent of opposition to regime — Opposition from youth, including Swing movement and Edelweiss Pirates",History,Cambridge Assessment International Education,Cambridge International AS & A Level,A Level,Paper 4 Depth Study,9489/4,105,60,30
"Hitler’s Germany, 1929–41",How effectively did the Nazis govern Germany?,"Extent of opposition to regime — Church, including the Confessing Church, the Pastors Emergency League and Galen",History,Cambridge Assessment International Education,Cambridge International AS & A Level,A Level,Paper 4 Depth Study,9489/4,105,60,30
"Hitler’s Germany, 1929–41",How effectively did the Nazis govern Germany?,Extent of opposition to regime — Political opposition from the left-wing,History,Cambridge Assessment International Education,Cambridge International AS & A Level,A Level,Paper 4 Depth Study,9489/4,105,60,30
"Hitler’s Germany, 1929–41",How effectively did the Nazis govern Germany?,Extent of opposition to regime — Passive resistance,History,Cambridge Assessment International Education,Cambridge International AS & A Level,A Level,Paper 4 Depth Study,9489/4,105,60,30
"Hitler’s Germany, 1929–41",How effectively did the Nazis govern Germany?,"Nazi foreign policy — Aims: reversal of Treaty of Versailles, pan-Germanism, Lebensraum and defeating communism",History,Cambridge Assessment International Education,Cambridge International AS & A Level,A Level,Paper 4 Depth Study,9489/4,105,60,30
"Hitler’s Germany, 1929–41",How effectively did the Nazis govern Germany?,Nazi foreign policy — Methods: leaving the League of Nations,History,Cambridge Assessment International Education,Cambridge International AS & A Level,A Level,Paper 4 Depth Study,9489/4,105,60,30
"Hitler’s Germany, 1929–41",How effectively did the Nazis govern Germany?,"Nazi foreign policy — The remilitarisation of the Rhineland, Anti-Comintern Pact, Anschluss, Sudentenland and Czechoslovakia, Nazi–Soviet Pact, invasion of Poland and Operation Barbarossa",History,Cambridge Assessment International Education,Cambridge International AS & A Level,A Level,Paper 4 Depth Study,9489/4,105,60,30
"Hitler’s Germany, 1929–41",How effectively did the Nazis govern Germany?,Nazi foreign policy — Extent of planning and consistency in policies,History,Cambridge Assessment International Education,Cambridge International AS & A Level,A Level,Paper 4 Depth Study,9489/4,105,60,30
"Hitler’s Germany, 1929–41",How successful were Nazi economic policies?,Responses to the Great Depression — Schacht’s deficit financing schemes and Mefo Bills,History,Cambridge Assessment International Education,Cambridge International AS & A Level,A Level,Paper 4 Depth Study,9489/4,105,60,30
"Hitler’s Germany, 1929–41",How successful were Nazi economic policies?,Responses to the Great Depression — Public works programmes such as the autobahn network,History,Cambridge Assessment International Education,Cambridge International AS & A Level,A Level,Paper 4 Depth Study,9489/4,105,60,30
"Hitler’s Germany, 1929–41",How successful were Nazi economic policies?,Responses to the Great Depression — Reich Labour Service,History,Cambridge Assessment International Education,Cambridge International AS & A Level,A Level,Paper 4 Depth Study,9489/4,105,60,30
"Hitler’s Germany, 1929–41",How successful were Nazi economic policies?,Responses to the Great Depression — Law for Reduction of Unemployment,History,Cambridge Assessment International Education,Cambridge International AS & A Level,A Level,Paper 4 Depth Study,9489/4,105,60,30
"Hitler’s Germany, 1929–41",How successful were Nazi economic policies?,"Agricultural policies — The use of, and impact of, tariffs",History,Cambridge Assessment International Education,Cambridge International AS & A Level,A Level,Paper 4 Depth Study,9489/4,105,60,30
"Hitler’s Germany, 1929–41",How successful were Nazi economic policies?,Agricultural policies — Reich Food Estate,History,Cambridge Assessment International Education,Cambridge International AS & A Level,A Level,Paper 4 Depth Study,9489/4,105,60,30
"Hitler’s Germany, 1929–41",How successful were Nazi economic policies?,Agricultural policies — Reich Entailed Farm Law,History,Cambridge Assessment International Education,Cambridge International AS & A Level,A Level,Paper 4 Depth Study,9489/4,105,60,30
"Hitler’s Germany, 1929–41",How successful were Nazi economic policies?,"Rearmament and autarky — Schacht’s New Plan, 1934",History,Cambridge Assessment International Education,Cambridge International AS & A Level,A Level,Paper 4 Depth Study,9489/4,105,60,30
"Hitler’s Germany, 1929–41",How successful were Nazi economic policies?,Rearmament and autarky — Goering’s Four Year Plan and the creation of a war economy,History,Cambridge Assessment International Education,Cambridge International AS & A Level,A Level,Paper 4 Depth Study,9489/4,105,60,30
"Hitler’s Germany, 1929–41",How successful were Nazi economic policies?,Rearmament and autarky — Development of key war industries,History,Cambridge Assessment International Education,Cambridge International AS & A Level,A Level,Paper 4 Depth Study,9489/4,105,60,30
"Hitler’s Germany, 1929–41",How successful were Nazi economic policies?,Rearmament and autarky — The debate about guns or butter,History,Cambridge Assessment International Education,Cambridge International AS & A Level,A Level,Paper 4 Depth Study,9489/4,105,60,30
"Hitler’s Germany, 1929–41",How successful were Nazi economic policies?,Living standards — Employment rates,History,Cambridge Assessment International Education,Cambridge International AS & A Level,A Level,Paper 4 Depth Study,9489/4,105,60,30
"Hitler’s Germany, 1929–41",How successful were Nazi economic policies?,Living standards — Working hours,History,Cambridge Assessment International Education,Cambridge International AS & A Level,A Level,Paper 4 Depth Study,9489/4,105,60,30
"Hitler’s Germany, 1929–41",How successful were Nazi economic policies?,Living standards — Rates of pay,History,Cambridge Assessment International Education,Cambridge International AS & A Level,A Level,Paper 4 Depth Study,9489/4,105,60,30
"Hitler’s Germany, 1929–41",How successful were Nazi economic policies?,Living standards — Labour Front (DAF) and loss of trade union representation,History,Cambridge Assessment International Education,Cambridge International AS & A Level,A Level,Paper 4 Depth Study,9489/4,105,60,30
"Hitler’s Germany, 1929–41",How successful were Nazi economic policies?,Living standards — Strength through Joy (KdF) and Beauty of Work,History,Cambridge Assessment International Education,Cambridge International AS & A Level,A Level,Paper 4 Depth Study,9489/4,105,60,30
"Hitler’s Germany, 1929–41",How far did the Nazis transform German society?,"Impact on women of Nazi policies — Views on women’s domestic roles: Kinder, Küche, Kirche",History,Cambridge Assessment International Education,Cambridge International AS & A Level,A Level,Paper 4 Depth Study,9489/4,105,60,30
"Hitler’s Germany, 1929–41",How far did the Nazis transform German society?,Impact on women of Nazi policies — Attempts to reduce women’s involvement in the workplace,History,Cambridge Assessment International Education,Cambridge International AS & A Level,A Level,Paper 4 Depth Study,9489/4,105,60,30
"Hitler’s Germany, 1929–41",How far did the Nazis transform German society?,Impact on women of Nazi policies — Efforts to increase the birthrate such as Motherhood Cross and Marriage Loans,History,Cambridge Assessment International Education,Cambridge International AS & A Level,A Level,Paper 4 Depth Study,9489/4,105,60,30
"Hitler’s Germany, 1929–41",How far did the Nazis transform German society?,Impact on women of Nazi policies — Changes to attitudes to women in work from 1937,History,Cambridge Assessment International Education,Cambridge International AS & A Level,A Level,Paper 4 Depth Study,9489/4,105,60,30
"Hitler’s Germany, 1929–41",How far did the Nazis transform German society?,"Impact on young people of Nazi policies — Education: syllabus and textbook changes, control of teachers, creation of new schools and university education",History,Cambridge Assessment International Education,Cambridge International AS & A Level,A Level,Paper 4 Depth Study,9489/4,105,60,30
"Hitler’s Germany, 1929–41",How far did the Nazis transform German society?,"Impact on young people of Nazi policies — Youth groups: Hitler Youth, BDM, indoctrination, military training, levels of attendance and compulsion",History,Cambridge Assessment International Education,Cambridge International AS & A Level,A Level,Paper 4 Depth Study,9489/4,105,60,30
"Hitler’s Germany, 1929–41",How far did the Nazis transform German society?,Religious policies — Concordat with Catholic Church,History,Cambridge Assessment International Education,Cambridge International AS & A Level,A Level,Paper 4 Depth Study,9489/4,105,60,30
"Hitler’s Germany, 1929–41",How far did the Nazis transform German society?,"Religious policies — Reich Church, Bishop Müller and German Christians",History,Cambridge Assessment International Education,Cambridge International AS & A Level,A Level,Paper 4 Depth Study,9489/4,105,60,30
"Hitler’s Germany, 1929–41",How far did the Nazis transform German society?,Religious policies — German Faith Movement,History,Cambridge Assessment International Education,Cambridge International AS & A Level,A Level,Paper 4 Depth Study,9489/4,105,60,30
"Hitler’s Germany, 1929–41",How far did the Nazis transform German society?,Persecution of Jews and other minorities — Nazi race theories: Social Darwinism and eugenics,History,Cambridge Assessment International Education,Cambridge International AS & A Level,A Level,Paper 4 Depth Study,9489/4,105,60,30
"Hitler’s Germany, 1929–41",How far did the Nazis transform German society?,"Persecution of Jews and other minorities — Other reasons for persecution of Jews, such as The First World War and the Great Depression",History,Cambridge Assessment International Education,Cambridge International AS & A Level,A Level,Paper 4 Depth Study,9489/4,105,60,30
"Hitler’s Germany, 1929–41",How far did the Nazis transform German society?,"Persecution of Jews and other minorities — Ways in which Jews were persecuted: boycotts, Nuremberg Laws and Kristallnacht",History,Cambridge Assessment International Education,Cambridge International AS & A Level,A Level,Paper 4 Depth Study,9489/4,105,60,30
"Hitler’s Germany, 1929–41",How far did the Nazis transform German society?,"Persecution of Jews and other minorities — Other minorities: homosexuals, Jehovah’s Witnesses, Roma, mentally and physically disabled, reasons for persecution and examples of persecution",History,Cambridge Assessment International Education,Cambridge International AS & A Level,A Level,Paper 4 Depth Study,9489/4,105,60,30
"Truman, Eisenhower and post-war USA, 1945–61",How well did Truman deal with the internal issues facing post-war US?,"The impact of Truman’s Fair Deal policies — Welfare and social reforms: healthcare, education, housing",History,Cambridge Assessment International Education,Cambridge International AS & A Level,A Level,Paper 4 Depth Study,9489/4,105,60,30
"Truman, Eisenhower and post-war USA, 1945–61",How well did Truman deal with the internal issues facing post-war US?,The impact of Truman’s Fair Deal policies — Economic policies,History,Cambridge Assessment International Education,Cambridge International AS & A Level,A Level,Paper 4 Depth Study,9489/4,105,60,30
"Truman, Eisenhower and post-war USA, 1945–61",How well did Truman deal with the internal issues facing post-war US?,"The impact of Truman’s Fair Deal policies — Employment policy: minimum wage, price controls, support for farmers",History,Cambridge Assessment International Education,Cambridge International AS & A Level,A Level,Paper 4 Depth Study,9489/4,105,60,30
"Truman, Eisenhower and post-war USA, 1945–61",How well did Truman deal with the internal issues facing post-war US?,"The impact of Truman’s Fair Deal policies — Infrastructure: land reclamation, hydro electric power, slum clearance",History,Cambridge Assessment International Education,Cambridge International AS & A Level,A Level,Paper 4 Depth Study,9489/4,105,60,30
"Truman, Eisenhower and post-war USA, 1945–61",How well did Truman deal with the internal issues facing post-war US?,"The challenges of McCarthyism and the Red Scare — Reasons for fear of Communism: concerns about infiltration and spying, external factors such as Soviet expansion",History,Cambridge Assessment International Education,Cambridge International AS & A Level,A Level,Paper 4 Depth Study,9489/4,105,60,30
"Truman, Eisenhower and post-war USA, 1945–61",How well did Truman deal with the internal issues facing post-war US?,"The challenges of McCarthyism and the Red Scare — Party politics and the support for McCarthy, House Un-American Activities committee hearings and their effect",History,Cambridge Assessment International Education,Cambridge International AS & A Level,A Level,Paper 4 Depth Study,9489/4,105,60,30
"Truman, Eisenhower and post-war USA, 1945–61",How well did Truman deal with the internal issues facing post-war US?,The challenges of McCarthyism and the Red Scare — Reasons for decline of McCarthy’s influence,History,Cambridge Assessment International Education,Cambridge International AS & A Level,A Level,Paper 4 Depth Study,9489/4,105,60,30
"Truman, Eisenhower and post-war USA, 1945–61",How well did Truman deal with the internal issues facing post-war US?,The reasons for Truman’s election victory in 1948 — Truman’s personality and campaigning,History,Cambridge Assessment International Education,Cambridge International AS & A Level,A Level,Paper 4 Depth Study,9489/4,105,60,30
"Truman, Eisenhower and post-war USA, 1945–61",How well did Truman deal with the internal issues facing post-war US?,The reasons for Truman’s election victory in 1948 — Winning over key elements in New Deal coalition by measures to help African Americans and farmers,History,Cambridge Assessment International Education,Cambridge International AS & A Level,A Level,Paper 4 Depth Study,9489/4,105,60,30
"Truman, Eisenhower and post-war USA, 1945–61",How well did Truman deal with the internal issues facing post-war US?,The reasons for Truman’s election victory in 1948 — Conservative approval for Cold War policies and anti-Communism,History,Cambridge Assessment International Education,Cambridge International AS & A Level,A Level,Paper 4 Depth Study,9489/4,105,60,30
"Truman, Eisenhower and post-war USA, 1945–61",How well did Truman deal with the internal issues facing post-war US?,The reasons for Truman’s election victory in 1948 — Dewey’s personality and nature of Republican campaign,History,Cambridge Assessment International Education,Cambridge International AS & A Level,A Level,Paper 4 Depth Study,9489/4,105,60,30
"Truman, Eisenhower and post-war USA, 1945–61",How well did Truman deal with the internal issues facing post-war US?,Truman’s promises and actions on Civil Rights — Problems facing African Americans in post-war period,History,Cambridge Assessment International Education,Cambridge International AS & A Level,A Level,Paper 4 Depth Study,9489/4,105,60,30
"Truman, Eisenhower and post-war USA, 1945–61",How well did Truman deal with the internal issues facing post-war US?,Truman’s promises and actions on Civil Rights — Opposition among Southern Democrats,History,Cambridge Assessment International Education,Cambridge International AS & A Level,A Level,Paper 4 Depth Study,9489/4,105,60,30
"Truman, Eisenhower and post-war USA, 1945–61",How well did Truman deal with the internal issues facing post-war US?,Truman’s promises and actions on Civil Rights — Truman’s measure to end discrimination,History,Cambridge Assessment International Education,Cambridge International AS & A Level,A Level,Paper 4 Depth Study,9489/4,105,60,30
"Truman, Eisenhower and post-war USA, 1945–61",How well did Truman deal with the internal issues facing post-war US?,Truman’s promises and actions on Civil Rights — Truman’s relationship with Civil Rights groups,History,Cambridge Assessment International Education,Cambridge International AS & A Level,A Level,Paper 4 Depth Study,9489/4,105,60,30
"Truman, Eisenhower and post-war USA, 1945–61",How effective was Eisenhower as President?,"The reasons for Eisenhower’s election victories — Presidential election of 1952: personal appeal, use of TV, anti-Communism, promise to resolve Korean War, limitations of Democrats",History,Cambridge Assessment International Education,Cambridge International AS & A Level,A Level,Paper 4 Depth Study,9489/4,105,60,30
"Truman, Eisenhower and post-war USA, 1945–61",How effective was Eisenhower as President?,"The reasons for Eisenhower’s election victories — Presidential election 1956: impact of handling of Suez and Hungary, support from African Americans, personal appeal, prosperity of 1950s, Democrat opposition",History,Cambridge Assessment International Education,Cambridge International AS & A Level,A Level,Paper 4 Depth Study,9489/4,105,60,30
"Truman, Eisenhower and post-war USA, 1945–61",How effective was Eisenhower as President?,Eisenhower’s domestic policies — ‘Modern Republicanism’: increases in social security; low-cost housing; minimum wage,History,Cambridge Assessment International Education,Cambridge International AS & A Level,A Level,Paper 4 Depth Study,9489/4,105,60,30
"Truman, Eisenhower and post-war USA, 1945–61",How effective was Eisenhower as President?,"Eisenhower’s domestic policies — Department of Health, Education and Welfare",History,Cambridge Assessment International Education,Cambridge International AS & A Level,A Level,Paper 4 Depth Study,9489/4,105,60,30
"Truman, Eisenhower and post-war USA, 1945–61",How effective was Eisenhower as President?,Eisenhower’s domestic policies — Infrastructure: Interstate Highway program,History,Cambridge Assessment International Education,Cambridge International AS & A Level,A Level,Paper 4 Depth Study,9489/4,105,60,30
"Truman, Eisenhower and post-war USA, 1945–61",How effective was Eisenhower as President?,Eisenhower’s domestic policies — Balanced budget and fiscal policy,History,Cambridge Assessment International Education,Cambridge International AS & A Level,A Level,Paper 4 Depth Study,9489/4,105,60,30
"Truman, Eisenhower and post-war USA, 1945–61",How effective was Eisenhower as President?,Eisenhower’s domestic policies — Concerns about the military-industrial complex,History,Cambridge Assessment International Education,Cambridge International AS & A Level,A Level,Paper 4 Depth Study,9489/4,105,60,30
"Truman, Eisenhower and post-war USA, 1945–61",How effective was Eisenhower as President?,"The developments of Civil Rights movement and the response of Federal Government — Impact of civil rights organisations and individuals including NAACP, Rosa Parks and the Montgomery Bus Boycott, Sit-ins and SNCC",History,Cambridge Assessment International Education,Cambridge International AS & A Level,A Level,Paper 4 Depth Study,9489/4,105,60,30
"Truman, Eisenhower and post-war USA, 1945–61",How effective was Eisenhower as President?,The developments of Civil Rights movement and the response of Federal Government — Martin Luther King Jr and SCLC,History,Cambridge Assessment International Education,Cambridge International AS & A Level,A Level,Paper 4 Depth Study,9489/4,105,60,30
"Truman, Eisenhower and post-war USA, 1945–61",How effective was Eisenhower as President?,The developments of Civil Rights movement and the response of Federal Government — Supreme Court Decisions including Brown versus Topeka Board of Education,History,Cambridge Assessment International Education,Cambridge International AS & A Level,A Level,Paper 4 Depth Study,9489/4,105,60,30
"Truman, Eisenhower and post-war USA, 1945–61",How effective was Eisenhower as President?,"The developments of Civil Rights movement and the response of Federal Government — Federal Government responses to attempts to block desegregation, Little Rock",History,Cambridge Assessment International Education,Cambridge International AS & A Level,A Level,Paper 4 Depth Study,9489/4,105,60,30
"Truman, Eisenhower and post-war USA, 1945–61",How effective was Eisenhower as President?,"The developments of Civil Rights movement and the response of Federal Government — Civil Rights legislation, 1957",History,Cambridge Assessment International Education,Cambridge International AS & A Level,A Level,Paper 4 Depth Study,9489/4,105,60,30
"Truman, Eisenhower and post-war USA, 1945–61",How far were the years 1945–61 ones of economic and social change?,The impact of consumerism and urbanisation — Economic impact of growth in demand for consumer products; growth of domestic market and services,History,Cambridge Assessment International Education,Cambridge International AS & A Level,A Level,Paper 4 Depth Study,9489/4,105,60,30
"Truman, Eisenhower and post-war USA, 1945–61",How far were the years 1945–61 ones of economic and social change?,The impact of consumerism and urbanisation — Technological developments,History,Cambridge Assessment International Education,Cambridge International AS & A Level,A Level,Paper 4 Depth Study,9489/4,105,60,30
"Truman, Eisenhower and post-war USA, 1945–61",How far were the years 1945–61 ones of economic and social change?,The impact of consumerism and urbanisation — Impact on credit and debt,History,Cambridge Assessment International Education,Cambridge International AS & A Level,A Level,Paper 4 Depth Study,9489/4,105,60,30
"Truman, Eisenhower and post-war USA, 1945–61",How far were the years 1945–61 ones of economic and social change?,The impact of consumerism and urbanisation — Social impacts of consumer culture,History,Cambridge Assessment International Education,Cambridge International AS & A Level,A Level,Paper 4 Depth Study,9489/4,105,60,30
"Truman, Eisenhower and post-war USA, 1945–61",How far were the years 1945–61 ones of economic and social change?,"The impact of consumerism and urbanisation — Urban growth: rural urban divide, inner city problems, suburban growth",History,Cambridge Assessment International Education,Cambridge International AS & A Level,A Level,Paper 4 Depth Study,9489/4,105,60,30
"Truman, Eisenhower and post-war USA, 1945–61",How far were the years 1945–61 ones of economic and social change?,Changing role and status of women — Impact of economic growth and demand for labour,History,Cambridge Assessment International Education,Cambridge International AS & A Level,A Level,Paper 4 Depth Study,9489/4,105,60,30
"Truman, Eisenhower and post-war USA, 1945–61",How far were the years 1945–61 ones of economic and social change?,Changing role and status of women — Impact of more education,History,Cambridge Assessment International Education,Cambridge International AS & A Level,A Level,Paper 4 Depth Study,9489/4,105,60,30
"Truman, Eisenhower and post-war USA, 1945–61",How far were the years 1945–61 ones of economic and social change?,Changing role and status of women — Impact of suburban culture and desire for return to pre-war ‘normal’,History,Cambridge Assessment International Education,Cambridge International AS & A Level,A Level,Paper 4 Depth Study,9489/4,105,60,30
"Truman, Eisenhower and post-war USA, 1945–61",How far were the years 1945–61 ones of economic and social change?,Changing role and status of women — Role of feminism,History,Cambridge Assessment International Education,Cambridge International AS & A Level,A Level,Paper 4 Depth Study,9489/4,105,60,30
"Truman, Eisenhower and post-war USA, 1945–61",How far were the years 1945–61 ones of economic and social change?,The development of a youth culture — Role of wartime impact on family life and more parents working in 1950s,History,Cambridge Assessment International Education,Cambridge International AS & A Level,A Level,Paper 4 Depth Study,9489/4,105,60,30
"Truman, Eisenhower and post-war USA, 1945–61",How far were the years 1945–61 ones of economic and social change?,The development of a youth culture — Role of development of consumerism and products and marketing directed at the young,History,Cambridge Assessment International Education,Cambridge International AS & A Level,A Level,Paper 4 Depth Study,9489/4,105,60,30
"Truman, Eisenhower and post-war USA, 1945–61",How far were the years 1945–61 ones of economic and social change?,The development of a youth culture — Role of media – TV and movies,History,Cambridge Assessment International Education,Cambridge International AS & A Level,A Level,Paper 4 Depth Study,9489/4,105,60,30
"Truman, Eisenhower and post-war USA, 1945–61",How far were the years 1945–61 ones of economic and social change?,The development of a youth culture — Role of popular music,History,Cambridge Assessment International Education,Cambridge International AS & A Level,A Level,Paper 4 Depth Study,9489/4,105,60,30
"Truman, Eisenhower and post-war USA, 1945–61",How far were the years 1945–61 ones of economic and social change?,"Prosperity and poverty in the 1950s — Reasons for greater prosperity in 1950s – GI Bill, defence spending, rising demand, technology, infrastructure spending",History,Cambridge Assessment International Education,Cambridge International AS & A Level,A Level,Paper 4 Depth Study,9489/4,105,60,30
"Truman, Eisenhower and post-war USA, 1945–61",How far were the years 1945–61 ones of economic and social change?,"Prosperity and poverty in the 1950s — Reasons for continuing poverty: differential between unionised industries, rural poverty in south and southwest, inner city decline as suburban growth developed, unskilled workers and discrimination in pay for women and ethnic minorities",History,Cambridge Assessment International Education,Cambridge International AS & A Level,A Level,Paper 4 Depth Study,9489/4,105,60,30
"Truman, Eisenhower and post-war USA, 1945–61",How different were the foreign policies of Truman and Eisenhower?,Truman and the policy of containment — Truman’s concerns about Soviet expansion; Potsdam Conference,History,Cambridge Assessment International Education,Cambridge International AS & A Level,A Level,Paper 4 Depth Study,9489/4,105,60,30
"Truman, Eisenhower and post-war USA, 1945–61",How different were the foreign policies of Truman and Eisenhower?,Truman and the policy of containment — State of post war Western Europe and Marshall Aid; Greece and Truman Doctrine,History,Cambridge Assessment International Education,Cambridge International AS & A Level,A Level,Paper 4 Depth Study,9489/4,105,60,30
"Truman, Eisenhower and post-war USA, 1945–61",How different were the foreign policies of Truman and Eisenhower?,"The issue of Germany — Post-war division of Germany and tensions between victor powers; Berlin Blockade causes, course and consequences",History,Cambridge Assessment International Education,Cambridge International AS & A Level,A Level,Paper 4 Depth Study,9489/4,105,60,30
"Truman, Eisenhower and post-war USA, 1945–61",How different were the foreign policies of Truman and Eisenhower?,The issue of Germany — Creation of two Germanies,History,Cambridge Assessment International Education,Cambridge International AS & A Level,A Level,Paper 4 Depth Study,9489/4,105,60,30
"Truman, Eisenhower and post-war USA, 1945–61",How different were the foreign policies of Truman and Eisenhower?,"The issue of Germany — Berlin Crisis, 1958–59",History,Cambridge Assessment International Education,Cambridge International AS & A Level,A Level,Paper 4 Depth Study,9489/4,105,60,30
"Truman, Eisenhower and post-war USA, 1945–61",How different were the foreign policies of Truman and Eisenhower?,The significance of US involvement in Korea — Division of Korea 1945 and US policy towards South Korea,History,Cambridge Assessment International Education,Cambridge International AS & A Level,A Level,Paper 4 Depth Study,9489/4,105,60,30
"Truman, Eisenhower and post-war USA, 1945–61",How different were the foreign policies of Truman and Eisenhower?,"The significance of US involvement in Korea — US reaction to invasion of South Korea, 1950",History,Cambridge Assessment International Education,Cambridge International AS & A Level,A Level,Paper 4 Depth Study,9489/4,105,60,30
"Truman, Eisenhower and post-war USA, 1945–61",How different were the foreign policies of Truman and Eisenhower?,The significance of US involvement in Korea — US participation in Korean War and decision to invade North Korea,History,Cambridge Assessment International Education,Cambridge International AS & A Level,A Level,Paper 4 Depth Study,9489/4,105,60,30
"Truman, Eisenhower and post-war USA, 1945–61",How different were the foreign policies of Truman and Eisenhower?,The significance of US involvement in Korea — Impact of Korean War on US policy in Asia,History,Cambridge Assessment International Education,Cambridge International AS & A Level,A Level,Paper 4 Depth Study,9489/4,105,60,30
"Truman, Eisenhower and post-war USA, 1945–61",How different were the foreign policies of Truman and Eisenhower?,"Eisenhower’s foreign policy – a change in direction? — Policy in South Asia – Korea, Vietnam",History,Cambridge Assessment International Education,Cambridge International AS & A Level,A Level,Paper 4 Depth Study,9489/4,105,60,30
"Truman, Eisenhower and post-war USA, 1945–61",How different were the foreign policies of Truman and Eisenhower?,"Eisenhower’s foreign policy – a change in direction? — Policy towards USSR – defence policy and dependence on nuclear deterrent, relations after 1953, peaceful co-existence, Geneva Summit, meeting with Khrushchev, U2 affair, Hungary",History,Cambridge Assessment International Education,Cambridge International AS & A Level,A Level,Paper 4 Depth Study,9489/4,105,60,30
"Truman, Eisenhower and post-war USA, 1945–61",How different were the foreign policies of Truman and Eisenhower?,Eisenhower’s foreign policy – a change in direction? — Policy towards Middle East – Iran and Suez,History,Cambridge Assessment International Education,Cambridge International AS & A Level,A Level,Paper 4 Depth Study,9489/4,105,60,30
"Truman, Eisenhower and post-war USA, 1945–61",How different were the foreign policies of Truman and Eisenhower?,Eisenhower’s foreign policy – a change in direction? — Latin America – Guatemala and Cuba,History,Cambridge Assessment International Education,Cambridge International AS & A Level,A Level,Paper 4 Depth Study,9489/4,105,60,30
"A time of challenges: the USA, 1961–74","How significant were the presidencies of Kennedy, Johnson and Nixon for the USA?",The reasons for Kennedy’s election victory in 1960 — Kennedy’s New Frontier,History,Cambridge Assessment International Education,Cambridge International AS & A Level,A Level,Paper 4 Depth Study,9489/4,105,60,30
"A time of challenges: the USA, 1961–74","How significant were the presidencies of Kennedy, Johnson and Nixon for the USA?",The reasons for Kennedy’s election victory in 1960 — Kennedy’s youth,History,Cambridge Assessment International Education,Cambridge International AS & A Level,A Level,Paper 4 Depth Study,9489/4,105,60,30
"A time of challenges: the USA, 1961–74","How significant were the presidencies of Kennedy, Johnson and Nixon for the USA?",The reasons for Kennedy’s election victory in 1960 — Kennedy’s campaigning tactics and skills,History,Cambridge Assessment International Education,Cambridge International AS & A Level,A Level,Paper 4 Depth Study,9489/4,105,60,30
"A time of challenges: the USA, 1961–74","How significant were the presidencies of Kennedy, Johnson and Nixon for the USA?",The reasons for Kennedy’s election victory in 1960 — The importance of Johnson,History,Cambridge Assessment International Education,Cambridge International AS & A Level,A Level,Paper 4 Depth Study,9489/4,105,60,30
"A time of challenges: the USA, 1961–74","How significant were the presidencies of Kennedy, Johnson and Nixon for the USA?",The reasons for Kennedy’s election victory in 1960 — Nixon’s campaign and the importance of the African American vote,History,Cambridge Assessment International Education,Cambridge International AS & A Level,A Level,Paper 4 Depth Study,9489/4,105,60,30
"A time of challenges: the USA, 1961–74","How significant were the presidencies of Kennedy, Johnson and Nixon for the USA?",Kennedy’s domestic policies and the New Frontier — Measures to stimulate the economy,History,Cambridge Assessment International Education,Cambridge International AS & A Level,A Level,Paper 4 Depth Study,9489/4,105,60,30
"A time of challenges: the USA, 1961–74","How significant were the presidencies of Kennedy, Johnson and Nixon for the USA?",Kennedy’s domestic policies and the New Frontier — Support for the poor,History,Cambridge Assessment International Education,Cambridge International AS & A Level,A Level,Paper 4 Depth Study,9489/4,105,60,30
"A time of challenges: the USA, 1961–74","How significant were the presidencies of Kennedy, Johnson and Nixon for the USA?",Kennedy’s domestic policies and the New Frontier — Housing and welfare reforms,History,Cambridge Assessment International Education,Cambridge International AS & A Level,A Level,Paper 4 Depth Study,9489/4,105,60,30
"A time of challenges: the USA, 1961–74","How significant were the presidencies of Kennedy, Johnson and Nixon for the USA?",Kennedy’s domestic policies and the New Frontier — Healthcare,History,Cambridge Assessment International Education,Cambridge International AS & A Level,A Level,Paper 4 Depth Study,9489/4,105,60,30
"A time of challenges: the USA, 1961–74","How significant were the presidencies of Kennedy, Johnson and Nixon for the USA?",Kennedy’s domestic policies and the New Frontier — Education,History,Cambridge Assessment International Education,Cambridge International AS & A Level,A Level,Paper 4 Depth Study,9489/4,105,60,30
"A time of challenges: the USA, 1961–74","How significant were the presidencies of Kennedy, Johnson and Nixon for the USA?",Kennedy’s domestic policies and the New Frontier — Equal rights for women,History,Cambridge Assessment International Education,Cambridge International AS & A Level,A Level,Paper 4 Depth Study,9489/4,105,60,30
"A time of challenges: the USA, 1961–74","How significant were the presidencies of Kennedy, Johnson and Nixon for the USA?",Kennedy’s domestic policies and the New Frontier — Support for farmers,History,Cambridge Assessment International Education,Cambridge International AS & A Level,A Level,Paper 4 Depth Study,9489/4,105,60,30
"A time of challenges: the USA, 1961–74","How significant were the presidencies of Kennedy, Johnson and Nixon for the USA?",Kennedy’s domestic policies and the New Frontier — Civil rights,History,Cambridge Assessment International Education,Cambridge International AS & A Level,A Level,Paper 4 Depth Study,9489/4,105,60,30
"A time of challenges: the USA, 1961–74","How significant were the presidencies of Kennedy, Johnson and Nixon for the USA?",Johnson and the policies of the Great Society — Johnson’s vision of a Great Society,History,Cambridge Assessment International Education,Cambridge International AS & A Level,A Level,Paper 4 Depth Study,9489/4,105,60,30
"A time of challenges: the USA, 1961–74","How significant were the presidencies of Kennedy, Johnson and Nixon for the USA?",Johnson and the policies of the Great Society — The war on poverty,History,Cambridge Assessment International Education,Cambridge International AS & A Level,A Level,Paper 4 Depth Study,9489/4,105,60,30
"A time of challenges: the USA, 1961–74","How significant were the presidencies of Kennedy, Johnson and Nixon for the USA?",Johnson and the policies of the Great Society — Medical care,History,Cambridge Assessment International Education,Cambridge International AS & A Level,A Level,Paper 4 Depth Study,9489/4,105,60,30
"A time of challenges: the USA, 1961–74","How significant were the presidencies of Kennedy, Johnson and Nixon for the USA?",Johnson and the policies of the Great Society — Civil rights,History,Cambridge Assessment International Education,Cambridge International AS & A Level,A Level,Paper 4 Depth Study,9489/4,105,60,30
"A time of challenges: the USA, 1961–74","How significant were the presidencies of Kennedy, Johnson and Nixon for the USA?",Johnson and the policies of the Great Society — Education reform,History,Cambridge Assessment International Education,Cambridge International AS & A Level,A Level,Paper 4 Depth Study,9489/4,105,60,30
"A time of challenges: the USA, 1961–74","How significant were the presidencies of Kennedy, Johnson and Nixon for the USA?","Johnson and the policies of the Great Society — Urban renewal, rural development, environmental initiatives",History,Cambridge Assessment International Education,Cambridge International AS & A Level,A Level,Paper 4 Depth Study,9489/4,105,60,30
"A time of challenges: the USA, 1961–74","How significant were the presidencies of Kennedy, Johnson and Nixon for the USA?",Johnson and the policies of the Great Society — Reasons for opposition to the reforms,History,Cambridge Assessment International Education,Cambridge International AS & A Level,A Level,Paper 4 Depth Study,9489/4,105,60,30
"A time of challenges: the USA, 1961–74","How significant were the presidencies of Kennedy, Johnson and Nixon for the USA?",Johnson and the policies of the Great Society — The impact of the reforms,History,Cambridge Assessment International Education,Cambridge International AS & A Level,A Level,Paper 4 Depth Study,9489/4,105,60,30
"A time of challenges: the USA, 1961–74","How significant were the presidencies of Kennedy, Johnson and Nixon for the USA?","The domestic policies of Nixon and his fall from power — Reasons for Nixon’s election victory in 1968, the New Economic Policy and New Federalism",History,Cambridge Assessment International Education,Cambridge International AS & A Level,A Level,Paper 4 Depth Study,9489/4,105,60,30
"A time of challenges: the USA, 1961–74","How significant were the presidencies of Kennedy, Johnson and Nixon for the USA?",The domestic policies of Nixon and his fall from power — Environmental reforms,History,Cambridge Assessment International Education,Cambridge International AS & A Level,A Level,Paper 4 Depth Study,9489/4,105,60,30
"A time of challenges: the USA, 1961–74","How significant were the presidencies of Kennedy, Johnson and Nixon for the USA?",The domestic policies of Nixon and his fall from power — Civil Rights,History,Cambridge Assessment International Education,Cambridge International AS & A Level,A Level,Paper 4 Depth Study,9489/4,105,60,30
"A time of challenges: the USA, 1961–74","How significant were the presidencies of Kennedy, Johnson and Nixon for the USA?",The domestic policies of Nixon and his fall from power — Watergate and Nixon’s resignation in 1974,History,Cambridge Assessment International Education,Cambridge International AS & A Level,A Level,Paper 4 Depth Study,9489/4,105,60,30
"A time of challenges: the USA, 1961–74",How well did US governments deal with Cuba and Vietnam?,Kennedy and the Cuban Missile Crisis — Kennedy’s view of the Castro regime; the importance of the Bay of Pigs,History,Cambridge Assessment International Education,Cambridge International AS & A Level,A Level,Paper 4 Depth Study,9489/4,105,60,30
"A time of challenges: the USA, 1961–74",How well did US governments deal with Cuba and Vietnam?,Kennedy and the Cuban Missile Crisis — Discovery of Soviet missiles in Cuba and Kennedy’s options,History,Cambridge Assessment International Education,Cambridge International AS & A Level,A Level,Paper 4 Depth Study,9489/4,105,60,30
"A time of challenges: the USA, 1961–74",How well did US governments deal with Cuba and Vietnam?,Kennedy and the Cuban Missile Crisis — The exchanges between Kennedy and Khrushchev,History,Cambridge Assessment International Education,Cambridge International AS & A Level,A Level,Paper 4 Depth Study,9489/4,105,60,30
"A time of challenges: the USA, 1961–74",How well did US governments deal with Cuba and Vietnam?,"Kennedy and the Cuban Missile Crisis — The outcomes for the US, relations with the USSR",History,Cambridge Assessment International Education,Cambridge International AS & A Level,A Level,Paper 4 Depth Study,9489/4,105,60,30
"A time of challenges: the USA, 1961–74",How well did US governments deal with Cuba and Vietnam?,Reasons for US involvement in Vietnam — The Geneva Accords 1954 and the situation in Vietnam,History,Cambridge Assessment International Education,Cambridge International AS & A Level,A Level,Paper 4 Depth Study,9489/4,105,60,30
"A time of challenges: the USA, 1961–74",How well did US governments deal with Cuba and Vietnam?,Reasons for US involvement in Vietnam — Fears of Communism – Eisenhower and the Domino Theory,History,Cambridge Assessment International Education,Cambridge International AS & A Level,A Level,Paper 4 Depth Study,9489/4,105,60,30
"A time of challenges: the USA, 1961–74",How well did US governments deal with Cuba and Vietnam?,Reasons for US involvement in Vietnam — US support for Ngo Dinh Diem’s regime and its fall,History,Cambridge Assessment International Education,Cambridge International AS & A Level,A Level,Paper 4 Depth Study,9489/4,105,60,30
"A time of challenges: the USA, 1961–74",How well did US governments deal with Cuba and Vietnam?,Reasons for US involvement in Vietnam — Reasons for increased US military involvement under Kennedy,History,Cambridge Assessment International Education,Cambridge International AS & A Level,A Level,Paper 4 Depth Study,9489/4,105,60,30
"A time of challenges: the USA, 1961–74",How well did US governments deal with Cuba and Vietnam?,"Escalation under Johnson and US strategy in Vietnam — The Gulf of Tonkin Incident, 1964",History,Cambridge Assessment International Education,Cambridge International AS & A Level,A Level,Paper 4 Depth Study,9489/4,105,60,30
"A time of challenges: the USA, 1961–74",How well did US governments deal with Cuba and Vietnam?,Escalation under Johnson and US strategy in Vietnam — Escalation in 1965: increase in troops numbers,History,Cambridge Assessment International Education,Cambridge International AS & A Level,A Level,Paper 4 Depth Study,9489/4,105,60,30
"A time of challenges: the USA, 1961–74",How well did US governments deal with Cuba and Vietnam?,Escalation under Johnson and US strategy in Vietnam — The effectiveness of US tactics in South Vietnam 1965–68,History,Cambridge Assessment International Education,Cambridge International AS & A Level,A Level,Paper 4 Depth Study,9489/4,105,60,30
"A time of challenges: the USA, 1961–74",How well did US governments deal with Cuba and Vietnam?,Escalation under Johnson and US strategy in Vietnam — Bombing and Operation Rolling Thunder,History,Cambridge Assessment International Education,Cambridge International AS & A Level,A Level,Paper 4 Depth Study,9489/4,105,60,30
"A time of challenges: the USA, 1961–74",How well did US governments deal with Cuba and Vietnam?,"US withdrawal and the ending of the war — The role of the US media, My Lai, different attitudes in the US towards the war",History,Cambridge Assessment International Education,Cambridge International AS & A Level,A Level,Paper 4 Depth Study,9489/4,105,60,30
"A time of challenges: the USA, 1961–74",How well did US governments deal with Cuba and Vietnam?,US withdrawal and the ending of the war — The importance of the Tet Offensive,History,Cambridge Assessment International Education,Cambridge International AS & A Level,A Level,Paper 4 Depth Study,9489/4,105,60,30
"A time of challenges: the USA, 1961–74",How well did US governments deal with Cuba and Vietnam?,US withdrawal and the ending of the war — Nixon’s policy and promise of peace with honour,History,Cambridge Assessment International Education,Cambridge International AS & A Level,A Level,Paper 4 Depth Study,9489/4,105,60,30
"A time of challenges: the USA, 1961–74",How well did US governments deal with Cuba and Vietnam?,"US withdrawal and the ending of the war — Increase in bombing, invasion of Cambodia",History,Cambridge Assessment International Education,Cambridge International AS & A Level,A Level,Paper 4 Depth Study,9489/4,105,60,30
"A time of challenges: the USA, 1961–74",How well did US governments deal with Cuba and Vietnam?,US withdrawal and the ending of the war — Vietnamisation and the withdrawal of US troops,History,Cambridge Assessment International Education,Cambridge International AS & A Level,A Level,Paper 4 Depth Study,9489/4,105,60,30
"A time of challenges: the USA, 1961–74",How well did US governments deal with Cuba and Vietnam?,US withdrawal and the ending of the war — The Paris peace talks,History,Cambridge Assessment International Education,Cambridge International AS & A Level,A Level,Paper 4 Depth Study,9489/4,105,60,30
"A time of challenges: the USA, 1961–74",How well did US governments deal with Cuba and Vietnam?,US withdrawal and the ending of the war — The fall of Saigon,History,Cambridge Assessment International Education,Cambridge International AS & A Level,A Level,Paper 4 Depth Study,9489/4,105,60,30
"A time of challenges: the USA, 1961–74",How much progress was made in achieving civil rights for African Americans?,The methods and achievements of civil rights organisations — The ideas and methods of Martin Luther King and civil rights organisations,History,Cambridge Assessment International Education,Cambridge International AS & A Level,A Level,Paper 4 Depth Study,9489/4,105,60,30
"A time of challenges: the USA, 1961–74",How much progress was made in achieving civil rights for African Americans?,The methods and achievements of civil rights organisations — The Birmingham Campaign 1963 and its consequences,History,Cambridge Assessment International Education,Cambridge International AS & A Level,A Level,Paper 4 Depth Study,9489/4,105,60,30
"A time of challenges: the USA, 1961–74",How much progress was made in achieving civil rights for African Americans?,The methods and achievements of civil rights organisations — The Washington March,History,Cambridge Assessment International Education,Cambridge International AS & A Level,A Level,Paper 4 Depth Study,9489/4,105,60,30
"A time of challenges: the USA, 1961–74",How much progress was made in achieving civil rights for African Americans?,The methods and achievements of civil rights organisations — The Freedom Riders,History,Cambridge Assessment International Education,Cambridge International AS & A Level,A Level,Paper 4 Depth Study,9489/4,105,60,30
"A time of challenges: the USA, 1961–74",How much progress was made in achieving civil rights for African Americans?,The methods and achievements of civil rights organisations — The Mississippi Freedom Summer Project and the reaction to it,History,Cambridge Assessment International Education,Cambridge International AS & A Level,A Level,Paper 4 Depth Study,9489/4,105,60,30
"A time of challenges: the USA, 1961–74",How much progress was made in achieving civil rights for African Americans?,"The methods and achievements of civil rights organisations — Bloody Sunday and the Selma to Montgomery, March 1965",History,Cambridge Assessment International Education,Cambridge International AS & A Level,A Level,Paper 4 Depth Study,9489/4,105,60,30
"A time of challenges: the USA, 1961–74",How much progress was made in achieving civil rights for African Americans?,Opposition to civil rights — Attempts by state officials in the South to stop African Americans from registering to vote,History,Cambridge Assessment International Education,Cambridge International AS & A Level,A Level,Paper 4 Depth Study,9489/4,105,60,30
"A time of challenges: the USA, 1961–74",How much progress was made in achieving civil rights for African Americans?,Opposition to civil rights — The actions of local authorities against civil rights including Bull Connor and Governor Wallace in Alabama,History,Cambridge Assessment International Education,Cambridge International AS & A Level,A Level,Paper 4 Depth Study,9489/4,105,60,30
"A time of challenges: the USA, 1961–74",How much progress was made in achieving civil rights for African Americans?,Opposition to civil rights — Opposition of Southern Congressmen,History,Cambridge Assessment International Education,Cambridge International AS & A Level,A Level,Paper 4 Depth Study,9489/4,105,60,30
"A time of challenges: the USA, 1961–74",How much progress was made in achieving civil rights for African Americans?,Opposition to civil rights — Local citizens groups and reasons for popular opposition,History,Cambridge Assessment International Education,Cambridge International AS & A Level,A Level,Paper 4 Depth Study,9489/4,105,60,30
"A time of challenges: the USA, 1961–74",How much progress was made in achieving civil rights for African Americans?,Opposition to civil rights — The activities of the Ku Klux Klan in the 1960s,History,Cambridge Assessment International Education,Cambridge International AS & A Level,A Level,Paper 4 Depth Study,9489/4,105,60,30
"A time of challenges: the USA, 1961–74",How much progress was made in achieving civil rights for African Americans?,The role of federal institutions in improving civil rights — The importance of actions by the executive before 1964,History,Cambridge Assessment International Education,Cambridge International AS & A Level,A Level,Paper 4 Depth Study,9489/4,105,60,30
"A time of challenges: the USA, 1961–74",How much progress was made in achieving civil rights for African Americans?,"The role of federal institutions in improving civil rights — Political change: the Civil Rights Acts, 1964 and 1968, the Voting Rights Act, 1965",History,Cambridge Assessment International Education,Cambridge International AS & A Level,A Level,Paper 4 Depth Study,9489/4,105,60,30
"A time of challenges: the USA, 1961–74",How much progress was made in achieving civil rights for African Americans?,"The role of federal institutions in improving civil rights — Social policies: the Fair Housing Act, 1968, the Equal Employment Opportunity Act 1972",History,Cambridge Assessment International Education,Cambridge International AS & A Level,A Level,Paper 4 Depth Study,9489/4,105,60,30
"A time of challenges: the USA, 1961–74",How much progress was made in achieving civil rights for African Americans?,"The role of federal institutions in improving civil rights — Rulings of the Supreme Court including that against laws banning interracial marriage, 1967",History,Cambridge Assessment International Education,Cambridge International AS & A Level,A Level,Paper 4 Depth Study,9489/4,105,60,30
"A time of challenges: the USA, 1961–74",Why were there challenges to authority?,"The aims, methods and achievements of the Feminist Movement — The influence of leading campaigners including Betty Friedan, the formation and aims of NOW",History,Cambridge Assessment International Education,Cambridge International AS & A Level,A Level,Paper 4 Depth Study,9489/4,105,60,30
"A time of challenges: the USA, 1961–74",Why were there challenges to authority?,"The aims, methods and achievements of the Feminist Movement — The activities and impact of the women’s liberation movement",History,Cambridge Assessment International Education,Cambridge International AS & A Level,A Level,Paper 4 Depth Study,9489/4,105,60,30
"A time of challenges: the USA, 1961–74",Why were there challenges to authority?,"The aims, methods and achievements of the Feminist Movement — The Roe versus Wade judgement, 1973",History,Cambridge Assessment International Education,Cambridge International AS & A Level,A Level,Paper 4 Depth Study,9489/4,105,60,30
"A time of challenges: the USA, 1961–74",Why were there challenges to authority?,"The aims, methods and achievements of the Feminist Movement — Opposition to the women’s movement",History,Cambridge Assessment International Education,Cambridge International AS & A Level,A Level,Paper 4 Depth Study,9489/4,105,60,30
"A time of challenges: the USA, 1961–74",Why were there challenges to authority?,Alternative approaches by African Americans — Malcom X and the Nation of Islam,History,Cambridge Assessment International Education,Cambridge International AS & A Level,A Level,Paper 4 Depth Study,9489/4,105,60,30
"A time of challenges: the USA, 1961–74",Why were there challenges to authority?,Alternative approaches by African Americans — Stokely Carmichael and the growth and impact of the Black Power movement,History,Cambridge Assessment International Education,Cambridge International AS & A Level,A Level,Paper 4 Depth Study,9489/4,105,60,30
"A time of challenges: the USA, 1961–74",Why were there challenges to authority?,Alternative approaches by African Americans — Bobby Seale and Huey Newton and the Black Panther Movement: its political activities and social programmes,History,Cambridge Assessment International Education,Cambridge International AS & A Level,A Level,Paper 4 Depth Study,9489/4,105,60,30
"A time of challenges: the USA, 1961–74",Why were there challenges to authority?,Alternative approaches by African Americans — Opposition to Black Power,History,Cambridge Assessment International Education,Cambridge International AS & A Level,A Level,Paper 4 Depth Study,9489/4,105,60,30
"A time of challenges: the USA, 1961–74",Why were there challenges to authority?,"The emergence of identity politics — Discrimination and the struggle for lesbian, gay and transgender rights, Stonewall 1969, the formation and impact of the Gay Liberation Front and the Gay Activist Alliance",History,Cambridge Assessment International Education,Cambridge International AS & A Level,A Level,Paper 4 Depth Study,9489/4,105,60,30
"A time of challenges: the USA, 1961–74",Why were there challenges to authority?,The emergence of identity politics — Problems facing Native Americans,History,Cambridge Assessment International Education,Cambridge International AS & A Level,A Level,Paper 4 Depth Study,9489/4,105,60,30
"A time of challenges: the USA, 1961–74",Why were there challenges to authority?,The emergence of identity politics — The American Indian Movement,History,Cambridge Assessment International Education,Cambridge International AS & A Level,A Level,Paper 4 Depth Study,9489/4,105,60,30
"A time of challenges: the USA, 1961–74",Why were there challenges to authority?,"Popular protests and the reaction of the authorities — The anti-Vietnam demonstrations including the Democratic National Convention, 1968 and the reaction of Mayor Daley",History,Cambridge Assessment International Education,Cambridge International AS & A Level,A Level,Paper 4 Depth Study,9489/4,105,60,30
"A time of challenges: the USA, 1961–74",Why were there challenges to authority?,Popular protests and the reaction of the authorities — The impact of the Kent State killings,History,Cambridge Assessment International Education,Cambridge International AS & A Level,A Level,Paper 4 Depth Study,9489/4,105,60,30
"A time of challenges: the USA, 1961–74",Why were there challenges to authority?,Popular protests and the reaction of the authorities — Inner city riots including the Watts riots and the 1968 riots following Martin Luther King’s assassination,History,Cambridge Assessment International Education,Cambridge International AS & A Level,A Level,Paper 4 Depth Study,9489/4,105,60,30
"The USA, 1974–93",How significant were the problems facing the US in the late 1970s?,"Ford’s response to the problems facing the US — Responses to problems of stagflation, unemployment, fiscal policy, policies towards energy",History,Cambridge Assessment International Education,Cambridge International AS & A Level,A Level,Paper 4 Depth Study,9489/4,105,60,30
"The USA, 1974–93",How significant were the problems facing the US in the late 1970s?,Ford’s response to the problems facing the US — Responses to social divisions such as opposition to busing,History,Cambridge Assessment International Education,Cambridge International AS & A Level,A Level,Paper 4 Depth Study,9489/4,105,60,30
"The USA, 1974–93",How significant were the problems facing the US in the late 1970s?,Ford’s response to the problems facing the US — Reponses to post-Watergate loss of trust in politics,History,Cambridge Assessment International Education,Cambridge International AS & A Level,A Level,Paper 4 Depth Study,9489/4,105,60,30
"The USA, 1974–93",How significant were the problems facing the US in the late 1970s?,Reasons for Carter’s victory in 1976 and his domestic policies — Carter’s personal appeal and disillusion with Republicans,History,Cambridge Assessment International Education,Cambridge International AS & A Level,A Level,Paper 4 Depth Study,9489/4,105,60,30
"The USA, 1974–93",How significant were the problems facing the US in the late 1970s?,"Reasons for Carter’s victory in 1976 and his domestic policies — Presidential style, fiscal policy, energy problems and responses including Energy Security Act",History,Cambridge Assessment International Education,Cambridge International AS & A Level,A Level,Paper 4 Depth Study,9489/4,105,60,30
"The USA, 1974–93",How significant were the problems facing the US in the late 1970s?,"Reasons for Carter’s victory in 1976 and his domestic policies — Relations with Congress, decline of reputation",History,Cambridge Assessment International Education,Cambridge International AS & A Level,A Level,Paper 4 Depth Study,9489/4,105,60,30
"The USA, 1974–93",How significant were the problems facing the US in the late 1970s?,The rise of the New Right — Influence of religious groups including evangelical Christians,History,Cambridge Assessment International Education,Cambridge International AS & A Level,A Level,Paper 4 Depth Study,9489/4,105,60,30
"The USA, 1974–93",How significant were the problems facing the US in the late 1970s?,"The rise of the New Right — Reaction against social change including abortion, gay rights",History,Cambridge Assessment International Education,Cambridge International AS & A Level,A Level,Paper 4 Depth Study,9489/4,105,60,30
"The USA, 1974–93",How significant were the problems facing the US in the late 1970s?,The rise of the New Right — Opposition to the counter culture,History,Cambridge Assessment International Education,Cambridge International AS & A Level,A Level,Paper 4 Depth Study,9489/4,105,60,30
"The USA, 1974–93",How significant were the problems facing the US in the late 1970s?,The rise of the New Right — Ending of consensus on role of state in economic policy,History,Cambridge Assessment International Education,Cambridge International AS & A Level,A Level,Paper 4 Depth Study,9489/4,105,60,30
"The USA, 1974–93",How significant were the problems facing the US in the late 1970s?,Reasons for Reagan’s election victory in 1980 — Reagan’s personal appeal,History,Cambridge Assessment International Education,Cambridge International AS & A Level,A Level,Paper 4 Depth Study,9489/4,105,60,30
"The USA, 1974–93",How significant were the problems facing the US in the late 1970s?,Reasons for Reagan’s election victory in 1980 — Economic issues and spreads of alternative supply side economic doctrines,History,Cambridge Assessment International Education,Cambridge International AS & A Level,A Level,Paper 4 Depth Study,9489/4,105,60,30
"The USA, 1974–93",How significant were the problems facing the US in the late 1970s?,Reasons for Reagan’s election victory in 1980 — Perceived failures of Carter at home and abroad,History,Cambridge Assessment International Education,Cambridge International AS & A Level,A Level,Paper 4 Depth Study,9489/4,105,60,30
"The USA, 1974–93",How significant were the problems facing the US in the late 1970s?,Reasons for Reagan’s election victory in 1980 — Social change and impact of the rise of New Right,History,Cambridge Assessment International Education,Cambridge International AS & A Level,A Level,Paper 4 Depth Study,9489/4,105,60,30
"The USA, 1974–93","How great was the impact of the New Conservatism, 1981–92?",Reaganomics in theory and practice — Key features of Reagonomics and neo liberal economic theory,History,Cambridge Assessment International Education,Cambridge International AS & A Level,A Level,Paper 4 Depth Study,9489/4,105,60,30
"The USA, 1974–93","How great was the impact of the New Conservatism, 1981–92?",Reaganomics in theory and practice — Reasons for the end of Keynesian consensus; impact of tax cuts and deregulation,History,Cambridge Assessment International Education,Cambridge International AS & A Level,A Level,Paper 4 Depth Study,9489/4,105,60,30
"The USA, 1974–93","How great was the impact of the New Conservatism, 1981–92?",Reaganomics in theory and practice — Extent of reduction of federal spending,History,Cambridge Assessment International Education,Cambridge International AS & A Level,A Level,Paper 4 Depth Study,9489/4,105,60,30
"The USA, 1974–93","How great was the impact of the New Conservatism, 1981–92?",The impact of Reagan’s domestic policies on the American people — Impact of tax policies and budget cuts,History,Cambridge Assessment International Education,Cambridge International AS & A Level,A Level,Paper 4 Depth Study,9489/4,105,60,30
"The USA, 1974–93","How great was the impact of the New Conservatism, 1981–92?",The impact of Reagan’s domestic policies on the American people — Policy to Trade Unions and Air Traffic Controllers’ Strike,History,Cambridge Assessment International Education,Cambridge International AS & A Level,A Level,Paper 4 Depth Study,9489/4,105,60,30
"The USA, 1974–93","How great was the impact of the New Conservatism, 1981–92?",The impact of Reagan’s domestic policies on the American people — Social issues – policy towards Civil Rights and AIDs,History,Cambridge Assessment International Education,Cambridge International AS & A Level,A Level,Paper 4 Depth Study,9489/4,105,60,30
"The USA, 1974–93","How great was the impact of the New Conservatism, 1981–92?",The impact of Reagan’s domestic policies on the American people — Deregulation and role and scope of the Federal Government,History,Cambridge Assessment International Education,Cambridge International AS & A Level,A Level,Paper 4 Depth Study,9489/4,105,60,30
"The USA, 1974–93","How great was the impact of the New Conservatism, 1981–92?",Bush’s domestic policies and the 1992 election — Fiscal policies and reaction to high levels of federal debt,History,Cambridge Assessment International Education,Cambridge International AS & A Level,A Level,Paper 4 Depth Study,9489/4,105,60,30
"The USA, 1974–93","How great was the impact of the New Conservatism, 1981–92?","Bush’s domestic policies and the 1992 election — Social reforms including Disabilities Act, 1990 and Clean Air Act, 1990",History,Cambridge Assessment International Education,Cambridge International AS & A Level,A Level,Paper 4 Depth Study,9489/4,105,60,30
"The USA, 1974–93","How great was the impact of the New Conservatism, 1981–92?",Bush’s domestic policies and the 1992 election — Relations with Congress,History,Cambridge Assessment International Education,Cambridge International AS & A Level,A Level,Paper 4 Depth Study,9489/4,105,60,30
"The USA, 1974–93","How great was the impact of the New Conservatism, 1981–92?","Bush’s domestic policies and the 1992 election — Election of 1992 – including: recession, impact of candidacy of Ross Perot, Dan Quayle, Clinton’s appeal",History,Cambridge Assessment International Education,Cambridge International AS & A Level,A Level,Paper 4 Depth Study,9489/4,105,60,30
"The USA, 1974–93","How great was the impact of the New Conservatism, 1981–92?",The failure of the Democrats in the 1980s — ‘Civil War’ between Carter and Kennedy,History,Cambridge Assessment International Education,Cambridge International AS & A Level,A Level,Paper 4 Depth Study,9489/4,105,60,30
"The USA, 1974–93","How great was the impact of the New Conservatism, 1981–92?",The failure of the Democrats in the 1980s — Divisions in the 1980s between radicals and more conservative elements,History,Cambridge Assessment International Education,Cambridge International AS & A Level,A Level,Paper 4 Depth Study,9489/4,105,60,30
"The USA, 1974–93","How great was the impact of the New Conservatism, 1981–92?",The failure of the Democrats in the 1980s — Problems faced by Mondale in modernising the party,History,Cambridge Assessment International Education,Cambridge International AS & A Level,A Level,Paper 4 Depth Study,9489/4,105,60,30
"The USA, 1974–93","How great was the impact of the New Conservatism, 1981–92?",The failure of the Democrats in the 1980s — Ongoing electoral weaknesses in the South,History,Cambridge Assessment International Education,Cambridge International AS & A Level,A Level,Paper 4 Depth Study,9489/4,105,60,30
"The USA, 1974–93","How effective were Carter’s foreign policies, 1977–81?",Carter’s attempts to use foreign policy to promote human rights — Carter’s view of human rights as an issue in foreign policy,History,Cambridge Assessment International Education,Cambridge International AS & A Level,A Level,Paper 4 Depth Study,9489/4,105,60,30
"The USA, 1974–93","How effective were Carter’s foreign policies, 1977–81?",Carter’s attempts to use foreign policy to promote human rights — Relations with the Somoza regime in Nicaragua,History,Cambridge Assessment International Education,Cambridge International AS & A Level,A Level,Paper 4 Depth Study,9489/4,105,60,30
"The USA, 1974–93","How effective were Carter’s foreign policies, 1977–81?",Carter’s attempts to use foreign policy to promote human rights — Relations with the Pinochet Regime in Chile,History,Cambridge Assessment International Education,Cambridge International AS & A Level,A Level,Paper 4 Depth Study,9489/4,105,60,30
"The USA, 1974–93","How effective were Carter’s foreign policies, 1977–81?",Carter’s attempts to use foreign policy to promote human rights — Relations with Brazil and Argentina,History,Cambridge Assessment International Education,Cambridge International AS & A Level,A Level,Paper 4 Depth Study,9489/4,105,60,30
"The USA, 1974–93","How effective were Carter’s foreign policies, 1977–81?",Carter and the Middle East – the Camp David Accords — US aims in the Middle East and Geneva Peace Conference,History,Cambridge Assessment International Education,Cambridge International AS & A Level,A Level,Paper 4 Depth Study,9489/4,105,60,30
"The USA, 1974–93","How effective were Carter’s foreign policies, 1977–81?",Carter and the Middle East – the Camp David Accords — Change in policy from Kissinger’s shuttle diplomacy,History,Cambridge Assessment International Education,Cambridge International AS & A Level,A Level,Paper 4 Depth Study,9489/4,105,60,30
"The USA, 1974–93","How effective were Carter’s foreign policies, 1977–81?",Carter and the Middle East – the Camp David Accords — Reactions to Sadat’s diplomacy,History,Cambridge Assessment International Education,Cambridge International AS & A Level,A Level,Paper 4 Depth Study,9489/4,105,60,30
"The USA, 1974–93","How effective were Carter’s foreign policies, 1977–81?",Carter and the Middle East – the Camp David Accords — Nature and outcome of Camp David meeting,History,Cambridge Assessment International Education,Cambridge International AS & A Level,A Level,Paper 4 Depth Study,9489/4,105,60,30
"The USA, 1974–93","How effective were Carter’s foreign policies, 1977–81?",Iran and the hostage crisis — US relations with Iran since 1975,History,Cambridge Assessment International Education,Cambridge International AS & A Level,A Level,Paper 4 Depth Study,9489/4,105,60,30
"The USA, 1974–93","How effective were Carter’s foreign policies, 1977–81?",Iran and the hostage crisis — Nature and significance of hostage crisis,History,Cambridge Assessment International Education,Cambridge International AS & A Level,A Level,Paper 4 Depth Study,9489/4,105,60,30
"The USA, 1974–93","How effective were Carter’s foreign policies, 1977–81?",Iran and the hostage crisis — Carter’s policy and outcome,History,Cambridge Assessment International Education,Cambridge International AS & A Level,A Level,Paper 4 Depth Study,9489/4,105,60,30
"The USA, 1974–93",Why did relations between the US and the USSR change?,"Attempts at détente, 1972–79 — US motives for détente",History,Cambridge Assessment International Education,Cambridge International AS & A Level,A Level,Paper 4 Depth Study,9489/4,105,60,30
"The USA, 1974–93",Why did relations between the US and the USSR change?,"Attempts at détente, 1972–79 — Origins and nature of SALT I, 1972",History,Cambridge Assessment International Education,Cambridge International AS & A Level,A Level,Paper 4 Depth Study,9489/4,105,60,30
"The USA, 1974–93",Why did relations between the US and the USSR change?,"Attempts at détente, 1972–79 — Nature and importance of Helsinki Accords, 1975",History,Cambridge Assessment International Education,Cambridge International AS & A Level,A Level,Paper 4 Depth Study,9489/4,105,60,30
"The USA, 1974–93",Why did relations between the US and the USSR change?,"Attempts at détente, 1972–79 — Extent and importance of technical and economic cooperation, 1975–79",History,Cambridge Assessment International Education,Cambridge International AS & A Level,A Level,Paper 4 Depth Study,9489/4,105,60,30
"The USA, 1974–93",Why did relations between the US and the USSR change?,Reasons for the failure of détente — Importance of ideology in the Second Cold War,History,Cambridge Assessment International Education,Cambridge International AS & A Level,A Level,Paper 4 Depth Study,9489/4,105,60,30
"The USA, 1974–93",Why did relations between the US and the USSR change?,Reasons for the failure of détente — Impact of Afghanistan invasion,History,Cambridge Assessment International Education,Cambridge International AS & A Level,A Level,Paper 4 Depth Study,9489/4,105,60,30
"The USA, 1974–93",Why did relations between the US and the USSR change?,Reasons for the failure of détente — Change of leadership,History,Cambridge Assessment International Education,Cambridge International AS & A Level,A Level,Paper 4 Depth Study,9489/4,105,60,30
"The USA, 1974–93",Why did relations between the US and the USSR change?,Reasons for the failure of détente — New defence policy,History,Cambridge Assessment International Education,Cambridge International AS & A Level,A Level,Paper 4 Depth Study,9489/4,105,60,30
"The USA, 1974–93",Why did relations between the US and the USSR change?,Reasons for the failure of détente — Failure of ratification of SALT II,History,Cambridge Assessment International Education,Cambridge International AS & A Level,A Level,Paper 4 Depth Study,9489/4,105,60,30
"The USA, 1974–93",Why did relations between the US and the USSR change?,The Reagan Doctrine and rollback — Reasons for and aims of Reagan Doctrine and rollback interventions,History,Cambridge Assessment International Education,Cambridge International AS & A Level,A Level,Paper 4 Depth Study,9489/4,105,60,30
"The USA, 1974–93",Why did relations between the US and the USSR change?,"The Reagan Doctrine and rollback — US policy in Nicaragua – causes, nature and consequences",History,Cambridge Assessment International Education,Cambridge International AS & A Level,A Level,Paper 4 Depth Study,9489/4,105,60,30
"The USA, 1974–93",Why did relations between the US and the USSR change?,"The Reagan Doctrine and rollback — US intervention in Afghanistan – causes, nature and consequences",History,Cambridge Assessment International Education,Cambridge International AS & A Level,A Level,Paper 4 Depth Study,9489/4,105,60,30
"The USA, 1974–93",Why did relations between the US and the USSR change?,"The Reagan Doctrine and rollback — US intervention in Angola – causes, nature and consequences",History,Cambridge Assessment International Education,Cambridge International AS & A Level,A Level,Paper 4 Depth Study,9489/4,105,60,30
"The USA, 1974–93",Why did relations between the US and the USSR change?,Reagan and Gorbachev — Significance of Gorbachev’s policies for relations with US,History,Cambridge Assessment International Education,Cambridge International AS & A Level,A Level,Paper 4 Depth Study,9489/4,105,60,30
"The USA, 1974–93",Why did relations between the US and the USSR change?,Reagan and Gorbachev — Influence of Reagan’s policies in bringing about change in Soviet regime,History,Cambridge Assessment International Education,Cambridge International AS & A Level,A Level,Paper 4 Depth Study,9489/4,105,60,30
"The USA, 1974–93",Why did relations between the US and the USSR change?,Reagan and Gorbachev — Changing policy of US towards the Soviet regime,History,Cambridge Assessment International Education,Cambridge International AS & A Level,A Level,Paper 4 Depth Study,9489/4,105,60,30
"The Soviet Empire in Eastern Europe, 1953–91",How did the Soviet Union’s relationship with the satellite states develop in the period up to 1968?,The formation of the Warsaw Pact,History,Cambridge Assessment International Education,Cambridge International AS & A Level,A Level,Paper 4 Depth Study,9489/4,105,60,30
"The Soviet Empire in Eastern Europe, 1953–91",How did the Soviet Union’s relationship with the satellite states develop in the period up to 1968?,Reasons for formation,History,Cambridge Assessment International Education,Cambridge International AS & A Level,A Level,Paper 4 Depth Study,9489/4,105,60,30
"The Soviet Empire in Eastern Europe, 1953–91",How did the Soviet Union’s relationship with the satellite states develop in the period up to 1968?,The nature of government in the satellite states — Czechoslovakia,History,Cambridge Assessment International Education,Cambridge International AS & A Level,A Level,Paper 4 Depth Study,9489/4,105,60,30
"The Soviet Empire in Eastern Europe, 1953–91",How did the Soviet Union’s relationship with the satellite states develop in the period up to 1968?,The nature of government in the satellite states — Poland,History,Cambridge Assessment International Education,Cambridge International AS & A Level,A Level,Paper 4 Depth Study,9489/4,105,60,30
"The Soviet Empire in Eastern Europe, 1953–91",How did the Soviet Union’s relationship with the satellite states develop in the period up to 1968?,The nature of government in the satellite states — East Germany,History,Cambridge Assessment International Education,Cambridge International AS & A Level,A Level,Paper 4 Depth Study,9489/4,105,60,30
"The Soviet Empire in Eastern Europe, 1953–91",How did the Soviet Union’s relationship with the satellite states develop in the period up to 1968?,The nature of government in the satellite states — Hungary,History,Cambridge Assessment International Education,Cambridge International AS & A Level,A Level,Paper 4 Depth Study,9489/4,105,60,30
"The Soviet Empire in Eastern Europe, 1953–91",How did the Soviet Union’s relationship with the satellite states develop in the period up to 1968?,"The political influence of the Communist Party — Repressive measures, including: Censorship; State security forces such as the Stasi; Policies towards the Church; Restrictions on emigration",History,Cambridge Assessment International Education,Cambridge International AS & A Level,A Level,Paper 4 Depth Study,9489/4,105,60,30
"The Soviet Empire in Eastern Europe, 1953–91",How did the Soviet Union’s relationship with the satellite states develop in the period up to 1968?,"The political influence of the Communist Party — Social and economic conditions in the satellite states, including: The impacts of economic centralisation; Changes in living standards",History,Cambridge Assessment International Education,Cambridge International AS & A Level,A Level,Paper 4 Depth Study,9489/4,105,60,30
"The Soviet Empire in Eastern Europe, 1953–91",How did the Soviet Union’s relationship with the satellite states develop in the period up to 1968?,"The political influence of the Communist Party — Threats to the stability of Soviet control, including: Uprisings in the 1950s in Poland and Germany; Hungarian uprising in 1956: causes, course and impact; Problems in Berlin and the building of the Berlin Wall; Prague Spring in 1968: causes, course and impact",History,Cambridge Assessment International Education,Cambridge International AS & A Level,A Level,Paper 4 Depth Study,9489/4,105,60,30
"The Soviet Empire in Eastern Europe, 1953–91",How did the Soviet Union’s relationship with the satellite states develop in the period up to 1968?,Soviet reactions to dissent — Political change and repression,History,Cambridge Assessment International Education,Cambridge International AS & A Level,A Level,Paper 4 Depth Study,9489/4,105,60,30
"The Soviet Empire in Eastern Europe, 1953–91",How did the Soviet Union’s relationship with the satellite states develop in the period up to 1968?,Soviet reactions to dissent — Military actions,History,Cambridge Assessment International Education,Cambridge International AS & A Level,A Level,Paper 4 Depth Study,9489/4,105,60,30
"The Soviet Empire in Eastern Europe, 1953–91",How did the Soviet Union’s relationship with the satellite states develop in the period up to 1968?,"Soviet reactions to dissent — Introduction of the Brezhnev Doctrine, 1968",History,Cambridge Assessment International Education,Cambridge International AS & A Level,A Level,Paper 4 Depth Study,9489/4,105,60,30
"The Soviet Empire in Eastern Europe, 1953–91",Why did the period 1964–85 become characterised by political and economic stagnation?,"Political leadership in the period from 1964–85 — Brezhnev’s aims, Andropov and Chernenko",History,Cambridge Assessment International Education,Cambridge International AS & A Level,A Level,Paper 4 Depth Study,9489/4,105,60,30
"The Soviet Empire in Eastern Europe, 1953–91",Why did the period 1964–85 become characterised by political and economic stagnation?,Political leadership in the period from 1964–85 — Corruption and the nomenklatura system,History,Cambridge Assessment International Education,Cambridge International AS & A Level,A Level,Paper 4 Depth Study,9489/4,105,60,30
"The Soviet Empire in Eastern Europe, 1953–91",Why did the period 1964–85 become characterised by political and economic stagnation?,Political leadership in the period from 1964–85 — Development of the gerontocracy,History,Cambridge Assessment International Education,Cambridge International AS & A Level,A Level,Paper 4 Depth Study,9489/4,105,60,30
"The Soviet Empire in Eastern Europe, 1953–91",Why did the period 1964–85 become characterised by political and economic stagnation?,The nature and extent of the problems facing the Soviet economy — Attempts to reform and the 10th Five Year Plan,History,Cambridge Assessment International Education,Cambridge International AS & A Level,A Level,Paper 4 Depth Study,9489/4,105,60,30
"The Soviet Empire in Eastern Europe, 1953–91",Why did the period 1964–85 become characterised by political and economic stagnation?,The nature and extent of the problems facing the Soviet economy — Impact of defence spending,History,Cambridge Assessment International Education,Cambridge International AS & A Level,A Level,Paper 4 Depth Study,9489/4,105,60,30
"The Soviet Empire in Eastern Europe, 1953–91",Why did the period 1964–85 become characterised by political and economic stagnation?,The nature and extent of the problems facing the Soviet economy — Development of stagnation,History,Cambridge Assessment International Education,Cambridge International AS & A Level,A Level,Paper 4 Depth Study,9489/4,105,60,30
"The Soviet Empire in Eastern Europe, 1953–91",Why did the period 1964–85 become characterised by political and economic stagnation?,Foreign relations — Détente with the West,History,Cambridge Assessment International Education,Cambridge International AS & A Level,A Level,Paper 4 Depth Study,9489/4,105,60,30
"The Soviet Empire in Eastern Europe, 1953–91",Why did the period 1964–85 become characterised by political and economic stagnation?,Foreign relations — The invasion of Afghanistan and its impact on the Soviet Union,History,Cambridge Assessment International Education,Cambridge International AS & A Level,A Level,Paper 4 Depth Study,9489/4,105,60,30
"The Soviet Empire in Eastern Europe, 1953–91",Why did the period 1964–85 become characterised by political and economic stagnation?,Foreign relations — The Second Cold War,History,Cambridge Assessment International Education,Cambridge International AS & A Level,A Level,Paper 4 Depth Study,9489/4,105,60,30
"The Soviet Empire in Eastern Europe, 1953–91",Why did the period 1964–85 become characterised by political and economic stagnation?,Developments in the satellite states,History,Cambridge Assessment International Education,Cambridge International AS & A Level,A Level,Paper 4 Depth Study,9489/4,105,60,30
"The Soviet Empire in Eastern Europe, 1953–91",Why did the period 1964–85 become characterised by political and economic stagnation?,Economic reforms,History,Cambridge Assessment International Education,Cambridge International AS & A Level,A Level,Paper 4 Depth Study,9489/4,105,60,30
"The Soviet Empire in Eastern Europe, 1953–91",Why did the period 1964–85 become characterised by political and economic stagnation?,Social policies and developments,History,Cambridge Assessment International Education,Cambridge International AS & A Level,A Level,Paper 4 Depth Study,9489/4,105,60,30
"The Soviet Empire in Eastern Europe, 1953–91",Why did the period 1964–85 become characterised by political and economic stagnation?,Challenges to Soviet control — Influence of the West,History,Cambridge Assessment International Education,Cambridge International AS & A Level,A Level,Paper 4 Depth Study,9489/4,105,60,30
"The Soviet Empire in Eastern Europe, 1953–91",Why did the period 1964–85 become characterised by political and economic stagnation?,Challenges to Soviet control — Political activism,History,Cambridge Assessment International Education,Cambridge International AS & A Level,A Level,Paper 4 Depth Study,9489/4,105,60,30
"The Soviet Empire in Eastern Europe, 1953–91",Why did the period 1964–85 become characterised by political and economic stagnation?,Challenges to Soviet control — Influence of the Church,History,Cambridge Assessment International Education,Cambridge International AS & A Level,A Level,Paper 4 Depth Study,9489/4,105,60,30
"The Soviet Empire in Eastern Europe, 1953–91",How did Gorbachev try to respond to the crisis in the Soviet Union?,Reasons for Gorbachev’s rise to power and the changes he made,History,Cambridge Assessment International Education,Cambridge International AS & A Level,A Level,Paper 4 Depth Study,9489/4,105,60,30
"The Soviet Empire in Eastern Europe, 1953–91",How did Gorbachev try to respond to the crisis in the Soviet Union?,The situation facing Gorbachev in 1985 — The state of the economy,History,Cambridge Assessment International Education,Cambridge International AS & A Level,A Level,Paper 4 Depth Study,9489/4,105,60,30
"The Soviet Empire in Eastern Europe, 1953–91",How did Gorbachev try to respond to the crisis in the Soviet Union?,The situation facing Gorbachev in 1985 — Food shortages and rationing,History,Cambridge Assessment International Education,Cambridge International AS & A Level,A Level,Paper 4 Depth Study,9489/4,105,60,30
"The Soviet Empire in Eastern Europe, 1953–91",How did Gorbachev try to respond to the crisis in the Soviet Union?,The situation facing Gorbachev in 1985 — The budget deficit,History,Cambridge Assessment International Education,Cambridge International AS & A Level,A Level,Paper 4 Depth Study,9489/4,105,60,30
"The Soviet Empire in Eastern Europe, 1953–91",How did Gorbachev try to respond to the crisis in the Soviet Union?,The situation facing Gorbachev in 1985 — Absenteeism,History,Cambridge Assessment International Education,Cambridge International AS & A Level,A Level,Paper 4 Depth Study,9489/4,105,60,30
"The Soviet Empire in Eastern Europe, 1953–91",How did Gorbachev try to respond to the crisis in the Soviet Union?,The situation facing Gorbachev in 1985 — Living and working conditions,History,Cambridge Assessment International Education,Cambridge International AS & A Level,A Level,Paper 4 Depth Study,9489/4,105,60,30
"The Soviet Empire in Eastern Europe, 1953–91",How did Gorbachev try to respond to the crisis in the Soviet Union?,The situation facing Gorbachev in 1985 — Pressure for change from within and outside the Soviet Union,History,Cambridge Assessment International Education,Cambridge International AS & A Level,A Level,Paper 4 Depth Study,9489/4,105,60,30
"The Soviet Empire in Eastern Europe, 1953–91",How did Gorbachev try to respond to the crisis in the Soviet Union?,"Gorbachev’s ‘new thinking’: the reasons for, nature of and consequences of — Glasnost",History,Cambridge Assessment International Education,Cambridge International AS & A Level,A Level,Paper 4 Depth Study,9489/4,105,60,30
"The Soviet Empire in Eastern Europe, 1953–91",How did Gorbachev try to respond to the crisis in the Soviet Union?,"Gorbachev’s ‘new thinking’: the reasons for, nature of and consequences of — Perestroika",History,Cambridge Assessment International Education,Cambridge International AS & A Level,A Level,Paper 4 Depth Study,9489/4,105,60,30
"The Soviet Empire in Eastern Europe, 1953–91",How did Gorbachev try to respond to the crisis in the Soviet Union?,"Gorbachev’s ‘new thinking’: the reasons for, nature of and consequences of — Demokratizatsiya",History,Cambridge Assessment International Education,Cambridge International AS & A Level,A Level,Paper 4 Depth Study,9489/4,105,60,30
"The Soviet Empire in Eastern Europe, 1953–91",How did Gorbachev try to respond to the crisis in the Soviet Union?,"Economic, political and social change under Gorbachev — Restructuring the economy — 12th Five Year Plan; Fragmentation; Declining foreign trade; Chernobyl",History,Cambridge Assessment International Education,Cambridge International AS & A Level,A Level,Paper 4 Depth Study,9489/4,105,60,30
"The Soviet Empire in Eastern Europe, 1953–91",How did Gorbachev try to respond to the crisis in the Soviet Union?,Impact of Gorbachev’s policies on foreign relations — Changing relationship with the United States,History,Cambridge Assessment International Education,Cambridge International AS & A Level,A Level,Paper 4 Depth Study,9489/4,105,60,30
"The Soviet Empire in Eastern Europe, 1953–91",How did Gorbachev try to respond to the crisis in the Soviet Union?,"Impact of Gorbachev’s policies on foreign relations — Summit meetings and Geneva, Reykjavik and Washington",History,Cambridge Assessment International Education,Cambridge International AS & A Level,A Level,Paper 4 Depth Study,9489/4,105,60,30
"The Soviet Empire in Eastern Europe, 1953–91",How and why did Soviet control of Eastern Europe collapse in 1991?,Reasons for the development and growth of Solidarity in Poland,History,Cambridge Assessment International Education,Cambridge International AS & A Level,A Level,Paper 4 Depth Study,9489/4,105,60,30
"The Soviet Empire in Eastern Europe, 1953–91",How and why did Soviet control of Eastern Europe collapse in 1991?,Economic problems facing Poland,History,Cambridge Assessment International Education,Cambridge International AS & A Level,A Level,Paper 4 Depth Study,9489/4,105,60,30
"The Soviet Empire in Eastern Europe, 1953–91",How and why did Soviet control of Eastern Europe collapse in 1991?,Events of August 1980 in Gdansk,History,Cambridge Assessment International Education,Cambridge International AS & A Level,A Level,Paper 4 Depth Study,9489/4,105,60,30
"The Soviet Empire in Eastern Europe, 1953–91",How and why did Soviet control of Eastern Europe collapse in 1991?,21 Demands,History,Cambridge Assessment International Education,Cambridge International AS & A Level,A Level,Paper 4 Depth Study,9489/4,105,60,30
"The Soviet Empire in Eastern Europe, 1953–91",How and why did Soviet control of Eastern Europe collapse in 1991?,Reactions to Solidarity — From the Polish government,History,Cambridge Assessment International Education,Cambridge International AS & A Level,A Level,Paper 4 Depth Study,9489/4,105,60,30
"The Soviet Empire in Eastern Europe, 1953–91",How and why did Soviet control of Eastern Europe collapse in 1991?,Reactions to Solidarity — From the USSR,History,Cambridge Assessment International Education,Cambridge International AS & A Level,A Level,Paper 4 Depth Study,9489/4,105,60,30
"The Soviet Empire in Eastern Europe, 1953–91",How and why did Soviet control of Eastern Europe collapse in 1991?,"Reactions to Solidarity — Imposition of Martial Law, 1981",History,Cambridge Assessment International Education,Cambridge International AS & A Level,A Level,Paper 4 Depth Study,9489/4,105,60,30
"The Soviet Empire in Eastern Europe, 1953–91",How and why did Soviet control of Eastern Europe collapse in 1991?,"Impact of Gorbachev’s policies on Eastern Europe — Nationalist movements in Hungary, Czechoslovakia and Romania",History,Cambridge Assessment International Education,Cambridge International AS & A Level,A Level,Paper 4 Depth Study,9489/4,105,60,30
"The Soviet Empire in Eastern Europe, 1953–91",How and why did Soviet control of Eastern Europe collapse in 1991?,Impact of Gorbachev’s policies on Eastern Europe — Rise in dissent and Soviet reactions to uprisings in Kazakhstan and the Baltic States,History,Cambridge Assessment International Education,Cambridge International AS & A Level,A Level,Paper 4 Depth Study,9489/4,105,60,30
"The Soviet Empire in Eastern Europe, 1953–91",How and why did Soviet control of Eastern Europe collapse in 1991?,Impact of Gorbachev’s policies on Eastern Europe — Sinatra Doctrine,History,Cambridge Assessment International Education,Cambridge International AS & A Level,A Level,Paper 4 Depth Study,9489/4,105,60,30
"The Soviet Empire in Eastern Europe, 1953–91",How and why did Soviet control of Eastern Europe collapse in 1991?,Impact of Gorbachev’s policies on Eastern Europe — Re-legalising Solidarity in 1989,History,Cambridge Assessment International Education,Cambridge International AS & A Level,A Level,Paper 4 Depth Study,9489/4,105,60,30
"The Soviet Empire in Eastern Europe, 1953–91",How and why did Soviet control of Eastern Europe collapse in 1991?,Impact of Gorbachev’s policies on Eastern Europe — Fall of the Berlin Wall,History,Cambridge Assessment International Education,Cambridge International AS & A Level,A Level,Paper 4 Depth Study,9489/4,105,60,30
"The Soviet Empire in Eastern Europe, 1953–91",How and why did Soviet control of Eastern Europe collapse in 1991?,Reasons for the collapse of the Soviet Union — Opposition to Gorbachev’s policies,History,Cambridge Assessment International Education,Cambridge International AS & A Level,A Level,Paper 4 Depth Study,9489/4,105,60,30
"The Soviet Empire in Eastern Europe, 1953–91",How and why did Soviet control of Eastern Europe collapse in 1991?,"Reasons for the collapse of the Soviet Union — Causes and impact of the coup of August, 1991",History,Cambridge Assessment International Education,Cambridge International AS & A Level,A Level,Paper 4 Depth Study,9489/4,105,60,30
"The Soviet Empire in Eastern Europe, 1953–91",How and why did Soviet control of Eastern Europe collapse in 1991?,Reasons for the collapse of the Soviet Union — Gorbachev’s resignation,History,Cambridge Assessment International Education,Cambridge International AS & A Level,A Level,Paper 4 Depth Study,9489/4,105,60,30
"The Soviet Empire in Eastern Europe, 1953–91",How and why did Soviet control of Eastern Europe collapse in 1991?,Reasons for the collapse of the Soviet Union — Collapse of Soviet control in the Republics,History,Cambridge Assessment International Education,Cambridge International AS & A Level,A Level,Paper 4 Depth Study,9489/4,105,60,30
"End of minority rule in South Africa and Zimbabwe, 1948–94",How was the apartheid state established in South Africa and what was its impact from 1948 to 1959?,"Life in South Africa, c.1948 — Economic development: mining, manufacturing and agriculture",History,Cambridge Assessment International Education,Cambridge International AS & A Level,A Level,Paper 4 Depth Study,9489/4,105,60,30
"End of minority rule in South Africa and Zimbabwe, 1948–94",How was the apartheid state established in South Africa and what was its impact from 1948 to 1959?,"Life in South Africa, c.1948 — The lives and work of Black South Africans: segregation, discrimination, life in townships, and in urban and rural areas",History,Cambridge Assessment International Education,Cambridge International AS & A Level,A Level,Paper 4 Depth Study,9489/4,105,60,30
"End of minority rule in South Africa and Zimbabwe, 1948–94",How was the apartheid state established in South Africa and what was its impact from 1948 to 1959?,The reasons for the election victory of the National Party in 1948 — The impact of the Second World War,History,Cambridge Assessment International Education,Cambridge International AS & A Level,A Level,Paper 4 Depth Study,9489/4,105,60,30
"End of minority rule in South Africa and Zimbabwe, 1948–94",How was the apartheid state established in South Africa and what was its impact from 1948 to 1959?,The reasons for the election victory of the National Party in 1948 — The National Party’s appeal to Afrikaner nationalism,History,Cambridge Assessment International Education,Cambridge International AS & A Level,A Level,Paper 4 Depth Study,9489/4,105,60,30
"End of minority rule in South Africa and Zimbabwe, 1948–94",How was the apartheid state established in South Africa and what was its impact from 1948 to 1959?,The reasons for the election victory of the National Party in 1948 — The campaign of Smuts and the United Party,History,Cambridge Assessment International Education,Cambridge International AS & A Level,A Level,Paper 4 Depth Study,9489/4,105,60,30
"End of minority rule in South Africa and Zimbabwe, 1948–94",How was the apartheid state established in South Africa and what was its impact from 1948 to 1959?,The reasons for the election victory of the National Party in 1948 — The electoral system,History,Cambridge Assessment International Education,Cambridge International AS & A Level,A Level,Paper 4 Depth Study,9489/4,105,60,30
"End of minority rule in South Africa and Zimbabwe, 1948–94",How was the apartheid state established in South Africa and what was its impact from 1948 to 1959?,The introduction and impact of apartheid measures — The apartheid legislation,History,Cambridge Assessment International Education,Cambridge International AS & A Level,A Level,Paper 4 Depth Study,9489/4,105,60,30
"End of minority rule in South Africa and Zimbabwe, 1948–94",How was the apartheid state established in South Africa and what was its impact from 1948 to 1959?,The introduction and impact of apartheid measures — The pass system,History,Cambridge Assessment International Education,Cambridge International AS & A Level,A Level,Paper 4 Depth Study,9489/4,105,60,30
"End of minority rule in South Africa and Zimbabwe, 1948–94",How was the apartheid state established in South Africa and what was its impact from 1948 to 1959?,The introduction and impact of apartheid measures — The creation of Bantustans,History,Cambridge Assessment International Education,Cambridge International AS & A Level,A Level,Paper 4 Depth Study,9489/4,105,60,30
"End of minority rule in South Africa and Zimbabwe, 1948–94",How was the apartheid state established in South Africa and what was its impact from 1948 to 1959?,The introduction and impact of apartheid measures — Changes to education for Black South Africans,History,Cambridge Assessment International Education,Cambridge International AS & A Level,A Level,Paper 4 Depth Study,9489/4,105,60,30
"End of minority rule in South Africa and Zimbabwe, 1948–94",How was the apartheid state established in South Africa and what was its impact from 1948 to 1959?,The introduction and impact of apartheid measures — The impact of these measures on people’s everyday lives,History,Cambridge Assessment International Education,Cambridge International AS & A Level,A Level,Paper 4 Depth Study,9489/4,105,60,30
"End of minority rule in South Africa and Zimbabwe, 1948–94",How was the apartheid state established in South Africa and what was its impact from 1948 to 1959?,"Opposition to, and enforcement of, apartheid — The African National Congress (ANC) and the Pan Africanist Congress (PAC)",History,Cambridge Assessment International Education,Cambridge International AS & A Level,A Level,Paper 4 Depth Study,9489/4,105,60,30
"End of minority rule in South Africa and Zimbabwe, 1948–94",How was the apartheid state established in South Africa and what was its impact from 1948 to 1959?,"Opposition to, and enforcement of, apartheid — The Defiance Campaign, 1952, resistance to the pass laws, including women and the anti-pass law march of 1956",History,Cambridge Assessment International Education,Cambridge International AS & A Level,A Level,Paper 4 Depth Study,9489/4,105,60,30
"End of minority rule in South Africa and Zimbabwe, 1948–94",How was the apartheid state established in South Africa and what was its impact from 1948 to 1959?,"Opposition to, and enforcement of, apartheid — The Freedom Charter of 1955",History,Cambridge Assessment International Education,Cambridge International AS & A Level,A Level,Paper 4 Depth Study,9489/4,105,60,30
"End of minority rule in South Africa and Zimbabwe, 1948–94",How was the apartheid state established in South Africa and what was its impact from 1948 to 1959?,"Opposition to, and enforcement of, apartheid — Government suppression, and the Treason Trials of the late 1950s",History,Cambridge Assessment International Education,Cambridge International AS & A Level,A Level,Paper 4 Depth Study,9489/4,105,60,30
"End of minority rule in South Africa and Zimbabwe, 1948–94",How did resistance grow in South Africa and how did the authorities respond in the period 1960–77?,"The development of resistance inside South Africa — The ANC, the PAC",History,Cambridge Assessment International Education,Cambridge International AS & A Level,A Level,Paper 4 Depth Study,9489/4,105,60,30
"End of minority rule in South Africa and Zimbabwe, 1948–94",How did resistance grow in South Africa and how did the authorities respond in the period 1960–77?,"The development of resistance inside South Africa — The Year of the Pass, 1960",History,Cambridge Assessment International Education,Cambridge International AS & A Level,A Level,Paper 4 Depth Study,9489/4,105,60,30
"End of minority rule in South Africa and Zimbabwe, 1948–94",How did resistance grow in South Africa and how did the authorities respond in the period 1960–77?,The development of resistance inside South Africa — Sharpeville and Langa,History,Cambridge Assessment International Education,Cambridge International AS & A Level,A Level,Paper 4 Depth Study,9489/4,105,60,30
"End of minority rule in South Africa and Zimbabwe, 1948–94",How did resistance grow in South Africa and how did the authorities respond in the period 1960–77?,The development of resistance inside South Africa — Mandela and Umkhonto we Sizwe,History,Cambridge Assessment International Education,Cambridge International AS & A Level,A Level,Paper 4 Depth Study,9489/4,105,60,30
"End of minority rule in South Africa and Zimbabwe, 1948–94",How did resistance grow in South Africa and how did the authorities respond in the period 1960–77?,The development of resistance inside South Africa — The Rivonia Trial,History,Cambridge Assessment International Education,Cambridge International AS & A Level,A Level,Paper 4 Depth Study,9489/4,105,60,30
"End of minority rule in South Africa and Zimbabwe, 1948–94",How did resistance grow in South Africa and how did the authorities respond in the period 1960–77?,"The development of resistance inside South Africa — Biko, the South African Student Organisation (SASO) and Black Consciousness Movement (BCM)",History,Cambridge Assessment International Education,Cambridge International AS & A Level,A Level,Paper 4 Depth Study,9489/4,105,60,30
"End of minority rule in South Africa and Zimbabwe, 1948–94",How did resistance grow in South Africa and how did the authorities respond in the period 1960–77?,The development of resistance inside South Africa — The Soweto uprising,History,Cambridge Assessment International Education,Cambridge International AS & A Level,A Level,Paper 4 Depth Study,9489/4,105,60,30
"End of minority rule in South Africa and Zimbabwe, 1948–94",How did resistance grow in South Africa and how did the authorities respond in the period 1960–77?,The impact of international opposition — International reaction to Sharpeville,History,Cambridge Assessment International Education,Cambridge International AS & A Level,A Level,Paper 4 Depth Study,9489/4,105,60,30
"End of minority rule in South Africa and Zimbabwe, 1948–94",How did resistance grow in South Africa and how did the authorities respond in the period 1960–77?,The impact of international opposition — The activities of the Anti-Apartheid Movement,History,Cambridge Assessment International Education,Cambridge International AS & A Level,A Level,Paper 4 Depth Study,9489/4,105,60,30
"End of minority rule in South Africa and Zimbabwe, 1948–94",How did resistance grow in South Africa and how did the authorities respond in the period 1960–77?,The impact of international opposition — Divisions in the United Nations (UN) and the international community over sanctions,History,Cambridge Assessment International Education,Cambridge International AS & A Level,A Level,Paper 4 Depth Study,9489/4,105,60,30
"End of minority rule in South Africa and Zimbabwe, 1948–94",How did resistance grow in South Africa and how did the authorities respond in the period 1960–77?,"The impact of international opposition — UN embargo on arms, 1977",History,Cambridge Assessment International Education,Cambridge International AS & A Level,A Level,Paper 4 Depth Study,9489/4,105,60,30
"End of minority rule in South Africa and Zimbabwe, 1948–94",How did resistance grow in South Africa and how did the authorities respond in the period 1960–77?,The impact of international opposition — Political changes in southern Africa,History,Cambridge Assessment International Education,Cambridge International AS & A Level,A Level,Paper 4 Depth Study,9489/4,105,60,30
"End of minority rule in South Africa and Zimbabwe, 1948–94",How did resistance grow in South Africa and how did the authorities respond in the period 1960–77?,"The impact of international opposition — The Organisation of African Unity’s (OAU) support for the ANC and the PAC, including military bases",History,Cambridge Assessment International Education,Cambridge International AS & A Level,A Level,Paper 4 Depth Study,9489/4,105,60,30
"End of minority rule in South Africa and Zimbabwe, 1948–94",How did resistance grow in South Africa and how did the authorities respond in the period 1960–77?,"The National Party in power: separate development and expansion of the Bantustans — Verwoerd and Vorster and separate development: the Bantu Self-Government Act 1959, the strengthening of the Bantustans",History,Cambridge Assessment International Education,Cambridge International AS & A Level,A Level,Paper 4 Depth Study,9489/4,105,60,30
"End of minority rule in South Africa and Zimbabwe, 1948–94",How did resistance grow in South Africa and how did the authorities respond in the period 1960–77?,The National Party in power: separate development and expansion of the Bantustans — Bantustans and independence,History,Cambridge Assessment International Education,Cambridge International AS & A Level,A Level,Paper 4 Depth Study,9489/4,105,60,30
"End of minority rule in South Africa and Zimbabwe, 1948–94",How did resistance grow in South Africa and how did the authorities respond in the period 1960–77?,The National Party in power: separate development and expansion of the Bantustans — Life in the Bantustans,History,Cambridge Assessment International Education,Cambridge International AS & A Level,A Level,Paper 4 Depth Study,9489/4,105,60,30
"End of minority rule in South Africa and Zimbabwe, 1948–94",How did resistance grow in South Africa and how did the authorities respond in the period 1960–77?,"The National Party in power: its reaction to resistance — The government’s reaction to Sharpeville: the state of emergency, banning of the ANC and the PAC",History,Cambridge Assessment International Education,Cambridge International AS & A Level,A Level,Paper 4 Depth Study,9489/4,105,60,30
"End of minority rule in South Africa and Zimbabwe, 1948–94",How did resistance grow in South Africa and how did the authorities respond in the period 1960–77?,The National Party in power: its reaction to resistance — Vorster’s use of police powers and defence forces,History,Cambridge Assessment International Education,Cambridge International AS & A Level,A Level,Paper 4 Depth Study,9489/4,105,60,30
"End of minority rule in South Africa and Zimbabwe, 1948–94",How did resistance grow in South Africa and how did the authorities respond in the period 1960–77?,The National Party in power: its reaction to resistance — The persecution of Biko and leaders of the BCM,History,Cambridge Assessment International Education,Cambridge International AS & A Level,A Level,Paper 4 Depth Study,9489/4,105,60,30
"End of minority rule in South Africa and Zimbabwe, 1948–94",How did resistance grow in South Africa and how did the authorities respond in the period 1960–77?,The National Party in power: its reaction to resistance — The government reaction to Soweto,History,Cambridge Assessment International Education,Cambridge International AS & A Level,A Level,Paper 4 Depth Study,9489/4,105,60,30
"End of minority rule in South Africa and Zimbabwe, 1948–94","Why did apartheid and minority rule in South Africa come to an end, 1978–94?","Botha: resistance, reform and suppression, 1978–89 — Problems facing Botha including the townships, the United Democratic Front (UDF) and continuing resistance, economic difficulties, and newly independent southern African states",History,Cambridge Assessment International Education,Cambridge International AS & A Level,A Level,Paper 4 Depth Study,9489/4,105,60,30
"End of minority rule in South Africa and Zimbabwe, 1948–94","Why did apartheid and minority rule in South Africa come to an end, 1978–94?","Botha: resistance, reform and suppression, 1978–89 — Botha’s Total Strategy: reform and repression, the state of emergency",History,Cambridge Assessment International Education,Cambridge International AS & A Level,A Level,Paper 4 Depth Study,9489/4,105,60,30
"End of minority rule in South Africa and Zimbabwe, 1948–94","Why did apartheid and minority rule in South Africa come to an end, 1978–94?",FW de Klerk – a new approach: the dismantling of apartheid — School boycotts and township unrest,History,Cambridge Assessment International Education,Cambridge International AS & A Level,A Level,Paper 4 Depth Study,9489/4,105,60,30
"End of minority rule in South Africa and Zimbabwe, 1948–94","Why did apartheid and minority rule in South Africa come to an end, 1978–94?",FW de Klerk – a new approach: the dismantling of apartheid — De Klerk’s reforms,History,Cambridge Assessment International Education,Cambridge International AS & A Level,A Level,Paper 4 Depth Study,9489/4,105,60,30
"End of minority rule in South Africa and Zimbabwe, 1948–94","Why did apartheid and minority rule in South Africa come to an end, 1978–94?","FW de Klerk – a new approach: the dismantling of apartheid — The roles of de Klerk, Mandela and other leaders in ending apartheid",History,Cambridge Assessment International Education,Cambridge International AS & A Level,A Level,Paper 4 Depth Study,9489/4,105,60,30
"End of minority rule in South Africa and Zimbabwe, 1948–94","Why did apartheid and minority rule in South Africa come to an end, 1978–94?","FW de Klerk – a new approach: the dismantling of apartheid — Continuing violence: the Third Force, white extremists, the Inkatha Freedom Party",History,Cambridge Assessment International Education,Cambridge International AS & A Level,A Level,Paper 4 Depth Study,9489/4,105,60,30
"End of minority rule in South Africa and Zimbabwe, 1948–94","Why did apartheid and minority rule in South Africa come to an end, 1978–94?","The 1994 election and majority rule — Negotiations for a new constitution and transition to majority rule, 1992–93",History,Cambridge Assessment International Education,Cambridge International AS & A Level,A Level,Paper 4 Depth Study,9489/4,105,60,30
"End of minority rule in South Africa and Zimbabwe, 1948–94","Why did apartheid and minority rule in South Africa come to an end, 1978–94?",The 1994 election and majority rule — The election campaigns and results,History,Cambridge Assessment International Education,Cambridge International AS & A Level,A Level,Paper 4 Depth Study,9489/4,105,60,30
"End of minority rule in South Africa and Zimbabwe, 1948–94","Why did apartheid and minority rule in South Africa come to an end, 1978–94?",The 1994 election and majority rule — The formation of the new government,History,Cambridge Assessment International Education,Cambridge International AS & A Level,A Level,Paper 4 Depth Study,9489/4,105,60,30
"End of minority rule in South Africa and Zimbabwe, 1948–94",How was the ending of white minority rule in Zimbabwe achieved in the period 1965–80?,"The Declaration of Independence, 1965 — Demands by the Rhodesian government for independence",History,Cambridge Assessment International Education,Cambridge International AS & A Level,A Level,Paper 4 Depth Study,9489/4,105,60,30
"End of minority rule in South Africa and Zimbabwe, 1948–94",How was the ending of white minority rule in Zimbabwe achieved in the period 1965–80?,"The Declaration of Independence, 1965 — Talks between Wilson and Smith and their disagreements",History,Cambridge Assessment International Education,Cambridge International AS & A Level,A Level,Paper 4 Depth Study,9489/4,105,60,30
"End of minority rule in South Africa and Zimbabwe, 1948–94",How was the ending of white minority rule in Zimbabwe achieved in the period 1965–80?,"The Declaration of Independence, 1965 — The Unilateral Declaration of Independence (UDI) and the reactions of the Rhodesian people and Britain",History,Cambridge Assessment International Education,Cambridge International AS & A Level,A Level,Paper 4 Depth Study,9489/4,105,60,30
"End of minority rule in South Africa and Zimbabwe, 1948–94",How was the ending of white minority rule in Zimbabwe achieved in the period 1965–80?,"The Civil War, 1964–79 — The aims and methods of the Rhodesian government",History,Cambridge Assessment International Education,Cambridge International AS & A Level,A Level,Paper 4 Depth Study,9489/4,105,60,30
"End of minority rule in South Africa and Zimbabwe, 1948–94",How was the ending of white minority rule in Zimbabwe achieved in the period 1965–80?,"The Civil War, 1964–79 — Zimbabwe African People’s Union (ZAPU) , the Zimbabwe People’s Revolutionary Army (ZIPRA) and Nkomo",History,Cambridge Assessment International Education,Cambridge International AS & A Level,A Level,Paper 4 Depth Study,9489/4,105,60,30
"End of minority rule in South Africa and Zimbabwe, 1948–94",How was the ending of white minority rule in Zimbabwe achieved in the period 1965–80?,"The Civil War, 1964–79 — Zimbabwe African National Union (ZANU), the Zimbabwe African National Liberation Army (ZANLA) and Mugabe",History,Cambridge Assessment International Education,Cambridge International AS & A Level,A Level,Paper 4 Depth Study,9489/4,105,60,30
"End of minority rule in South Africa and Zimbabwe, 1948–94",How was the ending of white minority rule in Zimbabwe achieved in the period 1965–80?,"The Civil War, 1964–79 — The nature of the fighting",History,Cambridge Assessment International Education,Cambridge International AS & A Level,A Level,Paper 4 Depth Study,9489/4,105,60,30
"End of minority rule in South Africa and Zimbabwe, 1948–94",How was the ending of white minority rule in Zimbabwe achieved in the period 1965–80?,The Internal Settlement and the ending of white minority rule — Reasons why Smith agreed to the Internal Settlement,History,Cambridge Assessment International Education,Cambridge International AS & A Level,A Level,Paper 4 Depth Study,9489/4,105,60,30
"End of minority rule in South Africa and Zimbabwe, 1948–94",How was the ending of white minority rule in Zimbabwe achieved in the period 1965–80?,The Internal Settlement and the ending of white minority rule — The multiracial elections and the new government under Muzorewa,History,Cambridge Assessment International Education,Cambridge International AS & A Level,A Level,Paper 4 Depth Study,9489/4,105,60,30
"End of minority rule in South Africa and Zimbabwe, 1948–94",How was the ending of white minority rule in Zimbabwe achieved in the period 1965–80?,The Internal Settlement and the ending of white minority rule — Rejection by the British government and ZAPU and ZANU,History,Cambridge Assessment International Education,Cambridge International AS & A Level,A Level,Paper 4 Depth Study,9489/4,105,60,30
"End of minority rule in South Africa and Zimbabwe, 1948–94",How was the ending of white minority rule in Zimbabwe achieved in the period 1965–80?,"The Lancaster House Agreement, 1979 and a final settlement — Reasons why the fighting ended",History,Cambridge Assessment International Education,Cambridge International AS & A Level,A Level,Paper 4 Depth Study,9489/4,105,60,30
"End of minority rule in South Africa and Zimbabwe, 1948–94",How was the ending of white minority rule in Zimbabwe achieved in the period 1965–80?,"The Lancaster House Agreement, 1979 and a final settlement — Negotiations in London, 1979",History,Cambridge Assessment International Education,Cambridge International AS & A Level,A Level,Paper 4 Depth Study,9489/4,105,60,30
"End of minority rule in South Africa and Zimbabwe, 1948–94",How was the ending of white minority rule in Zimbabwe achieved in the period 1965–80?,"The Lancaster House Agreement, 1979 and a final settlement — The Lancaster House Agreement",History,Cambridge Assessment International Education,Cambridge International AS & A Level,A Level,Paper 4 Depth Study,9489/4,105,60,30
"End of minority rule in South Africa and Zimbabwe, 1948–94",How was the ending of white minority rule in Zimbabwe achieved in the period 1965–80?,"The Lancaster House Agreement, 1979 and a final settlement — The 1980 elections",History,Cambridge Assessment International Education,Cambridge International AS & A Level,A Level,Paper 4 Depth Study,9489/4,105,60,30
"End of minority rule in South Africa and Zimbabwe, 1948–94",How was the ending of white minority rule in Zimbabwe achieved in the period 1965–80?,"The Lancaster House Agreement, 1979 and a final settlement — Formation of a new government headed by Mugabe",History,Cambridge Assessment International Education,Cambridge International AS & A Level,A Level,Paper 4 Depth Study,9489/4,105,60,30
"The route to independence: Malaysia and Indonesia, c.1909–67",How widespread was the growth of nationalism and hostility to colonial rule in Malaya in the period up to 1945?,"The nature of colonial rule — Reasons why Britain gained protection of the Unfederated Malay States, including: The Bangkok Treaty, 1909 and its importance",History,Cambridge Assessment International Education,Cambridge International AS & A Level,A Level,Paper 4 Depth Study,9489/4,105,60,30
"The route to independence: Malaysia and Indonesia, c.1909–67",How widespread was the growth of nationalism and hostility to colonial rule in Malaya in the period up to 1945?,The nature of colonial rule — Divide and rule,History,Cambridge Assessment International Education,Cambridge International AS & A Level,A Level,Paper 4 Depth Study,9489/4,105,60,30
"The route to independence: Malaysia and Indonesia, c.1909–67",How widespread was the growth of nationalism and hostility to colonial rule in Malaya in the period up to 1945?,The nature of colonial rule — Immigration and the polarisation of society,History,Cambridge Assessment International Education,Cambridge International AS & A Level,A Level,Paper 4 Depth Study,9489/4,105,60,30
"The route to independence: Malaysia and Indonesia, c.1909–67",How widespread was the growth of nationalism and hostility to colonial rule in Malaya in the period up to 1945?,The nature of colonial rule — Sir Cecil Clementi and the failure of Malayanisation,History,Cambridge Assessment International Education,Cambridge International AS & A Level,A Level,Paper 4 Depth Study,9489/4,105,60,30
"The route to independence: Malaysia and Indonesia, c.1909–67",How widespread was the growth of nationalism and hostility to colonial rule in Malaya in the period up to 1945?,The growth of nationalism — Kesatuan Melayu Muda (KMM),History,Cambridge Assessment International Education,Cambridge International AS & A Level,A Level,Paper 4 Depth Study,9489/4,105,60,30
"The route to independence: Malaysia and Indonesia, c.1909–67",How widespread was the growth of nationalism and hostility to colonial rule in Malaya in the period up to 1945?,The growth of nationalism — Opposition from English-educated Malays,History,Cambridge Assessment International Education,Cambridge International AS & A Level,A Level,Paper 4 Depth Study,9489/4,105,60,30
"The route to independence: Malaysia and Indonesia, c.1909–67",How widespread was the growth of nationalism and hostility to colonial rule in Malaya in the period up to 1945?,The growth of nationalism — Kaum Muda,History,Cambridge Assessment International Education,Cambridge International AS & A Level,A Level,Paper 4 Depth Study,9489/4,105,60,30
"The route to independence: Malaysia and Indonesia, c.1909–67",How widespread was the growth of nationalism and hostility to colonial rule in Malaya in the period up to 1945?,The growth of nationalism — Malayan associations and clubs,History,Cambridge Assessment International Education,Cambridge International AS & A Level,A Level,Paper 4 Depth Study,9489/4,105,60,30
"The route to independence: Malaysia and Indonesia, c.1909–67",How widespread was the growth of nationalism and hostility to colonial rule in Malaya in the period up to 1945?,Impact of Japanese government on Malaya — Treatment of the different races,History,Cambridge Assessment International Education,Cambridge International AS & A Level,A Level,Paper 4 Depth Study,9489/4,105,60,30
"The route to independence: Malaysia and Indonesia, c.1909–67",How widespread was the growth of nationalism and hostility to colonial rule in Malaya in the period up to 1945?,Impact of Japanese government on Malaya — Malayan Military Administration (MMA),History,Cambridge Assessment International Education,Cambridge International AS & A Level,A Level,Paper 4 Depth Study,9489/4,105,60,30
"The route to independence: Malaysia and Indonesia, c.1909–67",How widespread was the growth of nationalism and hostility to colonial rule in Malaya in the period up to 1945?,"Impact of Japanese government on Malaya — The growth of resistance movements, including: Malayan People’s Anti-Japanese Army (MPAJA)",History,Cambridge Assessment International Education,Cambridge International AS & A Level,A Level,Paper 4 Depth Study,9489/4,105,60,30
"The route to independence: Malaysia and Indonesia, c.1909–67",How widespread was the growth of nationalism and hostility to colonial rule in Malaya in the period up to 1945?,Increasing hostility during the Japanese occupation — Contribution of the Japanese to the growth of nationalism,History,Cambridge Assessment International Education,Cambridge International AS & A Level,A Level,Paper 4 Depth Study,9489/4,105,60,30
"The route to independence: Malaysia and Indonesia, c.1909–67",How widespread was the growth of nationalism and hostility to colonial rule in Malaya in the period up to 1945?,Increasing hostility during the Japanese occupation — The ambitions of the MPAJA,History,Cambridge Assessment International Education,Cambridge International AS & A Level,A Level,Paper 4 Depth Study,9489/4,105,60,30
"The route to independence: Malaysia and Indonesia, c.1909–67",How widespread was the growth of nationalism and hostility to colonial rule in Malaya in the period up to 1945?,Increasing hostility during the Japanese occupation — The role of Kesatuan Melayu Muda (KMM),History,Cambridge Assessment International Education,Cambridge International AS & A Level,A Level,Paper 4 Depth Study,9489/4,105,60,30
"The route to independence: Malaysia and Indonesia, c.1909–67",How widespread was the growth of nationalism and hostility to colonial rule in Malaya in the period up to 1945?,Increasing hostility during the Japanese occupation — Pembela Tanah Air (PETA),History,Cambridge Assessment International Education,Cambridge International AS & A Level,A Level,Paper 4 Depth Study,9489/4,105,60,30
"The route to independence: Malaysia and Indonesia, c.1909–67",How widespread was the growth of nationalism and hostility to colonial rule in Malaya in the period up to 1945?,Increasing hostility during the Japanese occupation — Kesatuan Rakyat Indonesia Semenanjung (KRIS),History,Cambridge Assessment International Education,Cambridge International AS & A Level,A Level,Paper 4 Depth Study,9489/4,105,60,30
"The route to independence: Malaysia and Indonesia, c.1909–67",What factors led to the formation of Malaysia?,Re-establishing British rule after the defeat of Japan — Failure to form the Malayan Union,History,Cambridge Assessment International Education,Cambridge International AS & A Level,A Level,Paper 4 Depth Study,9489/4,105,60,30
"The route to independence: Malaysia and Indonesia, c.1909–67",What factors led to the formation of Malaysia?,Re-establishing British rule after the defeat of Japan — The role of Data Onn bin Jaafar and the United Malays National Organisation (UMNO),History,Cambridge Assessment International Education,Cambridge International AS & A Level,A Level,Paper 4 Depth Study,9489/4,105,60,30
"The route to independence: Malaysia and Indonesia, c.1909–67",What factors led to the formation of Malaysia?,"Re-establishing British rule after the defeat of Japan — The formation of the Federation of Malaya, 1948",History,Cambridge Assessment International Education,Cambridge International AS & A Level,A Level,Paper 4 Depth Study,9489/4,105,60,30
"The route to independence: Malaysia and Indonesia, c.1909–67",What factors led to the formation of Malaysia?,"Re-establishing British rule after the defeat of Japan — Non-Malay opposition to the Federation, including: The Pan-Malayan Council of Joint Action (PMCJA); Pusat Tenaga Rakyat (PUTERA)",History,Cambridge Assessment International Education,Cambridge International AS & A Level,A Level,Paper 4 Depth Study,9489/4,105,60,30
"The route to independence: Malaysia and Indonesia, c.1909–67",What factors led to the formation of Malaysia?,The Emergency — The role of Lai Teck and Chin Peng,History,Cambridge Assessment International Education,Cambridge International AS & A Level,A Level,Paper 4 Depth Study,9489/4,105,60,30
"The route to independence: Malaysia and Indonesia, c.1909–67",What factors led to the formation of Malaysia?,"The Emergency — The communist terror, 1948–49",History,Cambridge Assessment International Education,Cambridge International AS & A Level,A Level,Paper 4 Depth Study,9489/4,105,60,30
"The route to independence: Malaysia and Indonesia, c.1909–67",What factors led to the formation of Malaysia?,"The Emergency — Britain’s reaction to the Emergency and reasons for its success, including: The Briggs Plan; The role of General Sir Gerald Templar",History,Cambridge Assessment International Education,Cambridge International AS & A Level,A Level,Paper 4 Depth Study,9489/4,105,60,30
"The route to independence: Malaysia and Indonesia, c.1909–67",What factors led to the formation of Malaysia?,The growth of political parties and the election of 1955 — UMNO,History,Cambridge Assessment International Education,Cambridge International AS & A Level,A Level,Paper 4 Depth Study,9489/4,105,60,30
"The route to independence: Malaysia and Indonesia, c.1909–67",What factors led to the formation of Malaysia?,The growth of political parties and the election of 1955 — The Malayan Chinese Association (MCA),History,Cambridge Assessment International Education,Cambridge International AS & A Level,A Level,Paper 4 Depth Study,9489/4,105,60,30
"The route to independence: Malaysia and Indonesia, c.1909–67",What factors led to the formation of Malaysia?,The growth of political parties and the election of 1955 — The Malayan Indian Congress (MIC),History,Cambridge Assessment International Education,Cambridge International AS & A Level,A Level,Paper 4 Depth Study,9489/4,105,60,30
"The route to independence: Malaysia and Indonesia, c.1909–67",What factors led to the formation of Malaysia?,The growth of political parties and the election of 1955 — The UMNO-MCA Alliance,History,Cambridge Assessment International Education,Cambridge International AS & A Level,A Level,Paper 4 Depth Study,9489/4,105,60,30
"The route to independence: Malaysia and Indonesia, c.1909–67",What factors led to the formation of Malaysia?,"The formation of Malaysia — Britain’s role in granting independence to Malaya, including: The Reid Commission; The Merdeka Constitution",History,Cambridge Assessment International Education,Cambridge International AS & A Level,A Level,Paper 4 Depth Study,9489/4,105,60,30
"The route to independence: Malaysia and Indonesia, c.1909–67",What factors led to the formation of Malaysia?,The formation of Malaysia — The support of Tunku Abdul Rahman,History,Cambridge Assessment International Education,Cambridge International AS & A Level,A Level,Paper 4 Depth Study,9489/4,105,60,30
"The route to independence: Malaysia and Indonesia, c.1909–67",What factors led to the formation of Malaysia?,"The formation of Malaysia — Political, economic and cultural reasons for Singapore’s merger with Malaya",History,Cambridge Assessment International Education,Cambridge International AS & A Level,A Level,Paper 4 Depth Study,9489/4,105,60,30
"The route to independence: Malaysia and Indonesia, c.1909–67",What factors led to the formation of Malaysia?,"The formation of Malaysia — The Constitution of the Federation of Malaysia, including: Political and economic differences that led to Singapore separating from Malaya",History,Cambridge Assessment International Education,Cambridge International AS & A Level,A Level,Paper 4 Depth Study,9489/4,105,60,30
"The route to independence: Malaysia and Indonesia, c.1909–67","In what ways, and for what reasons, did the nationalist movement develop in Indonesia up to 1945?",The nature of colonial rule and effects of foreign influence — Impacts of the Ethical Policy and the Volksraad,History,Cambridge Assessment International Education,Cambridge International AS & A Level,A Level,Paper 4 Depth Study,9489/4,105,60,30
"The route to independence: Malaysia and Indonesia, c.1909–67","In what ways, and for what reasons, did the nationalist movement develop in Indonesia up to 1945?",The nature of colonial rule and effects of foreign influence — Domination of trade by Chinese merchants,History,Cambridge Assessment International Education,Cambridge International AS & A Level,A Level,Paper 4 Depth Study,9489/4,105,60,30
"The route to independence: Malaysia and Indonesia, c.1909–67","In what ways, and for what reasons, did the nationalist movement develop in Indonesia up to 1945?",The nature of colonial rule and effects of foreign influence — Impacts of language and religion,History,Cambridge Assessment International Education,Cambridge International AS & A Level,A Level,Paper 4 Depth Study,9489/4,105,60,30
"The route to independence: Malaysia and Indonesia, c.1909–67","In what ways, and for what reasons, did the nationalist movement develop in Indonesia up to 1945?",The nature of colonial rule and effects of foreign influence — Impact of westernised education,History,Cambridge Assessment International Education,Cambridge International AS & A Level,A Level,Paper 4 Depth Study,9489/4,105,60,30
"The route to independence: Malaysia and Indonesia, c.1909–67","In what ways, and for what reasons, did the nationalist movement develop in Indonesia up to 1945?","The growth of nationalism — Formation and aims of different nationalist parties, including: Partai Komunis Indonesia (PKI); Partai Nasional Indonesia (PNI); Partai Indonesia (Partindo) and Gerindo; Club Pendidikan Nasional Indonesia",History,Cambridge Assessment International Education,Cambridge International AS & A Level,A Level,Paper 4 Depth Study,9489/4,105,60,30
"The route to independence: Malaysia and Indonesia, c.1909–67","In what ways, and for what reasons, did the nationalist movement develop in Indonesia up to 1945?","The growth of nationalism — Leadership of Sukarno, Hatta and Sartono",History,Cambridge Assessment International Education,Cambridge International AS & A Level,A Level,Paper 4 Depth Study,9489/4,105,60,30
"The route to independence: Malaysia and Indonesia, c.1909–67","In what ways, and for what reasons, did the nationalist movement develop in Indonesia up to 1945?","The growth of nationalism — The Soetardjo Petition, 1936",History,Cambridge Assessment International Education,Cambridge International AS & A Level,A Level,Paper 4 Depth Study,9489/4,105,60,30
"The route to independence: Malaysia and Indonesia, c.1909–67","In what ways, and for what reasons, did the nationalist movement develop in Indonesia up to 1945?","The growth of nationalism — Formation and aims of Gabungun Politik Indonesia (Gapi), 1939",History,Cambridge Assessment International Education,Cambridge International AS & A Level,A Level,Paper 4 Depth Study,9489/4,105,60,30
"The route to independence: Malaysia and Indonesia, c.1909–67","In what ways, and for what reasons, did the nationalist movement develop in Indonesia up to 1945?",Economic and social effects of Japanese occupation — Impact of joining the Greater East Asia Co-Prosperity Sphere,History,Cambridge Assessment International Education,Cambridge International AS & A Level,A Level,Paper 4 Depth Study,9489/4,105,60,30
"The route to independence: Malaysia and Indonesia, c.1909–67","In what ways, and for what reasons, did the nationalist movement develop in Indonesia up to 1945?",Economic and social effects of Japanese occupation — Impact of conscription,History,Cambridge Assessment International Education,Cambridge International AS & A Level,A Level,Paper 4 Depth Study,9489/4,105,60,30
"The route to independence: Malaysia and Indonesia, c.1909–67","In what ways, and for what reasons, did the nationalist movement develop in Indonesia up to 1945?",Economic and social effects of Japanese occupation — Changes to the administration,History,Cambridge Assessment International Education,Cambridge International AS & A Level,A Level,Paper 4 Depth Study,9489/4,105,60,30
"The route to independence: Malaysia and Indonesia, c.1909–67","In what ways, and for what reasons, did the nationalist movement develop in Indonesia up to 1945?",Economic and social effects of Japanese occupation — Formation of the Triple A movement,History,Cambridge Assessment International Education,Cambridge International AS & A Level,A Level,Paper 4 Depth Study,9489/4,105,60,30
"The route to independence: Malaysia and Indonesia, c.1909–67","In what ways, and for what reasons, did the nationalist movement develop in Indonesia up to 1945?",Reasons for and methods used by Japan to encourage nationalism — Anti-western sentiment and support of Indonesians for the war effort,History,Cambridge Assessment International Education,Cambridge International AS & A Level,A Level,Paper 4 Depth Study,9489/4,105,60,30
"The route to independence: Malaysia and Indonesia, c.1909–67","In what ways, and for what reasons, did the nationalist movement develop in Indonesia up to 1945?",Reasons for and methods used by Japan to encourage nationalism — Promises of self-government,History,Cambridge Assessment International Education,Cambridge International AS & A Level,A Level,Paper 4 Depth Study,9489/4,105,60,30
"The route to independence: Malaysia and Indonesia, c.1909–67","In what ways, and for what reasons, did the nationalist movement develop in Indonesia up to 1945?",Reasons for and methods used by Japan to encourage nationalism — Formation and importance of — Pusat Tenaga Rakyat (Putera); Sukarela Tentera Pembela Tanah Air (Peta),History,Cambridge Assessment International Education,Cambridge International AS & A Level,A Level,Paper 4 Depth Study,9489/4,105,60,30
"The route to independence: Malaysia and Indonesia, c.1909–67","In what ways, and for what reasons, did the nationalist movement develop in Indonesia up to 1945?",Reasons for and methods used by Japan to encourage nationalism — Formation and importance of underground resistance,History,Cambridge Assessment International Education,Cambridge International AS & A Level,A Level,Paper 4 Depth Study,9489/4,105,60,30
"The route to independence: Malaysia and Indonesia, c.1909–67",What factors led to the formation of Indonesia and what challenges did it face up to by the mid-1960s?,Attempts to secure Indonesian independence by the Japanese — 1944 Preparatory Committee for Indonesian Independence,History,Cambridge Assessment International Education,Cambridge International AS & A Level,A Level,Paper 4 Depth Study,9489/4,105,60,30
"The route to independence: Malaysia and Indonesia, c.1909–67",What factors led to the formation of Indonesia and what challenges did it face up to by the mid-1960s?,Attempts to secure Indonesian independence by the Japanese — Role of nationalist leaders including Sukarno and Hatta,History,Cambridge Assessment International Education,Cambridge International AS & A Level,A Level,Paper 4 Depth Study,9489/4,105,60,30
"The route to independence: Malaysia and Indonesia, c.1909–67",What factors led to the formation of Indonesia and what challenges did it face up to by the mid-1960s?,Attempts to secure Indonesian independence by the Japanese — Student protest,History,Cambridge Assessment International Education,Cambridge International AS & A Level,A Level,Paper 4 Depth Study,9489/4,105,60,30
"The route to independence: Malaysia and Indonesia, c.1909–67",What factors led to the formation of Indonesia and what challenges did it face up to by the mid-1960s?,Attempts to secure Indonesian independence by the Japanese — Sukarno’s five principles (Pancasila),History,Cambridge Assessment International Education,Cambridge International AS & A Level,A Level,Paper 4 Depth Study,9489/4,105,60,30
"The route to independence: Malaysia and Indonesia, c.1909–67",What factors led to the formation of Indonesia and what challenges did it face up to by the mid-1960s?,"The Indonesian Revolution and reasons for the failure of the Dutch to re-establish control — Reactions to the declaration of independence, August 1945",History,Cambridge Assessment International Education,Cambridge International AS & A Level,A Level,Paper 4 Depth Study,9489/4,105,60,30
"The route to independence: Malaysia and Indonesia, c.1909–67",What factors led to the formation of Indonesia and what challenges did it face up to by the mid-1960s?,"The Indonesian Revolution and reasons for the failure of the Dutch to re-establish control — Re-occupation, peace talks and the attempted coup, 1946",History,Cambridge Assessment International Education,Cambridge International AS & A Level,A Level,Paper 4 Depth Study,9489/4,105,60,30
"The route to independence: Malaysia and Indonesia, c.1909–67",What factors led to the formation of Indonesia and what challenges did it face up to by the mid-1960s?,The Indonesian Revolution and reasons for the failure of the Dutch to re-establish control — Reasons for the failure of the Linggadjati Agreement,History,Cambridge Assessment International Education,Cambridge International AS & A Level,A Level,Paper 4 Depth Study,9489/4,105,60,30
"The route to independence: Malaysia and Indonesia, c.1909–67",What factors led to the formation of Indonesia and what challenges did it face up to by the mid-1960s?,The Indonesian Revolution and reasons for the failure of the Dutch to re-establish control — Impact of the involvement of the United Nations and the USA,History,Cambridge Assessment International Education,Cambridge International AS & A Level,A Level,Paper 4 Depth Study,9489/4,105,60,30
"The route to independence: Malaysia and Indonesia, c.1909–67",What factors led to the formation of Indonesia and what challenges did it face up to by the mid-1960s?,Challenges facing the newly independent Republic of Indonesia in the 1950s — Political challenges: debates about the Constitution and form of government,History,Cambridge Assessment International Education,Cambridge International AS & A Level,A Level,Paper 4 Depth Study,9489/4,105,60,30
"The route to independence: Malaysia and Indonesia, c.1909–67",What factors led to the formation of Indonesia and what challenges did it face up to by the mid-1960s?,Challenges facing the newly independent Republic of Indonesia in the 1950s — Leadership of Sukarno,History,Cambridge Assessment International Education,Cambridge International AS & A Level,A Level,Paper 4 Depth Study,9489/4,105,60,30
"The route to independence: Malaysia and Indonesia, c.1909–67",What factors led to the formation of Indonesia and what challenges did it face up to by the mid-1960s?,Challenges facing the newly independent Republic of Indonesia in the 1950s — Economic problems,History,Cambridge Assessment International Education,Cambridge International AS & A Level,A Level,Paper 4 Depth Study,9489/4,105,60,30
"The route to independence: Malaysia and Indonesia, c.1909–67",What factors led to the formation of Indonesia and what challenges did it face up to by the mid-1960s?,Challenges facing the newly independent Republic of Indonesia in the 1950s — Social issues,History,Cambridge Assessment International Education,Cambridge International AS & A Level,A Level,Paper 4 Depth Study,9489/4,105,60,30
"The route to independence: Malaysia and Indonesia, c.1909–67",What factors led to the formation of Indonesia and what challenges did it face up to by the mid-1960s?,Key events and reasons for the transition to the New Order under Suharto — Impact of the Konfrontasi with Malaysia in 1963,History,Cambridge Assessment International Education,Cambridge International AS & A Level,A Level,Paper 4 Depth Study,9489/4,105,60,30
"The route to independence: Malaysia and Indonesia, c.1909–67",What factors led to the formation of Indonesia and what challenges did it face up to by the mid-1960s?,Key events and reasons for the transition to the New Order under Suharto — 30 September Movement,History,Cambridge Assessment International Education,Cambridge International AS & A Level,A Level,Paper 4 Depth Study,9489/4,105,60,30
"The route to independence: Malaysia and Indonesia, c.1909–67",What factors led to the formation of Indonesia and what challenges did it face up to by the mid-1960s?,Key events and reasons for the transition to the New Order under Suharto — Purge of communists and KAMI demonstration,History,Cambridge Assessment International Education,Cambridge International AS & A Level,A Level,Paper 4 Depth Study,9489/4,105,60,30
"The route to independence: Malaysia and Indonesia, c.1909–67",What factors led to the formation of Indonesia and what challenges did it face up to by the mid-1960s?,Key events and reasons for the transition to the New Order under Suharto — Order of Eleventh March (Supersemar),History,Cambridge Assessment International Education,Cambridge International AS & A Level,A Level,Paper 4 Depth Study,9489/4,105,60,30
