Main Topic,Subtopic,Learning Outcome,Subject,Exam Board,Qualification,Level,Component Name,Paper Code,Duration (min),Total Marks,Weighting (%)
1 Atomic structure,1.1 Particles in the atom and atomic radius,"understand that atoms are mostly empty space surrounding a very small, dense nucleus that contains protons and neutrons; electrons are found in shells in the empty space around the nucleus",Chemistry,Cambridge Assessment International Education,Cambridge International AS & A Level,AS Level,Paper 1 Multiple Choice,9701/1,75,40,31
1 Atomic structure,1.1 Particles in the atom and atomic radius,"understand that atoms are mostly empty space surrounding a very small, dense nucleus that contains protons and neutrons; electrons are found in shells in the empty space around the nucleus",Chemistry,Cambridge Assessment International Education,Cambridge International AS & A Level,AS Level,Paper 2 AS Level Structured Questions,9701/2,75,60,46
1 Atomic structure,1.1 Particles in the atom and atomic radius,"understand that atoms are mostly empty space surrounding a very small, dense nucleus that contains protons and neutrons; electrons are found in shells in the empty space around the nucleus",Chemistry,Cambridge Assessment International Education,Cambridge International AS & A Level,A Level,Paper 1 Multiple Choice,9701/1,75,40,15.5
1 Atomic structure,1.1 Particles in the atom and atomic radius,"understand that atoms are mostly empty space surrounding a very small, dense nucleus that contains protons and neutrons; electrons are found in shells in the empty space around the nucleus",Chemistry,Cambridge Assessment International Education,Cambridge International AS & A Level,A Level,Paper 2 AS Level Structured Questions,9701/2,75,60,23
1 Atomic structure,1.1 Particles in the atom and atomic radius,"identify and describe protons, neutrons and electrons in terms of their relative charges and relative masses",Chemistry,Cambridge Assessment International Education,Cambridge International AS & A Level,AS Level,Paper 1 Multiple Choice,9701/1,75,40,31
1 Atomic structure,1.1 Particles in the atom and atomic radius,"identify and describe protons, neutrons and electrons in terms of their relative charges and relative masses",Chemistry,Cambridge Assessment International Education,Cambridge International AS & A Level,AS Level,Paper 2 AS Level Structured Questions,9701/2,75,60,46
1 Atomic structure,1.1 Particles in the atom and atomic radius,"identify and describe protons, neutrons and electrons in terms of their relative charges and relative masses",Chemistry,Cambridge Assessment International Education,Cambridge International AS & A Level,A Level,Paper 1 Multiple Choice,9701/1,75,40,15.5
1 Atomic structure,1.1 Particles in the atom and atomic radius,"identify and describe protons, neutrons and electrons in terms of their relative charges and relative masses",Chemistry,Cambridge Assessment International Education,Cambridge International AS & A Level,A Level,Paper 2 AS Level Structured Questions,9701/2,75,60,23
1 Atomic structure,1.1 Particles in the atom and atomic radius,understand the terms atomic and proton number; mass and nucleon number,Chemistry,Cambridge Assessment International Education,Cambridge International AS & A Level,AS Level,Paper 1 Multiple Choice,9701/1,75,40,31
1 Atomic structure,1.1 Particles in the atom and atomic radius,understand the terms atomic and proton number; mass and nucleon number,Chemistry,Cambridge Assessment International Education,Cambridge International AS & A Level,AS Level,Paper 2 AS Level Structured Questions,9701/2,75,60,46
1 Atomic structure,1.1 Particles in the atom and atomic radius,understand the terms atomic and proton number; mass and nucleon number,Chemistry,Cambridge Assessment International Education,Cambridge International AS & A Level,A Level,Paper 1 Multiple Choice,9701/1,75,40,15.5
1 Atomic structure,1.1 Particles in the atom and atomic radius,understand the terms atomic and proton number; mass and nucleon number,Chemistry,Cambridge Assessment International Education,Cambridge International AS & A Level,A Level,Paper 2 AS Level Structured Questions,9701/2,75,60,23
1 Atomic structure,1.1 Particles in the atom and atomic radius,describe the distribution of mass and charge within an atom,Chemistry,Cambridge Assessment International Education,Cambridge International AS & A Level,AS Level,Paper 1 Multiple Choice,9701/1,75,40,31
1 Atomic structure,1.1 Particles in the atom and atomic radius,describe the distribution of mass and charge within an atom,Chemistry,Cambridge Assessment International Education,Cambridge International AS & A Level,AS Level,Paper 2 AS Level Structured Questions,9701/2,75,60,46
1 Atomic structure,1.1 Particles in the atom and atomic radius,describe the distribution of mass and charge within an atom,Chemistry,Cambridge Assessment International Education,Cambridge International AS & A Level,A Level,Paper 1 Multiple Choice,9701/1,75,40,15.5
1 Atomic structure,1.1 Particles in the atom and atomic radius,describe the distribution of mass and charge within an atom,Chemistry,Cambridge Assessment International Education,Cambridge International AS & A Level,A Level,Paper 2 AS Level Structured Questions,9701/2,75,60,23
1 Atomic structure,1.1 Particles in the atom and atomic radius,"describe the behaviour of beams of protons, neutrons and electrons moving at the same velocity in an electric field",Chemistry,Cambridge Assessment International Education,Cambridge International AS & A Level,AS Level,Paper 1 Multiple Choice,9701/1,75,40,31
1 Atomic structure,1.1 Particles in the atom and atomic radius,"describe the behaviour of beams of protons, neutrons and electrons moving at the same velocity in an electric field",Chemistry,Cambridge Assessment International Education,Cambridge International AS & A Level,AS Level,Paper 2 AS Level Structured Questions,9701/2,75,60,46
1 Atomic structure,1.1 Particles in the atom and atomic radius,"describe the behaviour of beams of protons, neutrons and electrons moving at the same velocity in an electric field",Chemistry,Cambridge Assessment International Education,Cambridge International AS & A Level,A Level,Paper 1 Multiple Choice,9701/1,75,40,15.5
1 Atomic structure,1.1 Particles in the atom and atomic radius,"describe the behaviour of beams of protons, neutrons and electrons moving at the same velocity in an electric field",Chemistry,Cambridge Assessment International Education,Cambridge International AS & A Level,A Level,Paper 2 AS Level Structured Questions,9701/2,75,60,23
1 Atomic structure,1.1 Particles in the atom and atomic radius,"determine the numbers of protons, neutrons and electrons present in both atoms and ions given atomic or proton number, mass or nucleon number and charge",Chemistry,Cambridge Assessment International Education,Cambridge International AS & A Level,AS Level,Paper 1 Multiple Choice,9701/1,75,40,31
1 Atomic structure,1.1 Particles in the atom and atomic radius,"determine the numbers of protons, neutrons and electrons present in both atoms and ions given atomic or proton number, mass or nucleon number and charge",Chemistry,Cambridge Assessment International Education,Cambridge International AS & A Level,AS Level,Paper 2 AS Level Structured Questions,9701/2,75,60,46
1 Atomic structure,1.1 Particles in the atom and atomic radius,"determine the numbers of protons, neutrons and electrons present in both atoms and ions given atomic or proton number, mass or nucleon number and charge",Chemistry,Cambridge Assessment International Education,Cambridge International AS & A Level,A Level,Paper 1 Multiple Choice,9701/1,75,40,15.5
1 Atomic structure,1.1 Particles in the atom and atomic radius,"determine the numbers of protons, neutrons and electrons present in both atoms and ions given atomic or proton number, mass or nucleon number and charge",Chemistry,Cambridge Assessment International Education,Cambridge International AS & A Level,A Level,Paper 2 AS Level Structured Questions,9701/2,75,60,23
1 Atomic structure,1.1 Particles in the atom and atomic radius,state and explain qualitatively the variations in atomic radius and ionic radius across a period and down a group,Chemistry,Cambridge Assessment International Education,Cambridge International AS & A Level,AS Level,Paper 1 Multiple Choice,9701/1,75,40,31
1 Atomic structure,1.1 Particles in the atom and atomic radius,state and explain qualitatively the variations in atomic radius and ionic radius across a period and down a group,Chemistry,Cambridge Assessment International Education,Cambridge International AS & A Level,AS Level,Paper 2 AS Level Structured Questions,9701/2,75,60,46
1 Atomic structure,1.1 Particles in the atom and atomic radius,state and explain qualitatively the variations in atomic radius and ionic radius across a period and down a group,Chemistry,Cambridge Assessment International Education,Cambridge International AS & A Level,A Level,Paper 1 Multiple Choice,9701/1,75,40,15.5
1 Atomic structure,1.1 Particles in the atom and atomic radius,state and explain qualitatively the variations in atomic radius and ionic radius across a period and down a group,Chemistry,Cambridge Assessment International Education,Cambridge International AS & A Level,A Level,Paper 2 AS Level Structured Questions,9701/2,75,60,23
1 Atomic structure,1.2 Isotopes,define the term isotope in terms of numbers of protons and neutrons,Chemistry,Cambridge Assessment International Education,Cambridge International AS & A Level,AS Level,Paper 1 Multiple Choice,9701/1,75,40,31
1 Atomic structure,1.2 Isotopes,define the term isotope in terms of numbers of protons and neutrons,Chemistry,Cambridge Assessment International Education,Cambridge International AS & A Level,AS Level,Paper 2 AS Level Structured Questions,9701/2,75,60,46
1 Atomic structure,1.2 Isotopes,define the term isotope in terms of numbers of protons and neutrons,Chemistry,Cambridge Assessment International Education,Cambridge International AS & A Level,A Level,Paper 1 Multiple Choice,9701/1,75,40,15.5
1 Atomic structure,1.2 Isotopes,define the term isotope in terms of numbers of protons and neutrons,Chemistry,Cambridge Assessment International Education,Cambridge International AS & A Level,A Level,Paper 2 AS Level Structured Questions,9701/2,75,60,23
1 Atomic structure,1.2 Isotopes,"understand the notation xy A for isotopes, where x is the mass or nucleon number and y is the atomic or proton number",Chemistry,Cambridge Assessment International Education,Cambridge International AS & A Level,AS Level,Paper 1 Multiple Choice,9701/1,75,40,31
1 Atomic structure,1.2 Isotopes,"understand the notation xy A for isotopes, where x is the mass or nucleon number and y is the atomic or proton number",Chemistry,Cambridge Assessment International Education,Cambridge International AS & A Level,AS Level,Paper 2 AS Level Structured Questions,9701/2,75,60,46
1 Atomic structure,1.2 Isotopes,"understand the notation xy A for isotopes, where x is the mass or nucleon number and y is the atomic or proton number",Chemistry,Cambridge Assessment International Education,Cambridge International AS & A Level,A Level,Paper 1 Multiple Choice,9701/1,75,40,15.5
1 Atomic structure,1.2 Isotopes,"understand the notation xy A for isotopes, where x is the mass or nucleon number and y is the atomic or proton number",Chemistry,Cambridge Assessment International Education,Cambridge International AS & A Level,A Level,Paper 2 AS Level Structured Questions,9701/2,75,60,23
1 Atomic structure,1.2 Isotopes,state that and explain why isotopes of the same element have the same chemical properties,Chemistry,Cambridge Assessment International Education,Cambridge International AS & A Level,AS Level,Paper 1 Multiple Choice,9701/1,75,40,31
1 Atomic structure,1.2 Isotopes,state that and explain why isotopes of the same element have the same chemical properties,Chemistry,Cambridge Assessment International Education,Cambridge International AS & A Level,AS Level,Paper 2 AS Level Structured Questions,9701/2,75,60,46
1 Atomic structure,1.2 Isotopes,state that and explain why isotopes of the same element have the same chemical properties,Chemistry,Cambridge Assessment International Education,Cambridge International AS & A Level,A Level,Paper 1 Multiple Choice,9701/1,75,40,15.5
1 Atomic structure,1.2 Isotopes,state that and explain why isotopes of the same element have the same chemical properties,Chemistry,Cambridge Assessment International Education,Cambridge International AS & A Level,A Level,Paper 2 AS Level Structured Questions,9701/2,75,60,23
1 Atomic structure,1.2 Isotopes,"state that and explain why isotopes of the same element have different physical properties, limited to mass and density",Chemistry,Cambridge Assessment International Education,Cambridge International AS & A Level,AS Level,Paper 1 Multiple Choice,9701/1,75,40,31
1 Atomic structure,1.2 Isotopes,"state that and explain why isotopes of the same element have different physical properties, limited to mass and density",Chemistry,Cambridge Assessment International Education,Cambridge International AS & A Level,AS Level,Paper 2 AS Level Structured Questions,9701/2,75,60,46
1 Atomic structure,1.2 Isotopes,"state that and explain why isotopes of the same element have different physical properties, limited to mass and density",Chemistry,Cambridge Assessment International Education,Cambridge International AS & A Level,A Level,Paper 1 Multiple Choice,9701/1,75,40,15.5
1 Atomic structure,1.2 Isotopes,"state that and explain why isotopes of the same element have different physical properties, limited to mass and density",Chemistry,Cambridge Assessment International Education,Cambridge International AS & A Level,A Level,Paper 2 AS Level Structured Questions,9701/2,75,60,23
1 Atomic structure,"1.3 Electrons, energy levels and atomic orbitals","understand the terms: • shells, sub-shells and orbitals • principal quantum number (n) • ground state, limited to electronic configuration",Chemistry,Cambridge Assessment International Education,Cambridge International AS & A Level,AS Level,Paper 1 Multiple Choice,9701/1,75,40,31
1 Atomic structure,"1.3 Electrons, energy levels and atomic orbitals","understand the terms: • shells, sub-shells and orbitals • principal quantum number (n) • ground state, limited to electronic configuration",Chemistry,Cambridge Assessment International Education,Cambridge International AS & A Level,AS Level,Paper 2 AS Level Structured Questions,9701/2,75,60,46
1 Atomic structure,"1.3 Electrons, energy levels and atomic orbitals","understand the terms: • shells, sub-shells and orbitals • principal quantum number (n) • ground state, limited to electronic configuration",Chemistry,Cambridge Assessment International Education,Cambridge International AS & A Level,A Level,Paper 1 Multiple Choice,9701/1,75,40,15.5
1 Atomic structure,"1.3 Electrons, energy levels and atomic orbitals","understand the terms: • shells, sub-shells and orbitals • principal quantum number (n) • ground state, limited to electronic configuration",Chemistry,Cambridge Assessment International Education,Cambridge International AS & A Level,A Level,Paper 2 AS Level Structured Questions,9701/2,75,60,23
1 Atomic structure,"1.3 Electrons, energy levels and atomic orbitals","describe the number of orbitals making up s, p and d sub-shells, and the number of electrons that can fill s, p and d sub-shells",Chemistry,Cambridge Assessment International Education,Cambridge International AS & A Level,AS Level,Paper 1 Multiple Choice,9701/1,75,40,31
1 Atomic structure,"1.3 Electrons, energy levels and atomic orbitals","describe the number of orbitals making up s, p and d sub-shells, and the number of electrons that can fill s, p and d sub-shells",Chemistry,Cambridge Assessment International Education,Cambridge International AS & A Level,AS Level,Paper 2 AS Level Structured Questions,9701/2,75,60,46
1 Atomic structure,"1.3 Electrons, energy levels and atomic orbitals","describe the number of orbitals making up s, p and d sub-shells, and the number of electrons that can fill s, p and d sub-shells",Chemistry,Cambridge Assessment International Education,Cambridge International AS & A Level,A Level,Paper 1 Multiple Choice,9701/1,75,40,15.5
1 Atomic structure,"1.3 Electrons, energy levels and atomic orbitals","describe the number of orbitals making up s, p and d sub-shells, and the number of electrons that can fill s, p and d sub-shells",Chemistry,Cambridge Assessment International Education,Cambridge International AS & A Level,A Level,Paper 2 AS Level Structured Questions,9701/2,75,60,23
1 Atomic structure,"1.3 Electrons, energy levels and atomic orbitals",describe the order of increasing energy of the sub-shells within the first three shells and the 4s and 4p sub-shells,Chemistry,Cambridge Assessment International Education,Cambridge International AS & A Level,AS Level,Paper 1 Multiple Choice,9701/1,75,40,31
1 Atomic structure,"1.3 Electrons, energy levels and atomic orbitals",describe the order of increasing energy of the sub-shells within the first three shells and the 4s and 4p sub-shells,Chemistry,Cambridge Assessment International Education,Cambridge International AS & A Level,AS Level,Paper 2 AS Level Structured Questions,9701/2,75,60,46
1 Atomic structure,"1.3 Electrons, energy levels and atomic orbitals",describe the order of increasing energy of the sub-shells within the first three shells and the 4s and 4p sub-shells,Chemistry,Cambridge Assessment International Education,Cambridge International AS & A Level,A Level,Paper 1 Multiple Choice,9701/1,75,40,15.5
1 Atomic structure,"1.3 Electrons, energy levels and atomic orbitals",describe the order of increasing energy of the sub-shells within the first three shells and the 4s and 4p sub-shells,Chemistry,Cambridge Assessment International Education,Cambridge International AS & A Level,A Level,Paper 2 AS Level Structured Questions,9701/2,75,60,23
1 Atomic structure,"1.3 Electrons, energy levels and atomic orbitals","describe the electronic configurations to include the number of electrons in each shell, sub-shell and orbital",Chemistry,Cambridge Assessment International Education,Cambridge International AS & A Level,AS Level,Paper 1 Multiple Choice,9701/1,75,40,31
1 Atomic structure,"1.3 Electrons, energy levels and atomic orbitals","describe the electronic configurations to include the number of electrons in each shell, sub-shell and orbital",Chemistry,Cambridge Assessment International Education,Cambridge International AS & A Level,AS Level,Paper 2 AS Level Structured Questions,9701/2,75,60,46
1 Atomic structure,"1.3 Electrons, energy levels and atomic orbitals","describe the electronic configurations to include the number of electrons in each shell, sub-shell and orbital",Chemistry,Cambridge Assessment International Education,Cambridge International AS & A Level,A Level,Paper 1 Multiple Choice,9701/1,75,40,15.5
1 Atomic structure,"1.3 Electrons, energy levels and atomic orbitals","describe the electronic configurations to include the number of electrons in each shell, sub-shell and orbital",Chemistry,Cambridge Assessment International Education,Cambridge International AS & A Level,A Level,Paper 2 AS Level Structured Questions,9701/2,75,60,23
1 Atomic structure,"1.3 Electrons, energy levels and atomic orbitals",explain the electronic configurations in terms of energy of the electrons and inter-electron repulsion,Chemistry,Cambridge Assessment International Education,Cambridge International AS & A Level,AS Level,Paper 1 Multiple Choice,9701/1,75,40,31
1 Atomic structure,"1.3 Electrons, energy levels and atomic orbitals",explain the electronic configurations in terms of energy of the electrons and inter-electron repulsion,Chemistry,Cambridge Assessment International Education,Cambridge International AS & A Level,AS Level,Paper 2 AS Level Structured Questions,9701/2,75,60,46
1 Atomic structure,"1.3 Electrons, energy levels and atomic orbitals",explain the electronic configurations in terms of energy of the electrons and inter-electron repulsion,Chemistry,Cambridge Assessment International Education,Cambridge International AS & A Level,A Level,Paper 1 Multiple Choice,9701/1,75,40,15.5
1 Atomic structure,"1.3 Electrons, energy levels and atomic orbitals",explain the electronic configurations in terms of energy of the electrons and inter-electron repulsion,Chemistry,Cambridge Assessment International Education,Cambridge International AS & A Level,A Level,Paper 2 AS Level Structured Questions,9701/2,75,60,23
1 Atomic structure,"1.3 Electrons, energy levels and atomic orbitals","determine the electronic configuration of atoms and ions given the atomic or proton number and charge, using either of the following conventions: e.g. for Fe: 1s22s22p63s23p63d64s2 (full electronic configuration) or [Ar] 3d64s2 (shorthand electronic configuration)",Chemistry,Cambridge Assessment International Education,Cambridge International AS & A Level,AS Level,Paper 1 Multiple Choice,9701/1,75,40,31
1 Atomic structure,"1.3 Electrons, energy levels and atomic orbitals","determine the electronic configuration of atoms and ions given the atomic or proton number and charge, using either of the following conventions: e.g. for Fe: 1s22s22p63s23p63d64s2 (full electronic configuration) or [Ar] 3d64s2 (shorthand electronic configuration)",Chemistry,Cambridge Assessment International Education,Cambridge International AS & A Level,AS Level,Paper 2 AS Level Structured Questions,9701/2,75,60,46
1 Atomic structure,"1.3 Electrons, energy levels and atomic orbitals","determine the electronic configuration of atoms and ions given the atomic or proton number and charge, using either of the following conventions: e.g. for Fe: 1s22s22p63s23p63d64s2 (full electronic configuration) or [Ar] 3d64s2 (shorthand electronic configuration)",Chemistry,Cambridge Assessment International Education,Cambridge International AS & A Level,A Level,Paper 1 Multiple Choice,9701/1,75,40,15.5
1 Atomic structure,"1.3 Electrons, energy levels and atomic orbitals","determine the electronic configuration of atoms and ions given the atomic or proton number and charge, using either of the following conventions: e.g. for Fe: 1s22s22p63s23p63d64s2 (full electronic configuration) or [Ar] 3d64s2 (shorthand electronic configuration)",Chemistry,Cambridge Assessment International Education,Cambridge International AS & A Level,A Level,Paper 2 AS Level Structured Questions,9701/2,75,60,23
1 Atomic structure,"1.3 Electrons, energy levels and atomic orbitals",understand and use the electrons in boxes notation e.g. for Fe: [Ar],Chemistry,Cambridge Assessment International Education,Cambridge International AS & A Level,AS Level,Paper 1 Multiple Choice,9701/1,75,40,31
1 Atomic structure,"1.3 Electrons, energy levels and atomic orbitals",understand and use the electrons in boxes notation e.g. for Fe: [Ar],Chemistry,Cambridge Assessment International Education,Cambridge International AS & A Level,AS Level,Paper 2 AS Level Structured Questions,9701/2,75,60,46
1 Atomic structure,"1.3 Electrons, energy levels and atomic orbitals",understand and use the electrons in boxes notation e.g. for Fe: [Ar],Chemistry,Cambridge Assessment International Education,Cambridge International AS & A Level,A Level,Paper 1 Multiple Choice,9701/1,75,40,15.5
1 Atomic structure,"1.3 Electrons, energy levels and atomic orbitals",understand and use the electrons in boxes notation e.g. for Fe: [Ar],Chemistry,Cambridge Assessment International Education,Cambridge International AS & A Level,A Level,Paper 2 AS Level Structured Questions,9701/2,75,60,23
1 Atomic structure,"1.3 Electrons, energy levels and atomic orbitals",describe and sketch the shapes of s and p orbitals,Chemistry,Cambridge Assessment International Education,Cambridge International AS & A Level,AS Level,Paper 1 Multiple Choice,9701/1,75,40,31
1 Atomic structure,"1.3 Electrons, energy levels and atomic orbitals",describe and sketch the shapes of s and p orbitals,Chemistry,Cambridge Assessment International Education,Cambridge International AS & A Level,AS Level,Paper 2 AS Level Structured Questions,9701/2,75,60,46
1 Atomic structure,"1.3 Electrons, energy levels and atomic orbitals",describe and sketch the shapes of s and p orbitals,Chemistry,Cambridge Assessment International Education,Cambridge International AS & A Level,A Level,Paper 1 Multiple Choice,9701/1,75,40,15.5
1 Atomic structure,"1.3 Electrons, energy levels and atomic orbitals",describe and sketch the shapes of s and p orbitals,Chemistry,Cambridge Assessment International Education,Cambridge International AS & A Level,A Level,Paper 2 AS Level Structured Questions,9701/2,75,60,23
1 Atomic structure,"1.3 Electrons, energy levels and atomic orbitals",describe a free radical as a species with one or more unpaired electrons,Chemistry,Cambridge Assessment International Education,Cambridge International AS & A Level,AS Level,Paper 1 Multiple Choice,9701/1,75,40,31
1 Atomic structure,"1.3 Electrons, energy levels and atomic orbitals",describe a free radical as a species with one or more unpaired electrons,Chemistry,Cambridge Assessment International Education,Cambridge International AS & A Level,AS Level,Paper 2 AS Level Structured Questions,9701/2,75,60,46
1 Atomic structure,"1.3 Electrons, energy levels and atomic orbitals",describe a free radical as a species with one or more unpaired electrons,Chemistry,Cambridge Assessment International Education,Cambridge International AS & A Level,A Level,Paper 1 Multiple Choice,9701/1,75,40,15.5
1 Atomic structure,"1.3 Electrons, energy levels and atomic orbitals",describe a free radical as a species with one or more unpaired electrons,Chemistry,Cambridge Assessment International Education,Cambridge International AS & A Level,A Level,Paper 2 AS Level Structured Questions,9701/2,75,60,23
1 Atomic structure,1.4 Ionisation energy,"define and use the term first ionisation energy, IE",Chemistry,Cambridge Assessment International Education,Cambridge International AS & A Level,AS Level,Paper 1 Multiple Choice,9701/1,75,40,31
1 Atomic structure,1.4 Ionisation energy,"define and use the term first ionisation energy, IE",Chemistry,Cambridge Assessment International Education,Cambridge International AS & A Level,AS Level,Paper 2 AS Level Structured Questions,9701/2,75,60,46
1 Atomic structure,1.4 Ionisation energy,"define and use the term first ionisation energy, IE",Chemistry,Cambridge Assessment International Education,Cambridge International AS & A Level,A Level,Paper 1 Multiple Choice,9701/1,75,40,15.5
1 Atomic structure,1.4 Ionisation energy,"define and use the term first ionisation energy, IE",Chemistry,Cambridge Assessment International Education,Cambridge International AS & A Level,A Level,Paper 2 AS Level Structured Questions,9701/2,75,60,23
1 Atomic structure,1.4 Ionisation energy,"construct equations to represent first, second and subsequent ionisation energies",Chemistry,Cambridge Assessment International Education,Cambridge International AS & A Level,AS Level,Paper 1 Multiple Choice,9701/1,75,40,31
1 Atomic structure,1.4 Ionisation energy,"construct equations to represent first, second and subsequent ionisation energies",Chemistry,Cambridge Assessment International Education,Cambridge International AS & A Level,AS Level,Paper 2 AS Level Structured Questions,9701/2,75,60,46
1 Atomic structure,1.4 Ionisation energy,"construct equations to represent first, second and subsequent ionisation energies",Chemistry,Cambridge Assessment International Education,Cambridge International AS & A Level,A Level,Paper 1 Multiple Choice,9701/1,75,40,15.5
1 Atomic structure,1.4 Ionisation energy,"construct equations to represent first, second and subsequent ionisation energies",Chemistry,Cambridge Assessment International Education,Cambridge International AS & A Level,A Level,Paper 2 AS Level Structured Questions,9701/2,75,60,23
1 Atomic structure,1.4 Ionisation energy,identify and explain the trends in ionisation energies across a period and down a group of the Periodic Table,Chemistry,Cambridge Assessment International Education,Cambridge International AS & A Level,AS Level,Paper 1 Multiple Choice,9701/1,75,40,31
1 Atomic structure,1.4 Ionisation energy,identify and explain the trends in ionisation energies across a period and down a group of the Periodic Table,Chemistry,Cambridge Assessment International Education,Cambridge International AS & A Level,AS Level,Paper 2 AS Level Structured Questions,9701/2,75,60,46
1 Atomic structure,1.4 Ionisation energy,identify and explain the trends in ionisation energies across a period and down a group of the Periodic Table,Chemistry,Cambridge Assessment International Education,Cambridge International AS & A Level,A Level,Paper 1 Multiple Choice,9701/1,75,40,15.5
1 Atomic structure,1.4 Ionisation energy,identify and explain the trends in ionisation energies across a period and down a group of the Periodic Table,Chemistry,Cambridge Assessment International Education,Cambridge International AS & A Level,A Level,Paper 2 AS Level Structured Questions,9701/2,75,60,23
1 Atomic structure,1.4 Ionisation energy,identify and explain the variation in successive ionisation energies of an element,Chemistry,Cambridge Assessment International Education,Cambridge International AS & A Level,AS Level,Paper 1 Multiple Choice,9701/1,75,40,31
1 Atomic structure,1.4 Ionisation energy,identify and explain the variation in successive ionisation energies of an element,Chemistry,Cambridge Assessment International Education,Cambridge International AS & A Level,AS Level,Paper 2 AS Level Structured Questions,9701/2,75,60,46
1 Atomic structure,1.4 Ionisation energy,identify and explain the variation in successive ionisation energies of an element,Chemistry,Cambridge Assessment International Education,Cambridge International AS & A Level,A Level,Paper 1 Multiple Choice,9701/1,75,40,15.5
1 Atomic structure,1.4 Ionisation energy,identify and explain the variation in successive ionisation energies of an element,Chemistry,Cambridge Assessment International Education,Cambridge International AS & A Level,A Level,Paper 2 AS Level Structured Questions,9701/2,75,60,23
1 Atomic structure,1.4 Ionisation energy,understand that ionisation energies are due to the attraction between the nucleus and the outer electron,Chemistry,Cambridge Assessment International Education,Cambridge International AS & A Level,AS Level,Paper 1 Multiple Choice,9701/1,75,40,31
1 Atomic structure,1.4 Ionisation energy,understand that ionisation energies are due to the attraction between the nucleus and the outer electron,Chemistry,Cambridge Assessment International Education,Cambridge International AS & A Level,AS Level,Paper 2 AS Level Structured Questions,9701/2,75,60,46
1 Atomic structure,1.4 Ionisation energy,understand that ionisation energies are due to the attraction between the nucleus and the outer electron,Chemistry,Cambridge Assessment International Education,Cambridge International AS & A Level,A Level,Paper 1 Multiple Choice,9701/1,75,40,15.5
1 Atomic structure,1.4 Ionisation energy,understand that ionisation energies are due to the attraction between the nucleus and the outer electron,Chemistry,Cambridge Assessment International Education,Cambridge International AS & A Level,A Level,Paper 2 AS Level Structured Questions,9701/2,75,60,23
1 Atomic structure,1.4 Ionisation energy,"explain the factors influencing the ionisation energies of elements in terms of nuclear charge, atomic/ionic radius, shielding by inner shells and sub-shells and spin-pair repulsion",Chemistry,Cambridge Assessment International Education,Cambridge International AS & A Level,AS Level,Paper 1 Multiple Choice,9701/1,75,40,31
1 Atomic structure,1.4 Ionisation energy,"explain the factors influencing the ionisation energies of elements in terms of nuclear charge, atomic/ionic radius, shielding by inner shells and sub-shells and spin-pair repulsion",Chemistry,Cambridge Assessment International Education,Cambridge International AS & A Level,AS Level,Paper 2 AS Level Structured Questions,9701/2,75,60,46
1 Atomic structure,1.4 Ionisation energy,"explain the factors influencing the ionisation energies of elements in terms of nuclear charge, atomic/ionic radius, shielding by inner shells and sub-shells and spin-pair repulsion",Chemistry,Cambridge Assessment International Education,Cambridge International AS & A Level,A Level,Paper 1 Multiple Choice,9701/1,75,40,15.5
1 Atomic structure,1.4 Ionisation energy,"explain the factors influencing the ionisation energies of elements in terms of nuclear charge, atomic/ionic radius, shielding by inner shells and sub-shells and spin-pair repulsion",Chemistry,Cambridge Assessment International Education,Cambridge International AS & A Level,A Level,Paper 2 AS Level Structured Questions,9701/2,75,60,23
1 Atomic structure,1.4 Ionisation energy,deduce the electronic configurations of elements using successive ionisation energy data,Chemistry,Cambridge Assessment International Education,Cambridge International AS & A Level,AS Level,Paper 1 Multiple Choice,9701/1,75,40,31
1 Atomic structure,1.4 Ionisation energy,deduce the electronic configurations of elements using successive ionisation energy data,Chemistry,Cambridge Assessment International Education,Cambridge International AS & A Level,AS Level,Paper 2 AS Level Structured Questions,9701/2,75,60,46
1 Atomic structure,1.4 Ionisation energy,deduce the electronic configurations of elements using successive ionisation energy data,Chemistry,Cambridge Assessment International Education,Cambridge International AS & A Level,A Level,Paper 1 Multiple Choice,9701/1,75,40,15.5
1 Atomic structure,1.4 Ionisation energy,deduce the electronic configurations of elements using successive ionisation energy data,Chemistry,Cambridge Assessment International Education,Cambridge International AS & A Level,A Level,Paper 2 AS Level Structured Questions,9701/2,75,60,23
1 Atomic structure,1.4 Ionisation energy,deduce the position of an element in the Periodic Table using successive ionisation energy data,Chemistry,Cambridge Assessment International Education,Cambridge International AS & A Level,AS Level,Paper 1 Multiple Choice,9701/1,75,40,31
1 Atomic structure,1.4 Ionisation energy,deduce the position of an element in the Periodic Table using successive ionisation energy data,Chemistry,Cambridge Assessment International Education,Cambridge International AS & A Level,AS Level,Paper 2 AS Level Structured Questions,9701/2,75,60,46
1 Atomic structure,1.4 Ionisation energy,deduce the position of an element in the Periodic Table using successive ionisation energy data,Chemistry,Cambridge Assessment International Education,Cambridge International AS & A Level,A Level,Paper 1 Multiple Choice,9701/1,75,40,15.5
1 Atomic structure,1.4 Ionisation energy,deduce the position of an element in the Periodic Table using successive ionisation energy data,Chemistry,Cambridge Assessment International Education,Cambridge International AS & A Level,A Level,Paper 2 AS Level Structured Questions,9701/2,75,60,23
"2 Atoms, molecules and stoichiometry",2.1 Relative masses of atoms and molecules,define the unified atomic mass unit as one twelfth of the mass of a carbon-12 atom,Chemistry,Cambridge Assessment International Education,Cambridge International AS & A Level,AS Level,Paper 1 Multiple Choice,9701/1,75,40,31
"2 Atoms, molecules and stoichiometry",2.1 Relative masses of atoms and molecules,define the unified atomic mass unit as one twelfth of the mass of a carbon-12 atom,Chemistry,Cambridge Assessment International Education,Cambridge International AS & A Level,AS Level,Paper 2 AS Level Structured Questions,9701/2,75,60,46
"2 Atoms, molecules and stoichiometry",2.1 Relative masses of atoms and molecules,define the unified atomic mass unit as one twelfth of the mass of a carbon-12 atom,Chemistry,Cambridge Assessment International Education,Cambridge International AS & A Level,A Level,Paper 1 Multiple Choice,9701/1,75,40,15.5
"2 Atoms, molecules and stoichiometry",2.1 Relative masses of atoms and molecules,define the unified atomic mass unit as one twelfth of the mass of a carbon-12 atom,Chemistry,Cambridge Assessment International Education,Cambridge International AS & A Level,A Level,Paper 2 AS Level Structured Questions,9701/2,75,60,23
"2 Atoms, molecules and stoichiometry",2.1 Relative masses of atoms and molecules,"define relative atomic mass, Ar, relative isotopic mass, relative molecular mass, Mr, and relative formula mass in terms of the unified atomic mass unit",Chemistry,Cambridge Assessment International Education,Cambridge International AS & A Level,AS Level,Paper 1 Multiple Choice,9701/1,75,40,31
"2 Atoms, molecules and stoichiometry",2.1 Relative masses of atoms and molecules,"define relative atomic mass, Ar, relative isotopic mass, relative molecular mass, Mr, and relative formula mass in terms of the unified atomic mass unit",Chemistry,Cambridge Assessment International Education,Cambridge International AS & A Level,AS Level,Paper 2 AS Level Structured Questions,9701/2,75,60,46
"2 Atoms, molecules and stoichiometry",2.1 Relative masses of atoms and molecules,"define relative atomic mass, Ar, relative isotopic mass, relative molecular mass, Mr, and relative formula mass in terms of the unified atomic mass unit",Chemistry,Cambridge Assessment International Education,Cambridge International AS & A Level,A Level,Paper 1 Multiple Choice,9701/1,75,40,15.5
"2 Atoms, molecules and stoichiometry",2.1 Relative masses of atoms and molecules,"define relative atomic mass, Ar, relative isotopic mass, relative molecular mass, Mr, and relative formula mass in terms of the unified atomic mass unit",Chemistry,Cambridge Assessment International Education,Cambridge International AS & A Level,A Level,Paper 2 AS Level Structured Questions,9701/2,75,60,23
"2 Atoms, molecules and stoichiometry",2.2 The mole and the Avogadro constant,define and use the term mole in terms of the Avogadro constant,Chemistry,Cambridge Assessment International Education,Cambridge International AS & A Level,AS Level,Paper 1 Multiple Choice,9701/1,75,40,31
"2 Atoms, molecules and stoichiometry",2.2 The mole and the Avogadro constant,define and use the term mole in terms of the Avogadro constant,Chemistry,Cambridge Assessment International Education,Cambridge International AS & A Level,AS Level,Paper 2 AS Level Structured Questions,9701/2,75,60,46
"2 Atoms, molecules and stoichiometry",2.2 The mole and the Avogadro constant,define and use the term mole in terms of the Avogadro constant,Chemistry,Cambridge Assessment International Education,Cambridge International AS & A Level,A Level,Paper 1 Multiple Choice,9701/1,75,40,15.5
"2 Atoms, molecules and stoichiometry",2.2 The mole and the Avogadro constant,define and use the term mole in terms of the Avogadro constant,Chemistry,Cambridge Assessment International Education,Cambridge International AS & A Level,A Level,Paper 2 AS Level Structured Questions,9701/2,75,60,23
"2 Atoms, molecules and stoichiometry",2.3 Formulas,"write formulas of ionic compounds from ionic charges and oxidation numbers (shown by a Roman numeral), including: (a) the prediction of ionic charge from the position of an element in the Periodic Table (b) recall of the names and formulas for the following ions: NO3 –, CO32–, SO42–, OH –, NH4+, Zn2+, Ag+, HCO3 –, PO43–",Chemistry,Cambridge Assessment International Education,Cambridge International AS & A Level,AS Level,Paper 1 Multiple Choice,9701/1,75,40,31
"2 Atoms, molecules and stoichiometry",2.3 Formulas,"write formulas of ionic compounds from ionic charges and oxidation numbers (shown by a Roman numeral), including: (a) the prediction of ionic charge from the position of an element in the Periodic Table (b) recall of the names and formulas for the following ions: NO3 –, CO32–, SO42–, OH –, NH4+, Zn2+, Ag+, HCO3 –, PO43–",Chemistry,Cambridge Assessment International Education,Cambridge International AS & A Level,AS Level,Paper 2 AS Level Structured Questions,9701/2,75,60,46
"2 Atoms, molecules and stoichiometry",2.3 Formulas,"write formulas of ionic compounds from ionic charges and oxidation numbers (shown by a Roman numeral), including: (a) the prediction of ionic charge from the position of an element in the Periodic Table (b) recall of the names and formulas for the following ions: NO3 –, CO32–, SO42–, OH –, NH4+, Zn2+, Ag+, HCO3 –, PO43–",Chemistry,Cambridge Assessment International Education,Cambridge International AS & A Level,A Level,Paper 1 Multiple Choice,9701/1,75,40,15.5
"2 Atoms, molecules and stoichiometry",2.3 Formulas,"write formulas of ionic compounds from ionic charges and oxidation numbers (shown by a Roman numeral), including: (a) the prediction of ionic charge from the position of an element in the Periodic Table (b) recall of the names and formulas for the following ions: NO3 –, CO32–, SO42–, OH –, NH4+, Zn2+, Ag+, HCO3 –, PO43–",Chemistry,Cambridge Assessment International Education,Cambridge International AS & A Level,A Level,Paper 2 AS Level Structured Questions,9701/2,75,60,23
"2 Atoms, molecules and stoichiometry",2.3 Formulas,"(a) write and construct equations (which should be balanced), including ionic equations (which should not include spectator ions) (b) use appropriate state symbols in equations",Chemistry,Cambridge Assessment International Education,Cambridge International AS & A Level,AS Level,Paper 1 Multiple Choice,9701/1,75,40,31
"2 Atoms, molecules and stoichiometry",2.3 Formulas,"(a) write and construct equations (which should be balanced), including ionic equations (which should not include spectator ions) (b) use appropriate state symbols in equations",Chemistry,Cambridge Assessment International Education,Cambridge International AS & A Level,AS Level,Paper 2 AS Level Structured Questions,9701/2,75,60,46
"2 Atoms, molecules and stoichiometry",2.3 Formulas,"(a) write and construct equations (which should be balanced), including ionic equations (which should not include spectator ions) (b) use appropriate state symbols in equations",Chemistry,Cambridge Assessment International Education,Cambridge International AS & A Level,A Level,Paper 1 Multiple Choice,9701/1,75,40,15.5
"2 Atoms, molecules and stoichiometry",2.3 Formulas,"(a) write and construct equations (which should be balanced), including ionic equations (which should not include spectator ions) (b) use appropriate state symbols in equations",Chemistry,Cambridge Assessment International Education,Cambridge International AS & A Level,A Level,Paper 2 AS Level Structured Questions,9701/2,75,60,23
"2 Atoms, molecules and stoichiometry",2.3 Formulas,define and use the terms empirical and molecular formula,Chemistry,Cambridge Assessment International Education,Cambridge International AS & A Level,AS Level,Paper 1 Multiple Choice,9701/1,75,40,31
"2 Atoms, molecules and stoichiometry",2.3 Formulas,define and use the terms empirical and molecular formula,Chemistry,Cambridge Assessment International Education,Cambridge International AS & A Level,AS Level,Paper 2 AS Level Structured Questions,9701/2,75,60,46
"2 Atoms, molecules and stoichiometry",2.3 Formulas,define and use the terms empirical and molecular formula,Chemistry,Cambridge Assessment International Education,Cambridge International AS & A Level,A Level,Paper 1 Multiple Choice,9701/1,75,40,15.5
"2 Atoms, molecules and stoichiometry",2.3 Formulas,define and use the terms empirical and molecular formula,Chemistry,Cambridge Assessment International Education,Cambridge International AS & A Level,A Level,Paper 2 AS Level Structured Questions,9701/2,75,60,23
"2 Atoms, molecules and stoichiometry",2.3 Formulas,"understand and use the terms anhydrous, hydrated and water of crystallisation",Chemistry,Cambridge Assessment International Education,Cambridge International AS & A Level,AS Level,Paper 1 Multiple Choice,9701/1,75,40,31
"2 Atoms, molecules and stoichiometry",2.3 Formulas,"understand and use the terms anhydrous, hydrated and water of crystallisation",Chemistry,Cambridge Assessment International Education,Cambridge International AS & A Level,AS Level,Paper 2 AS Level Structured Questions,9701/2,75,60,46
"2 Atoms, molecules and stoichiometry",2.3 Formulas,"understand and use the terms anhydrous, hydrated and water of crystallisation",Chemistry,Cambridge Assessment International Education,Cambridge International AS & A Level,A Level,Paper 1 Multiple Choice,9701/1,75,40,15.5
"2 Atoms, molecules and stoichiometry",2.3 Formulas,"understand and use the terms anhydrous, hydrated and water of crystallisation",Chemistry,Cambridge Assessment International Education,Cambridge International AS & A Level,A Level,Paper 2 AS Level Structured Questions,9701/2,75,60,23
"2 Atoms, molecules and stoichiometry",2.3 Formulas,"calculate empirical and molecular formulas, using given data",Chemistry,Cambridge Assessment International Education,Cambridge International AS & A Level,AS Level,Paper 1 Multiple Choice,9701/1,75,40,31
"2 Atoms, molecules and stoichiometry",2.3 Formulas,"calculate empirical and molecular formulas, using given data",Chemistry,Cambridge Assessment International Education,Cambridge International AS & A Level,AS Level,Paper 2 AS Level Structured Questions,9701/2,75,60,46
"2 Atoms, molecules and stoichiometry",2.3 Formulas,"calculate empirical and molecular formulas, using given data",Chemistry,Cambridge Assessment International Education,Cambridge International AS & A Level,A Level,Paper 1 Multiple Choice,9701/1,75,40,15.5
"2 Atoms, molecules and stoichiometry",2.3 Formulas,"calculate empirical and molecular formulas, using given data",Chemistry,Cambridge Assessment International Education,Cambridge International AS & A Level,A Level,Paper 2 AS Level Structured Questions,9701/2,75,60,23
"2 Atoms, molecules and stoichiometry",2.4 Reacting masses and volumes (of solutions and gases),"perform calculations including use of the mole concept, involving: (a) reacting masses (from formulas and equations) including percentage yield calculations (b) volumes of gases (e.g. in the burning of hydrocarbons) (c) volumes and concentrations of solutions (d) limiting reagent and excess reagent (When performing calculations, candidates’ answers should reflect the number of significant figures given or asked for in the question. When rounding up or down, candidates should ensure that significant figures are neither lost unnecessarily nor used beyond what is justified (see also Mathematical requirements section).) (e) deduce stoichiometric relationships from calculations such as those in 2.4.1(a)–(d)",Chemistry,Cambridge Assessment International Education,Cambridge International AS & A Level,AS Level,Paper 1 Multiple Choice,9701/1,75,40,31
"2 Atoms, molecules and stoichiometry",2.4 Reacting masses and volumes (of solutions and gases),"perform calculations including use of the mole concept, involving: (a) reacting masses (from formulas and equations) including percentage yield calculations (b) volumes of gases (e.g. in the burning of hydrocarbons) (c) volumes and concentrations of solutions (d) limiting reagent and excess reagent (When performing calculations, candidates’ answers should reflect the number of significant figures given or asked for in the question. When rounding up or down, candidates should ensure that significant figures are neither lost unnecessarily nor used beyond what is justified (see also Mathematical requirements section).) (e) deduce stoichiometric relationships from calculations such as those in 2.4.1(a)–(d)",Chemistry,Cambridge Assessment International Education,Cambridge International AS & A Level,AS Level,Paper 2 AS Level Structured Questions,9701/2,75,60,46
"2 Atoms, molecules and stoichiometry",2.4 Reacting masses and volumes (of solutions and gases),"perform calculations including use of the mole concept, involving: (a) reacting masses (from formulas and equations) including percentage yield calculations (b) volumes of gases (e.g. in the burning of hydrocarbons) (c) volumes and concentrations of solutions (d) limiting reagent and excess reagent (When performing calculations, candidates’ answers should reflect the number of significant figures given or asked for in the question. When rounding up or down, candidates should ensure that significant figures are neither lost unnecessarily nor used beyond what is justified (see also Mathematical requirements section).) (e) deduce stoichiometric relationships from calculations such as those in 2.4.1(a)–(d)",Chemistry,Cambridge Assessment International Education,Cambridge International AS & A Level,A Level,Paper 1 Multiple Choice,9701/1,75,40,15.5
"2 Atoms, molecules and stoichiometry",2.4 Reacting masses and volumes (of solutions and gases),"perform calculations including use of the mole concept, involving: (a) reacting masses (from formulas and equations) including percentage yield calculations (b) volumes of gases (e.g. in the burning of hydrocarbons) (c) volumes and concentrations of solutions (d) limiting reagent and excess reagent (When performing calculations, candidates’ answers should reflect the number of significant figures given or asked for in the question. When rounding up or down, candidates should ensure that significant figures are neither lost unnecessarily nor used beyond what is justified (see also Mathematical requirements section).) (e) deduce stoichiometric relationships from calculations such as those in 2.4.1(a)–(d)",Chemistry,Cambridge Assessment International Education,Cambridge International AS & A Level,A Level,Paper 2 AS Level Structured Questions,9701/2,75,60,23
3 Chemical bonding,3.1 Electronegativity and bonding,define electronegativity as the power of an atom to attract electrons to itself,Chemistry,Cambridge Assessment International Education,Cambridge International AS & A Level,AS Level,Paper 1 Multiple Choice,9701/1,75,40,31
3 Chemical bonding,3.1 Electronegativity and bonding,define electronegativity as the power of an atom to attract electrons to itself,Chemistry,Cambridge Assessment International Education,Cambridge International AS & A Level,AS Level,Paper 2 AS Level Structured Questions,9701/2,75,60,46
3 Chemical bonding,3.1 Electronegativity and bonding,define electronegativity as the power of an atom to attract electrons to itself,Chemistry,Cambridge Assessment International Education,Cambridge International AS & A Level,A Level,Paper 1 Multiple Choice,9701/1,75,40,15.5
3 Chemical bonding,3.1 Electronegativity and bonding,define electronegativity as the power of an atom to attract electrons to itself,Chemistry,Cambridge Assessment International Education,Cambridge International AS & A Level,A Level,Paper 2 AS Level Structured Questions,9701/2,75,60,23
3 Chemical bonding,3.1 Electronegativity and bonding,"explain the factors influencing the electronegativities of the elements in terms of nuclear charge, atomic radius and shielding by inner shells and sub-shells",Chemistry,Cambridge Assessment International Education,Cambridge International AS & A Level,AS Level,Paper 1 Multiple Choice,9701/1,75,40,31
3 Chemical bonding,3.1 Electronegativity and bonding,"explain the factors influencing the electronegativities of the elements in terms of nuclear charge, atomic radius and shielding by inner shells and sub-shells",Chemistry,Cambridge Assessment International Education,Cambridge International AS & A Level,AS Level,Paper 2 AS Level Structured Questions,9701/2,75,60,46
3 Chemical bonding,3.1 Electronegativity and bonding,"explain the factors influencing the electronegativities of the elements in terms of nuclear charge, atomic radius and shielding by inner shells and sub-shells",Chemistry,Cambridge Assessment International Education,Cambridge International AS & A Level,A Level,Paper 1 Multiple Choice,9701/1,75,40,15.5
3 Chemical bonding,3.1 Electronegativity and bonding,"explain the factors influencing the electronegativities of the elements in terms of nuclear charge, atomic radius and shielding by inner shells and sub-shells",Chemistry,Cambridge Assessment International Education,Cambridge International AS & A Level,A Level,Paper 2 AS Level Structured Questions,9701/2,75,60,23
3 Chemical bonding,3.1 Electronegativity and bonding,state and explain the trends in electronegativity across a period and down a group of the Periodic Table,Chemistry,Cambridge Assessment International Education,Cambridge International AS & A Level,AS Level,Paper 1 Multiple Choice,9701/1,75,40,31
3 Chemical bonding,3.1 Electronegativity and bonding,state and explain the trends in electronegativity across a period and down a group of the Periodic Table,Chemistry,Cambridge Assessment International Education,Cambridge International AS & A Level,AS Level,Paper 2 AS Level Structured Questions,9701/2,75,60,46
3 Chemical bonding,3.1 Electronegativity and bonding,state and explain the trends in electronegativity across a period and down a group of the Periodic Table,Chemistry,Cambridge Assessment International Education,Cambridge International AS & A Level,A Level,Paper 1 Multiple Choice,9701/1,75,40,15.5
3 Chemical bonding,3.1 Electronegativity and bonding,state and explain the trends in electronegativity across a period and down a group of the Periodic Table,Chemistry,Cambridge Assessment International Education,Cambridge International AS & A Level,A Level,Paper 2 AS Level Structured Questions,9701/2,75,60,23
3 Chemical bonding,3.1 Electronegativity and bonding,use the differences in Pauling electronegativity values to predict the formation of ionic and covalent bonds (the presence of covalent character in some ionic compounds will not be assessed) (Pauling electronegativity values will be given where necessary),Chemistry,Cambridge Assessment International Education,Cambridge International AS & A Level,AS Level,Paper 1 Multiple Choice,9701/1,75,40,31
3 Chemical bonding,3.1 Electronegativity and bonding,use the differences in Pauling electronegativity values to predict the formation of ionic and covalent bonds (the presence of covalent character in some ionic compounds will not be assessed) (Pauling electronegativity values will be given where necessary),Chemistry,Cambridge Assessment International Education,Cambridge International AS & A Level,AS Level,Paper 2 AS Level Structured Questions,9701/2,75,60,46
3 Chemical bonding,3.1 Electronegativity and bonding,use the differences in Pauling electronegativity values to predict the formation of ionic and covalent bonds (the presence of covalent character in some ionic compounds will not be assessed) (Pauling electronegativity values will be given where necessary),Chemistry,Cambridge Assessment International Education,Cambridge International AS & A Level,A Level,Paper 1 Multiple Choice,9701/1,75,40,15.5
3 Chemical bonding,3.1 Electronegativity and bonding,use the differences in Pauling electronegativity values to predict the formation of ionic and covalent bonds (the presence of covalent character in some ionic compounds will not be assessed) (Pauling electronegativity values will be given where necessary),Chemistry,Cambridge Assessment International Education,Cambridge International AS & A Level,A Level,Paper 2 AS Level Structured Questions,9701/2,75,60,23
3 Chemical bonding,3.2 Ionic bonding,define ionic bonding as the electrostatic attraction between oppositely charged ions (positively charged cations and negatively charged anions),Chemistry,Cambridge Assessment International Education,Cambridge International AS & A Level,AS Level,Paper 1 Multiple Choice,9701/1,75,40,31
3 Chemical bonding,3.2 Ionic bonding,define ionic bonding as the electrostatic attraction between oppositely charged ions (positively charged cations and negatively charged anions),Chemistry,Cambridge Assessment International Education,Cambridge International AS & A Level,AS Level,Paper 2 AS Level Structured Questions,9701/2,75,60,46
3 Chemical bonding,3.2 Ionic bonding,define ionic bonding as the electrostatic attraction between oppositely charged ions (positively charged cations and negatively charged anions),Chemistry,Cambridge Assessment International Education,Cambridge International AS & A Level,A Level,Paper 1 Multiple Choice,9701/1,75,40,15.5
3 Chemical bonding,3.2 Ionic bonding,define ionic bonding as the electrostatic attraction between oppositely charged ions (positively charged cations and negatively charged anions),Chemistry,Cambridge Assessment International Education,Cambridge International AS & A Level,A Level,Paper 2 AS Level Structured Questions,9701/2,75,60,23
3 Chemical bonding,3.2 Ionic bonding,"describe ionic bonding including the examples of sodium chloride, magnesium oxide and calcium fluoride",Chemistry,Cambridge Assessment International Education,Cambridge International AS & A Level,AS Level,Paper 1 Multiple Choice,9701/1,75,40,31
3 Chemical bonding,3.2 Ionic bonding,"describe ionic bonding including the examples of sodium chloride, magnesium oxide and calcium fluoride",Chemistry,Cambridge Assessment International Education,Cambridge International AS & A Level,AS Level,Paper 2 AS Level Structured Questions,9701/2,75,60,46
3 Chemical bonding,3.2 Ionic bonding,"describe ionic bonding including the examples of sodium chloride, magnesium oxide and calcium fluoride",Chemistry,Cambridge Assessment International Education,Cambridge International AS & A Level,A Level,Paper 1 Multiple Choice,9701/1,75,40,15.5
3 Chemical bonding,3.2 Ionic bonding,"describe ionic bonding including the examples of sodium chloride, magnesium oxide and calcium fluoride",Chemistry,Cambridge Assessment International Education,Cambridge International AS & A Level,A Level,Paper 2 AS Level Structured Questions,9701/2,75,60,23
3 Chemical bonding,3.3 Metallic bonding,define metallic bonding as the electrostatic attraction between positive metal ions and delocalised electrons,Chemistry,Cambridge Assessment International Education,Cambridge International AS & A Level,AS Level,Paper 1 Multiple Choice,9701/1,75,40,31
3 Chemical bonding,3.3 Metallic bonding,define metallic bonding as the electrostatic attraction between positive metal ions and delocalised electrons,Chemistry,Cambridge Assessment International Education,Cambridge International AS & A Level,AS Level,Paper 2 AS Level Structured Questions,9701/2,75,60,46
3 Chemical bonding,3.3 Metallic bonding,define metallic bonding as the electrostatic attraction between positive metal ions and delocalised electrons,Chemistry,Cambridge Assessment International Education,Cambridge International AS & A Level,A Level,Paper 1 Multiple Choice,9701/1,75,40,15.5
3 Chemical bonding,3.3 Metallic bonding,define metallic bonding as the electrostatic attraction between positive metal ions and delocalised electrons,Chemistry,Cambridge Assessment International Education,Cambridge International AS & A Level,A Level,Paper 2 AS Level Structured Questions,9701/2,75,60,23
3 Chemical bonding,3.4 Covalent bonding and coordinate (dative covalent) bonding,"define covalent bonding as electrostatic attraction between the nuclei of two atoms and a shared pair of electrons (a) describe covalent bonding in molecules including: • hydrogen, H2 • oxygen, O2 • nitrogen, N2 • chlorine, Cl 2 • hydrogen chloride, HCl • carbon dioxide, CO2 • ammonia, NH3 • methane, CH4 • ethane, C2H6 • ethene, C2H4 (b) understand that elements in period 3 can expand their octet including in the compounds sulfur dioxide, SO2, phosphorus pentachloride, PCl 5 , and sulfur hexafluoride, SF6 (c) describe coordinate (dative covalent) bonding, including in the reaction between ammonia and hydrogen chloride gases to form the ammonium ion, NH4+ , and in the Al 2Cl 6 molecule",Chemistry,Cambridge Assessment International Education,Cambridge International AS & A Level,AS Level,Paper 1 Multiple Choice,9701/1,75,40,31
3 Chemical bonding,3.4 Covalent bonding and coordinate (dative covalent) bonding,"define covalent bonding as electrostatic attraction between the nuclei of two atoms and a shared pair of electrons (a) describe covalent bonding in molecules including: • hydrogen, H2 • oxygen, O2 • nitrogen, N2 • chlorine, Cl 2 • hydrogen chloride, HCl • carbon dioxide, CO2 • ammonia, NH3 • methane, CH4 • ethane, C2H6 • ethene, C2H4 (b) understand that elements in period 3 can expand their octet including in the compounds sulfur dioxide, SO2, phosphorus pentachloride, PCl 5 , and sulfur hexafluoride, SF6 (c) describe coordinate (dative covalent) bonding, including in the reaction between ammonia and hydrogen chloride gases to form the ammonium ion, NH4+ , and in the Al 2Cl 6 molecule",Chemistry,Cambridge Assessment International Education,Cambridge International AS & A Level,AS Level,Paper 2 AS Level Structured Questions,9701/2,75,60,46
3 Chemical bonding,3.4 Covalent bonding and coordinate (dative covalent) bonding,"define covalent bonding as electrostatic attraction between the nuclei of two atoms and a shared pair of electrons (a) describe covalent bonding in molecules including: • hydrogen, H2 • oxygen, O2 • nitrogen, N2 • chlorine, Cl 2 • hydrogen chloride, HCl • carbon dioxide, CO2 • ammonia, NH3 • methane, CH4 • ethane, C2H6 • ethene, C2H4 (b) understand that elements in period 3 can expand their octet including in the compounds sulfur dioxide, SO2, phosphorus pentachloride, PCl 5 , and sulfur hexafluoride, SF6 (c) describe coordinate (dative covalent) bonding, including in the reaction between ammonia and hydrogen chloride gases to form the ammonium ion, NH4+ , and in the Al 2Cl 6 molecule",Chemistry,Cambridge Assessment International Education,Cambridge International AS & A Level,A Level,Paper 1 Multiple Choice,9701/1,75,40,15.5
3 Chemical bonding,3.4 Covalent bonding and coordinate (dative covalent) bonding,"define covalent bonding as electrostatic attraction between the nuclei of two atoms and a shared pair of electrons (a) describe covalent bonding in molecules including: • hydrogen, H2 • oxygen, O2 • nitrogen, N2 • chlorine, Cl 2 • hydrogen chloride, HCl • carbon dioxide, CO2 • ammonia, NH3 • methane, CH4 • ethane, C2H6 • ethene, C2H4 (b) understand that elements in period 3 can expand their octet including in the compounds sulfur dioxide, SO2, phosphorus pentachloride, PCl 5 , and sulfur hexafluoride, SF6 (c) describe coordinate (dative covalent) bonding, including in the reaction between ammonia and hydrogen chloride gases to form the ammonium ion, NH4+ , and in the Al 2Cl 6 molecule",Chemistry,Cambridge Assessment International Education,Cambridge International AS & A Level,A Level,Paper 2 AS Level Structured Questions,9701/2,75,60,23
3 Chemical bonding,3.4 Covalent bonding and coordinate (dative covalent) bonding,"(a) describe covalent bonds in terms of orbital overlap giving σ and π bonds: • σ bonds are formed by direct overlap of orbitals between the bonding atoms • π bonds are formed by the sideways overlap of adjacent p orbitals above and below the σ bond (b) describe how the σ and π bonds form in molecules including H₂, C₂H₆, C₂H₄, HCN and N₂ (c) use the concept of hybridisation to describe sp, sp² and sp³ orbitals",Chemistry,Cambridge Assessment International Education,Cambridge International AS & A Level,AS Level,Paper 1 Multiple Choice,9701/1,75,40,31
3 Chemical bonding,3.4 Covalent bonding and coordinate (dative covalent) bonding,"(a) describe covalent bonds in terms of orbital overlap giving σ and π bonds: • σ bonds are formed by direct overlap of orbitals between the bonding atoms • π bonds are formed by the sideways overlap of adjacent p orbitals above and below the σ bond (b) describe how the σ and π bonds form in molecules including H₂, C₂H₆, C₂H₄, HCN and N₂ (c) use the concept of hybridisation to describe sp, sp² and sp³ orbitals",Chemistry,Cambridge Assessment International Education,Cambridge International AS & A Level,AS Level,Paper 2 AS Level Structured Questions,9701/2,75,60,46
3 Chemical bonding,3.4 Covalent bonding and coordinate (dative covalent) bonding,"(a) describe covalent bonds in terms of orbital overlap giving σ and π bonds: • σ bonds are formed by direct overlap of orbitals between the bonding atoms • π bonds are formed by the sideways overlap of adjacent p orbitals above and below the σ bond (b) describe how the σ and π bonds form in molecules including H₂, C₂H₆, C₂H₄, HCN and N₂ (c) use the concept of hybridisation to describe sp, sp² and sp³ orbitals",Chemistry,Cambridge Assessment International Education,Cambridge International AS & A Level,A Level,Paper 1 Multiple Choice,9701/1,75,40,15.5
3 Chemical bonding,3.4 Covalent bonding and coordinate (dative covalent) bonding,"(a) describe covalent bonds in terms of orbital overlap giving σ and π bonds: • σ bonds are formed by direct overlap of orbitals between the bonding atoms • π bonds are formed by the sideways overlap of adjacent p orbitals above and below the σ bond (b) describe how the σ and π bonds form in molecules including H₂, C₂H₆, C₂H₄, HCN and N₂ (c) use the concept of hybridisation to describe sp, sp² and sp³ orbitals",Chemistry,Cambridge Assessment International Education,Cambridge International AS & A Level,A Level,Paper 2 AS Level Structured Questions,9701/2,75,60,23
3 Chemical bonding,3.4 Covalent bonding and coordinate (dative covalent) bonding,(a) define the terms: • bond energy as the energy required to break one mole of a particular covalent bond in the gaseous state • bond length as the internuclear distance of two covalently bonded atoms (b) use bond energy values and the concept of bond length to compare the reactivity of covalent molecules,Chemistry,Cambridge Assessment International Education,Cambridge International AS & A Level,AS Level,Paper 1 Multiple Choice,9701/1,75,40,31
3 Chemical bonding,3.4 Covalent bonding and coordinate (dative covalent) bonding,(a) define the terms: • bond energy as the energy required to break one mole of a particular covalent bond in the gaseous state • bond length as the internuclear distance of two covalently bonded atoms (b) use bond energy values and the concept of bond length to compare the reactivity of covalent molecules,Chemistry,Cambridge Assessment International Education,Cambridge International AS & A Level,AS Level,Paper 2 AS Level Structured Questions,9701/2,75,60,46
3 Chemical bonding,3.4 Covalent bonding and coordinate (dative covalent) bonding,(a) define the terms: • bond energy as the energy required to break one mole of a particular covalent bond in the gaseous state • bond length as the internuclear distance of two covalently bonded atoms (b) use bond energy values and the concept of bond length to compare the reactivity of covalent molecules,Chemistry,Cambridge Assessment International Education,Cambridge International AS & A Level,A Level,Paper 1 Multiple Choice,9701/1,75,40,15.5
3 Chemical bonding,3.4 Covalent bonding and coordinate (dative covalent) bonding,(a) define the terms: • bond energy as the energy required to break one mole of a particular covalent bond in the gaseous state • bond length as the internuclear distance of two covalently bonded atoms (b) use bond energy values and the concept of bond length to compare the reactivity of covalent molecules,Chemistry,Cambridge Assessment International Education,Cambridge International AS & A Level,A Level,Paper 2 AS Level Structured Questions,9701/2,75,60,23
3 Chemical bonding,3.5 Shapes of molecules,"state and explain the shapes of, and bond angles in, molecules by using VSEPR theory, including as simple examples: • BF3 (trigonal planar, 120°) • CO2 (linear, 180°) • CH4 (tetrahedral, 109.5°) • NH3 (pyramidal, 107°) • H2O (non-linear, 104.5°) • SF6 (octahedral, 90°) • PF5 (trigonal bipyramidal, 120° and 90°)",Chemistry,Cambridge Assessment International Education,Cambridge International AS & A Level,AS Level,Paper 1 Multiple Choice,9701/1,75,40,31
3 Chemical bonding,3.5 Shapes of molecules,"state and explain the shapes of, and bond angles in, molecules by using VSEPR theory, including as simple examples: • BF3 (trigonal planar, 120°) • CO2 (linear, 180°) • CH4 (tetrahedral, 109.5°) • NH3 (pyramidal, 107°) • H2O (non-linear, 104.5°) • SF6 (octahedral, 90°) • PF5 (trigonal bipyramidal, 120° and 90°)",Chemistry,Cambridge Assessment International Education,Cambridge International AS & A Level,AS Level,Paper 2 AS Level Structured Questions,9701/2,75,60,46
3 Chemical bonding,3.5 Shapes of molecules,"state and explain the shapes of, and bond angles in, molecules by using VSEPR theory, including as simple examples: • BF3 (trigonal planar, 120°) • CO2 (linear, 180°) • CH4 (tetrahedral, 109.5°) • NH3 (pyramidal, 107°) • H2O (non-linear, 104.5°) • SF6 (octahedral, 90°) • PF5 (trigonal bipyramidal, 120° and 90°)",Chemistry,Cambridge Assessment International Education,Cambridge International AS & A Level,A Level,Paper 1 Multiple Choice,9701/1,75,40,15.5
3 Chemical bonding,3.5 Shapes of molecules,"state and explain the shapes of, and bond angles in, molecules by using VSEPR theory, including as simple examples: • BF3 (trigonal planar, 120°) • CO2 (linear, 180°) • CH4 (tetrahedral, 109.5°) • NH3 (pyramidal, 107°) • H2O (non-linear, 104.5°) • SF6 (octahedral, 90°) • PF5 (trigonal bipyramidal, 120° and 90°)",Chemistry,Cambridge Assessment International Education,Cambridge International AS & A Level,A Level,Paper 2 AS Level Structured Questions,9701/2,75,60,23
3 Chemical bonding,3.5 Shapes of molecules,"predict the shapes of, and bond angles in, molecules and ions analogous to those specified in 3.5.1",Chemistry,Cambridge Assessment International Education,Cambridge International AS & A Level,AS Level,Paper 1 Multiple Choice,9701/1,75,40,31
3 Chemical bonding,3.5 Shapes of molecules,"predict the shapes of, and bond angles in, molecules and ions analogous to those specified in 3.5.1",Chemistry,Cambridge Assessment International Education,Cambridge International AS & A Level,AS Level,Paper 2 AS Level Structured Questions,9701/2,75,60,46
3 Chemical bonding,3.5 Shapes of molecules,"predict the shapes of, and bond angles in, molecules and ions analogous to those specified in 3.5.1",Chemistry,Cambridge Assessment International Education,Cambridge International AS & A Level,A Level,Paper 1 Multiple Choice,9701/1,75,40,15.5
3 Chemical bonding,3.5 Shapes of molecules,"predict the shapes of, and bond angles in, molecules and ions analogous to those specified in 3.5.1",Chemistry,Cambridge Assessment International Education,Cambridge International AS & A Level,A Level,Paper 2 AS Level Structured Questions,9701/2,75,60,23
3 Chemical bonding,"3.6 Intermolecular forces, electronegativity and bond properties","(a) describe hydrogen bonding, limited to molecules containing N–H and O–H groups, including ammonia and water as simple examples (b) use the concept of hydrogen bonding to explain the anomalous properties of H₂O (ice and water): • its relatively high melting and boiling points • its relatively high surface tension • the density of the solid ice compared with the liquid water",Chemistry,Cambridge Assessment International Education,Cambridge International AS & A Level,AS Level,Paper 1 Multiple Choice,9701/1,75,40,31
3 Chemical bonding,"3.6 Intermolecular forces, electronegativity and bond properties","(a) describe hydrogen bonding, limited to molecules containing N–H and O–H groups, including ammonia and water as simple examples (b) use the concept of hydrogen bonding to explain the anomalous properties of H₂O (ice and water): • its relatively high melting and boiling points • its relatively high surface tension • the density of the solid ice compared with the liquid water",Chemistry,Cambridge Assessment International Education,Cambridge International AS & A Level,AS Level,Paper 2 AS Level Structured Questions,9701/2,75,60,46
3 Chemical bonding,"3.6 Intermolecular forces, electronegativity and bond properties","(a) describe hydrogen bonding, limited to molecules containing N–H and O–H groups, including ammonia and water as simple examples (b) use the concept of hydrogen bonding to explain the anomalous properties of H₂O (ice and water): • its relatively high melting and boiling points • its relatively high surface tension • the density of the solid ice compared with the liquid water",Chemistry,Cambridge Assessment International Education,Cambridge International AS & A Level,A Level,Paper 1 Multiple Choice,9701/1,75,40,15.5
3 Chemical bonding,"3.6 Intermolecular forces, electronegativity and bond properties","(a) describe hydrogen bonding, limited to molecules containing N–H and O–H groups, including ammonia and water as simple examples (b) use the concept of hydrogen bonding to explain the anomalous properties of H₂O (ice and water): • its relatively high melting and boiling points • its relatively high surface tension • the density of the solid ice compared with the liquid water",Chemistry,Cambridge Assessment International Education,Cambridge International AS & A Level,A Level,Paper 2 AS Level Structured Questions,9701/2,75,60,23
3 Chemical bonding,"3.6 Intermolecular forces, electronegativity and bond properties",use the concept of electronegativity to explain bond polarity and dipole moments of molecules,Chemistry,Cambridge Assessment International Education,Cambridge International AS & A Level,AS Level,Paper 1 Multiple Choice,9701/1,75,40,31
3 Chemical bonding,"3.6 Intermolecular forces, electronegativity and bond properties",use the concept of electronegativity to explain bond polarity and dipole moments of molecules,Chemistry,Cambridge Assessment International Education,Cambridge International AS & A Level,AS Level,Paper 2 AS Level Structured Questions,9701/2,75,60,46
3 Chemical bonding,"3.6 Intermolecular forces, electronegativity and bond properties",use the concept of electronegativity to explain bond polarity and dipole moments of molecules,Chemistry,Cambridge Assessment International Education,Cambridge International AS & A Level,A Level,Paper 1 Multiple Choice,9701/1,75,40,15.5
3 Chemical bonding,"3.6 Intermolecular forces, electronegativity and bond properties",use the concept of electronegativity to explain bond polarity and dipole moments of molecules,Chemistry,Cambridge Assessment International Education,Cambridge International AS & A Level,A Level,Paper 2 AS Level Structured Questions,9701/2,75,60,23
3 Chemical bonding,"3.6 Intermolecular forces, electronegativity and bond properties","(a) describe van der Waals’ forces as the intermolecular forces between molecular entities other than those due to bond formation, and use the term van der Waals’ forces as a generic term to describe all intermolecular forces (b) describe the types of van der Waals’ forces: • instantaneous dipole–induced dipole (id-id) forces, also called London dispersion forces • permanent dipole–permanent dipole (pd-pd) forces, including hydrogen bonding (c) describe hydrogen bonding and understand that hydrogen bonding is a special case of permanent dipole–permanent dipole forces between molecules where hydrogen is bonded to a highly electronegative atom",Chemistry,Cambridge Assessment International Education,Cambridge International AS & A Level,AS Level,Paper 1 Multiple Choice,9701/1,75,40,31
3 Chemical bonding,"3.6 Intermolecular forces, electronegativity and bond properties","(a) describe van der Waals’ forces as the intermolecular forces between molecular entities other than those due to bond formation, and use the term van der Waals’ forces as a generic term to describe all intermolecular forces (b) describe the types of van der Waals’ forces: • instantaneous dipole–induced dipole (id-id) forces, also called London dispersion forces • permanent dipole–permanent dipole (pd-pd) forces, including hydrogen bonding (c) describe hydrogen bonding and understand that hydrogen bonding is a special case of permanent dipole–permanent dipole forces between molecules where hydrogen is bonded to a highly electronegative atom",Chemistry,Cambridge Assessment International Education,Cambridge International AS & A Level,AS Level,Paper 2 AS Level Structured Questions,9701/2,75,60,46
3 Chemical bonding,"3.6 Intermolecular forces, electronegativity and bond properties","(a) describe van der Waals’ forces as the intermolecular forces between molecular entities other than those due to bond formation, and use the term van der Waals’ forces as a generic term to describe all intermolecular forces (b) describe the types of van der Waals’ forces: • instantaneous dipole–induced dipole (id-id) forces, also called London dispersion forces • permanent dipole–permanent dipole (pd-pd) forces, including hydrogen bonding (c) describe hydrogen bonding and understand that hydrogen bonding is a special case of permanent dipole–permanent dipole forces between molecules where hydrogen is bonded to a highly electronegative atom",Chemistry,Cambridge Assessment International Education,Cambridge International AS & A Level,A Level,Paper 1 Multiple Choice,9701/1,75,40,15.5
3 Chemical bonding,"3.6 Intermolecular forces, electronegativity and bond properties","(a) describe van der Waals’ forces as the intermolecular forces between molecular entities other than those due to bond formation, and use the term van der Waals’ forces as a generic term to describe all intermolecular forces (b) describe the types of van der Waals’ forces: • instantaneous dipole–induced dipole (id-id) forces, also called London dispersion forces • permanent dipole–permanent dipole (pd-pd) forces, including hydrogen bonding (c) describe hydrogen bonding and understand that hydrogen bonding is a special case of permanent dipole–permanent dipole forces between molecules where hydrogen is bonded to a highly electronegative atom",Chemistry,Cambridge Assessment International Education,Cambridge International AS & A Level,A Level,Paper 2 AS Level Structured Questions,9701/2,75,60,23
3 Chemical bonding,"3.6 Intermolecular forces, electronegativity and bond properties","state that, in general, ionic, covalent and metallic bonding are stronger than intermolecular forces",Chemistry,Cambridge Assessment International Education,Cambridge International AS & A Level,AS Level,Paper 1 Multiple Choice,9701/1,75,40,31
3 Chemical bonding,"3.6 Intermolecular forces, electronegativity and bond properties","state that, in general, ionic, covalent and metallic bonding are stronger than intermolecular forces",Chemistry,Cambridge Assessment International Education,Cambridge International AS & A Level,AS Level,Paper 2 AS Level Structured Questions,9701/2,75,60,46
3 Chemical bonding,"3.6 Intermolecular forces, electronegativity and bond properties","state that, in general, ionic, covalent and metallic bonding are stronger than intermolecular forces",Chemistry,Cambridge Assessment International Education,Cambridge International AS & A Level,A Level,Paper 1 Multiple Choice,9701/1,75,40,15.5
3 Chemical bonding,"3.6 Intermolecular forces, electronegativity and bond properties","state that, in general, ionic, covalent and metallic bonding are stronger than intermolecular forces",Chemistry,Cambridge Assessment International Education,Cambridge International AS & A Level,A Level,Paper 2 AS Level Structured Questions,9701/2,75,60,23
3 Chemical bonding,3.7 Dot-and-cross diagrams,"use dot-and-cross diagrams to illustrate ionic, covalent and coordinate bonding including the representation of any compounds stated in 3.4 and 3.5 (dot-and-cross diagrams may include species with atoms which have an expanded octet or species with an odd number of electrons)",Chemistry,Cambridge Assessment International Education,Cambridge International AS & A Level,AS Level,Paper 1 Multiple Choice,9701/1,75,40,31
3 Chemical bonding,3.7 Dot-and-cross diagrams,"use dot-and-cross diagrams to illustrate ionic, covalent and coordinate bonding including the representation of any compounds stated in 3.4 and 3.5 (dot-and-cross diagrams may include species with atoms which have an expanded octet or species with an odd number of electrons)",Chemistry,Cambridge Assessment International Education,Cambridge International AS & A Level,AS Level,Paper 2 AS Level Structured Questions,9701/2,75,60,46
3 Chemical bonding,3.7 Dot-and-cross diagrams,"use dot-and-cross diagrams to illustrate ionic, covalent and coordinate bonding including the representation of any compounds stated in 3.4 and 3.5 (dot-and-cross diagrams may include species with atoms which have an expanded octet or species with an odd number of electrons)",Chemistry,Cambridge Assessment International Education,Cambridge International AS & A Level,A Level,Paper 1 Multiple Choice,9701/1,75,40,15.5
3 Chemical bonding,3.7 Dot-and-cross diagrams,"use dot-and-cross diagrams to illustrate ionic, covalent and coordinate bonding including the representation of any compounds stated in 3.4 and 3.5 (dot-and-cross diagrams may include species with atoms which have an expanded octet or species with an odd number of electrons)",Chemistry,Cambridge Assessment International Education,Cambridge International AS & A Level,A Level,Paper 2 AS Level Structured Questions,9701/2,75,60,23
4 States of matter,4.1 The gaseous state: ideal and real gases and pV = nRT,explain the origin of pressure in a gas in terms of collisions between gas molecules and the wall of the container,Chemistry,Cambridge Assessment International Education,Cambridge International AS & A Level,AS Level,Paper 1 Multiple Choice,9701/1,75,40,31
4 States of matter,4.1 The gaseous state: ideal and real gases and pV = nRT,explain the origin of pressure in a gas in terms of collisions between gas molecules and the wall of the container,Chemistry,Cambridge Assessment International Education,Cambridge International AS & A Level,AS Level,Paper 2 AS Level Structured Questions,9701/2,75,60,46
4 States of matter,4.1 The gaseous state: ideal and real gases and pV = nRT,explain the origin of pressure in a gas in terms of collisions between gas molecules and the wall of the container,Chemistry,Cambridge Assessment International Education,Cambridge International AS & A Level,A Level,Paper 1 Multiple Choice,9701/1,75,40,15.5
4 States of matter,4.1 The gaseous state: ideal and real gases and pV = nRT,explain the origin of pressure in a gas in terms of collisions between gas molecules and the wall of the container,Chemistry,Cambridge Assessment International Education,Cambridge International AS & A Level,A Level,Paper 2 AS Level Structured Questions,9701/2,75,60,23
4 States of matter,4.1 The gaseous state: ideal and real gases and pV = nRT,understand that ideal gases have zero particle volume and no intermolecular forces of attraction,Chemistry,Cambridge Assessment International Education,Cambridge International AS & A Level,AS Level,Paper 1 Multiple Choice,9701/1,75,40,31
4 States of matter,4.1 The gaseous state: ideal and real gases and pV = nRT,understand that ideal gases have zero particle volume and no intermolecular forces of attraction,Chemistry,Cambridge Assessment International Education,Cambridge International AS & A Level,AS Level,Paper 2 AS Level Structured Questions,9701/2,75,60,46
4 States of matter,4.1 The gaseous state: ideal and real gases and pV = nRT,understand that ideal gases have zero particle volume and no intermolecular forces of attraction,Chemistry,Cambridge Assessment International Education,Cambridge International AS & A Level,A Level,Paper 1 Multiple Choice,9701/1,75,40,15.5
4 States of matter,4.1 The gaseous state: ideal and real gases and pV = nRT,understand that ideal gases have zero particle volume and no intermolecular forces of attraction,Chemistry,Cambridge Assessment International Education,Cambridge International AS & A Level,A Level,Paper 2 AS Level Structured Questions,9701/2,75,60,23
4 States of matter,4.1 The gaseous state: ideal and real gases and pV = nRT,"state and use the ideal gas equation pV = nRT in calculations, including in the determination of Mr",Chemistry,Cambridge Assessment International Education,Cambridge International AS & A Level,AS Level,Paper 1 Multiple Choice,9701/1,75,40,31
4 States of matter,4.1 The gaseous state: ideal and real gases and pV = nRT,"state and use the ideal gas equation pV = nRT in calculations, including in the determination of Mr",Chemistry,Cambridge Assessment International Education,Cambridge International AS & A Level,AS Level,Paper 2 AS Level Structured Questions,9701/2,75,60,46
4 States of matter,4.1 The gaseous state: ideal and real gases and pV = nRT,"state and use the ideal gas equation pV = nRT in calculations, including in the determination of Mr",Chemistry,Cambridge Assessment International Education,Cambridge International AS & A Level,A Level,Paper 1 Multiple Choice,9701/1,75,40,15.5
4 States of matter,4.1 The gaseous state: ideal and real gases and pV = nRT,"state and use the ideal gas equation pV = nRT in calculations, including in the determination of Mr",Chemistry,Cambridge Assessment International Education,Cambridge International AS & A Level,A Level,Paper 2 AS Level Structured Questions,9701/2,75,60,23
4 States of matter,4.2 Bonding and structure,"describe, in simple terms, the lattice structure of a crystalline solid which is: (a) giant ionic, including sodium chloride and magnesium oxide (b) simple molecular, including iodine, buckminsterfullerene C60 and ice (c) giant molecular, including silicon(IV ) oxide, graphite and diamond (d) giant metallic, including copper",Chemistry,Cambridge Assessment International Education,Cambridge International AS & A Level,AS Level,Paper 1 Multiple Choice,9701/1,75,40,31
4 States of matter,4.2 Bonding and structure,"describe, in simple terms, the lattice structure of a crystalline solid which is: (a) giant ionic, including sodium chloride and magnesium oxide (b) simple molecular, including iodine, buckminsterfullerene C60 and ice (c) giant molecular, including silicon(IV ) oxide, graphite and diamond (d) giant metallic, including copper",Chemistry,Cambridge Assessment International Education,Cambridge International AS & A Level,AS Level,Paper 2 AS Level Structured Questions,9701/2,75,60,46
4 States of matter,4.2 Bonding and structure,"describe, in simple terms, the lattice structure of a crystalline solid which is: (a) giant ionic, including sodium chloride and magnesium oxide (b) simple molecular, including iodine, buckminsterfullerene C60 and ice (c) giant molecular, including silicon(IV ) oxide, graphite and diamond (d) giant metallic, including copper",Chemistry,Cambridge Assessment International Education,Cambridge International AS & A Level,A Level,Paper 1 Multiple Choice,9701/1,75,40,15.5
4 States of matter,4.2 Bonding and structure,"describe, in simple terms, the lattice structure of a crystalline solid which is: (a) giant ionic, including sodium chloride and magnesium oxide (b) simple molecular, including iodine, buckminsterfullerene C60 and ice (c) giant molecular, including silicon(IV ) oxide, graphite and diamond (d) giant metallic, including copper",Chemistry,Cambridge Assessment International Education,Cambridge International AS & A Level,A Level,Paper 2 AS Level Structured Questions,9701/2,75,60,23
4 States of matter,4.2 Bonding and structure,"describe, interpret and predict the effect of different types of structure and bonding on the physical properties of substances, including melting point, boiling point, electrical conductivity and solubility",Chemistry,Cambridge Assessment International Education,Cambridge International AS & A Level,AS Level,Paper 1 Multiple Choice,9701/1,75,40,31
4 States of matter,4.2 Bonding and structure,"describe, interpret and predict the effect of different types of structure and bonding on the physical properties of substances, including melting point, boiling point, electrical conductivity and solubility",Chemistry,Cambridge Assessment International Education,Cambridge International AS & A Level,AS Level,Paper 2 AS Level Structured Questions,9701/2,75,60,46
4 States of matter,4.2 Bonding and structure,"describe, interpret and predict the effect of different types of structure and bonding on the physical properties of substances, including melting point, boiling point, electrical conductivity and solubility",Chemistry,Cambridge Assessment International Education,Cambridge International AS & A Level,A Level,Paper 1 Multiple Choice,9701/1,75,40,15.5
4 States of matter,4.2 Bonding and structure,"describe, interpret and predict the effect of different types of structure and bonding on the physical properties of substances, including melting point, boiling point, electrical conductivity and solubility",Chemistry,Cambridge Assessment International Education,Cambridge International AS & A Level,A Level,Paper 2 AS Level Structured Questions,9701/2,75,60,23
4 States of matter,4.2 Bonding and structure,deduce the type of structure and bonding present in a substance from given information,Chemistry,Cambridge Assessment International Education,Cambridge International AS & A Level,AS Level,Paper 1 Multiple Choice,9701/1,75,40,31
4 States of matter,4.2 Bonding and structure,deduce the type of structure and bonding present in a substance from given information,Chemistry,Cambridge Assessment International Education,Cambridge International AS & A Level,AS Level,Paper 2 AS Level Structured Questions,9701/2,75,60,46
4 States of matter,4.2 Bonding and structure,deduce the type of structure and bonding present in a substance from given information,Chemistry,Cambridge Assessment International Education,Cambridge International AS & A Level,A Level,Paper 1 Multiple Choice,9701/1,75,40,15.5
4 States of matter,4.2 Bonding and structure,deduce the type of structure and bonding present in a substance from given information,Chemistry,Cambridge Assessment International Education,Cambridge International AS & A Level,A Level,Paper 2 AS Level Structured Questions,9701/2,75,60,23
5 Chemical energetics,"5.1 Enthalpy change, ΔH",understand that chemical reactions are accompanied by enthalpy changes and these changes can be exothermic (ΔH is negative) or endothermic (ΔH is positive),Chemistry,Cambridge Assessment International Education,Cambridge International AS & A Level,AS Level,Paper 1 Multiple Choice,9701/1,75,40,31
5 Chemical energetics,"5.1 Enthalpy change, ΔH",understand that chemical reactions are accompanied by enthalpy changes and these changes can be exothermic (ΔH is negative) or endothermic (ΔH is positive),Chemistry,Cambridge Assessment International Education,Cambridge International AS & A Level,AS Level,Paper 2 AS Level Structured Questions,9701/2,75,60,46
5 Chemical energetics,"5.1 Enthalpy change, ΔH",understand that chemical reactions are accompanied by enthalpy changes and these changes can be exothermic (ΔH is negative) or endothermic (ΔH is positive),Chemistry,Cambridge Assessment International Education,Cambridge International AS & A Level,A Level,Paper 1 Multiple Choice,9701/1,75,40,15.5
5 Chemical energetics,"5.1 Enthalpy change, ΔH",understand that chemical reactions are accompanied by enthalpy changes and these changes can be exothermic (ΔH is negative) or endothermic (ΔH is positive),Chemistry,Cambridge Assessment International Education,Cambridge International AS & A Level,A Level,Paper 2 AS Level Structured Questions,9701/2,75,60,23
5 Chemical energetics,"5.1 Enthalpy change, ΔH","construct and interpret a reaction pathway diagram, in terms of the enthalpy change of the reaction and of the activation energy",Chemistry,Cambridge Assessment International Education,Cambridge International AS & A Level,AS Level,Paper 1 Multiple Choice,9701/1,75,40,31
5 Chemical energetics,"5.1 Enthalpy change, ΔH","construct and interpret a reaction pathway diagram, in terms of the enthalpy change of the reaction and of the activation energy",Chemistry,Cambridge Assessment International Education,Cambridge International AS & A Level,AS Level,Paper 2 AS Level Structured Questions,9701/2,75,60,46
5 Chemical energetics,"5.1 Enthalpy change, ΔH","construct and interpret a reaction pathway diagram, in terms of the enthalpy change of the reaction and of the activation energy",Chemistry,Cambridge Assessment International Education,Cambridge International AS & A Level,A Level,Paper 1 Multiple Choice,9701/1,75,40,15.5
5 Chemical energetics,"5.1 Enthalpy change, ΔH","construct and interpret a reaction pathway diagram, in terms of the enthalpy change of the reaction and of the activation energy",Chemistry,Cambridge Assessment International Education,Cambridge International AS & A Level,A Level,Paper 2 AS Level Structured Questions,9701/2,75,60,23
5 Chemical energetics,"5.1 Enthalpy change, ΔH","define and use the terms: (a) standard conditions (this syllabus assumes that these are 298 K and 101 kPa) shown by ⦵ (b) enthalpy change with particular reference to: reaction, ΔHr, formation, ΔHf, combustion, ΔHc, neutralisation, ΔHneut",Chemistry,Cambridge Assessment International Education,Cambridge International AS & A Level,AS Level,Paper 1 Multiple Choice,9701/1,75,40,31
5 Chemical energetics,"5.1 Enthalpy change, ΔH","define and use the terms: (a) standard conditions (this syllabus assumes that these are 298 K and 101 kPa) shown by ⦵ (b) enthalpy change with particular reference to: reaction, ΔHr, formation, ΔHf, combustion, ΔHc, neutralisation, ΔHneut",Chemistry,Cambridge Assessment International Education,Cambridge International AS & A Level,AS Level,Paper 2 AS Level Structured Questions,9701/2,75,60,46
5 Chemical energetics,"5.1 Enthalpy change, ΔH","define and use the terms: (a) standard conditions (this syllabus assumes that these are 298 K and 101 kPa) shown by ⦵ (b) enthalpy change with particular reference to: reaction, ΔHr, formation, ΔHf, combustion, ΔHc, neutralisation, ΔHneut",Chemistry,Cambridge Assessment International Education,Cambridge International AS & A Level,A Level,Paper 1 Multiple Choice,9701/1,75,40,15.5
5 Chemical energetics,"5.1 Enthalpy change, ΔH","define and use the terms: (a) standard conditions (this syllabus assumes that these are 298 K and 101 kPa) shown by ⦵ (b) enthalpy change with particular reference to: reaction, ΔHr, formation, ΔHf, combustion, ΔHc, neutralisation, ΔHneut",Chemistry,Cambridge Assessment International Education,Cambridge International AS & A Level,A Level,Paper 2 AS Level Structured Questions,9701/2,75,60,23
5 Chemical energetics,"5.1 Enthalpy change, ΔH",understand that energy transfers occur during chemical reactions because of the breaking and making of chemical bonds,Chemistry,Cambridge Assessment International Education,Cambridge International AS & A Level,AS Level,Paper 1 Multiple Choice,9701/1,75,40,31
5 Chemical energetics,"5.1 Enthalpy change, ΔH",understand that energy transfers occur during chemical reactions because of the breaking and making of chemical bonds,Chemistry,Cambridge Assessment International Education,Cambridge International AS & A Level,AS Level,Paper 2 AS Level Structured Questions,9701/2,75,60,46
5 Chemical energetics,"5.1 Enthalpy change, ΔH",understand that energy transfers occur during chemical reactions because of the breaking and making of chemical bonds,Chemistry,Cambridge Assessment International Education,Cambridge International AS & A Level,A Level,Paper 1 Multiple Choice,9701/1,75,40,15.5
5 Chemical energetics,"5.1 Enthalpy change, ΔH",understand that energy transfers occur during chemical reactions because of the breaking and making of chemical bonds,Chemistry,Cambridge Assessment International Education,Cambridge International AS & A Level,A Level,Paper 2 AS Level Structured Questions,9701/2,75,60,23
5 Chemical energetics,"5.1 Enthalpy change, ΔH","use bond energies (ΔH positive, i.e. bond breaking) to calculate enthalpy change of reaction, ΔHr",Chemistry,Cambridge Assessment International Education,Cambridge International AS & A Level,AS Level,Paper 1 Multiple Choice,9701/1,75,40,31
5 Chemical energetics,"5.1 Enthalpy change, ΔH","use bond energies (ΔH positive, i.e. bond breaking) to calculate enthalpy change of reaction, ΔHr",Chemistry,Cambridge Assessment International Education,Cambridge International AS & A Level,AS Level,Paper 2 AS Level Structured Questions,9701/2,75,60,46
5 Chemical energetics,"5.1 Enthalpy change, ΔH","use bond energies (ΔH positive, i.e. bond breaking) to calculate enthalpy change of reaction, ΔHr",Chemistry,Cambridge Assessment International Education,Cambridge International AS & A Level,A Level,Paper 1 Multiple Choice,9701/1,75,40,15.5
5 Chemical energetics,"5.1 Enthalpy change, ΔH","use bond energies (ΔH positive, i.e. bond breaking) to calculate enthalpy change of reaction, ΔHr",Chemistry,Cambridge Assessment International Education,Cambridge International AS & A Level,A Level,Paper 2 AS Level Structured Questions,9701/2,75,60,23
5 Chemical energetics,"5.1 Enthalpy change, ΔH",understand that some bond energies are exact and some bond energies are averages,Chemistry,Cambridge Assessment International Education,Cambridge International AS & A Level,AS Level,Paper 1 Multiple Choice,9701/1,75,40,31
5 Chemical energetics,"5.1 Enthalpy change, ΔH",understand that some bond energies are exact and some bond energies are averages,Chemistry,Cambridge Assessment International Education,Cambridge International AS & A Level,AS Level,Paper 2 AS Level Structured Questions,9701/2,75,60,46
5 Chemical energetics,"5.1 Enthalpy change, ΔH",understand that some bond energies are exact and some bond energies are averages,Chemistry,Cambridge Assessment International Education,Cambridge International AS & A Level,A Level,Paper 1 Multiple Choice,9701/1,75,40,15.5
5 Chemical energetics,"5.1 Enthalpy change, ΔH",understand that some bond energies are exact and some bond energies are averages,Chemistry,Cambridge Assessment International Education,Cambridge International AS & A Level,A Level,Paper 2 AS Level Structured Questions,9701/2,75,60,23
5 Chemical energetics,"5.1 Enthalpy change, ΔH","calculate enthalpy changes from appropriate experimental results, including the use of the relationships q = mcΔT and ΔH = –mcΔT/n",Chemistry,Cambridge Assessment International Education,Cambridge International AS & A Level,AS Level,Paper 1 Multiple Choice,9701/1,75,40,31
5 Chemical energetics,"5.1 Enthalpy change, ΔH","calculate enthalpy changes from appropriate experimental results, including the use of the relationships q = mcΔT and ΔH = –mcΔT/n",Chemistry,Cambridge Assessment International Education,Cambridge International AS & A Level,AS Level,Paper 2 AS Level Structured Questions,9701/2,75,60,46
5 Chemical energetics,"5.1 Enthalpy change, ΔH","calculate enthalpy changes from appropriate experimental results, including the use of the relationships q = mcΔT and ΔH = –mcΔT/n",Chemistry,Cambridge Assessment International Education,Cambridge International AS & A Level,A Level,Paper 1 Multiple Choice,9701/1,75,40,15.5
5 Chemical energetics,"5.1 Enthalpy change, ΔH","calculate enthalpy changes from appropriate experimental results, including the use of the relationships q = mcΔT and ΔH = –mcΔT/n",Chemistry,Cambridge Assessment International Education,Cambridge International AS & A Level,A Level,Paper 2 AS Level Structured Questions,9701/2,75,60,23
5 Chemical energetics,5.2 Hess’s law,apply Hess’s law to construct simple energy cycles,Chemistry,Cambridge Assessment International Education,Cambridge International AS & A Level,AS Level,Paper 1 Multiple Choice,9701/1,75,40,31
5 Chemical energetics,5.2 Hess’s law,apply Hess’s law to construct simple energy cycles,Chemistry,Cambridge Assessment International Education,Cambridge International AS & A Level,AS Level,Paper 2 AS Level Structured Questions,9701/2,75,60,46
5 Chemical energetics,5.2 Hess’s law,apply Hess’s law to construct simple energy cycles,Chemistry,Cambridge Assessment International Education,Cambridge International AS & A Level,A Level,Paper 1 Multiple Choice,9701/1,75,40,15.5
5 Chemical energetics,5.2 Hess’s law,apply Hess’s law to construct simple energy cycles,Chemistry,Cambridge Assessment International Education,Cambridge International AS & A Level,A Level,Paper 2 AS Level Structured Questions,9701/2,75,60,23
5 Chemical energetics,5.2 Hess’s law,"carry out calculations using cycles and relevant energy terms, including: (a) determining enthalpy changes that cannot be found by direct experiment (b) use of bond energy data",Chemistry,Cambridge Assessment International Education,Cambridge International AS & A Level,AS Level,Paper 1 Multiple Choice,9701/1,75,40,31
5 Chemical energetics,5.2 Hess’s law,"carry out calculations using cycles and relevant energy terms, including: (a) determining enthalpy changes that cannot be found by direct experiment (b) use of bond energy data",Chemistry,Cambridge Assessment International Education,Cambridge International AS & A Level,AS Level,Paper 2 AS Level Structured Questions,9701/2,75,60,46
5 Chemical energetics,5.2 Hess’s law,"carry out calculations using cycles and relevant energy terms, including: (a) determining enthalpy changes that cannot be found by direct experiment (b) use of bond energy data",Chemistry,Cambridge Assessment International Education,Cambridge International AS & A Level,A Level,Paper 1 Multiple Choice,9701/1,75,40,15.5
5 Chemical energetics,5.2 Hess’s law,"carry out calculations using cycles and relevant energy terms, including: (a) determining enthalpy changes that cannot be found by direct experiment (b) use of bond energy data",Chemistry,Cambridge Assessment International Education,Cambridge International AS & A Level,A Level,Paper 2 AS Level Structured Questions,9701/2,75,60,23
6 Electrochemistry,6.1 Redox processes: electron transfer and changes in oxidation number (oxidation state),calculate oxidation numbers of elements in compounds and ions,Chemistry,Cambridge Assessment International Education,Cambridge International AS & A Level,AS Level,Paper 1 Multiple Choice,9701/1,75,40,31
6 Electrochemistry,6.1 Redox processes: electron transfer and changes in oxidation number (oxidation state),calculate oxidation numbers of elements in compounds and ions,Chemistry,Cambridge Assessment International Education,Cambridge International AS & A Level,AS Level,Paper 2 AS Level Structured Questions,9701/2,75,60,46
6 Electrochemistry,6.1 Redox processes: electron transfer and changes in oxidation number (oxidation state),calculate oxidation numbers of elements in compounds and ions,Chemistry,Cambridge Assessment International Education,Cambridge International AS & A Level,A Level,Paper 1 Multiple Choice,9701/1,75,40,15.5
6 Electrochemistry,6.1 Redox processes: electron transfer and changes in oxidation number (oxidation state),calculate oxidation numbers of elements in compounds and ions,Chemistry,Cambridge Assessment International Education,Cambridge International AS & A Level,A Level,Paper 2 AS Level Structured Questions,9701/2,75,60,23
6 Electrochemistry,6.1 Redox processes: electron transfer and changes in oxidation number (oxidation state),use changes in oxidation numbers to help balance chemical equations,Chemistry,Cambridge Assessment International Education,Cambridge International AS & A Level,AS Level,Paper 1 Multiple Choice,9701/1,75,40,31
6 Electrochemistry,6.1 Redox processes: electron transfer and changes in oxidation number (oxidation state),use changes in oxidation numbers to help balance chemical equations,Chemistry,Cambridge Assessment International Education,Cambridge International AS & A Level,AS Level,Paper 2 AS Level Structured Questions,9701/2,75,60,46
6 Electrochemistry,6.1 Redox processes: electron transfer and changes in oxidation number (oxidation state),use changes in oxidation numbers to help balance chemical equations,Chemistry,Cambridge Assessment International Education,Cambridge International AS & A Level,A Level,Paper 1 Multiple Choice,9701/1,75,40,15.5
6 Electrochemistry,6.1 Redox processes: electron transfer and changes in oxidation number (oxidation state),use changes in oxidation numbers to help balance chemical equations,Chemistry,Cambridge Assessment International Education,Cambridge International AS & A Level,A Level,Paper 2 AS Level Structured Questions,9701/2,75,60,23
6 Electrochemistry,6.1 Redox processes: electron transfer and changes in oxidation number (oxidation state),"explain and use the terms redox, oxidation, reduction and disproportionation in terms of electron transfer and changes in oxidation number",Chemistry,Cambridge Assessment International Education,Cambridge International AS & A Level,AS Level,Paper 1 Multiple Choice,9701/1,75,40,31
6 Electrochemistry,6.1 Redox processes: electron transfer and changes in oxidation number (oxidation state),"explain and use the terms redox, oxidation, reduction and disproportionation in terms of electron transfer and changes in oxidation number",Chemistry,Cambridge Assessment International Education,Cambridge International AS & A Level,AS Level,Paper 2 AS Level Structured Questions,9701/2,75,60,46
6 Electrochemistry,6.1 Redox processes: electron transfer and changes in oxidation number (oxidation state),"explain and use the terms redox, oxidation, reduction and disproportionation in terms of electron transfer and changes in oxidation number",Chemistry,Cambridge Assessment International Education,Cambridge International AS & A Level,A Level,Paper 1 Multiple Choice,9701/1,75,40,15.5
6 Electrochemistry,6.1 Redox processes: electron transfer and changes in oxidation number (oxidation state),"explain and use the terms redox, oxidation, reduction and disproportionation in terms of electron transfer and changes in oxidation number",Chemistry,Cambridge Assessment International Education,Cambridge International AS & A Level,A Level,Paper 2 AS Level Structured Questions,9701/2,75,60,23
6 Electrochemistry,6.1 Redox processes: electron transfer and changes in oxidation number (oxidation state),explain and use the terms oxidising agent and reducing agent,Chemistry,Cambridge Assessment International Education,Cambridge International AS & A Level,AS Level,Paper 1 Multiple Choice,9701/1,75,40,31
6 Electrochemistry,6.1 Redox processes: electron transfer and changes in oxidation number (oxidation state),explain and use the terms oxidising agent and reducing agent,Chemistry,Cambridge Assessment International Education,Cambridge International AS & A Level,AS Level,Paper 2 AS Level Structured Questions,9701/2,75,60,46
6 Electrochemistry,6.1 Redox processes: electron transfer and changes in oxidation number (oxidation state),explain and use the terms oxidising agent and reducing agent,Chemistry,Cambridge Assessment International Education,Cambridge International AS & A Level,A Level,Paper 1 Multiple Choice,9701/1,75,40,15.5
6 Electrochemistry,6.1 Redox processes: electron transfer and changes in oxidation number (oxidation state),explain and use the terms oxidising agent and reducing agent,Chemistry,Cambridge Assessment International Education,Cambridge International AS & A Level,A Level,Paper 2 AS Level Structured Questions,9701/2,75,60,23
6 Electrochemistry,6.1 Redox processes: electron transfer and changes in oxidation number (oxidation state),use a Roman numeral to indicate the magnitude of the oxidation number of an element,Chemistry,Cambridge Assessment International Education,Cambridge International AS & A Level,AS Level,Paper 1 Multiple Choice,9701/1,75,40,31
6 Electrochemistry,6.1 Redox processes: electron transfer and changes in oxidation number (oxidation state),use a Roman numeral to indicate the magnitude of the oxidation number of an element,Chemistry,Cambridge Assessment International Education,Cambridge International AS & A Level,AS Level,Paper 2 AS Level Structured Questions,9701/2,75,60,46
6 Electrochemistry,6.1 Redox processes: electron transfer and changes in oxidation number (oxidation state),use a Roman numeral to indicate the magnitude of the oxidation number of an element,Chemistry,Cambridge Assessment International Education,Cambridge International AS & A Level,A Level,Paper 1 Multiple Choice,9701/1,75,40,15.5
6 Electrochemistry,6.1 Redox processes: electron transfer and changes in oxidation number (oxidation state),use a Roman numeral to indicate the magnitude of the oxidation number of an element,Chemistry,Cambridge Assessment International Education,Cambridge International AS & A Level,A Level,Paper 2 AS Level Structured Questions,9701/2,75,60,23
7 Equilibria,"7.1 Chemical equilibria: reversible reactions, dynamic equilibrium",(a) understand what is meant by a reversible reaction (b) understand what is meant by dynamic equilibrium in terms of the rate of forward and reverse reactions being equal and the concentration of reactants and products remaining constant (c) understand the need for a closed system in order to establish dynamic equilibrium,Chemistry,Cambridge Assessment International Education,Cambridge International AS & A Level,AS Level,Paper 1 Multiple Choice,9701/1,75,40,31
7 Equilibria,"7.1 Chemical equilibria: reversible reactions, dynamic equilibrium",(a) understand what is meant by a reversible reaction (b) understand what is meant by dynamic equilibrium in terms of the rate of forward and reverse reactions being equal and the concentration of reactants and products remaining constant (c) understand the need for a closed system in order to establish dynamic equilibrium,Chemistry,Cambridge Assessment International Education,Cambridge International AS & A Level,AS Level,Paper 2 AS Level Structured Questions,9701/2,75,60,46
7 Equilibria,"7.1 Chemical equilibria: reversible reactions, dynamic equilibrium",(a) understand what is meant by a reversible reaction (b) understand what is meant by dynamic equilibrium in terms of the rate of forward and reverse reactions being equal and the concentration of reactants and products remaining constant (c) understand the need for a closed system in order to establish dynamic equilibrium,Chemistry,Cambridge Assessment International Education,Cambridge International AS & A Level,A Level,Paper 1 Multiple Choice,9701/1,75,40,15.5
7 Equilibria,"7.1 Chemical equilibria: reversible reactions, dynamic equilibrium",(a) understand what is meant by a reversible reaction (b) understand what is meant by dynamic equilibrium in terms of the rate of forward and reverse reactions being equal and the concentration of reactants and products remaining constant (c) understand the need for a closed system in order to establish dynamic equilibrium,Chemistry,Cambridge Assessment International Education,Cambridge International AS & A Level,A Level,Paper 2 AS Level Structured Questions,9701/2,75,60,23
7 Equilibria,"7.1 Chemical equilibria: reversible reactions, dynamic equilibrium","define Le Chatelier’s principle as: if a change is made to a system at dynamic equilibrium, the position of equilibrium moves to minimise this change",Chemistry,Cambridge Assessment International Education,Cambridge International AS & A Level,AS Level,Paper 1 Multiple Choice,9701/1,75,40,31
7 Equilibria,"7.1 Chemical equilibria: reversible reactions, dynamic equilibrium","define Le Chatelier’s principle as: if a change is made to a system at dynamic equilibrium, the position of equilibrium moves to minimise this change",Chemistry,Cambridge Assessment International Education,Cambridge International AS & A Level,AS Level,Paper 2 AS Level Structured Questions,9701/2,75,60,46
7 Equilibria,"7.1 Chemical equilibria: reversible reactions, dynamic equilibrium","define Le Chatelier’s principle as: if a change is made to a system at dynamic equilibrium, the position of equilibrium moves to minimise this change",Chemistry,Cambridge Assessment International Education,Cambridge International AS & A Level,A Level,Paper 1 Multiple Choice,9701/1,75,40,15.5
7 Equilibria,"7.1 Chemical equilibria: reversible reactions, dynamic equilibrium","define Le Chatelier’s principle as: if a change is made to a system at dynamic equilibrium, the position of equilibrium moves to minimise this change",Chemistry,Cambridge Assessment International Education,Cambridge International AS & A Level,A Level,Paper 2 AS Level Structured Questions,9701/2,75,60,23
7 Equilibria,"7.1 Chemical equilibria: reversible reactions, dynamic equilibrium","use Le Chatelier’s principle to deduce qualitatively (from appropriate information) the effects of changes in temperature, concentration, pressure or presence of a catalyst on a system at equilibrium",Chemistry,Cambridge Assessment International Education,Cambridge International AS & A Level,AS Level,Paper 1 Multiple Choice,9701/1,75,40,31
7 Equilibria,"7.1 Chemical equilibria: reversible reactions, dynamic equilibrium","use Le Chatelier’s principle to deduce qualitatively (from appropriate information) the effects of changes in temperature, concentration, pressure or presence of a catalyst on a system at equilibrium",Chemistry,Cambridge Assessment International Education,Cambridge International AS & A Level,AS Level,Paper 2 AS Level Structured Questions,9701/2,75,60,46
7 Equilibria,"7.1 Chemical equilibria: reversible reactions, dynamic equilibrium","use Le Chatelier’s principle to deduce qualitatively (from appropriate information) the effects of changes in temperature, concentration, pressure or presence of a catalyst on a system at equilibrium",Chemistry,Cambridge Assessment International Education,Cambridge International AS & A Level,A Level,Paper 1 Multiple Choice,9701/1,75,40,15.5
7 Equilibria,"7.1 Chemical equilibria: reversible reactions, dynamic equilibrium","use Le Chatelier’s principle to deduce qualitatively (from appropriate information) the effects of changes in temperature, concentration, pressure or presence of a catalyst on a system at equilibrium",Chemistry,Cambridge Assessment International Education,Cambridge International AS & A Level,A Level,Paper 2 AS Level Structured Questions,9701/2,75,60,23
7 Equilibria,"7.1 Chemical equilibria: reversible reactions, dynamic equilibrium","deduce expressions for equilibrium constants in terms of concentrations, Kc",Chemistry,Cambridge Assessment International Education,Cambridge International AS & A Level,AS Level,Paper 1 Multiple Choice,9701/1,75,40,31
7 Equilibria,"7.1 Chemical equilibria: reversible reactions, dynamic equilibrium","deduce expressions for equilibrium constants in terms of concentrations, Kc",Chemistry,Cambridge Assessment International Education,Cambridge International AS & A Level,AS Level,Paper 2 AS Level Structured Questions,9701/2,75,60,46
7 Equilibria,"7.1 Chemical equilibria: reversible reactions, dynamic equilibrium","deduce expressions for equilibrium constants in terms of concentrations, Kc",Chemistry,Cambridge Assessment International Education,Cambridge International AS & A Level,A Level,Paper 1 Multiple Choice,9701/1,75,40,15.5
7 Equilibria,"7.1 Chemical equilibria: reversible reactions, dynamic equilibrium","deduce expressions for equilibrium constants in terms of concentrations, Kc",Chemistry,Cambridge Assessment International Education,Cambridge International AS & A Level,A Level,Paper 2 AS Level Structured Questions,9701/2,75,60,23
7 Equilibria,"7.1 Chemical equilibria: reversible reactions, dynamic equilibrium",use the terms mole fraction and partial pressure,Chemistry,Cambridge Assessment International Education,Cambridge International AS & A Level,AS Level,Paper 1 Multiple Choice,9701/1,75,40,31
7 Equilibria,"7.1 Chemical equilibria: reversible reactions, dynamic equilibrium",use the terms mole fraction and partial pressure,Chemistry,Cambridge Assessment International Education,Cambridge International AS & A Level,AS Level,Paper 2 AS Level Structured Questions,9701/2,75,60,46
7 Equilibria,"7.1 Chemical equilibria: reversible reactions, dynamic equilibrium",use the terms mole fraction and partial pressure,Chemistry,Cambridge Assessment International Education,Cambridge International AS & A Level,A Level,Paper 1 Multiple Choice,9701/1,75,40,15.5
7 Equilibria,"7.1 Chemical equilibria: reversible reactions, dynamic equilibrium",use the terms mole fraction and partial pressure,Chemistry,Cambridge Assessment International Education,Cambridge International AS & A Level,A Level,Paper 2 AS Level Structured Questions,9701/2,75,60,23
7 Equilibria,"7.1 Chemical equilibria: reversible reactions, dynamic equilibrium","deduce expressions for equilibrium constants in terms of partial pressures, Kp (use of the relationship between Kp and Kc is not required)",Chemistry,Cambridge Assessment International Education,Cambridge International AS & A Level,AS Level,Paper 1 Multiple Choice,9701/1,75,40,31
7 Equilibria,"7.1 Chemical equilibria: reversible reactions, dynamic equilibrium","deduce expressions for equilibrium constants in terms of partial pressures, Kp (use of the relationship between Kp and Kc is not required)",Chemistry,Cambridge Assessment International Education,Cambridge International AS & A Level,AS Level,Paper 2 AS Level Structured Questions,9701/2,75,60,46
7 Equilibria,"7.1 Chemical equilibria: reversible reactions, dynamic equilibrium","deduce expressions for equilibrium constants in terms of partial pressures, Kp (use of the relationship between Kp and Kc is not required)",Chemistry,Cambridge Assessment International Education,Cambridge International AS & A Level,A Level,Paper 1 Multiple Choice,9701/1,75,40,15.5
7 Equilibria,"7.1 Chemical equilibria: reversible reactions, dynamic equilibrium","deduce expressions for equilibrium constants in terms of partial pressures, Kp (use of the relationship between Kp and Kc is not required)",Chemistry,Cambridge Assessment International Education,Cambridge International AS & A Level,A Level,Paper 2 AS Level Structured Questions,9701/2,75,60,23
7 Equilibria,"7.1 Chemical equilibria: reversible reactions, dynamic equilibrium",use the Kc and Kp expressions to carry out calculations (such calculations will not require the solving of quadratic equations),Chemistry,Cambridge Assessment International Education,Cambridge International AS & A Level,AS Level,Paper 1 Multiple Choice,9701/1,75,40,31
7 Equilibria,"7.1 Chemical equilibria: reversible reactions, dynamic equilibrium",use the Kc and Kp expressions to carry out calculations (such calculations will not require the solving of quadratic equations),Chemistry,Cambridge Assessment International Education,Cambridge International AS & A Level,AS Level,Paper 2 AS Level Structured Questions,9701/2,75,60,46
7 Equilibria,"7.1 Chemical equilibria: reversible reactions, dynamic equilibrium",use the Kc and Kp expressions to carry out calculations (such calculations will not require the solving of quadratic equations),Chemistry,Cambridge Assessment International Education,Cambridge International AS & A Level,A Level,Paper 1 Multiple Choice,9701/1,75,40,15.5
7 Equilibria,"7.1 Chemical equilibria: reversible reactions, dynamic equilibrium",use the Kc and Kp expressions to carry out calculations (such calculations will not require the solving of quadratic equations),Chemistry,Cambridge Assessment International Education,Cambridge International AS & A Level,A Level,Paper 2 AS Level Structured Questions,9701/2,75,60,23
7 Equilibria,"7.1 Chemical equilibria: reversible reactions, dynamic equilibrium","calculate the quantities present at equilibrium, given appropriate data",Chemistry,Cambridge Assessment International Education,Cambridge International AS & A Level,AS Level,Paper 1 Multiple Choice,9701/1,75,40,31
7 Equilibria,"7.1 Chemical equilibria: reversible reactions, dynamic equilibrium","calculate the quantities present at equilibrium, given appropriate data",Chemistry,Cambridge Assessment International Education,Cambridge International AS & A Level,AS Level,Paper 2 AS Level Structured Questions,9701/2,75,60,46
7 Equilibria,"7.1 Chemical equilibria: reversible reactions, dynamic equilibrium","calculate the quantities present at equilibrium, given appropriate data",Chemistry,Cambridge Assessment International Education,Cambridge International AS & A Level,A Level,Paper 1 Multiple Choice,9701/1,75,40,15.5
7 Equilibria,"7.1 Chemical equilibria: reversible reactions, dynamic equilibrium","calculate the quantities present at equilibrium, given appropriate data",Chemistry,Cambridge Assessment International Education,Cambridge International AS & A Level,A Level,Paper 2 AS Level Structured Questions,9701/2,75,60,23
7 Equilibria,"7.1 Chemical equilibria: reversible reactions, dynamic equilibrium","state whether changes in temperature, concentration or pressure or the presence of a catalyst affect the value of the equilibrium constant for a reaction",Chemistry,Cambridge Assessment International Education,Cambridge International AS & A Level,AS Level,Paper 1 Multiple Choice,9701/1,75,40,31
7 Equilibria,"7.1 Chemical equilibria: reversible reactions, dynamic equilibrium","state whether changes in temperature, concentration or pressure or the presence of a catalyst affect the value of the equilibrium constant for a reaction",Chemistry,Cambridge Assessment International Education,Cambridge International AS & A Level,AS Level,Paper 2 AS Level Structured Questions,9701/2,75,60,46
7 Equilibria,"7.1 Chemical equilibria: reversible reactions, dynamic equilibrium","state whether changes in temperature, concentration or pressure or the presence of a catalyst affect the value of the equilibrium constant for a reaction",Chemistry,Cambridge Assessment International Education,Cambridge International AS & A Level,A Level,Paper 1 Multiple Choice,9701/1,75,40,15.5
7 Equilibria,"7.1 Chemical equilibria: reversible reactions, dynamic equilibrium","state whether changes in temperature, concentration or pressure or the presence of a catalyst affect the value of the equilibrium constant for a reaction",Chemistry,Cambridge Assessment International Education,Cambridge International AS & A Level,A Level,Paper 2 AS Level Structured Questions,9701/2,75,60,23
7 Equilibria,"7.1 Chemical equilibria: reversible reactions, dynamic equilibrium","describe and explain the conditions used in the Haber process and the Contact process, as examples of the importance of an understanding of dynamic equilibrium in the chemical industry and the application of Le Chatelier’s principle",Chemistry,Cambridge Assessment International Education,Cambridge International AS & A Level,AS Level,Paper 1 Multiple Choice,9701/1,75,40,31
7 Equilibria,"7.1 Chemical equilibria: reversible reactions, dynamic equilibrium","describe and explain the conditions used in the Haber process and the Contact process, as examples of the importance of an understanding of dynamic equilibrium in the chemical industry and the application of Le Chatelier’s principle",Chemistry,Cambridge Assessment International Education,Cambridge International AS & A Level,AS Level,Paper 2 AS Level Structured Questions,9701/2,75,60,46
7 Equilibria,"7.1 Chemical equilibria: reversible reactions, dynamic equilibrium","describe and explain the conditions used in the Haber process and the Contact process, as examples of the importance of an understanding of dynamic equilibrium in the chemical industry and the application of Le Chatelier’s principle",Chemistry,Cambridge Assessment International Education,Cambridge International AS & A Level,A Level,Paper 1 Multiple Choice,9701/1,75,40,15.5
7 Equilibria,"7.1 Chemical equilibria: reversible reactions, dynamic equilibrium","describe and explain the conditions used in the Haber process and the Contact process, as examples of the importance of an understanding of dynamic equilibrium in the chemical industry and the application of Le Chatelier’s principle",Chemistry,Cambridge Assessment International Education,Cambridge International AS & A Level,A Level,Paper 2 AS Level Structured Questions,9701/2,75,60,23
7 Equilibria,7.2 Brønsted–Lowry theory of acids and bases,"state the names and formulas of the common acids, limited to hydrochloric acid, HCl, sulfuric acid, H2SO4, nitric acid, HNO3, ethanoic acid, CH3COOH",Chemistry,Cambridge Assessment International Education,Cambridge International AS & A Level,AS Level,Paper 1 Multiple Choice,9701/1,75,40,31
7 Equilibria,7.2 Brønsted–Lowry theory of acids and bases,"state the names and formulas of the common acids, limited to hydrochloric acid, HCl, sulfuric acid, H2SO4, nitric acid, HNO3, ethanoic acid, CH3COOH",Chemistry,Cambridge Assessment International Education,Cambridge International AS & A Level,AS Level,Paper 2 AS Level Structured Questions,9701/2,75,60,46
7 Equilibria,7.2 Brønsted–Lowry theory of acids and bases,"state the names and formulas of the common acids, limited to hydrochloric acid, HCl, sulfuric acid, H2SO4, nitric acid, HNO3, ethanoic acid, CH3COOH",Chemistry,Cambridge Assessment International Education,Cambridge International AS & A Level,A Level,Paper 1 Multiple Choice,9701/1,75,40,15.5
7 Equilibria,7.2 Brønsted–Lowry theory of acids and bases,"state the names and formulas of the common acids, limited to hydrochloric acid, HCl, sulfuric acid, H2SO4, nitric acid, HNO3, ethanoic acid, CH3COOH",Chemistry,Cambridge Assessment International Education,Cambridge International AS & A Level,A Level,Paper 2 AS Level Structured Questions,9701/2,75,60,23
7 Equilibria,7.2 Brønsted–Lowry theory of acids and bases,"state the names and formulas of the common alkalis, limited to sodium hydroxide, NaOH, potassium hydroxide, KOH, ammonia, NH3",Chemistry,Cambridge Assessment International Education,Cambridge International AS & A Level,AS Level,Paper 1 Multiple Choice,9701/1,75,40,31
7 Equilibria,7.2 Brønsted–Lowry theory of acids and bases,"state the names and formulas of the common alkalis, limited to sodium hydroxide, NaOH, potassium hydroxide, KOH, ammonia, NH3",Chemistry,Cambridge Assessment International Education,Cambridge International AS & A Level,AS Level,Paper 2 AS Level Structured Questions,9701/2,75,60,46
7 Equilibria,7.2 Brønsted–Lowry theory of acids and bases,"state the names and formulas of the common alkalis, limited to sodium hydroxide, NaOH, potassium hydroxide, KOH, ammonia, NH3",Chemistry,Cambridge Assessment International Education,Cambridge International AS & A Level,A Level,Paper 1 Multiple Choice,9701/1,75,40,15.5
7 Equilibria,7.2 Brønsted–Lowry theory of acids and bases,"state the names and formulas of the common alkalis, limited to sodium hydroxide, NaOH, potassium hydroxide, KOH, ammonia, NH3",Chemistry,Cambridge Assessment International Education,Cambridge International AS & A Level,A Level,Paper 2 AS Level Structured Questions,9701/2,75,60,23
7 Equilibria,7.2 Brønsted–Lowry theory of acids and bases,describe the Brønsted–Lowry theory of acids and bases,Chemistry,Cambridge Assessment International Education,Cambridge International AS & A Level,AS Level,Paper 1 Multiple Choice,9701/1,75,40,31
7 Equilibria,7.2 Brønsted–Lowry theory of acids and bases,describe the Brønsted–Lowry theory of acids and bases,Chemistry,Cambridge Assessment International Education,Cambridge International AS & A Level,AS Level,Paper 2 AS Level Structured Questions,9701/2,75,60,46
7 Equilibria,7.2 Brønsted–Lowry theory of acids and bases,describe the Brønsted–Lowry theory of acids and bases,Chemistry,Cambridge Assessment International Education,Cambridge International AS & A Level,A Level,Paper 1 Multiple Choice,9701/1,75,40,15.5
7 Equilibria,7.2 Brønsted–Lowry theory of acids and bases,describe the Brønsted–Lowry theory of acids and bases,Chemistry,Cambridge Assessment International Education,Cambridge International AS & A Level,A Level,Paper 2 AS Level Structured Questions,9701/2,75,60,23
7 Equilibria,7.2 Brønsted–Lowry theory of acids and bases,describe strong acids and strong bases as fully dissociated in aqueous solution and weak acids and weak bases as partially dissociated in aqueous solution,Chemistry,Cambridge Assessment International Education,Cambridge International AS & A Level,AS Level,Paper 1 Multiple Choice,9701/1,75,40,31
7 Equilibria,7.2 Brønsted–Lowry theory of acids and bases,describe strong acids and strong bases as fully dissociated in aqueous solution and weak acids and weak bases as partially dissociated in aqueous solution,Chemistry,Cambridge Assessment International Education,Cambridge International AS & A Level,AS Level,Paper 2 AS Level Structured Questions,9701/2,75,60,46
7 Equilibria,7.2 Brønsted–Lowry theory of acids and bases,describe strong acids and strong bases as fully dissociated in aqueous solution and weak acids and weak bases as partially dissociated in aqueous solution,Chemistry,Cambridge Assessment International Education,Cambridge International AS & A Level,A Level,Paper 1 Multiple Choice,9701/1,75,40,15.5
7 Equilibria,7.2 Brønsted–Lowry theory of acids and bases,describe strong acids and strong bases as fully dissociated in aqueous solution and weak acids and weak bases as partially dissociated in aqueous solution,Chemistry,Cambridge Assessment International Education,Cambridge International AS & A Level,A Level,Paper 2 AS Level Structured Questions,9701/2,75,60,23
7 Equilibria,7.2 Brønsted–Lowry theory of acids and bases,"appreciate that water has pH of 7, acid solutions pH of below 7 and alkaline solutions pH of above 7",Chemistry,Cambridge Assessment International Education,Cambridge International AS & A Level,AS Level,Paper 1 Multiple Choice,9701/1,75,40,31
7 Equilibria,7.2 Brønsted–Lowry theory of acids and bases,"appreciate that water has pH of 7, acid solutions pH of below 7 and alkaline solutions pH of above 7",Chemistry,Cambridge Assessment International Education,Cambridge International AS & A Level,AS Level,Paper 2 AS Level Structured Questions,9701/2,75,60,46
7 Equilibria,7.2 Brønsted–Lowry theory of acids and bases,"appreciate that water has pH of 7, acid solutions pH of below 7 and alkaline solutions pH of above 7",Chemistry,Cambridge Assessment International Education,Cambridge International AS & A Level,A Level,Paper 1 Multiple Choice,9701/1,75,40,15.5
7 Equilibria,7.2 Brønsted–Lowry theory of acids and bases,"appreciate that water has pH of 7, acid solutions pH of below 7 and alkaline solutions pH of above 7",Chemistry,Cambridge Assessment International Education,Cambridge International AS & A Level,A Level,Paper 2 AS Level Structured Questions,9701/2,75,60,23
7 Equilibria,7.2 Brønsted–Lowry theory of acids and bases,"explain qualitatively the differences in behaviour between strong and weak acids including the reaction with a reactive metal and difference in pH values by use of a pH meter, universal indicator or conductivity",Chemistry,Cambridge Assessment International Education,Cambridge International AS & A Level,AS Level,Paper 1 Multiple Choice,9701/1,75,40,31
7 Equilibria,7.2 Brønsted–Lowry theory of acids and bases,"explain qualitatively the differences in behaviour between strong and weak acids including the reaction with a reactive metal and difference in pH values by use of a pH meter, universal indicator or conductivity",Chemistry,Cambridge Assessment International Education,Cambridge International AS & A Level,AS Level,Paper 2 AS Level Structured Questions,9701/2,75,60,46
7 Equilibria,7.2 Brønsted–Lowry theory of acids and bases,"explain qualitatively the differences in behaviour between strong and weak acids including the reaction with a reactive metal and difference in pH values by use of a pH meter, universal indicator or conductivity",Chemistry,Cambridge Assessment International Education,Cambridge International AS & A Level,A Level,Paper 1 Multiple Choice,9701/1,75,40,15.5
7 Equilibria,7.2 Brønsted–Lowry theory of acids and bases,"explain qualitatively the differences in behaviour between strong and weak acids including the reaction with a reactive metal and difference in pH values by use of a pH meter, universal indicator or conductivity",Chemistry,Cambridge Assessment International Education,Cambridge International AS & A Level,A Level,Paper 2 AS Level Structured Questions,9701/2,75,60,23
7 Equilibria,7.2 Brønsted–Lowry theory of acids and bases,understand that neutralisation reactions occur when H+(aq) and OH – (aq) form H2O(l),Chemistry,Cambridge Assessment International Education,Cambridge International AS & A Level,AS Level,Paper 1 Multiple Choice,9701/1,75,40,31
7 Equilibria,7.2 Brønsted–Lowry theory of acids and bases,understand that neutralisation reactions occur when H+(aq) and OH – (aq) form H2O(l),Chemistry,Cambridge Assessment International Education,Cambridge International AS & A Level,AS Level,Paper 2 AS Level Structured Questions,9701/2,75,60,46
7 Equilibria,7.2 Brønsted–Lowry theory of acids and bases,understand that neutralisation reactions occur when H+(aq) and OH – (aq) form H2O(l),Chemistry,Cambridge Assessment International Education,Cambridge International AS & A Level,A Level,Paper 1 Multiple Choice,9701/1,75,40,15.5
7 Equilibria,7.2 Brønsted–Lowry theory of acids and bases,understand that neutralisation reactions occur when H+(aq) and OH – (aq) form H2O(l),Chemistry,Cambridge Assessment International Education,Cambridge International AS & A Level,A Level,Paper 2 AS Level Structured Questions,9701/2,75,60,23
7 Equilibria,7.2 Brønsted–Lowry theory of acids and bases,understand that salts are formed in neutralisation reactions,Chemistry,Cambridge Assessment International Education,Cambridge International AS & A Level,AS Level,Paper 1 Multiple Choice,9701/1,75,40,31
7 Equilibria,7.2 Brønsted–Lowry theory of acids and bases,understand that salts are formed in neutralisation reactions,Chemistry,Cambridge Assessment International Education,Cambridge International AS & A Level,AS Level,Paper 2 AS Level Structured Questions,9701/2,75,60,46
7 Equilibria,7.2 Brønsted–Lowry theory of acids and bases,understand that salts are formed in neutralisation reactions,Chemistry,Cambridge Assessment International Education,Cambridge International AS & A Level,A Level,Paper 1 Multiple Choice,9701/1,75,40,15.5
7 Equilibria,7.2 Brønsted–Lowry theory of acids and bases,understand that salts are formed in neutralisation reactions,Chemistry,Cambridge Assessment International Education,Cambridge International AS & A Level,A Level,Paper 2 AS Level Structured Questions,9701/2,75,60,23
7 Equilibria,7.2 Brønsted–Lowry theory of acids and bases,sketch the pH titration curves of titrations using combinations of strong and weak acids with strong and weak alkalis,Chemistry,Cambridge Assessment International Education,Cambridge International AS & A Level,AS Level,Paper 1 Multiple Choice,9701/1,75,40,31
7 Equilibria,7.2 Brønsted–Lowry theory of acids and bases,sketch the pH titration curves of titrations using combinations of strong and weak acids with strong and weak alkalis,Chemistry,Cambridge Assessment International Education,Cambridge International AS & A Level,AS Level,Paper 2 AS Level Structured Questions,9701/2,75,60,46
7 Equilibria,7.2 Brønsted–Lowry theory of acids and bases,sketch the pH titration curves of titrations using combinations of strong and weak acids with strong and weak alkalis,Chemistry,Cambridge Assessment International Education,Cambridge International AS & A Level,A Level,Paper 1 Multiple Choice,9701/1,75,40,15.5
7 Equilibria,7.2 Brønsted–Lowry theory of acids and bases,sketch the pH titration curves of titrations using combinations of strong and weak acids with strong and weak alkalis,Chemistry,Cambridge Assessment International Education,Cambridge International AS & A Level,A Level,Paper 2 AS Level Structured Questions,9701/2,75,60,23
7 Equilibria,7.2 Brønsted–Lowry theory of acids and bases,"select suitable indicators for acid-alkali titrations, given appropriate data (pKa values will not be used)",Chemistry,Cambridge Assessment International Education,Cambridge International AS & A Level,AS Level,Paper 1 Multiple Choice,9701/1,75,40,31
7 Equilibria,7.2 Brønsted–Lowry theory of acids and bases,"select suitable indicators for acid-alkali titrations, given appropriate data (pKa values will not be used)",Chemistry,Cambridge Assessment International Education,Cambridge International AS & A Level,AS Level,Paper 2 AS Level Structured Questions,9701/2,75,60,46
7 Equilibria,7.2 Brønsted–Lowry theory of acids and bases,"select suitable indicators for acid-alkali titrations, given appropriate data (pKa values will not be used)",Chemistry,Cambridge Assessment International Education,Cambridge International AS & A Level,A Level,Paper 1 Multiple Choice,9701/1,75,40,15.5
7 Equilibria,7.2 Brønsted–Lowry theory of acids and bases,"select suitable indicators for acid-alkali titrations, given appropriate data (pKa values will not be used)",Chemistry,Cambridge Assessment International Education,Cambridge International AS & A Level,A Level,Paper 2 AS Level Structured Questions,9701/2,75,60,23
8 Reaction kinetics,8.1 Rate of reaction,"explain and use the term rate of reaction, frequency of collisions, effective collisions and non-effective collisions",Chemistry,Cambridge Assessment International Education,Cambridge International AS & A Level,AS Level,Paper 1 Multiple Choice,9701/1,75,40,31
8 Reaction kinetics,8.1 Rate of reaction,"explain and use the term rate of reaction, frequency of collisions, effective collisions and non-effective collisions",Chemistry,Cambridge Assessment International Education,Cambridge International AS & A Level,AS Level,Paper 2 AS Level Structured Questions,9701/2,75,60,46
8 Reaction kinetics,8.1 Rate of reaction,"explain and use the term rate of reaction, frequency of collisions, effective collisions and non-effective collisions",Chemistry,Cambridge Assessment International Education,Cambridge International AS & A Level,A Level,Paper 1 Multiple Choice,9701/1,75,40,15.5
8 Reaction kinetics,8.1 Rate of reaction,"explain and use the term rate of reaction, frequency of collisions, effective collisions and non-effective collisions",Chemistry,Cambridge Assessment International Education,Cambridge International AS & A Level,A Level,Paper 2 AS Level Structured Questions,9701/2,75,60,23
8 Reaction kinetics,8.1 Rate of reaction,"explain qualitatively, in terms of frequency of effective collisions, the effect of concentration and pressure changes on the rate of a reaction",Chemistry,Cambridge Assessment International Education,Cambridge International AS & A Level,AS Level,Paper 1 Multiple Choice,9701/1,75,40,31
8 Reaction kinetics,8.1 Rate of reaction,"explain qualitatively, in terms of frequency of effective collisions, the effect of concentration and pressure changes on the rate of a reaction",Chemistry,Cambridge Assessment International Education,Cambridge International AS & A Level,AS Level,Paper 2 AS Level Structured Questions,9701/2,75,60,46
8 Reaction kinetics,8.1 Rate of reaction,"explain qualitatively, in terms of frequency of effective collisions, the effect of concentration and pressure changes on the rate of a reaction",Chemistry,Cambridge Assessment International Education,Cambridge International AS & A Level,A Level,Paper 1 Multiple Choice,9701/1,75,40,15.5
8 Reaction kinetics,8.1 Rate of reaction,"explain qualitatively, in terms of frequency of effective collisions, the effect of concentration and pressure changes on the rate of a reaction",Chemistry,Cambridge Assessment International Education,Cambridge International AS & A Level,A Level,Paper 2 AS Level Structured Questions,9701/2,75,60,23
8 Reaction kinetics,8.1 Rate of reaction,use experimental data to calculate the rate of a reaction,Chemistry,Cambridge Assessment International Education,Cambridge International AS & A Level,AS Level,Paper 1 Multiple Choice,9701/1,75,40,31
8 Reaction kinetics,8.1 Rate of reaction,use experimental data to calculate the rate of a reaction,Chemistry,Cambridge Assessment International Education,Cambridge International AS & A Level,AS Level,Paper 2 AS Level Structured Questions,9701/2,75,60,46
8 Reaction kinetics,8.1 Rate of reaction,use experimental data to calculate the rate of a reaction,Chemistry,Cambridge Assessment International Education,Cambridge International AS & A Level,A Level,Paper 1 Multiple Choice,9701/1,75,40,15.5
8 Reaction kinetics,8.1 Rate of reaction,use experimental data to calculate the rate of a reaction,Chemistry,Cambridge Assessment International Education,Cambridge International AS & A Level,A Level,Paper 2 AS Level Structured Questions,9701/2,75,60,23
8 Reaction kinetics,8.2 Effect of temperature on reaction rates and the concept of activation energy,"define activation energy, EA, as the minimum energy required for a collision to be effective",Chemistry,Cambridge Assessment International Education,Cambridge International AS & A Level,AS Level,Paper 1 Multiple Choice,9701/1,75,40,31
8 Reaction kinetics,8.2 Effect of temperature on reaction rates and the concept of activation energy,"define activation energy, EA, as the minimum energy required for a collision to be effective",Chemistry,Cambridge Assessment International Education,Cambridge International AS & A Level,AS Level,Paper 2 AS Level Structured Questions,9701/2,75,60,46
8 Reaction kinetics,8.2 Effect of temperature on reaction rates and the concept of activation energy,"define activation energy, EA, as the minimum energy required for a collision to be effective",Chemistry,Cambridge Assessment International Education,Cambridge International AS & A Level,A Level,Paper 1 Multiple Choice,9701/1,75,40,15.5
8 Reaction kinetics,8.2 Effect of temperature on reaction rates and the concept of activation energy,"define activation energy, EA, as the minimum energy required for a collision to be effective",Chemistry,Cambridge Assessment International Education,Cambridge International AS & A Level,A Level,Paper 2 AS Level Structured Questions,9701/2,75,60,23
8 Reaction kinetics,8.2 Effect of temperature on reaction rates and the concept of activation energy,sketch and use the Boltzmann distribution to explain the significance of activation energy,Chemistry,Cambridge Assessment International Education,Cambridge International AS & A Level,AS Level,Paper 1 Multiple Choice,9701/1,75,40,31
8 Reaction kinetics,8.2 Effect of temperature on reaction rates and the concept of activation energy,sketch and use the Boltzmann distribution to explain the significance of activation energy,Chemistry,Cambridge Assessment International Education,Cambridge International AS & A Level,AS Level,Paper 2 AS Level Structured Questions,9701/2,75,60,46
8 Reaction kinetics,8.2 Effect of temperature on reaction rates and the concept of activation energy,sketch and use the Boltzmann distribution to explain the significance of activation energy,Chemistry,Cambridge Assessment International Education,Cambridge International AS & A Level,A Level,Paper 1 Multiple Choice,9701/1,75,40,15.5
8 Reaction kinetics,8.2 Effect of temperature on reaction rates and the concept of activation energy,sketch and use the Boltzmann distribution to explain the significance of activation energy,Chemistry,Cambridge Assessment International Education,Cambridge International AS & A Level,A Level,Paper 2 AS Level Structured Questions,9701/2,75,60,23
8 Reaction kinetics,8.2 Effect of temperature on reaction rates and the concept of activation energy,"explain qualitatively, in terms both of the Boltzmann distribution and of frequency of effective collisions, the effect of temperature change on the rate of a reaction",Chemistry,Cambridge Assessment International Education,Cambridge International AS & A Level,AS Level,Paper 1 Multiple Choice,9701/1,75,40,31
8 Reaction kinetics,8.2 Effect of temperature on reaction rates and the concept of activation energy,"explain qualitatively, in terms both of the Boltzmann distribution and of frequency of effective collisions, the effect of temperature change on the rate of a reaction",Chemistry,Cambridge Assessment International Education,Cambridge International AS & A Level,AS Level,Paper 2 AS Level Structured Questions,9701/2,75,60,46
8 Reaction kinetics,8.2 Effect of temperature on reaction rates and the concept of activation energy,"explain qualitatively, in terms both of the Boltzmann distribution and of frequency of effective collisions, the effect of temperature change on the rate of a reaction",Chemistry,Cambridge Assessment International Education,Cambridge International AS & A Level,A Level,Paper 1 Multiple Choice,9701/1,75,40,15.5
8 Reaction kinetics,8.2 Effect of temperature on reaction rates and the concept of activation energy,"explain qualitatively, in terms both of the Boltzmann distribution and of frequency of effective collisions, the effect of temperature change on the rate of a reaction",Chemistry,Cambridge Assessment International Education,Cambridge International AS & A Level,A Level,Paper 2 AS Level Structured Questions,9701/2,75,60,23
8 Reaction kinetics,8.3 Homogeneous and heterogeneous catalysts,"explain and use the terms catalyst and catalysis: (a) explain that, in the presence of a catalyst, a reaction has a different mechanism, i.e. one of lower activation energy (b) explain this catalytic effect in terms of the Boltzmann distribution (c) construct and interpret a reaction pathway diagram, for a reaction in the presence and absence of an effective catalyst",Chemistry,Cambridge Assessment International Education,Cambridge International AS & A Level,AS Level,Paper 1 Multiple Choice,9701/1,75,40,31
8 Reaction kinetics,8.3 Homogeneous and heterogeneous catalysts,"explain and use the terms catalyst and catalysis: (a) explain that, in the presence of a catalyst, a reaction has a different mechanism, i.e. one of lower activation energy (b) explain this catalytic effect in terms of the Boltzmann distribution (c) construct and interpret a reaction pathway diagram, for a reaction in the presence and absence of an effective catalyst",Chemistry,Cambridge Assessment International Education,Cambridge International AS & A Level,AS Level,Paper 2 AS Level Structured Questions,9701/2,75,60,46
8 Reaction kinetics,8.3 Homogeneous and heterogeneous catalysts,"explain and use the terms catalyst and catalysis: (a) explain that, in the presence of a catalyst, a reaction has a different mechanism, i.e. one of lower activation energy (b) explain this catalytic effect in terms of the Boltzmann distribution (c) construct and interpret a reaction pathway diagram, for a reaction in the presence and absence of an effective catalyst",Chemistry,Cambridge Assessment International Education,Cambridge International AS & A Level,A Level,Paper 1 Multiple Choice,9701/1,75,40,15.5
8 Reaction kinetics,8.3 Homogeneous and heterogeneous catalysts,"explain and use the terms catalyst and catalysis: (a) explain that, in the presence of a catalyst, a reaction has a different mechanism, i.e. one of lower activation energy (b) explain this catalytic effect in terms of the Boltzmann distribution (c) construct and interpret a reaction pathway diagram, for a reaction in the presence and absence of an effective catalyst",Chemistry,Cambridge Assessment International Education,Cambridge International AS & A Level,A Level,Paper 2 AS Level Structured Questions,9701/2,75,60,23
9 The Periodic Table: chemical periodicity,9.1 Periodicity of physical properties of the elements in Period 3,"describe qualitatively (and indicate the periodicity in) the variations in atomic radius, ionic radius, melting point and electrical conductivity of the elements",Chemistry,Cambridge Assessment International Education,Cambridge International AS & A Level,AS Level,Paper 1 Multiple Choice,9701/1,75,40,31
9 The Periodic Table: chemical periodicity,9.1 Periodicity of physical properties of the elements in Period 3,"describe qualitatively (and indicate the periodicity in) the variations in atomic radius, ionic radius, melting point and electrical conductivity of the elements",Chemistry,Cambridge Assessment International Education,Cambridge International AS & A Level,AS Level,Paper 2 AS Level Structured Questions,9701/2,75,60,46
9 The Periodic Table: chemical periodicity,9.1 Periodicity of physical properties of the elements in Period 3,"describe qualitatively (and indicate the periodicity in) the variations in atomic radius, ionic radius, melting point and electrical conductivity of the elements",Chemistry,Cambridge Assessment International Education,Cambridge International AS & A Level,A Level,Paper 1 Multiple Choice,9701/1,75,40,15.5
9 The Periodic Table: chemical periodicity,9.1 Periodicity of physical properties of the elements in Period 3,"describe qualitatively (and indicate the periodicity in) the variations in atomic radius, ionic radius, melting point and electrical conductivity of the elements",Chemistry,Cambridge Assessment International Education,Cambridge International AS & A Level,A Level,Paper 2 AS Level Structured Questions,9701/2,75,60,23
9 The Periodic Table: chemical periodicity,9.1 Periodicity of physical properties of the elements in Period 3,explain the variation in melting point and electrical conductivity in terms of the structure and bonding of the elements,Chemistry,Cambridge Assessment International Education,Cambridge International AS & A Level,AS Level,Paper 1 Multiple Choice,9701/1,75,40,31
9 The Periodic Table: chemical periodicity,9.1 Periodicity of physical properties of the elements in Period 3,explain the variation in melting point and electrical conductivity in terms of the structure and bonding of the elements,Chemistry,Cambridge Assessment International Education,Cambridge International AS & A Level,AS Level,Paper 2 AS Level Structured Questions,9701/2,75,60,46
9 The Periodic Table: chemical periodicity,9.1 Periodicity of physical properties of the elements in Period 3,explain the variation in melting point and electrical conductivity in terms of the structure and bonding of the elements,Chemistry,Cambridge Assessment International Education,Cambridge International AS & A Level,A Level,Paper 1 Multiple Choice,9701/1,75,40,15.5
9 The Periodic Table: chemical periodicity,9.1 Periodicity of physical properties of the elements in Period 3,explain the variation in melting point and electrical conductivity in terms of the structure and bonding of the elements,Chemistry,Cambridge Assessment International Education,Cambridge International AS & A Level,A Level,Paper 2 AS Level Structured Questions,9701/2,75,60,23
9 The Periodic Table: chemical periodicity,9.2 Periodicity of chemical properties of the elements in Period 3,"describe, and write equations for, the reactions of the elements with oxygen (to give Na2O, MgO, Al 2O3, P4O10, SO2), chlorine (to give NaCl, MgCl 2, Al Cl 3, SiCl 4, PCl 5) and water (Na and Mg only)",Chemistry,Cambridge Assessment International Education,Cambridge International AS & A Level,AS Level,Paper 1 Multiple Choice,9701/1,75,40,31
9 The Periodic Table: chemical periodicity,9.2 Periodicity of chemical properties of the elements in Period 3,"describe, and write equations for, the reactions of the elements with oxygen (to give Na2O, MgO, Al 2O3, P4O10, SO2), chlorine (to give NaCl, MgCl 2, Al Cl 3, SiCl 4, PCl 5) and water (Na and Mg only)",Chemistry,Cambridge Assessment International Education,Cambridge International AS & A Level,AS Level,Paper 2 AS Level Structured Questions,9701/2,75,60,46
9 The Periodic Table: chemical periodicity,9.2 Periodicity of chemical properties of the elements in Period 3,"describe, and write equations for, the reactions of the elements with oxygen (to give Na2O, MgO, Al 2O3, P4O10, SO2), chlorine (to give NaCl, MgCl 2, Al Cl 3, SiCl 4, PCl 5) and water (Na and Mg only)",Chemistry,Cambridge Assessment International Education,Cambridge International AS & A Level,A Level,Paper 1 Multiple Choice,9701/1,75,40,15.5
9 The Periodic Table: chemical periodicity,9.2 Periodicity of chemical properties of the elements in Period 3,"describe, and write equations for, the reactions of the elements with oxygen (to give Na2O, MgO, Al 2O3, P4O10, SO2), chlorine (to give NaCl, MgCl 2, Al Cl 3, SiCl 4, PCl 5) and water (Na and Mg only)",Chemistry,Cambridge Assessment International Education,Cambridge International AS & A Level,A Level,Paper 2 AS Level Structured Questions,9701/2,75,60,23
9 The Periodic Table: chemical periodicity,9.2 Periodicity of chemical properties of the elements in Period 3,"state and explain the variation in the oxidation number of the oxides (Na2O, MgO, Al 2O3, P4O10, SO2 and SO3 only) and chlorides (NaCl, MgCl 2, Al Cl 3, SiCl 4, PCl 5 only) in terms of their outer shell (valence shell) electrons",Chemistry,Cambridge Assessment International Education,Cambridge International AS & A Level,AS Level,Paper 1 Multiple Choice,9701/1,75,40,31
9 The Periodic Table: chemical periodicity,9.2 Periodicity of chemical properties of the elements in Period 3,"state and explain the variation in the oxidation number of the oxides (Na2O, MgO, Al 2O3, P4O10, SO2 and SO3 only) and chlorides (NaCl, MgCl 2, Al Cl 3, SiCl 4, PCl 5 only) in terms of their outer shell (valence shell) electrons",Chemistry,Cambridge Assessment International Education,Cambridge International AS & A Level,AS Level,Paper 2 AS Level Structured Questions,9701/2,75,60,46
9 The Periodic Table: chemical periodicity,9.2 Periodicity of chemical properties of the elements in Period 3,"state and explain the variation in the oxidation number of the oxides (Na2O, MgO, Al 2O3, P4O10, SO2 and SO3 only) and chlorides (NaCl, MgCl 2, Al Cl 3, SiCl 4, PCl 5 only) in terms of their outer shell (valence shell) electrons",Chemistry,Cambridge Assessment International Education,Cambridge International AS & A Level,A Level,Paper 1 Multiple Choice,9701/1,75,40,15.5
9 The Periodic Table: chemical periodicity,9.2 Periodicity of chemical properties of the elements in Period 3,"state and explain the variation in the oxidation number of the oxides (Na2O, MgO, Al 2O3, P4O10, SO2 and SO3 only) and chlorides (NaCl, MgCl 2, Al Cl 3, SiCl 4, PCl 5 only) in terms of their outer shell (valence shell) electrons",Chemistry,Cambridge Assessment International Education,Cambridge International AS & A Level,A Level,Paper 2 AS Level Structured Questions,9701/2,75,60,23
9 The Periodic Table: chemical periodicity,9.2 Periodicity of chemical properties of the elements in Period 3,"describe, and write equations for, the reactions, if any, of the oxides Na2O, MgO, Al 2O3, SiO2, P4O10, SO2 and SO3 with water including the likely pHs of the solutions obtained",Chemistry,Cambridge Assessment International Education,Cambridge International AS & A Level,AS Level,Paper 1 Multiple Choice,9701/1,75,40,31
9 The Periodic Table: chemical periodicity,9.2 Periodicity of chemical properties of the elements in Period 3,"describe, and write equations for, the reactions, if any, of the oxides Na2O, MgO, Al 2O3, SiO2, P4O10, SO2 and SO3 with water including the likely pHs of the solutions obtained",Chemistry,Cambridge Assessment International Education,Cambridge International AS & A Level,AS Level,Paper 2 AS Level Structured Questions,9701/2,75,60,46
9 The Periodic Table: chemical periodicity,9.2 Periodicity of chemical properties of the elements in Period 3,"describe, and write equations for, the reactions, if any, of the oxides Na2O, MgO, Al 2O3, SiO2, P4O10, SO2 and SO3 with water including the likely pHs of the solutions obtained",Chemistry,Cambridge Assessment International Education,Cambridge International AS & A Level,A Level,Paper 1 Multiple Choice,9701/1,75,40,15.5
9 The Periodic Table: chemical periodicity,9.2 Periodicity of chemical properties of the elements in Period 3,"describe, and write equations for, the reactions, if any, of the oxides Na2O, MgO, Al 2O3, SiO2, P4O10, SO2 and SO3 with water including the likely pHs of the solutions obtained",Chemistry,Cambridge Assessment International Education,Cambridge International AS & A Level,A Level,Paper 2 AS Level Structured Questions,9701/2,75,60,23
9 The Periodic Table: chemical periodicity,9.2 Periodicity of chemical properties of the elements in Period 3,"describe, explain, and write equations for, the acid / base behaviour of the oxides Na2O, MgO, Al 2O3, P4O10, SO2 and SO3 and the hydroxides NaOH, Mg(OH)2 and Al (OH)3 including, where relevant, amphoteric behaviour in reactions with acids and bases (sodium hydroxide only)",Chemistry,Cambridge Assessment International Education,Cambridge International AS & A Level,AS Level,Paper 1 Multiple Choice,9701/1,75,40,31
9 The Periodic Table: chemical periodicity,9.2 Periodicity of chemical properties of the elements in Period 3,"describe, explain, and write equations for, the acid / base behaviour of the oxides Na2O, MgO, Al 2O3, P4O10, SO2 and SO3 and the hydroxides NaOH, Mg(OH)2 and Al (OH)3 including, where relevant, amphoteric behaviour in reactions with acids and bases (sodium hydroxide only)",Chemistry,Cambridge Assessment International Education,Cambridge International AS & A Level,AS Level,Paper 2 AS Level Structured Questions,9701/2,75,60,46
9 The Periodic Table: chemical periodicity,9.2 Periodicity of chemical properties of the elements in Period 3,"describe, explain, and write equations for, the acid / base behaviour of the oxides Na2O, MgO, Al 2O3, P4O10, SO2 and SO3 and the hydroxides NaOH, Mg(OH)2 and Al (OH)3 including, where relevant, amphoteric behaviour in reactions with acids and bases (sodium hydroxide only)",Chemistry,Cambridge Assessment International Education,Cambridge International AS & A Level,A Level,Paper 1 Multiple Choice,9701/1,75,40,15.5
9 The Periodic Table: chemical periodicity,9.2 Periodicity of chemical properties of the elements in Period 3,"describe, explain, and write equations for, the acid / base behaviour of the oxides Na2O, MgO, Al 2O3, P4O10, SO2 and SO3 and the hydroxides NaOH, Mg(OH)2 and Al (OH)3 including, where relevant, amphoteric behaviour in reactions with acids and bases (sodium hydroxide only)",Chemistry,Cambridge Assessment International Education,Cambridge International AS & A Level,A Level,Paper 2 AS Level Structured Questions,9701/2,75,60,23
9 The Periodic Table: chemical periodicity,9.2 Periodicity of chemical properties of the elements in Period 3,"describe, explain, and write equations for, the reactions of the chlorides NaCl, MgCl 2, Al Cl 3, SiCl 4, PCl 5 with water including the likely pHs of the solutions obtained",Chemistry,Cambridge Assessment International Education,Cambridge International AS & A Level,AS Level,Paper 1 Multiple Choice,9701/1,75,40,31
9 The Periodic Table: chemical periodicity,9.2 Periodicity of chemical properties of the elements in Period 3,"describe, explain, and write equations for, the reactions of the chlorides NaCl, MgCl 2, Al Cl 3, SiCl 4, PCl 5 with water including the likely pHs of the solutions obtained",Chemistry,Cambridge Assessment International Education,Cambridge International AS & A Level,AS Level,Paper 2 AS Level Structured Questions,9701/2,75,60,46
9 The Periodic Table: chemical periodicity,9.2 Periodicity of chemical properties of the elements in Period 3,"describe, explain, and write equations for, the reactions of the chlorides NaCl, MgCl 2, Al Cl 3, SiCl 4, PCl 5 with water including the likely pHs of the solutions obtained",Chemistry,Cambridge Assessment International Education,Cambridge International AS & A Level,A Level,Paper 1 Multiple Choice,9701/1,75,40,15.5
9 The Periodic Table: chemical periodicity,9.2 Periodicity of chemical properties of the elements in Period 3,"describe, explain, and write equations for, the reactions of the chlorides NaCl, MgCl 2, Al Cl 3, SiCl 4, PCl 5 with water including the likely pHs of the solutions obtained",Chemistry,Cambridge Assessment International Education,Cambridge International AS & A Level,A Level,Paper 2 AS Level Structured Questions,9701/2,75,60,23
9 The Periodic Table: chemical periodicity,9.2 Periodicity of chemical properties of the elements in Period 3,"explain the variations and trends in 9.2.2, 9.2.3, 9.2.4 and 9.2.5 in terms of bonding and electronegativity",Chemistry,Cambridge Assessment International Education,Cambridge International AS & A Level,AS Level,Paper 1 Multiple Choice,9701/1,75,40,31
9 The Periodic Table: chemical periodicity,9.2 Periodicity of chemical properties of the elements in Period 3,"explain the variations and trends in 9.2.2, 9.2.3, 9.2.4 and 9.2.5 in terms of bonding and electronegativity",Chemistry,Cambridge Assessment International Education,Cambridge International AS & A Level,AS Level,Paper 2 AS Level Structured Questions,9701/2,75,60,46
9 The Periodic Table: chemical periodicity,9.2 Periodicity of chemical properties of the elements in Period 3,"explain the variations and trends in 9.2.2, 9.2.3, 9.2.4 and 9.2.5 in terms of bonding and electronegativity",Chemistry,Cambridge Assessment International Education,Cambridge International AS & A Level,A Level,Paper 1 Multiple Choice,9701/1,75,40,15.5
9 The Periodic Table: chemical periodicity,9.2 Periodicity of chemical properties of the elements in Period 3,"explain the variations and trends in 9.2.2, 9.2.3, 9.2.4 and 9.2.5 in terms of bonding and electronegativity",Chemistry,Cambridge Assessment International Education,Cambridge International AS & A Level,A Level,Paper 2 AS Level Structured Questions,9701/2,75,60,23
9 The Periodic Table: chemical periodicity,9.2 Periodicity of chemical properties of the elements in Period 3,suggest the types of chemical bonding present in the chlorides and oxides from observations of their chemical and physical properties,Chemistry,Cambridge Assessment International Education,Cambridge International AS & A Level,AS Level,Paper 1 Multiple Choice,9701/1,75,40,31
9 The Periodic Table: chemical periodicity,9.2 Periodicity of chemical properties of the elements in Period 3,suggest the types of chemical bonding present in the chlorides and oxides from observations of their chemical and physical properties,Chemistry,Cambridge Assessment International Education,Cambridge International AS & A Level,AS Level,Paper 2 AS Level Structured Questions,9701/2,75,60,46
9 The Periodic Table: chemical periodicity,9.2 Periodicity of chemical properties of the elements in Period 3,suggest the types of chemical bonding present in the chlorides and oxides from observations of their chemical and physical properties,Chemistry,Cambridge Assessment International Education,Cambridge International AS & A Level,A Level,Paper 1 Multiple Choice,9701/1,75,40,15.5
9 The Periodic Table: chemical periodicity,9.2 Periodicity of chemical properties of the elements in Period 3,suggest the types of chemical bonding present in the chlorides and oxides from observations of their chemical and physical properties,Chemistry,Cambridge Assessment International Education,Cambridge International AS & A Level,A Level,Paper 2 AS Level Structured Questions,9701/2,75,60,23
9 The Periodic Table: chemical periodicity,9.3 Chemical periodicity of other elements,predict the characteristic properties of an element in a given group by using knowledge of chemical periodicity,Chemistry,Cambridge Assessment International Education,Cambridge International AS & A Level,AS Level,Paper 1 Multiple Choice,9701/1,75,40,31
9 The Periodic Table: chemical periodicity,9.3 Chemical periodicity of other elements,predict the characteristic properties of an element in a given group by using knowledge of chemical periodicity,Chemistry,Cambridge Assessment International Education,Cambridge International AS & A Level,AS Level,Paper 2 AS Level Structured Questions,9701/2,75,60,46
9 The Periodic Table: chemical periodicity,9.3 Chemical periodicity of other elements,predict the characteristic properties of an element in a given group by using knowledge of chemical periodicity,Chemistry,Cambridge Assessment International Education,Cambridge International AS & A Level,A Level,Paper 1 Multiple Choice,9701/1,75,40,15.5
9 The Periodic Table: chemical periodicity,9.3 Chemical periodicity of other elements,predict the characteristic properties of an element in a given group by using knowledge of chemical periodicity,Chemistry,Cambridge Assessment International Education,Cambridge International AS & A Level,A Level,Paper 2 AS Level Structured Questions,9701/2,75,60,23
9 The Periodic Table: chemical periodicity,9.3 Chemical periodicity of other elements,"deduce the nature, possible position in the Periodic Table and identity of unknown elements from given information about physical and chemical properties",Chemistry,Cambridge Assessment International Education,Cambridge International AS & A Level,AS Level,Paper 1 Multiple Choice,9701/1,75,40,31
9 The Periodic Table: chemical periodicity,9.3 Chemical periodicity of other elements,"deduce the nature, possible position in the Periodic Table and identity of unknown elements from given information about physical and chemical properties",Chemistry,Cambridge Assessment International Education,Cambridge International AS & A Level,AS Level,Paper 2 AS Level Structured Questions,9701/2,75,60,46
9 The Periodic Table: chemical periodicity,9.3 Chemical periodicity of other elements,"deduce the nature, possible position in the Periodic Table and identity of unknown elements from given information about physical and chemical properties",Chemistry,Cambridge Assessment International Education,Cambridge International AS & A Level,A Level,Paper 1 Multiple Choice,9701/1,75,40,15.5
9 The Periodic Table: chemical periodicity,9.3 Chemical periodicity of other elements,"deduce the nature, possible position in the Periodic Table and identity of unknown elements from given information about physical and chemical properties",Chemistry,Cambridge Assessment International Education,Cambridge International AS & A Level,A Level,Paper 2 AS Level Structured Questions,9701/2,75,60,23
10 Group 2,"10.1 Similarities and trends in the properties of the Group 2 metals, magnesium to barium, and their compounds","describe, and write equations for, the reactions of the elements with oxygen, water and dilute hydrochloric and sulfuric acids",Chemistry,Cambridge Assessment International Education,Cambridge International AS & A Level,AS Level,Paper 1 Multiple Choice,9701/1,75,40,31
10 Group 2,"10.1 Similarities and trends in the properties of the Group 2 metals, magnesium to barium, and their compounds","describe, and write equations for, the reactions of the elements with oxygen, water and dilute hydrochloric and sulfuric acids",Chemistry,Cambridge Assessment International Education,Cambridge International AS & A Level,AS Level,Paper 2 AS Level Structured Questions,9701/2,75,60,46
10 Group 2,"10.1 Similarities and trends in the properties of the Group 2 metals, magnesium to barium, and their compounds","describe, and write equations for, the reactions of the elements with oxygen, water and dilute hydrochloric and sulfuric acids",Chemistry,Cambridge Assessment International Education,Cambridge International AS & A Level,A Level,Paper 1 Multiple Choice,9701/1,75,40,15.5
10 Group 2,"10.1 Similarities and trends in the properties of the Group 2 metals, magnesium to barium, and their compounds","describe, and write equations for, the reactions of the elements with oxygen, water and dilute hydrochloric and sulfuric acids",Chemistry,Cambridge Assessment International Education,Cambridge International AS & A Level,A Level,Paper 2 AS Level Structured Questions,9701/2,75,60,23
10 Group 2,"10.1 Similarities and trends in the properties of the Group 2 metals, magnesium to barium, and their compounds","describe, and write equations for, the reactions of the oxides, hydroxides and carbonates with water and dilute hydrochloric and sulfuric acids",Chemistry,Cambridge Assessment International Education,Cambridge International AS & A Level,AS Level,Paper 1 Multiple Choice,9701/1,75,40,31
10 Group 2,"10.1 Similarities and trends in the properties of the Group 2 metals, magnesium to barium, and their compounds","describe, and write equations for, the reactions of the oxides, hydroxides and carbonates with water and dilute hydrochloric and sulfuric acids",Chemistry,Cambridge Assessment International Education,Cambridge International AS & A Level,AS Level,Paper 2 AS Level Structured Questions,9701/2,75,60,46
10 Group 2,"10.1 Similarities and trends in the properties of the Group 2 metals, magnesium to barium, and their compounds","describe, and write equations for, the reactions of the oxides, hydroxides and carbonates with water and dilute hydrochloric and sulfuric acids",Chemistry,Cambridge Assessment International Education,Cambridge International AS & A Level,A Level,Paper 1 Multiple Choice,9701/1,75,40,15.5
10 Group 2,"10.1 Similarities and trends in the properties of the Group 2 metals, magnesium to barium, and their compounds","describe, and write equations for, the reactions of the oxides, hydroxides and carbonates with water and dilute hydrochloric and sulfuric acids",Chemistry,Cambridge Assessment International Education,Cambridge International AS & A Level,A Level,Paper 2 AS Level Structured Questions,9701/2,75,60,23
10 Group 2,"10.1 Similarities and trends in the properties of the Group 2 metals, magnesium to barium, and their compounds","describe, and write equations for, the thermal decomposition of the nitrates and carbonates, to include the trend in thermal stabilities",Chemistry,Cambridge Assessment International Education,Cambridge International AS & A Level,AS Level,Paper 1 Multiple Choice,9701/1,75,40,31
10 Group 2,"10.1 Similarities and trends in the properties of the Group 2 metals, magnesium to barium, and their compounds","describe, and write equations for, the thermal decomposition of the nitrates and carbonates, to include the trend in thermal stabilities",Chemistry,Cambridge Assessment International Education,Cambridge International AS & A Level,AS Level,Paper 2 AS Level Structured Questions,9701/2,75,60,46
10 Group 2,"10.1 Similarities and trends in the properties of the Group 2 metals, magnesium to barium, and their compounds","describe, and write equations for, the thermal decomposition of the nitrates and carbonates, to include the trend in thermal stabilities",Chemistry,Cambridge Assessment International Education,Cambridge International AS & A Level,A Level,Paper 1 Multiple Choice,9701/1,75,40,15.5
10 Group 2,"10.1 Similarities and trends in the properties of the Group 2 metals, magnesium to barium, and their compounds","describe, and write equations for, the thermal decomposition of the nitrates and carbonates, to include the trend in thermal stabilities",Chemistry,Cambridge Assessment International Education,Cambridge International AS & A Level,A Level,Paper 2 AS Level Structured Questions,9701/2,75,60,23
10 Group 2,"10.1 Similarities and trends in the properties of the Group 2 metals, magnesium to barium, and their compounds","describe, and make predictions from, the trends in physical and chemical properties of the elements involved in the reactions in 10.1.1 and the compounds involved in 10.1.2, 10.1.3 and 10.1.5",Chemistry,Cambridge Assessment International Education,Cambridge International AS & A Level,AS Level,Paper 1 Multiple Choice,9701/1,75,40,31
10 Group 2,"10.1 Similarities and trends in the properties of the Group 2 metals, magnesium to barium, and their compounds","describe, and make predictions from, the trends in physical and chemical properties of the elements involved in the reactions in 10.1.1 and the compounds involved in 10.1.2, 10.1.3 and 10.1.5",Chemistry,Cambridge Assessment International Education,Cambridge International AS & A Level,AS Level,Paper 2 AS Level Structured Questions,9701/2,75,60,46
10 Group 2,"10.1 Similarities and trends in the properties of the Group 2 metals, magnesium to barium, and their compounds","describe, and make predictions from, the trends in physical and chemical properties of the elements involved in the reactions in 10.1.1 and the compounds involved in 10.1.2, 10.1.3 and 10.1.5",Chemistry,Cambridge Assessment International Education,Cambridge International AS & A Level,A Level,Paper 1 Multiple Choice,9701/1,75,40,15.5
10 Group 2,"10.1 Similarities and trends in the properties of the Group 2 metals, magnesium to barium, and their compounds","describe, and make predictions from, the trends in physical and chemical properties of the elements involved in the reactions in 10.1.1 and the compounds involved in 10.1.2, 10.1.3 and 10.1.5",Chemistry,Cambridge Assessment International Education,Cambridge International AS & A Level,A Level,Paper 2 AS Level Structured Questions,9701/2,75,60,23
10 Group 2,"10.1 Similarities and trends in the properties of the Group 2 metals, magnesium to barium, and their compounds",state the variation in the solubilities of the hydroxides and sulfates,Chemistry,Cambridge Assessment International Education,Cambridge International AS & A Level,AS Level,Paper 1 Multiple Choice,9701/1,75,40,31
10 Group 2,"10.1 Similarities and trends in the properties of the Group 2 metals, magnesium to barium, and their compounds",state the variation in the solubilities of the hydroxides and sulfates,Chemistry,Cambridge Assessment International Education,Cambridge International AS & A Level,AS Level,Paper 2 AS Level Structured Questions,9701/2,75,60,46
10 Group 2,"10.1 Similarities and trends in the properties of the Group 2 metals, magnesium to barium, and their compounds",state the variation in the solubilities of the hydroxides and sulfates,Chemistry,Cambridge Assessment International Education,Cambridge International AS & A Level,A Level,Paper 1 Multiple Choice,9701/1,75,40,15.5
10 Group 2,"10.1 Similarities and trends in the properties of the Group 2 metals, magnesium to barium, and their compounds",state the variation in the solubilities of the hydroxides and sulfates,Chemistry,Cambridge Assessment International Education,Cambridge International AS & A Level,A Level,Paper 2 AS Level Structured Questions,9701/2,75,60,23
11 Group 17,11.1 Physical properties of the Group 17 elements,"describe the colours and the trend in volatility of chlorine, bromine and iodine",Chemistry,Cambridge Assessment International Education,Cambridge International AS & A Level,AS Level,Paper 1 Multiple Choice,9701/1,75,40,31
11 Group 17,11.1 Physical properties of the Group 17 elements,"describe the colours and the trend in volatility of chlorine, bromine and iodine",Chemistry,Cambridge Assessment International Education,Cambridge International AS & A Level,AS Level,Paper 2 AS Level Structured Questions,9701/2,75,60,46
11 Group 17,11.1 Physical properties of the Group 17 elements,"describe the colours and the trend in volatility of chlorine, bromine and iodine",Chemistry,Cambridge Assessment International Education,Cambridge International AS & A Level,A Level,Paper 1 Multiple Choice,9701/1,75,40,15.5
11 Group 17,11.1 Physical properties of the Group 17 elements,"describe the colours and the trend in volatility of chlorine, bromine and iodine",Chemistry,Cambridge Assessment International Education,Cambridge International AS & A Level,A Level,Paper 2 AS Level Structured Questions,9701/2,75,60,23
11 Group 17,11.1 Physical properties of the Group 17 elements,describe and explain the trend in the bond strength of the halogen molecules,Chemistry,Cambridge Assessment International Education,Cambridge International AS & A Level,AS Level,Paper 1 Multiple Choice,9701/1,75,40,31
11 Group 17,11.1 Physical properties of the Group 17 elements,describe and explain the trend in the bond strength of the halogen molecules,Chemistry,Cambridge Assessment International Education,Cambridge International AS & A Level,AS Level,Paper 2 AS Level Structured Questions,9701/2,75,60,46
11 Group 17,11.1 Physical properties of the Group 17 elements,describe and explain the trend in the bond strength of the halogen molecules,Chemistry,Cambridge Assessment International Education,Cambridge International AS & A Level,A Level,Paper 1 Multiple Choice,9701/1,75,40,15.5
11 Group 17,11.1 Physical properties of the Group 17 elements,describe and explain the trend in the bond strength of the halogen molecules,Chemistry,Cambridge Assessment International Education,Cambridge International AS & A Level,A Level,Paper 2 AS Level Structured Questions,9701/2,75,60,23
11 Group 17,11.1 Physical properties of the Group 17 elements,interpret the volatility of the elements in terms of instantaneous dipole–induced dipole forces,Chemistry,Cambridge Assessment International Education,Cambridge International AS & A Level,AS Level,Paper 1 Multiple Choice,9701/1,75,40,31
11 Group 17,11.1 Physical properties of the Group 17 elements,interpret the volatility of the elements in terms of instantaneous dipole–induced dipole forces,Chemistry,Cambridge Assessment International Education,Cambridge International AS & A Level,AS Level,Paper 2 AS Level Structured Questions,9701/2,75,60,46
11 Group 17,11.1 Physical properties of the Group 17 elements,interpret the volatility of the elements in terms of instantaneous dipole–induced dipole forces,Chemistry,Cambridge Assessment International Education,Cambridge International AS & A Level,A Level,Paper 1 Multiple Choice,9701/1,75,40,15.5
11 Group 17,11.1 Physical properties of the Group 17 elements,interpret the volatility of the elements in terms of instantaneous dipole–induced dipole forces,Chemistry,Cambridge Assessment International Education,Cambridge International AS & A Level,A Level,Paper 2 AS Level Structured Questions,9701/2,75,60,23
11 Group 17,11.2 The chemical properties of the halogen elements and the hydrogen halides,describe the relative reactivity of the elements as oxidising agents,Chemistry,Cambridge Assessment International Education,Cambridge International AS & A Level,AS Level,Paper 1 Multiple Choice,9701/1,75,40,31
11 Group 17,11.2 The chemical properties of the halogen elements and the hydrogen halides,describe the relative reactivity of the elements as oxidising agents,Chemistry,Cambridge Assessment International Education,Cambridge International AS & A Level,AS Level,Paper 2 AS Level Structured Questions,9701/2,75,60,46
11 Group 17,11.2 The chemical properties of the halogen elements and the hydrogen halides,describe the relative reactivity of the elements as oxidising agents,Chemistry,Cambridge Assessment International Education,Cambridge International AS & A Level,A Level,Paper 1 Multiple Choice,9701/1,75,40,15.5
11 Group 17,11.2 The chemical properties of the halogen elements and the hydrogen halides,describe the relative reactivity of the elements as oxidising agents,Chemistry,Cambridge Assessment International Education,Cambridge International AS & A Level,A Level,Paper 2 AS Level Structured Questions,9701/2,75,60,23
11 Group 17,11.2 The chemical properties of the halogen elements and the hydrogen halides,describe the reactions of the elements with hydrogen and explain their relative reactivity in these reactions,Chemistry,Cambridge Assessment International Education,Cambridge International AS & A Level,AS Level,Paper 1 Multiple Choice,9701/1,75,40,31
11 Group 17,11.2 The chemical properties of the halogen elements and the hydrogen halides,describe the reactions of the elements with hydrogen and explain their relative reactivity in these reactions,Chemistry,Cambridge Assessment International Education,Cambridge International AS & A Level,AS Level,Paper 2 AS Level Structured Questions,9701/2,75,60,46
11 Group 17,11.2 The chemical properties of the halogen elements and the hydrogen halides,describe the reactions of the elements with hydrogen and explain their relative reactivity in these reactions,Chemistry,Cambridge Assessment International Education,Cambridge International AS & A Level,A Level,Paper 1 Multiple Choice,9701/1,75,40,15.5
11 Group 17,11.2 The chemical properties of the halogen elements and the hydrogen halides,describe the reactions of the elements with hydrogen and explain their relative reactivity in these reactions,Chemistry,Cambridge Assessment International Education,Cambridge International AS & A Level,A Level,Paper 2 AS Level Structured Questions,9701/2,75,60,23
11 Group 17,11.2 The chemical properties of the halogen elements and the hydrogen halides,describe the relative thermal stabilities of the hydrogen halides and explain these in terms of bond strengths,Chemistry,Cambridge Assessment International Education,Cambridge International AS & A Level,AS Level,Paper 1 Multiple Choice,9701/1,75,40,31
11 Group 17,11.2 The chemical properties of the halogen elements and the hydrogen halides,describe the relative thermal stabilities of the hydrogen halides and explain these in terms of bond strengths,Chemistry,Cambridge Assessment International Education,Cambridge International AS & A Level,AS Level,Paper 2 AS Level Structured Questions,9701/2,75,60,46
11 Group 17,11.2 The chemical properties of the halogen elements and the hydrogen halides,describe the relative thermal stabilities of the hydrogen halides and explain these in terms of bond strengths,Chemistry,Cambridge Assessment International Education,Cambridge International AS & A Level,A Level,Paper 1 Multiple Choice,9701/1,75,40,15.5
11 Group 17,11.2 The chemical properties of the halogen elements and the hydrogen halides,describe the relative thermal stabilities of the hydrogen halides and explain these in terms of bond strengths,Chemistry,Cambridge Assessment International Education,Cambridge International AS & A Level,A Level,Paper 2 AS Level Structured Questions,9701/2,75,60,23
11 Group 17,11.3 Some reactions of the halide ions,describe the relative reactivity of halide ions as reducing agents,Chemistry,Cambridge Assessment International Education,Cambridge International AS & A Level,AS Level,Paper 1 Multiple Choice,9701/1,75,40,31
11 Group 17,11.3 Some reactions of the halide ions,describe the relative reactivity of halide ions as reducing agents,Chemistry,Cambridge Assessment International Education,Cambridge International AS & A Level,AS Level,Paper 2 AS Level Structured Questions,9701/2,75,60,46
11 Group 17,11.3 Some reactions of the halide ions,describe the relative reactivity of halide ions as reducing agents,Chemistry,Cambridge Assessment International Education,Cambridge International AS & A Level,A Level,Paper 1 Multiple Choice,9701/1,75,40,15.5
11 Group 17,11.3 Some reactions of the halide ions,describe the relative reactivity of halide ions as reducing agents,Chemistry,Cambridge Assessment International Education,Cambridge International AS & A Level,A Level,Paper 2 AS Level Structured Questions,9701/2,75,60,23
11 Group 17,11.3 Some reactions of the halide ions,"describe and explain the reactions of halide ions with: (a) aqueous silver ions followed by aqueous ammonia (the formation and formula of the [Ag(NH3)2]+ complex is not required) (b) concentrated sulfuric acid, to include balanced chemical equations",Chemistry,Cambridge Assessment International Education,Cambridge International AS & A Level,AS Level,Paper 1 Multiple Choice,9701/1,75,40,31
11 Group 17,11.3 Some reactions of the halide ions,"describe and explain the reactions of halide ions with: (a) aqueous silver ions followed by aqueous ammonia (the formation and formula of the [Ag(NH3)2]+ complex is not required) (b) concentrated sulfuric acid, to include balanced chemical equations",Chemistry,Cambridge Assessment International Education,Cambridge International AS & A Level,AS Level,Paper 2 AS Level Structured Questions,9701/2,75,60,46
11 Group 17,11.3 Some reactions of the halide ions,"describe and explain the reactions of halide ions with: (a) aqueous silver ions followed by aqueous ammonia (the formation and formula of the [Ag(NH3)2]+ complex is not required) (b) concentrated sulfuric acid, to include balanced chemical equations",Chemistry,Cambridge Assessment International Education,Cambridge International AS & A Level,A Level,Paper 1 Multiple Choice,9701/1,75,40,15.5
11 Group 17,11.3 Some reactions of the halide ions,"describe and explain the reactions of halide ions with: (a) aqueous silver ions followed by aqueous ammonia (the formation and formula of the [Ag(NH3)2]+ complex is not required) (b) concentrated sulfuric acid, to include balanced chemical equations",Chemistry,Cambridge Assessment International Education,Cambridge International AS & A Level,A Level,Paper 2 AS Level Structured Questions,9701/2,75,60,23
11 Group 17,11.4 The reactions of chlorine,"describe and interpret, in terms of changes in oxidation number, the reaction of chlorine with cold and with hot aqueous sodium hydroxide and recognise these as disproportionation reactions",Chemistry,Cambridge Assessment International Education,Cambridge International AS & A Level,AS Level,Paper 1 Multiple Choice,9701/1,75,40,31
11 Group 17,11.4 The reactions of chlorine,"describe and interpret, in terms of changes in oxidation number, the reaction of chlorine with cold and with hot aqueous sodium hydroxide and recognise these as disproportionation reactions",Chemistry,Cambridge Assessment International Education,Cambridge International AS & A Level,AS Level,Paper 2 AS Level Structured Questions,9701/2,75,60,46
11 Group 17,11.4 The reactions of chlorine,"describe and interpret, in terms of changes in oxidation number, the reaction of chlorine with cold and with hot aqueous sodium hydroxide and recognise these as disproportionation reactions",Chemistry,Cambridge Assessment International Education,Cambridge International AS & A Level,A Level,Paper 1 Multiple Choice,9701/1,75,40,15.5
11 Group 17,11.4 The reactions of chlorine,"describe and interpret, in terms of changes in oxidation number, the reaction of chlorine with cold and with hot aqueous sodium hydroxide and recognise these as disproportionation reactions",Chemistry,Cambridge Assessment International Education,Cambridge International AS & A Level,A Level,Paper 2 AS Level Structured Questions,9701/2,75,60,23
11 Group 17,11.4 The reactions of chlorine,"explain, including by use of an equation, the use of chlorine in water purification to include the production of the active species HOCl and Cl O – which kill bacteria",Chemistry,Cambridge Assessment International Education,Cambridge International AS & A Level,AS Level,Paper 1 Multiple Choice,9701/1,75,40,31
11 Group 17,11.4 The reactions of chlorine,"explain, including by use of an equation, the use of chlorine in water purification to include the production of the active species HOCl and Cl O – which kill bacteria",Chemistry,Cambridge Assessment International Education,Cambridge International AS & A Level,AS Level,Paper 2 AS Level Structured Questions,9701/2,75,60,46
11 Group 17,11.4 The reactions of chlorine,"explain, including by use of an equation, the use of chlorine in water purification to include the production of the active species HOCl and Cl O – which kill bacteria",Chemistry,Cambridge Assessment International Education,Cambridge International AS & A Level,A Level,Paper 1 Multiple Choice,9701/1,75,40,15.5
11 Group 17,11.4 The reactions of chlorine,"explain, including by use of an equation, the use of chlorine in water purification to include the production of the active species HOCl and Cl O – which kill bacteria",Chemistry,Cambridge Assessment International Education,Cambridge International AS & A Level,A Level,Paper 2 AS Level Structured Questions,9701/2,75,60,23
12 Nitrogen and sulfur,12.1 Nitrogen and sulfur,"explain the lack of reactivity of nitrogen, with reference to triple bond strength and lack of polarity",Chemistry,Cambridge Assessment International Education,Cambridge International AS & A Level,AS Level,Paper 1 Multiple Choice,9701/1,75,40,31
12 Nitrogen and sulfur,12.1 Nitrogen and sulfur,"explain the lack of reactivity of nitrogen, with reference to triple bond strength and lack of polarity",Chemistry,Cambridge Assessment International Education,Cambridge International AS & A Level,AS Level,Paper 2 AS Level Structured Questions,9701/2,75,60,46
12 Nitrogen and sulfur,12.1 Nitrogen and sulfur,"explain the lack of reactivity of nitrogen, with reference to triple bond strength and lack of polarity",Chemistry,Cambridge Assessment International Education,Cambridge International AS & A Level,A Level,Paper 1 Multiple Choice,9701/1,75,40,15.5
12 Nitrogen and sulfur,12.1 Nitrogen and sulfur,"explain the lack of reactivity of nitrogen, with reference to triple bond strength and lack of polarity",Chemistry,Cambridge Assessment International Education,Cambridge International AS & A Level,A Level,Paper 2 AS Level Structured Questions,9701/2,75,60,23
12 Nitrogen and sulfur,12.1 Nitrogen and sulfur,"describe and explain: (a) the basicity of ammonia, using the Brønsted–Lowry theory (b) the structure of the ammonium ion and its formation by an acid–base reaction (c) the displacement of ammonia from ammonium salts by an acid–base reaction",Chemistry,Cambridge Assessment International Education,Cambridge International AS & A Level,AS Level,Paper 1 Multiple Choice,9701/1,75,40,31
12 Nitrogen and sulfur,12.1 Nitrogen and sulfur,"describe and explain: (a) the basicity of ammonia, using the Brønsted–Lowry theory (b) the structure of the ammonium ion and its formation by an acid–base reaction (c) the displacement of ammonia from ammonium salts by an acid–base reaction",Chemistry,Cambridge Assessment International Education,Cambridge International AS & A Level,AS Level,Paper 2 AS Level Structured Questions,9701/2,75,60,46
12 Nitrogen and sulfur,12.1 Nitrogen and sulfur,"describe and explain: (a) the basicity of ammonia, using the Brønsted–Lowry theory (b) the structure of the ammonium ion and its formation by an acid–base reaction (c) the displacement of ammonia from ammonium salts by an acid–base reaction",Chemistry,Cambridge Assessment International Education,Cambridge International AS & A Level,A Level,Paper 1 Multiple Choice,9701/1,75,40,15.5
12 Nitrogen and sulfur,12.1 Nitrogen and sulfur,"describe and explain: (a) the basicity of ammonia, using the Brønsted–Lowry theory (b) the structure of the ammonium ion and its formation by an acid–base reaction (c) the displacement of ammonia from ammonium salts by an acid–base reaction",Chemistry,Cambridge Assessment International Education,Cambridge International AS & A Level,A Level,Paper 2 AS Level Structured Questions,9701/2,75,60,23
12 Nitrogen and sulfur,12.1 Nitrogen and sulfur,state and explain the natural and man-made occurrences of oxides of nitrogen and their catalytic removal from the exhaust gases of internal combustion engines,Chemistry,Cambridge Assessment International Education,Cambridge International AS & A Level,AS Level,Paper 1 Multiple Choice,9701/1,75,40,31
12 Nitrogen and sulfur,12.1 Nitrogen and sulfur,state and explain the natural and man-made occurrences of oxides of nitrogen and their catalytic removal from the exhaust gases of internal combustion engines,Chemistry,Cambridge Assessment International Education,Cambridge International AS & A Level,AS Level,Paper 2 AS Level Structured Questions,9701/2,75,60,46
12 Nitrogen and sulfur,12.1 Nitrogen and sulfur,state and explain the natural and man-made occurrences of oxides of nitrogen and their catalytic removal from the exhaust gases of internal combustion engines,Chemistry,Cambridge Assessment International Education,Cambridge International AS & A Level,A Level,Paper 1 Multiple Choice,9701/1,75,40,15.5
12 Nitrogen and sulfur,12.1 Nitrogen and sulfur,state and explain the natural and man-made occurrences of oxides of nitrogen and their catalytic removal from the exhaust gases of internal combustion engines,Chemistry,Cambridge Assessment International Education,Cambridge International AS & A Level,A Level,Paper 2 AS Level Structured Questions,9701/2,75,60,23
12 Nitrogen and sulfur,12.1 Nitrogen and sulfur,"understand that atmospheric oxides of nitrogen (NO and NO2) can react with unburned hydrocarbons to form peroxyacetyl nitrate, PAN, which is a component of photochemical smog",Chemistry,Cambridge Assessment International Education,Cambridge International AS & A Level,AS Level,Paper 1 Multiple Choice,9701/1,75,40,31
12 Nitrogen and sulfur,12.1 Nitrogen and sulfur,"understand that atmospheric oxides of nitrogen (NO and NO2) can react with unburned hydrocarbons to form peroxyacetyl nitrate, PAN, which is a component of photochemical smog",Chemistry,Cambridge Assessment International Education,Cambridge International AS & A Level,AS Level,Paper 2 AS Level Structured Questions,9701/2,75,60,46
12 Nitrogen and sulfur,12.1 Nitrogen and sulfur,"understand that atmospheric oxides of nitrogen (NO and NO2) can react with unburned hydrocarbons to form peroxyacetyl nitrate, PAN, which is a component of photochemical smog",Chemistry,Cambridge Assessment International Education,Cambridge International AS & A Level,A Level,Paper 1 Multiple Choice,9701/1,75,40,15.5
12 Nitrogen and sulfur,12.1 Nitrogen and sulfur,"understand that atmospheric oxides of nitrogen (NO and NO2) can react with unburned hydrocarbons to form peroxyacetyl nitrate, PAN, which is a component of photochemical smog",Chemistry,Cambridge Assessment International Education,Cambridge International AS & A Level,A Level,Paper 2 AS Level Structured Questions,9701/2,75,60,23
12 Nitrogen and sulfur,12.1 Nitrogen and sulfur,describe the role of NO and NO2 in the formation of acid rain both directly and in their catalytic role in the oxidation of atmospheric sulfur dioxide,Chemistry,Cambridge Assessment International Education,Cambridge International AS & A Level,AS Level,Paper 1 Multiple Choice,9701/1,75,40,31
12 Nitrogen and sulfur,12.1 Nitrogen and sulfur,describe the role of NO and NO2 in the formation of acid rain both directly and in their catalytic role in the oxidation of atmospheric sulfur dioxide,Chemistry,Cambridge Assessment International Education,Cambridge International AS & A Level,AS Level,Paper 2 AS Level Structured Questions,9701/2,75,60,46
12 Nitrogen and sulfur,12.1 Nitrogen and sulfur,describe the role of NO and NO2 in the formation of acid rain both directly and in their catalytic role in the oxidation of atmospheric sulfur dioxide,Chemistry,Cambridge Assessment International Education,Cambridge International AS & A Level,A Level,Paper 1 Multiple Choice,9701/1,75,40,15.5
12 Nitrogen and sulfur,12.1 Nitrogen and sulfur,describe the role of NO and NO2 in the formation of acid rain both directly and in their catalytic role in the oxidation of atmospheric sulfur dioxide,Chemistry,Cambridge Assessment International Education,Cambridge International AS & A Level,A Level,Paper 2 AS Level Structured Questions,9701/2,75,60,23
13 An introduction to AS Level organic chemistry,"13.1 Formulas, functional groups and the naming of organic compounds",define the term hydrocarbon as a compound made up of C and H atoms only,Chemistry,Cambridge Assessment International Education,Cambridge International AS & A Level,AS Level,Paper 1 Multiple Choice,9701/1,75,40,31
13 An introduction to AS Level organic chemistry,"13.1 Formulas, functional groups and the naming of organic compounds",define the term hydrocarbon as a compound made up of C and H atoms only,Chemistry,Cambridge Assessment International Education,Cambridge International AS & A Level,AS Level,Paper 2 AS Level Structured Questions,9701/2,75,60,46
13 An introduction to AS Level organic chemistry,"13.1 Formulas, functional groups and the naming of organic compounds",define the term hydrocarbon as a compound made up of C and H atoms only,Chemistry,Cambridge Assessment International Education,Cambridge International AS & A Level,A Level,Paper 1 Multiple Choice,9701/1,75,40,15.5
13 An introduction to AS Level organic chemistry,"13.1 Formulas, functional groups and the naming of organic compounds",define the term hydrocarbon as a compound made up of C and H atoms only,Chemistry,Cambridge Assessment International Education,Cambridge International AS & A Level,A Level,Paper 2 AS Level Structured Questions,9701/2,75,60,23
13 An introduction to AS Level organic chemistry,"13.1 Formulas, functional groups and the naming of organic compounds",understand that alkanes are simple hydrocarbons with no functional group,Chemistry,Cambridge Assessment International Education,Cambridge International AS & A Level,AS Level,Paper 1 Multiple Choice,9701/1,75,40,31
13 An introduction to AS Level organic chemistry,"13.1 Formulas, functional groups and the naming of organic compounds",understand that alkanes are simple hydrocarbons with no functional group,Chemistry,Cambridge Assessment International Education,Cambridge International AS & A Level,AS Level,Paper 2 AS Level Structured Questions,9701/2,75,60,46
13 An introduction to AS Level organic chemistry,"13.1 Formulas, functional groups and the naming of organic compounds",understand that alkanes are simple hydrocarbons with no functional group,Chemistry,Cambridge Assessment International Education,Cambridge International AS & A Level,A Level,Paper 1 Multiple Choice,9701/1,75,40,15.5
13 An introduction to AS Level organic chemistry,"13.1 Formulas, functional groups and the naming of organic compounds",understand that alkanes are simple hydrocarbons with no functional group,Chemistry,Cambridge Assessment International Education,Cambridge International AS & A Level,A Level,Paper 2 AS Level Structured Questions,9701/2,75,60,23
13 An introduction to AS Level organic chemistry,"13.1 Formulas, functional groups and the naming of organic compounds",understand that the compounds in the table on pages 29 and 30 contain a functional group which dictates their physical and chemical properties,Chemistry,Cambridge Assessment International Education,Cambridge International AS & A Level,AS Level,Paper 1 Multiple Choice,9701/1,75,40,31
13 An introduction to AS Level organic chemistry,"13.1 Formulas, functional groups and the naming of organic compounds",understand that the compounds in the table on pages 29 and 30 contain a functional group which dictates their physical and chemical properties,Chemistry,Cambridge Assessment International Education,Cambridge International AS & A Level,AS Level,Paper 2 AS Level Structured Questions,9701/2,75,60,46
13 An introduction to AS Level organic chemistry,"13.1 Formulas, functional groups and the naming of organic compounds",understand that the compounds in the table on pages 29 and 30 contain a functional group which dictates their physical and chemical properties,Chemistry,Cambridge Assessment International Education,Cambridge International AS & A Level,A Level,Paper 1 Multiple Choice,9701/1,75,40,15.5
13 An introduction to AS Level organic chemistry,"13.1 Formulas, functional groups and the naming of organic compounds",understand that the compounds in the table on pages 29 and 30 contain a functional group which dictates their physical and chemical properties,Chemistry,Cambridge Assessment International Education,Cambridge International AS & A Level,A Level,Paper 2 AS Level Structured Questions,9701/2,75,60,23
13 An introduction to AS Level organic chemistry,"13.1 Formulas, functional groups and the naming of organic compounds","interpret and use the general, structural, displayed and skeletal formulas of the classes of compound stated in the table on pages 29 and 30",Chemistry,Cambridge Assessment International Education,Cambridge International AS & A Level,AS Level,Paper 1 Multiple Choice,9701/1,75,40,31
13 An introduction to AS Level organic chemistry,"13.1 Formulas, functional groups and the naming of organic compounds","interpret and use the general, structural, displayed and skeletal formulas of the classes of compound stated in the table on pages 29 and 30",Chemistry,Cambridge Assessment International Education,Cambridge International AS & A Level,AS Level,Paper 2 AS Level Structured Questions,9701/2,75,60,46
13 An introduction to AS Level organic chemistry,"13.1 Formulas, functional groups and the naming of organic compounds","interpret and use the general, structural, displayed and skeletal formulas of the classes of compound stated in the table on pages 29 and 30",Chemistry,Cambridge Assessment International Education,Cambridge International AS & A Level,A Level,Paper 1 Multiple Choice,9701/1,75,40,15.5
13 An introduction to AS Level organic chemistry,"13.1 Formulas, functional groups and the naming of organic compounds","interpret and use the general, structural, displayed and skeletal formulas of the classes of compound stated in the table on pages 29 and 30",Chemistry,Cambridge Assessment International Education,Cambridge International AS & A Level,A Level,Paper 2 AS Level Structured Questions,9701/2,75,60,23
13 An introduction to AS Level organic chemistry,"13.1 Formulas, functional groups and the naming of organic compounds","understand and use systematic nomenclature of simple aliphatic organic molecules with functional groups detailed in the table on pages 29 and 30, up to six carbon atoms (six plus six for esters, straight chains only for esters and nitriles)",Chemistry,Cambridge Assessment International Education,Cambridge International AS & A Level,AS Level,Paper 1 Multiple Choice,9701/1,75,40,31
13 An introduction to AS Level organic chemistry,"13.1 Formulas, functional groups and the naming of organic compounds","understand and use systematic nomenclature of simple aliphatic organic molecules with functional groups detailed in the table on pages 29 and 30, up to six carbon atoms (six plus six for esters, straight chains only for esters and nitriles)",Chemistry,Cambridge Assessment International Education,Cambridge International AS & A Level,AS Level,Paper 2 AS Level Structured Questions,9701/2,75,60,46
13 An introduction to AS Level organic chemistry,"13.1 Formulas, functional groups and the naming of organic compounds","understand and use systematic nomenclature of simple aliphatic organic molecules with functional groups detailed in the table on pages 29 and 30, up to six carbon atoms (six plus six for esters, straight chains only for esters and nitriles)",Chemistry,Cambridge Assessment International Education,Cambridge International AS & A Level,A Level,Paper 1 Multiple Choice,9701/1,75,40,15.5
13 An introduction to AS Level organic chemistry,"13.1 Formulas, functional groups and the naming of organic compounds","understand and use systematic nomenclature of simple aliphatic organic molecules with functional groups detailed in the table on pages 29 and 30, up to six carbon atoms (six plus six for esters, straight chains only for esters and nitriles)",Chemistry,Cambridge Assessment International Education,Cambridge International AS & A Level,A Level,Paper 2 AS Level Structured Questions,9701/2,75,60,23
13 An introduction to AS Level organic chemistry,"13.1 Formulas, functional groups and the naming of organic compounds","deduce the molecular and/or empirical formula of a compound, given its structural, displayed or skeletal formula",Chemistry,Cambridge Assessment International Education,Cambridge International AS & A Level,AS Level,Paper 1 Multiple Choice,9701/1,75,40,31
13 An introduction to AS Level organic chemistry,"13.1 Formulas, functional groups and the naming of organic compounds","deduce the molecular and/or empirical formula of a compound, given its structural, displayed or skeletal formula",Chemistry,Cambridge Assessment International Education,Cambridge International AS & A Level,AS Level,Paper 2 AS Level Structured Questions,9701/2,75,60,46
13 An introduction to AS Level organic chemistry,"13.1 Formulas, functional groups and the naming of organic compounds","deduce the molecular and/or empirical formula of a compound, given its structural, displayed or skeletal formula",Chemistry,Cambridge Assessment International Education,Cambridge International AS & A Level,A Level,Paper 1 Multiple Choice,9701/1,75,40,15.5
13 An introduction to AS Level organic chemistry,"13.1 Formulas, functional groups and the naming of organic compounds","deduce the molecular and/or empirical formula of a compound, given its structural, displayed or skeletal formula",Chemistry,Cambridge Assessment International Education,Cambridge International AS & A Level,A Level,Paper 2 AS Level Structured Questions,9701/2,75,60,23
13 An introduction to AS Level organic chemistry,13.2 Characteristic organic reactions,"interpret and use the following terminology associated with types of organic compounds and reactions: (a) homologous series (b) saturated and unsaturated (c) homolytic and heterolytic fission (d) free radical, initiation, propagation, termination (e) nucleophile, electrophile, nucleophilic, electrophilic (f) addition, substitution, elimination, hydrolysis, condensation (g) oxidation and reduction (in equations for organic redox reactions, the symbol [O] can be used to represent one atom of oxygen from an oxidising agent and the symbol [H] to represent one atom of hydrogen from a reducing agent)",Chemistry,Cambridge Assessment International Education,Cambridge International AS & A Level,AS Level,Paper 1 Multiple Choice,9701/1,75,40,31
13 An introduction to AS Level organic chemistry,13.2 Characteristic organic reactions,"interpret and use the following terminology associated with types of organic compounds and reactions: (a) homologous series (b) saturated and unsaturated (c) homolytic and heterolytic fission (d) free radical, initiation, propagation, termination (e) nucleophile, electrophile, nucleophilic, electrophilic (f) addition, substitution, elimination, hydrolysis, condensation (g) oxidation and reduction (in equations for organic redox reactions, the symbol [O] can be used to represent one atom of oxygen from an oxidising agent and the symbol [H] to represent one atom of hydrogen from a reducing agent)",Chemistry,Cambridge Assessment International Education,Cambridge International AS & A Level,AS Level,Paper 2 AS Level Structured Questions,9701/2,75,60,46
13 An introduction to AS Level organic chemistry,13.2 Characteristic organic reactions,"interpret and use the following terminology associated with types of organic compounds and reactions: (a) homologous series (b) saturated and unsaturated (c) homolytic and heterolytic fission (d) free radical, initiation, propagation, termination (e) nucleophile, electrophile, nucleophilic, electrophilic (f) addition, substitution, elimination, hydrolysis, condensation (g) oxidation and reduction (in equations for organic redox reactions, the symbol [O] can be used to represent one atom of oxygen from an oxidising agent and the symbol [H] to represent one atom of hydrogen from a reducing agent)",Chemistry,Cambridge Assessment International Education,Cambridge International AS & A Level,A Level,Paper 1 Multiple Choice,9701/1,75,40,15.5
13 An introduction to AS Level organic chemistry,13.2 Characteristic organic reactions,"interpret and use the following terminology associated with types of organic compounds and reactions: (a) homologous series (b) saturated and unsaturated (c) homolytic and heterolytic fission (d) free radical, initiation, propagation, termination (e) nucleophile, electrophile, nucleophilic, electrophilic (f) addition, substitution, elimination, hydrolysis, condensation (g) oxidation and reduction (in equations for organic redox reactions, the symbol [O] can be used to represent one atom of oxygen from an oxidising agent and the symbol [H] to represent one atom of hydrogen from a reducing agent)",Chemistry,Cambridge Assessment International Education,Cambridge International AS & A Level,A Level,Paper 2 AS Level Structured Questions,9701/2,75,60,23
13 An introduction to AS Level organic chemistry,13.2 Characteristic organic reactions,"understand and use the following terminology associated with types of organic mechanisms: (a) free-radical substitution (b) electrophilic addition (c) nucleophilic substitution (d) nucleophilic addition (in organic reaction mechanisms, the use of curly arrows to represent movement of electron pairs is expected; the arrow should begin at a bond or a lone pair of electrons)",Chemistry,Cambridge Assessment International Education,Cambridge International AS & A Level,AS Level,Paper 1 Multiple Choice,9701/1,75,40,31
13 An introduction to AS Level organic chemistry,13.2 Characteristic organic reactions,"understand and use the following terminology associated with types of organic mechanisms: (a) free-radical substitution (b) electrophilic addition (c) nucleophilic substitution (d) nucleophilic addition (in organic reaction mechanisms, the use of curly arrows to represent movement of electron pairs is expected; the arrow should begin at a bond or a lone pair of electrons)",Chemistry,Cambridge Assessment International Education,Cambridge International AS & A Level,AS Level,Paper 2 AS Level Structured Questions,9701/2,75,60,46
13 An introduction to AS Level organic chemistry,13.2 Characteristic organic reactions,"understand and use the following terminology associated with types of organic mechanisms: (a) free-radical substitution (b) electrophilic addition (c) nucleophilic substitution (d) nucleophilic addition (in organic reaction mechanisms, the use of curly arrows to represent movement of electron pairs is expected; the arrow should begin at a bond or a lone pair of electrons)",Chemistry,Cambridge Assessment International Education,Cambridge International AS & A Level,A Level,Paper 1 Multiple Choice,9701/1,75,40,15.5
13 An introduction to AS Level organic chemistry,13.2 Characteristic organic reactions,"understand and use the following terminology associated with types of organic mechanisms: (a) free-radical substitution (b) electrophilic addition (c) nucleophilic substitution (d) nucleophilic addition (in organic reaction mechanisms, the use of curly arrows to represent movement of electron pairs is expected; the arrow should begin at a bond or a lone pair of electrons)",Chemistry,Cambridge Assessment International Education,Cambridge International AS & A Level,A Level,Paper 2 AS Level Structured Questions,9701/2,75,60,23
13 An introduction to AS Level organic chemistry,13.3 Shapes of organic molecules; σ and π bonds,"describe organic molecules as either straight-chained, branched or cyclic",Chemistry,Cambridge Assessment International Education,Cambridge International AS & A Level,AS Level,Paper 1 Multiple Choice,9701/1,75,40,31
13 An introduction to AS Level organic chemistry,13.3 Shapes of organic molecules; σ and π bonds,"describe organic molecules as either straight-chained, branched or cyclic",Chemistry,Cambridge Assessment International Education,Cambridge International AS & A Level,AS Level,Paper 2 AS Level Structured Questions,9701/2,75,60,46
13 An introduction to AS Level organic chemistry,13.3 Shapes of organic molecules; σ and π bonds,"describe organic molecules as either straight-chained, branched or cyclic",Chemistry,Cambridge Assessment International Education,Cambridge International AS & A Level,A Level,Paper 1 Multiple Choice,9701/1,75,40,15.5
13 An introduction to AS Level organic chemistry,13.3 Shapes of organic molecules; σ and π bonds,"describe organic molecules as either straight-chained, branched or cyclic",Chemistry,Cambridge Assessment International Education,Cambridge International AS & A Level,A Level,Paper 2 AS Level Structured Questions,9701/2,75,60,23
13 An introduction to AS Level organic chemistry,13.3 Shapes of organic molecules; σ and π bonds,"describe and explain the shape of, and bond angles in, molecules containing sp, sp2 and sp3 hybridised atoms",Chemistry,Cambridge Assessment International Education,Cambridge International AS & A Level,AS Level,Paper 1 Multiple Choice,9701/1,75,40,31
13 An introduction to AS Level organic chemistry,13.3 Shapes of organic molecules; σ and π bonds,"describe and explain the shape of, and bond angles in, molecules containing sp, sp2 and sp3 hybridised atoms",Chemistry,Cambridge Assessment International Education,Cambridge International AS & A Level,AS Level,Paper 2 AS Level Structured Questions,9701/2,75,60,46
13 An introduction to AS Level organic chemistry,13.3 Shapes of organic molecules; σ and π bonds,"describe and explain the shape of, and bond angles in, molecules containing sp, sp2 and sp3 hybridised atoms",Chemistry,Cambridge Assessment International Education,Cambridge International AS & A Level,A Level,Paper 1 Multiple Choice,9701/1,75,40,15.5
13 An introduction to AS Level organic chemistry,13.3 Shapes of organic molecules; σ and π bonds,"describe and explain the shape of, and bond angles in, molecules containing sp, sp2 and sp3 hybridised atoms",Chemistry,Cambridge Assessment International Education,Cambridge International AS & A Level,A Level,Paper 2 AS Level Structured Questions,9701/2,75,60,23
13 An introduction to AS Level organic chemistry,13.3 Shapes of organic molecules; σ and π bonds,"describe the arrangement of σ and π bonds in molecules containing sp, sp2 and sp3 hybridised atoms",Chemistry,Cambridge Assessment International Education,Cambridge International AS & A Level,AS Level,Paper 1 Multiple Choice,9701/1,75,40,31
13 An introduction to AS Level organic chemistry,13.3 Shapes of organic molecules; σ and π bonds,"describe the arrangement of σ and π bonds in molecules containing sp, sp2 and sp3 hybridised atoms",Chemistry,Cambridge Assessment International Education,Cambridge International AS & A Level,AS Level,Paper 2 AS Level Structured Questions,9701/2,75,60,46
13 An introduction to AS Level organic chemistry,13.3 Shapes of organic molecules; σ and π bonds,"describe the arrangement of σ and π bonds in molecules containing sp, sp2 and sp3 hybridised atoms",Chemistry,Cambridge Assessment International Education,Cambridge International AS & A Level,A Level,Paper 1 Multiple Choice,9701/1,75,40,15.5
13 An introduction to AS Level organic chemistry,13.3 Shapes of organic molecules; σ and π bonds,"describe the arrangement of σ and π bonds in molecules containing sp, sp2 and sp3 hybridised atoms",Chemistry,Cambridge Assessment International Education,Cambridge International AS & A Level,A Level,Paper 2 AS Level Structured Questions,9701/2,75,60,23
13 An introduction to AS Level organic chemistry,13.3 Shapes of organic molecules; σ and π bonds,"understand and use the term planar when describing the arrangement of atoms in organic molecules, for example ethene",Chemistry,Cambridge Assessment International Education,Cambridge International AS & A Level,AS Level,Paper 1 Multiple Choice,9701/1,75,40,31
13 An introduction to AS Level organic chemistry,13.3 Shapes of organic molecules; σ and π bonds,"understand and use the term planar when describing the arrangement of atoms in organic molecules, for example ethene",Chemistry,Cambridge Assessment International Education,Cambridge International AS & A Level,AS Level,Paper 2 AS Level Structured Questions,9701/2,75,60,46
13 An introduction to AS Level organic chemistry,13.3 Shapes of organic molecules; σ and π bonds,"understand and use the term planar when describing the arrangement of atoms in organic molecules, for example ethene",Chemistry,Cambridge Assessment International Education,Cambridge International AS & A Level,A Level,Paper 1 Multiple Choice,9701/1,75,40,15.5
13 An introduction to AS Level organic chemistry,13.3 Shapes of organic molecules; σ and π bonds,"understand and use the term planar when describing the arrangement of atoms in organic molecules, for example ethene",Chemistry,Cambridge Assessment International Education,Cambridge International AS & A Level,A Level,Paper 2 AS Level Structured Questions,9701/2,75,60,23
13 An introduction to AS Level organic chemistry,13.4 Isomerism: structural isomerism and stereoisomerism,"describe structural isomerism and its division into chain, positional and functional group isomerism",Chemistry,Cambridge Assessment International Education,Cambridge International AS & A Level,AS Level,Paper 1 Multiple Choice,9701/1,75,40,31
13 An introduction to AS Level organic chemistry,13.4 Isomerism: structural isomerism and stereoisomerism,"describe structural isomerism and its division into chain, positional and functional group isomerism",Chemistry,Cambridge Assessment International Education,Cambridge International AS & A Level,AS Level,Paper 2 AS Level Structured Questions,9701/2,75,60,46
13 An introduction to AS Level organic chemistry,13.4 Isomerism: structural isomerism and stereoisomerism,"describe structural isomerism and its division into chain, positional and functional group isomerism",Chemistry,Cambridge Assessment International Education,Cambridge International AS & A Level,A Level,Paper 1 Multiple Choice,9701/1,75,40,15.5
13 An introduction to AS Level organic chemistry,13.4 Isomerism: structural isomerism and stereoisomerism,"describe structural isomerism and its division into chain, positional and functional group isomerism",Chemistry,Cambridge Assessment International Education,Cambridge International AS & A Level,A Level,Paper 2 AS Level Structured Questions,9701/2,75,60,23
13 An introduction to AS Level organic chemistry,13.4 Isomerism: structural isomerism and stereoisomerism,describe stereoisomerism and its division into geometrical (cis/trans) and optical isomerism (use of E/Z nomenclature is acceptable but is not required),Chemistry,Cambridge Assessment International Education,Cambridge International AS & A Level,AS Level,Paper 1 Multiple Choice,9701/1,75,40,31
13 An introduction to AS Level organic chemistry,13.4 Isomerism: structural isomerism and stereoisomerism,describe stereoisomerism and its division into geometrical (cis/trans) and optical isomerism (use of E/Z nomenclature is acceptable but is not required),Chemistry,Cambridge Assessment International Education,Cambridge International AS & A Level,AS Level,Paper 2 AS Level Structured Questions,9701/2,75,60,46
13 An introduction to AS Level organic chemistry,13.4 Isomerism: structural isomerism and stereoisomerism,describe stereoisomerism and its division into geometrical (cis/trans) and optical isomerism (use of E/Z nomenclature is acceptable but is not required),Chemistry,Cambridge Assessment International Education,Cambridge International AS & A Level,A Level,Paper 1 Multiple Choice,9701/1,75,40,15.5
13 An introduction to AS Level organic chemistry,13.4 Isomerism: structural isomerism and stereoisomerism,describe stereoisomerism and its division into geometrical (cis/trans) and optical isomerism (use of E/Z nomenclature is acceptable but is not required),Chemistry,Cambridge Assessment International Education,Cambridge International AS & A Level,A Level,Paper 2 AS Level Structured Questions,9701/2,75,60,23
13 An introduction to AS Level organic chemistry,13.4 Isomerism: structural isomerism and stereoisomerism,"describe geometrical (cis/trans) isomerism in alkenes, and explain its origin in terms of restricted rotation due to the presence of π bonds",Chemistry,Cambridge Assessment International Education,Cambridge International AS & A Level,AS Level,Paper 1 Multiple Choice,9701/1,75,40,31
13 An introduction to AS Level organic chemistry,13.4 Isomerism: structural isomerism and stereoisomerism,"describe geometrical (cis/trans) isomerism in alkenes, and explain its origin in terms of restricted rotation due to the presence of π bonds",Chemistry,Cambridge Assessment International Education,Cambridge International AS & A Level,AS Level,Paper 2 AS Level Structured Questions,9701/2,75,60,46
13 An introduction to AS Level organic chemistry,13.4 Isomerism: structural isomerism and stereoisomerism,"describe geometrical (cis/trans) isomerism in alkenes, and explain its origin in terms of restricted rotation due to the presence of π bonds",Chemistry,Cambridge Assessment International Education,Cambridge International AS & A Level,A Level,Paper 1 Multiple Choice,9701/1,75,40,15.5
13 An introduction to AS Level organic chemistry,13.4 Isomerism: structural isomerism and stereoisomerism,"describe geometrical (cis/trans) isomerism in alkenes, and explain its origin in terms of restricted rotation due to the presence of π bonds",Chemistry,Cambridge Assessment International Education,Cambridge International AS & A Level,A Level,Paper 2 AS Level Structured Questions,9701/2,75,60,23
13 An introduction to AS Level organic chemistry,13.4 Isomerism: structural isomerism and stereoisomerism,"explain what is meant by a chiral centre and that such a centre gives rise to two optical isomers (enantiomers) (Candidates should appreciate that compounds can contain more than one chiral centre, but knowledge of meso compounds, or nomenclature such as diastereoisomers is not required.)",Chemistry,Cambridge Assessment International Education,Cambridge International AS & A Level,AS Level,Paper 1 Multiple Choice,9701/1,75,40,31
13 An introduction to AS Level organic chemistry,13.4 Isomerism: structural isomerism and stereoisomerism,"explain what is meant by a chiral centre and that such a centre gives rise to two optical isomers (enantiomers) (Candidates should appreciate that compounds can contain more than one chiral centre, but knowledge of meso compounds, or nomenclature such as diastereoisomers is not required.)",Chemistry,Cambridge Assessment International Education,Cambridge International AS & A Level,AS Level,Paper 2 AS Level Structured Questions,9701/2,75,60,46
13 An introduction to AS Level organic chemistry,13.4 Isomerism: structural isomerism and stereoisomerism,"explain what is meant by a chiral centre and that such a centre gives rise to two optical isomers (enantiomers) (Candidates should appreciate that compounds can contain more than one chiral centre, but knowledge of meso compounds, or nomenclature such as diastereoisomers is not required.)",Chemistry,Cambridge Assessment International Education,Cambridge International AS & A Level,A Level,Paper 1 Multiple Choice,9701/1,75,40,15.5
13 An introduction to AS Level organic chemistry,13.4 Isomerism: structural isomerism and stereoisomerism,"explain what is meant by a chiral centre and that such a centre gives rise to two optical isomers (enantiomers) (Candidates should appreciate that compounds can contain more than one chiral centre, but knowledge of meso compounds, or nomenclature such as diastereoisomers is not required.)",Chemistry,Cambridge Assessment International Education,Cambridge International AS & A Level,A Level,Paper 2 AS Level Structured Questions,9701/2,75,60,23
13 An introduction to AS Level organic chemistry,13.4 Isomerism: structural isomerism and stereoisomerism,identify chiral centres and geometrical (cis/trans) isomerism in a molecule of given structural formula including cyclic compounds,Chemistry,Cambridge Assessment International Education,Cambridge International AS & A Level,AS Level,Paper 1 Multiple Choice,9701/1,75,40,31
13 An introduction to AS Level organic chemistry,13.4 Isomerism: structural isomerism and stereoisomerism,identify chiral centres and geometrical (cis/trans) isomerism in a molecule of given structural formula including cyclic compounds,Chemistry,Cambridge Assessment International Education,Cambridge International AS & A Level,AS Level,Paper 2 AS Level Structured Questions,9701/2,75,60,46
13 An introduction to AS Level organic chemistry,13.4 Isomerism: structural isomerism and stereoisomerism,identify chiral centres and geometrical (cis/trans) isomerism in a molecule of given structural formula including cyclic compounds,Chemistry,Cambridge Assessment International Education,Cambridge International AS & A Level,A Level,Paper 1 Multiple Choice,9701/1,75,40,15.5
13 An introduction to AS Level organic chemistry,13.4 Isomerism: structural isomerism and stereoisomerism,identify chiral centres and geometrical (cis/trans) isomerism in a molecule of given structural formula including cyclic compounds,Chemistry,Cambridge Assessment International Education,Cambridge International AS & A Level,A Level,Paper 2 AS Level Structured Questions,9701/2,75,60,23
13 An introduction to AS Level organic chemistry,13.4 Isomerism: structural isomerism and stereoisomerism,deduce the possible isomers for an organic molecule of known molecular formula,Chemistry,Cambridge Assessment International Education,Cambridge International AS & A Level,AS Level,Paper 1 Multiple Choice,9701/1,75,40,31
13 An introduction to AS Level organic chemistry,13.4 Isomerism: structural isomerism and stereoisomerism,deduce the possible isomers for an organic molecule of known molecular formula,Chemistry,Cambridge Assessment International Education,Cambridge International AS & A Level,AS Level,Paper 2 AS Level Structured Questions,9701/2,75,60,46
13 An introduction to AS Level organic chemistry,13.4 Isomerism: structural isomerism and stereoisomerism,deduce the possible isomers for an organic molecule of known molecular formula,Chemistry,Cambridge Assessment International Education,Cambridge International AS & A Level,A Level,Paper 1 Multiple Choice,9701/1,75,40,15.5
13 An introduction to AS Level organic chemistry,13.4 Isomerism: structural isomerism and stereoisomerism,deduce the possible isomers for an organic molecule of known molecular formula,Chemistry,Cambridge Assessment International Education,Cambridge International AS & A Level,A Level,Paper 2 AS Level Structured Questions,9701/2,75,60,23
14 Hydrocarbons,14.1 Alkanes,"recall the reactions (reagents and conditions) by which alkanes can be produced: (a) addition of hydrogen to an alkene in a hydrogenation reaction, H2(g) and Pt/Ni catalyst and heat (b) cracking of a longer chain alkane, heat with Al 2O3",Chemistry,Cambridge Assessment International Education,Cambridge International AS & A Level,AS Level,Paper 1 Multiple Choice,9701/1,75,40,31
14 Hydrocarbons,14.1 Alkanes,"recall the reactions (reagents and conditions) by which alkanes can be produced: (a) addition of hydrogen to an alkene in a hydrogenation reaction, H2(g) and Pt/Ni catalyst and heat (b) cracking of a longer chain alkane, heat with Al 2O3",Chemistry,Cambridge Assessment International Education,Cambridge International AS & A Level,AS Level,Paper 2 AS Level Structured Questions,9701/2,75,60,46
14 Hydrocarbons,14.1 Alkanes,"recall the reactions (reagents and conditions) by which alkanes can be produced: (a) addition of hydrogen to an alkene in a hydrogenation reaction, H2(g) and Pt/Ni catalyst and heat (b) cracking of a longer chain alkane, heat with Al 2O3",Chemistry,Cambridge Assessment International Education,Cambridge International AS & A Level,A Level,Paper 1 Multiple Choice,9701/1,75,40,15.5
14 Hydrocarbons,14.1 Alkanes,"recall the reactions (reagents and conditions) by which alkanes can be produced: (a) addition of hydrogen to an alkene in a hydrogenation reaction, H2(g) and Pt/Ni catalyst and heat (b) cracking of a longer chain alkane, heat with Al 2O3",Chemistry,Cambridge Assessment International Education,Cambridge International AS & A Level,A Level,Paper 2 AS Level Structured Questions,9701/2,75,60,23
14 Hydrocarbons,14.1 Alkanes,"describe: (a) the complete and incomplete combustion of alkanes (b) the free-radical substitution of alkanes by Cl 2 or Br2 in the presence of ultraviolet light, as exemplified by the reactions of ethane",Chemistry,Cambridge Assessment International Education,Cambridge International AS & A Level,AS Level,Paper 1 Multiple Choice,9701/1,75,40,31
14 Hydrocarbons,14.1 Alkanes,"describe: (a) the complete and incomplete combustion of alkanes (b) the free-radical substitution of alkanes by Cl 2 or Br2 in the presence of ultraviolet light, as exemplified by the reactions of ethane",Chemistry,Cambridge Assessment International Education,Cambridge International AS & A Level,AS Level,Paper 2 AS Level Structured Questions,9701/2,75,60,46
14 Hydrocarbons,14.1 Alkanes,"describe: (a) the complete and incomplete combustion of alkanes (b) the free-radical substitution of alkanes by Cl 2 or Br2 in the presence of ultraviolet light, as exemplified by the reactions of ethane",Chemistry,Cambridge Assessment International Education,Cambridge International AS & A Level,A Level,Paper 1 Multiple Choice,9701/1,75,40,15.5
14 Hydrocarbons,14.1 Alkanes,"describe: (a) the complete and incomplete combustion of alkanes (b) the free-radical substitution of alkanes by Cl 2 or Br2 in the presence of ultraviolet light, as exemplified by the reactions of ethane",Chemistry,Cambridge Assessment International Education,Cambridge International AS & A Level,A Level,Paper 2 AS Level Structured Questions,9701/2,75,60,23
14 Hydrocarbons,14.1 Alkanes,"describe the mechanism of free-radical substitution with reference to the initiation, propagation and termination steps",Chemistry,Cambridge Assessment International Education,Cambridge International AS & A Level,AS Level,Paper 1 Multiple Choice,9701/1,75,40,31
14 Hydrocarbons,14.1 Alkanes,"describe the mechanism of free-radical substitution with reference to the initiation, propagation and termination steps",Chemistry,Cambridge Assessment International Education,Cambridge International AS & A Level,AS Level,Paper 2 AS Level Structured Questions,9701/2,75,60,46
14 Hydrocarbons,14.1 Alkanes,"describe the mechanism of free-radical substitution with reference to the initiation, propagation and termination steps",Chemistry,Cambridge Assessment International Education,Cambridge International AS & A Level,A Level,Paper 1 Multiple Choice,9701/1,75,40,15.5
14 Hydrocarbons,14.1 Alkanes,"describe the mechanism of free-radical substitution with reference to the initiation, propagation and termination steps",Chemistry,Cambridge Assessment International Education,Cambridge International AS & A Level,A Level,Paper 2 AS Level Structured Questions,9701/2,75,60,23
14 Hydrocarbons,14.1 Alkanes,suggest how cracking can be used to obtain more useful alkanes and alkenes of lower Mr from heavier crude oil fractions,Chemistry,Cambridge Assessment International Education,Cambridge International AS & A Level,AS Level,Paper 1 Multiple Choice,9701/1,75,40,31
14 Hydrocarbons,14.1 Alkanes,suggest how cracking can be used to obtain more useful alkanes and alkenes of lower Mr from heavier crude oil fractions,Chemistry,Cambridge Assessment International Education,Cambridge International AS & A Level,AS Level,Paper 2 AS Level Structured Questions,9701/2,75,60,46
14 Hydrocarbons,14.1 Alkanes,suggest how cracking can be used to obtain more useful alkanes and alkenes of lower Mr from heavier crude oil fractions,Chemistry,Cambridge Assessment International Education,Cambridge International AS & A Level,A Level,Paper 1 Multiple Choice,9701/1,75,40,15.5
14 Hydrocarbons,14.1 Alkanes,suggest how cracking can be used to obtain more useful alkanes and alkenes of lower Mr from heavier crude oil fractions,Chemistry,Cambridge Assessment International Education,Cambridge International AS & A Level,A Level,Paper 2 AS Level Structured Questions,9701/2,75,60,23
14 Hydrocarbons,14.1 Alkanes,"understand the general unreactivity of alkanes, including towards polar reagents in terms of the strength of the C–H bonds and their relative lack of polarity",Chemistry,Cambridge Assessment International Education,Cambridge International AS & A Level,AS Level,Paper 1 Multiple Choice,9701/1,75,40,31
14 Hydrocarbons,14.1 Alkanes,"understand the general unreactivity of alkanes, including towards polar reagents in terms of the strength of the C–H bonds and their relative lack of polarity",Chemistry,Cambridge Assessment International Education,Cambridge International AS & A Level,AS Level,Paper 2 AS Level Structured Questions,9701/2,75,60,46
14 Hydrocarbons,14.1 Alkanes,"understand the general unreactivity of alkanes, including towards polar reagents in terms of the strength of the C–H bonds and their relative lack of polarity",Chemistry,Cambridge Assessment International Education,Cambridge International AS & A Level,A Level,Paper 1 Multiple Choice,9701/1,75,40,15.5
14 Hydrocarbons,14.1 Alkanes,"understand the general unreactivity of alkanes, including towards polar reagents in terms of the strength of the C–H bonds and their relative lack of polarity",Chemistry,Cambridge Assessment International Education,Cambridge International AS & A Level,A Level,Paper 2 AS Level Structured Questions,9701/2,75,60,23
14 Hydrocarbons,14.1 Alkanes,"recognise the environmental consequences of carbon monoxide, oxides of nitrogen and unburnt hydrocarbons arising from the combustion of alkanes in the internal combustion engine and of their catalytic removal",Chemistry,Cambridge Assessment International Education,Cambridge International AS & A Level,AS Level,Paper 1 Multiple Choice,9701/1,75,40,31
14 Hydrocarbons,14.1 Alkanes,"recognise the environmental consequences of carbon monoxide, oxides of nitrogen and unburnt hydrocarbons arising from the combustion of alkanes in the internal combustion engine and of their catalytic removal",Chemistry,Cambridge Assessment International Education,Cambridge International AS & A Level,AS Level,Paper 2 AS Level Structured Questions,9701/2,75,60,46
14 Hydrocarbons,14.1 Alkanes,"recognise the environmental consequences of carbon monoxide, oxides of nitrogen and unburnt hydrocarbons arising from the combustion of alkanes in the internal combustion engine and of their catalytic removal",Chemistry,Cambridge Assessment International Education,Cambridge International AS & A Level,A Level,Paper 1 Multiple Choice,9701/1,75,40,15.5
14 Hydrocarbons,14.1 Alkanes,"recognise the environmental consequences of carbon monoxide, oxides of nitrogen and unburnt hydrocarbons arising from the combustion of alkanes in the internal combustion engine and of their catalytic removal",Chemistry,Cambridge Assessment International Education,Cambridge International AS & A Level,A Level,Paper 2 AS Level Structured Questions,9701/2,75,60,23
14 Hydrocarbons,14.2 Alkenes,"recall the reactions (including reagents and conditions) by which alkenes can be produced: (a) elimination of HX from a halogenoalkane by ethanolic NaOH and heat (b) dehydration of an alcohol, by using a heated catalyst (e.g. Al 2O3) or a concentrated acid (e.g. concentrated H2SO4) (c) cracking of a longer chain alkane",Chemistry,Cambridge Assessment International Education,Cambridge International AS & A Level,AS Level,Paper 1 Multiple Choice,9701/1,75,40,31
14 Hydrocarbons,14.2 Alkenes,"recall the reactions (including reagents and conditions) by which alkenes can be produced: (a) elimination of HX from a halogenoalkane by ethanolic NaOH and heat (b) dehydration of an alcohol, by using a heated catalyst (e.g. Al 2O3) or a concentrated acid (e.g. concentrated H2SO4) (c) cracking of a longer chain alkane",Chemistry,Cambridge Assessment International Education,Cambridge International AS & A Level,AS Level,Paper 2 AS Level Structured Questions,9701/2,75,60,46
14 Hydrocarbons,14.2 Alkenes,"recall the reactions (including reagents and conditions) by which alkenes can be produced: (a) elimination of HX from a halogenoalkane by ethanolic NaOH and heat (b) dehydration of an alcohol, by using a heated catalyst (e.g. Al 2O3) or a concentrated acid (e.g. concentrated H2SO4) (c) cracking of a longer chain alkane",Chemistry,Cambridge Assessment International Education,Cambridge International AS & A Level,A Level,Paper 1 Multiple Choice,9701/1,75,40,15.5
14 Hydrocarbons,14.2 Alkenes,"recall the reactions (including reagents and conditions) by which alkenes can be produced: (a) elimination of HX from a halogenoalkane by ethanolic NaOH and heat (b) dehydration of an alcohol, by using a heated catalyst (e.g. Al 2O3) or a concentrated acid (e.g. concentrated H2SO4) (c) cracking of a longer chain alkane",Chemistry,Cambridge Assessment International Education,Cambridge International AS & A Level,A Level,Paper 2 AS Level Structured Questions,9701/2,75,60,23
14 Hydrocarbons,14.2 Alkenes,"describe the following reactions of alkenes: (a) the electrophilic addition of (i) hydrogen in a hydrogenation reaction, H2(g) and Pt/Ni catalyst and heat (ii) steam, H2O(g) and H3PO4 catalyst (iii) a hydrogen halide, HX(g), at room temperature (iv) a halogen, X2 (b) the oxidation by cold dilute acidified KMnO4 to form the diol (c) the oxidation by hot concentrated acidified KMnO4 leading to the rupture of the carbon–carbon double bond and the identities of the subsequent products to determine the position of alkene linkages in larger molecules (d) addition polymerisation exemplified by the reactions of ethene and propene",Chemistry,Cambridge Assessment International Education,Cambridge International AS & A Level,AS Level,Paper 1 Multiple Choice,9701/1,75,40,31
14 Hydrocarbons,14.2 Alkenes,"describe the following reactions of alkenes: (a) the electrophilic addition of (i) hydrogen in a hydrogenation reaction, H2(g) and Pt/Ni catalyst and heat (ii) steam, H2O(g) and H3PO4 catalyst (iii) a hydrogen halide, HX(g), at room temperature (iv) a halogen, X2 (b) the oxidation by cold dilute acidified KMnO4 to form the diol (c) the oxidation by hot concentrated acidified KMnO4 leading to the rupture of the carbon–carbon double bond and the identities of the subsequent products to determine the position of alkene linkages in larger molecules (d) addition polymerisation exemplified by the reactions of ethene and propene",Chemistry,Cambridge Assessment International Education,Cambridge International AS & A Level,AS Level,Paper 2 AS Level Structured Questions,9701/2,75,60,46
14 Hydrocarbons,14.2 Alkenes,"describe the following reactions of alkenes: (a) the electrophilic addition of (i) hydrogen in a hydrogenation reaction, H2(g) and Pt/Ni catalyst and heat (ii) steam, H2O(g) and H3PO4 catalyst (iii) a hydrogen halide, HX(g), at room temperature (iv) a halogen, X2 (b) the oxidation by cold dilute acidified KMnO4 to form the diol (c) the oxidation by hot concentrated acidified KMnO4 leading to the rupture of the carbon–carbon double bond and the identities of the subsequent products to determine the position of alkene linkages in larger molecules (d) addition polymerisation exemplified by the reactions of ethene and propene",Chemistry,Cambridge Assessment International Education,Cambridge International AS & A Level,A Level,Paper 1 Multiple Choice,9701/1,75,40,15.5
14 Hydrocarbons,14.2 Alkenes,"describe the following reactions of alkenes: (a) the electrophilic addition of (i) hydrogen in a hydrogenation reaction, H2(g) and Pt/Ni catalyst and heat (ii) steam, H2O(g) and H3PO4 catalyst (iii) a hydrogen halide, HX(g), at room temperature (iv) a halogen, X2 (b) the oxidation by cold dilute acidified KMnO4 to form the diol (c) the oxidation by hot concentrated acidified KMnO4 leading to the rupture of the carbon–carbon double bond and the identities of the subsequent products to determine the position of alkene linkages in larger molecules (d) addition polymerisation exemplified by the reactions of ethene and propene",Chemistry,Cambridge Assessment International Education,Cambridge International AS & A Level,A Level,Paper 2 AS Level Structured Questions,9701/2,75,60,23
14 Hydrocarbons,14.2 Alkenes,describe the use of aqueous bromine to show the presence of a C=C bond,Chemistry,Cambridge Assessment International Education,Cambridge International AS & A Level,AS Level,Paper 1 Multiple Choice,9701/1,75,40,31
14 Hydrocarbons,14.2 Alkenes,describe the use of aqueous bromine to show the presence of a C=C bond,Chemistry,Cambridge Assessment International Education,Cambridge International AS & A Level,AS Level,Paper 2 AS Level Structured Questions,9701/2,75,60,46
14 Hydrocarbons,14.2 Alkenes,describe the use of aqueous bromine to show the presence of a C=C bond,Chemistry,Cambridge Assessment International Education,Cambridge International AS & A Level,A Level,Paper 1 Multiple Choice,9701/1,75,40,15.5
14 Hydrocarbons,14.2 Alkenes,describe the use of aqueous bromine to show the presence of a C=C bond,Chemistry,Cambridge Assessment International Education,Cambridge International AS & A Level,A Level,Paper 2 AS Level Structured Questions,9701/2,75,60,23
14 Hydrocarbons,14.2 Alkenes,"describe the mechanism of electrophilic addition in alkenes, using bromine/ethene and hydrogen bromide/propene as examples",Chemistry,Cambridge Assessment International Education,Cambridge International AS & A Level,AS Level,Paper 1 Multiple Choice,9701/1,75,40,31
14 Hydrocarbons,14.2 Alkenes,"describe the mechanism of electrophilic addition in alkenes, using bromine/ethene and hydrogen bromide/propene as examples",Chemistry,Cambridge Assessment International Education,Cambridge International AS & A Level,AS Level,Paper 2 AS Level Structured Questions,9701/2,75,60,46
14 Hydrocarbons,14.2 Alkenes,"describe the mechanism of electrophilic addition in alkenes, using bromine/ethene and hydrogen bromide/propene as examples",Chemistry,Cambridge Assessment International Education,Cambridge International AS & A Level,A Level,Paper 1 Multiple Choice,9701/1,75,40,15.5
14 Hydrocarbons,14.2 Alkenes,"describe the mechanism of electrophilic addition in alkenes, using bromine/ethene and hydrogen bromide/propene as examples",Chemistry,Cambridge Assessment International Education,Cambridge International AS & A Level,A Level,Paper 2 AS Level Structured Questions,9701/2,75,60,23
14 Hydrocarbons,14.2 Alkenes,"describe and explain the inductive effects of alkyl groups on the stability of primary, secondary and tertiary cations formed during electrophilic addition (this should be used to explain Markovnikov addition)",Chemistry,Cambridge Assessment International Education,Cambridge International AS & A Level,AS Level,Paper 1 Multiple Choice,9701/1,75,40,31
14 Hydrocarbons,14.2 Alkenes,"describe and explain the inductive effects of alkyl groups on the stability of primary, secondary and tertiary cations formed during electrophilic addition (this should be used to explain Markovnikov addition)",Chemistry,Cambridge Assessment International Education,Cambridge International AS & A Level,AS Level,Paper 2 AS Level Structured Questions,9701/2,75,60,46
14 Hydrocarbons,14.2 Alkenes,"describe and explain the inductive effects of alkyl groups on the stability of primary, secondary and tertiary cations formed during electrophilic addition (this should be used to explain Markovnikov addition)",Chemistry,Cambridge Assessment International Education,Cambridge International AS & A Level,A Level,Paper 1 Multiple Choice,9701/1,75,40,15.5
14 Hydrocarbons,14.2 Alkenes,"describe and explain the inductive effects of alkyl groups on the stability of primary, secondary and tertiary cations formed during electrophilic addition (this should be used to explain Markovnikov addition)",Chemistry,Cambridge Assessment International Education,Cambridge International AS & A Level,A Level,Paper 2 AS Level Structured Questions,9701/2,75,60,23
15 Halogen compounds,15.1 Halogenoalkanes,"recall the reactions (reagents and conditions) by which halogenoalkanes can be produced: (a) the free-radical substitution of alkanes by Cl 2 or Br2 in the presence of ultraviolet light, as exemplified by the reactions of ethane (b) electrophilic addition of an alkene with a halogen, X2, or hydrogen halide, HX(g), at room temperature (c) substitution of an alcohol, e.g. by reaction with HX(g); or with KCl and concentrated H2SO4 or concentrated H3PO4; or with PCl 3 and heat; or with PCl 5; or with SOCl 2",Chemistry,Cambridge Assessment International Education,Cambridge International AS & A Level,AS Level,Paper 1 Multiple Choice,9701/1,75,40,31
15 Halogen compounds,15.1 Halogenoalkanes,"recall the reactions (reagents and conditions) by which halogenoalkanes can be produced: (a) the free-radical substitution of alkanes by Cl 2 or Br2 in the presence of ultraviolet light, as exemplified by the reactions of ethane (b) electrophilic addition of an alkene with a halogen, X2, or hydrogen halide, HX(g), at room temperature (c) substitution of an alcohol, e.g. by reaction with HX(g); or with KCl and concentrated H2SO4 or concentrated H3PO4; or with PCl 3 and heat; or with PCl 5; or with SOCl 2",Chemistry,Cambridge Assessment International Education,Cambridge International AS & A Level,AS Level,Paper 2 AS Level Structured Questions,9701/2,75,60,46
15 Halogen compounds,15.1 Halogenoalkanes,"recall the reactions (reagents and conditions) by which halogenoalkanes can be produced: (a) the free-radical substitution of alkanes by Cl 2 or Br2 in the presence of ultraviolet light, as exemplified by the reactions of ethane (b) electrophilic addition of an alkene with a halogen, X2, or hydrogen halide, HX(g), at room temperature (c) substitution of an alcohol, e.g. by reaction with HX(g); or with KCl and concentrated H2SO4 or concentrated H3PO4; or with PCl 3 and heat; or with PCl 5; or with SOCl 2",Chemistry,Cambridge Assessment International Education,Cambridge International AS & A Level,A Level,Paper 1 Multiple Choice,9701/1,75,40,15.5
15 Halogen compounds,15.1 Halogenoalkanes,"recall the reactions (reagents and conditions) by which halogenoalkanes can be produced: (a) the free-radical substitution of alkanes by Cl 2 or Br2 in the presence of ultraviolet light, as exemplified by the reactions of ethane (b) electrophilic addition of an alkene with a halogen, X2, or hydrogen halide, HX(g), at room temperature (c) substitution of an alcohol, e.g. by reaction with HX(g); or with KCl and concentrated H2SO4 or concentrated H3PO4; or with PCl 3 and heat; or with PCl 5; or with SOCl 2",Chemistry,Cambridge Assessment International Education,Cambridge International AS & A Level,A Level,Paper 2 AS Level Structured Questions,9701/2,75,60,23
15 Halogen compounds,15.1 Halogenoalkanes,"classify halogenoalkanes into primary, secondary and tertiary",Chemistry,Cambridge Assessment International Education,Cambridge International AS & A Level,AS Level,Paper 1 Multiple Choice,9701/1,75,40,31
15 Halogen compounds,15.1 Halogenoalkanes,"classify halogenoalkanes into primary, secondary and tertiary",Chemistry,Cambridge Assessment International Education,Cambridge International AS & A Level,AS Level,Paper 2 AS Level Structured Questions,9701/2,75,60,46
15 Halogen compounds,15.1 Halogenoalkanes,"classify halogenoalkanes into primary, secondary and tertiary",Chemistry,Cambridge Assessment International Education,Cambridge International AS & A Level,A Level,Paper 1 Multiple Choice,9701/1,75,40,15.5
15 Halogen compounds,15.1 Halogenoalkanes,"classify halogenoalkanes into primary, secondary and tertiary",Chemistry,Cambridge Assessment International Education,Cambridge International AS & A Level,A Level,Paper 2 AS Level Structured Questions,9701/2,75,60,23
15 Halogen compounds,15.1 Halogenoalkanes,describe the following nucleophilic substitution reactions: (a) the reaction with NaOH(aq) and heat to produce an alcohol (b) the reaction with KCN in ethanol and heat to produce a nitrile (c) the reaction with NH3 in ethanol heated under pressure to produce an amine (d) the reaction with aqueous silver nitrate in ethanol as a method of identifying the halogen present as exemplified by bromoethane,Chemistry,Cambridge Assessment International Education,Cambridge International AS & A Level,AS Level,Paper 1 Multiple Choice,9701/1,75,40,31
15 Halogen compounds,15.1 Halogenoalkanes,describe the following nucleophilic substitution reactions: (a) the reaction with NaOH(aq) and heat to produce an alcohol (b) the reaction with KCN in ethanol and heat to produce a nitrile (c) the reaction with NH3 in ethanol heated under pressure to produce an amine (d) the reaction with aqueous silver nitrate in ethanol as a method of identifying the halogen present as exemplified by bromoethane,Chemistry,Cambridge Assessment International Education,Cambridge International AS & A Level,AS Level,Paper 2 AS Level Structured Questions,9701/2,75,60,46
15 Halogen compounds,15.1 Halogenoalkanes,describe the following nucleophilic substitution reactions: (a) the reaction with NaOH(aq) and heat to produce an alcohol (b) the reaction with KCN in ethanol and heat to produce a nitrile (c) the reaction with NH3 in ethanol heated under pressure to produce an amine (d) the reaction with aqueous silver nitrate in ethanol as a method of identifying the halogen present as exemplified by bromoethane,Chemistry,Cambridge Assessment International Education,Cambridge International AS & A Level,A Level,Paper 1 Multiple Choice,9701/1,75,40,15.5
15 Halogen compounds,15.1 Halogenoalkanes,describe the following nucleophilic substitution reactions: (a) the reaction with NaOH(aq) and heat to produce an alcohol (b) the reaction with KCN in ethanol and heat to produce a nitrile (c) the reaction with NH3 in ethanol heated under pressure to produce an amine (d) the reaction with aqueous silver nitrate in ethanol as a method of identifying the halogen present as exemplified by bromoethane,Chemistry,Cambridge Assessment International Education,Cambridge International AS & A Level,A Level,Paper 2 AS Level Structured Questions,9701/2,75,60,23
15 Halogen compounds,15.1 Halogenoalkanes,describe the elimination reaction with NaOH in ethanol and heat to produce an alkene as exemplified by bromoethane,Chemistry,Cambridge Assessment International Education,Cambridge International AS & A Level,AS Level,Paper 1 Multiple Choice,9701/1,75,40,31
15 Halogen compounds,15.1 Halogenoalkanes,describe the elimination reaction with NaOH in ethanol and heat to produce an alkene as exemplified by bromoethane,Chemistry,Cambridge Assessment International Education,Cambridge International AS & A Level,AS Level,Paper 2 AS Level Structured Questions,9701/2,75,60,46
15 Halogen compounds,15.1 Halogenoalkanes,describe the elimination reaction with NaOH in ethanol and heat to produce an alkene as exemplified by bromoethane,Chemistry,Cambridge Assessment International Education,Cambridge International AS & A Level,A Level,Paper 1 Multiple Choice,9701/1,75,40,15.5
15 Halogen compounds,15.1 Halogenoalkanes,describe the elimination reaction with NaOH in ethanol and heat to produce an alkene as exemplified by bromoethane,Chemistry,Cambridge Assessment International Education,Cambridge International AS & A Level,A Level,Paper 2 AS Level Structured Questions,9701/2,75,60,23
15 Halogen compounds,15.1 Halogenoalkanes,describe the SN1 and SN2 mechanisms of nucleophilic substitution in halogenoalkanes including the inductive effects of alkyl groups,Chemistry,Cambridge Assessment International Education,Cambridge International AS & A Level,AS Level,Paper 1 Multiple Choice,9701/1,75,40,31
15 Halogen compounds,15.1 Halogenoalkanes,describe the SN1 and SN2 mechanisms of nucleophilic substitution in halogenoalkanes including the inductive effects of alkyl groups,Chemistry,Cambridge Assessment International Education,Cambridge International AS & A Level,AS Level,Paper 2 AS Level Structured Questions,9701/2,75,60,46
15 Halogen compounds,15.1 Halogenoalkanes,describe the SN1 and SN2 mechanisms of nucleophilic substitution in halogenoalkanes including the inductive effects of alkyl groups,Chemistry,Cambridge Assessment International Education,Cambridge International AS & A Level,A Level,Paper 1 Multiple Choice,9701/1,75,40,15.5
15 Halogen compounds,15.1 Halogenoalkanes,describe the SN1 and SN2 mechanisms of nucleophilic substitution in halogenoalkanes including the inductive effects of alkyl groups,Chemistry,Cambridge Assessment International Education,Cambridge International AS & A Level,A Level,Paper 2 AS Level Structured Questions,9701/2,75,60,23
15 Halogen compounds,15.1 Halogenoalkanes,"recall that primary halogenoalkanes tend to react via the SN2 mechanism; tertiary halogenoalkanes via the SN1 mechanism; and secondary halogenoalkanes by a mixture of the two, depending on structure",Chemistry,Cambridge Assessment International Education,Cambridge International AS & A Level,AS Level,Paper 1 Multiple Choice,9701/1,75,40,31
15 Halogen compounds,15.1 Halogenoalkanes,"recall that primary halogenoalkanes tend to react via the SN2 mechanism; tertiary halogenoalkanes via the SN1 mechanism; and secondary halogenoalkanes by a mixture of the two, depending on structure",Chemistry,Cambridge Assessment International Education,Cambridge International AS & A Level,AS Level,Paper 2 AS Level Structured Questions,9701/2,75,60,46
15 Halogen compounds,15.1 Halogenoalkanes,"recall that primary halogenoalkanes tend to react via the SN2 mechanism; tertiary halogenoalkanes via the SN1 mechanism; and secondary halogenoalkanes by a mixture of the two, depending on structure",Chemistry,Cambridge Assessment International Education,Cambridge International AS & A Level,A Level,Paper 1 Multiple Choice,9701/1,75,40,15.5
15 Halogen compounds,15.1 Halogenoalkanes,"recall that primary halogenoalkanes tend to react via the SN2 mechanism; tertiary halogenoalkanes via the SN1 mechanism; and secondary halogenoalkanes by a mixture of the two, depending on structure",Chemistry,Cambridge Assessment International Education,Cambridge International AS & A Level,A Level,Paper 2 AS Level Structured Questions,9701/2,75,60,23
15 Halogen compounds,15.1 Halogenoalkanes,describe and explain the different reactivities of halogenoalkanes (with particular reference to the relative strengths of the C–X bonds as exemplified by the reactions of halogenoalkanes with aqueous silver nitrates),Chemistry,Cambridge Assessment International Education,Cambridge International AS & A Level,AS Level,Paper 1 Multiple Choice,9701/1,75,40,31
15 Halogen compounds,15.1 Halogenoalkanes,describe and explain the different reactivities of halogenoalkanes (with particular reference to the relative strengths of the C–X bonds as exemplified by the reactions of halogenoalkanes with aqueous silver nitrates),Chemistry,Cambridge Assessment International Education,Cambridge International AS & A Level,AS Level,Paper 2 AS Level Structured Questions,9701/2,75,60,46
15 Halogen compounds,15.1 Halogenoalkanes,describe and explain the different reactivities of halogenoalkanes (with particular reference to the relative strengths of the C–X bonds as exemplified by the reactions of halogenoalkanes with aqueous silver nitrates),Chemistry,Cambridge Assessment International Education,Cambridge International AS & A Level,A Level,Paper 1 Multiple Choice,9701/1,75,40,15.5
15 Halogen compounds,15.1 Halogenoalkanes,describe and explain the different reactivities of halogenoalkanes (with particular reference to the relative strengths of the C–X bonds as exemplified by the reactions of halogenoalkanes with aqueous silver nitrates),Chemistry,Cambridge Assessment International Education,Cambridge International AS & A Level,A Level,Paper 2 AS Level Structured Questions,9701/2,75,60,23
16 Hydroxy compounds,16.1 Alcohols,"recall the reactions (reagents and conditions) by which alcohols can be produced: (a) electrophilic addition of steam to an alkene, H2O(g) and H3PO4 catalyst (b) reaction of alkenes with cold dilute acidified potassium manganate( VII) to form a diol (c) substitution of a halogenoalkane using NaOH(aq) and heat (d) reduction of an aldehyde or ketone using NaBH4 or LiAl H4 (e) reduction of a carboxylic acid using LiAl H4 (f) hydrolysis of an ester using dilute acid or dilute alkali and heat",Chemistry,Cambridge Assessment International Education,Cambridge International AS & A Level,AS Level,Paper 1 Multiple Choice,9701/1,75,40,31
16 Hydroxy compounds,16.1 Alcohols,"recall the reactions (reagents and conditions) by which alcohols can be produced: (a) electrophilic addition of steam to an alkene, H2O(g) and H3PO4 catalyst (b) reaction of alkenes with cold dilute acidified potassium manganate( VII) to form a diol (c) substitution of a halogenoalkane using NaOH(aq) and heat (d) reduction of an aldehyde or ketone using NaBH4 or LiAl H4 (e) reduction of a carboxylic acid using LiAl H4 (f) hydrolysis of an ester using dilute acid or dilute alkali and heat",Chemistry,Cambridge Assessment International Education,Cambridge International AS & A Level,AS Level,Paper 2 AS Level Structured Questions,9701/2,75,60,46
16 Hydroxy compounds,16.1 Alcohols,"recall the reactions (reagents and conditions) by which alcohols can be produced: (a) electrophilic addition of steam to an alkene, H2O(g) and H3PO4 catalyst (b) reaction of alkenes with cold dilute acidified potassium manganate( VII) to form a diol (c) substitution of a halogenoalkane using NaOH(aq) and heat (d) reduction of an aldehyde or ketone using NaBH4 or LiAl H4 (e) reduction of a carboxylic acid using LiAl H4 (f) hydrolysis of an ester using dilute acid or dilute alkali and heat",Chemistry,Cambridge Assessment International Education,Cambridge International AS & A Level,A Level,Paper 1 Multiple Choice,9701/1,75,40,15.5
16 Hydroxy compounds,16.1 Alcohols,"recall the reactions (reagents and conditions) by which alcohols can be produced: (a) electrophilic addition of steam to an alkene, H2O(g) and H3PO4 catalyst (b) reaction of alkenes with cold dilute acidified potassium manganate( VII) to form a diol (c) substitution of a halogenoalkane using NaOH(aq) and heat (d) reduction of an aldehyde or ketone using NaBH4 or LiAl H4 (e) reduction of a carboxylic acid using LiAl H4 (f) hydrolysis of an ester using dilute acid or dilute alkali and heat",Chemistry,Cambridge Assessment International Education,Cambridge International AS & A Level,A Level,Paper 2 AS Level Structured Questions,9701/2,75,60,23
16 Hydroxy compounds,16.1 Alcohols,"describe: (a) the reaction with oxygen (combustion) (b) substitution to form halogenoalkanes, e.g. by reaction with HX(g); or with KCl and concentrated H2SO4 or concentrated H3PO4; or with PCl 3 and heat; or with PCl 5; or with SOCl 2 (c) the reaction with Na(s) (d) oxidation with acidified K2Cr2O7 or acidified KMnO4 to: (i) carbonyl compounds by distillation (ii) carboxylic acids by refluxing (primary alcohols give aldehydes which can be further oxidised to carboxylic acids, secondary alcohols give ketones, tertiary alcohols cannot be oxidised) (e) dehydration to an alkene, by using a heated catalyst, e.g. Al 2O3 or a concentrated acid (f) formation of esters by reaction with carboxylic acids and concentrated H2SO4 as catalyst as exemplified by ethanol",Chemistry,Cambridge Assessment International Education,Cambridge International AS & A Level,AS Level,Paper 1 Multiple Choice,9701/1,75,40,31
16 Hydroxy compounds,16.1 Alcohols,"describe: (a) the reaction with oxygen (combustion) (b) substitution to form halogenoalkanes, e.g. by reaction with HX(g); or with KCl and concentrated H2SO4 or concentrated H3PO4; or with PCl 3 and heat; or with PCl 5; or with SOCl 2 (c) the reaction with Na(s) (d) oxidation with acidified K2Cr2O7 or acidified KMnO4 to: (i) carbonyl compounds by distillation (ii) carboxylic acids by refluxing (primary alcohols give aldehydes which can be further oxidised to carboxylic acids, secondary alcohols give ketones, tertiary alcohols cannot be oxidised) (e) dehydration to an alkene, by using a heated catalyst, e.g. Al 2O3 or a concentrated acid (f) formation of esters by reaction with carboxylic acids and concentrated H2SO4 as catalyst as exemplified by ethanol",Chemistry,Cambridge Assessment International Education,Cambridge International AS & A Level,AS Level,Paper 2 AS Level Structured Questions,9701/2,75,60,46
16 Hydroxy compounds,16.1 Alcohols,"describe: (a) the reaction with oxygen (combustion) (b) substitution to form halogenoalkanes, e.g. by reaction with HX(g); or with KCl and concentrated H2SO4 or concentrated H3PO4; or with PCl 3 and heat; or with PCl 5; or with SOCl 2 (c) the reaction with Na(s) (d) oxidation with acidified K2Cr2O7 or acidified KMnO4 to: (i) carbonyl compounds by distillation (ii) carboxylic acids by refluxing (primary alcohols give aldehydes which can be further oxidised to carboxylic acids, secondary alcohols give ketones, tertiary alcohols cannot be oxidised) (e) dehydration to an alkene, by using a heated catalyst, e.g. Al 2O3 or a concentrated acid (f) formation of esters by reaction with carboxylic acids and concentrated H2SO4 as catalyst as exemplified by ethanol",Chemistry,Cambridge Assessment International Education,Cambridge International AS & A Level,A Level,Paper 1 Multiple Choice,9701/1,75,40,15.5
16 Hydroxy compounds,16.1 Alcohols,"describe: (a) the reaction with oxygen (combustion) (b) substitution to form halogenoalkanes, e.g. by reaction with HX(g); or with KCl and concentrated H2SO4 or concentrated H3PO4; or with PCl 3 and heat; or with PCl 5; or with SOCl 2 (c) the reaction with Na(s) (d) oxidation with acidified K2Cr2O7 or acidified KMnO4 to: (i) carbonyl compounds by distillation (ii) carboxylic acids by refluxing (primary alcohols give aldehydes which can be further oxidised to carboxylic acids, secondary alcohols give ketones, tertiary alcohols cannot be oxidised) (e) dehydration to an alkene, by using a heated catalyst, e.g. Al 2O3 or a concentrated acid (f) formation of esters by reaction with carboxylic acids and concentrated H2SO4 as catalyst as exemplified by ethanol",Chemistry,Cambridge Assessment International Education,Cambridge International AS & A Level,A Level,Paper 2 AS Level Structured Questions,9701/2,75,60,23
16 Hydroxy compounds,16.1 Alcohols,"(a) classify alcohols as primary, secondary and tertiary alcohols, to include examples with more than one alcohol group (b) state characteristic distinguishing reactions, e.g. mild oxidation with acidified K 2Cr2O7, colour change from orange to green",Chemistry,Cambridge Assessment International Education,Cambridge International AS & A Level,AS Level,Paper 1 Multiple Choice,9701/1,75,40,31
16 Hydroxy compounds,16.1 Alcohols,"(a) classify alcohols as primary, secondary and tertiary alcohols, to include examples with more than one alcohol group (b) state characteristic distinguishing reactions, e.g. mild oxidation with acidified K 2Cr2O7, colour change from orange to green",Chemistry,Cambridge Assessment International Education,Cambridge International AS & A Level,AS Level,Paper 2 AS Level Structured Questions,9701/2,75,60,46
16 Hydroxy compounds,16.1 Alcohols,"(a) classify alcohols as primary, secondary and tertiary alcohols, to include examples with more than one alcohol group (b) state characteristic distinguishing reactions, e.g. mild oxidation with acidified K 2Cr2O7, colour change from orange to green",Chemistry,Cambridge Assessment International Education,Cambridge International AS & A Level,A Level,Paper 1 Multiple Choice,9701/1,75,40,15.5
16 Hydroxy compounds,16.1 Alcohols,"(a) classify alcohols as primary, secondary and tertiary alcohols, to include examples with more than one alcohol group (b) state characteristic distinguishing reactions, e.g. mild oxidation with acidified K 2Cr2O7, colour change from orange to green",Chemistry,Cambridge Assessment International Education,Cambridge International AS & A Level,A Level,Paper 2 AS Level Structured Questions,9701/2,75,60,23
16 Hydroxy compounds,16.1 Alcohols,"deduce the presence of a CH3CH(OH)– group in an alcohol, CH3CH(OH)–R, from its reaction with alkaline I2(aq) to form a yellow precipitate of tri-iodomethane and an ion, RCO2–",Chemistry,Cambridge Assessment International Education,Cambridge International AS & A Level,AS Level,Paper 1 Multiple Choice,9701/1,75,40,31
16 Hydroxy compounds,16.1 Alcohols,"deduce the presence of a CH3CH(OH)– group in an alcohol, CH3CH(OH)–R, from its reaction with alkaline I2(aq) to form a yellow precipitate of tri-iodomethane and an ion, RCO2–",Chemistry,Cambridge Assessment International Education,Cambridge International AS & A Level,AS Level,Paper 2 AS Level Structured Questions,9701/2,75,60,46
16 Hydroxy compounds,16.1 Alcohols,"deduce the presence of a CH3CH(OH)– group in an alcohol, CH3CH(OH)–R, from its reaction with alkaline I2(aq) to form a yellow precipitate of tri-iodomethane and an ion, RCO2–",Chemistry,Cambridge Assessment International Education,Cambridge International AS & A Level,A Level,Paper 1 Multiple Choice,9701/1,75,40,15.5
16 Hydroxy compounds,16.1 Alcohols,"deduce the presence of a CH3CH(OH)– group in an alcohol, CH3CH(OH)–R, from its reaction with alkaline I2(aq) to form a yellow precipitate of tri-iodomethane and an ion, RCO2–",Chemistry,Cambridge Assessment International Education,Cambridge International AS & A Level,A Level,Paper 2 AS Level Structured Questions,9701/2,75,60,23
16 Hydroxy compounds,16.1 Alcohols,explain the acidity of alcohols compared with water,Chemistry,Cambridge Assessment International Education,Cambridge International AS & A Level,AS Level,Paper 1 Multiple Choice,9701/1,75,40,31
16 Hydroxy compounds,16.1 Alcohols,explain the acidity of alcohols compared with water,Chemistry,Cambridge Assessment International Education,Cambridge International AS & A Level,AS Level,Paper 2 AS Level Structured Questions,9701/2,75,60,46
16 Hydroxy compounds,16.1 Alcohols,explain the acidity of alcohols compared with water,Chemistry,Cambridge Assessment International Education,Cambridge International AS & A Level,A Level,Paper 1 Multiple Choice,9701/1,75,40,15.5
16 Hydroxy compounds,16.1 Alcohols,explain the acidity of alcohols compared with water,Chemistry,Cambridge Assessment International Education,Cambridge International AS & A Level,A Level,Paper 2 AS Level Structured Questions,9701/2,75,60,23
17 Carbonyl compounds,17.1 Aldehydes and ketones,recall the reactions (reagents and conditions) by which aldehydes and ketones can be produced: (a) the oxidation of primary alcohols using acidified K2Cr2O7 or acidified KMnO4 and distillation to produce aldehydes (b) the oxidation of secondary alcohols using acidified K2Cr2O7 or acidified KMnO4 and distillation to produce ketones,Chemistry,Cambridge Assessment International Education,Cambridge International AS & A Level,AS Level,Paper 1 Multiple Choice,9701/1,75,40,31
17 Carbonyl compounds,17.1 Aldehydes and ketones,recall the reactions (reagents and conditions) by which aldehydes and ketones can be produced: (a) the oxidation of primary alcohols using acidified K2Cr2O7 or acidified KMnO4 and distillation to produce aldehydes (b) the oxidation of secondary alcohols using acidified K2Cr2O7 or acidified KMnO4 and distillation to produce ketones,Chemistry,Cambridge Assessment International Education,Cambridge International AS & A Level,AS Level,Paper 2 AS Level Structured Questions,9701/2,75,60,46
17 Carbonyl compounds,17.1 Aldehydes and ketones,recall the reactions (reagents and conditions) by which aldehydes and ketones can be produced: (a) the oxidation of primary alcohols using acidified K2Cr2O7 or acidified KMnO4 and distillation to produce aldehydes (b) the oxidation of secondary alcohols using acidified K2Cr2O7 or acidified KMnO4 and distillation to produce ketones,Chemistry,Cambridge Assessment International Education,Cambridge International AS & A Level,A Level,Paper 1 Multiple Choice,9701/1,75,40,15.5
17 Carbonyl compounds,17.1 Aldehydes and ketones,recall the reactions (reagents and conditions) by which aldehydes and ketones can be produced: (a) the oxidation of primary alcohols using acidified K2Cr2O7 or acidified KMnO4 and distillation to produce aldehydes (b) the oxidation of secondary alcohols using acidified K2Cr2O7 or acidified KMnO4 and distillation to produce ketones,Chemistry,Cambridge Assessment International Education,Cambridge International AS & A Level,A Level,Paper 2 AS Level Structured Questions,9701/2,75,60,23
17 Carbonyl compounds,17.1 Aldehydes and ketones,"describe: (a) the reduction of aldehydes and ketones using NaBH4 or LiAl H4 to produce alcohols (b) the reaction of aldehydes and ketones with HCN, KCN as catalyst, and heat to produce hydroxynitriles as exemplified by ethanal and propanone",Chemistry,Cambridge Assessment International Education,Cambridge International AS & A Level,AS Level,Paper 1 Multiple Choice,9701/1,75,40,31
17 Carbonyl compounds,17.1 Aldehydes and ketones,"describe: (a) the reduction of aldehydes and ketones using NaBH4 or LiAl H4 to produce alcohols (b) the reaction of aldehydes and ketones with HCN, KCN as catalyst, and heat to produce hydroxynitriles as exemplified by ethanal and propanone",Chemistry,Cambridge Assessment International Education,Cambridge International AS & A Level,AS Level,Paper 2 AS Level Structured Questions,9701/2,75,60,46
17 Carbonyl compounds,17.1 Aldehydes and ketones,"describe: (a) the reduction of aldehydes and ketones using NaBH4 or LiAl H4 to produce alcohols (b) the reaction of aldehydes and ketones with HCN, KCN as catalyst, and heat to produce hydroxynitriles as exemplified by ethanal and propanone",Chemistry,Cambridge Assessment International Education,Cambridge International AS & A Level,A Level,Paper 1 Multiple Choice,9701/1,75,40,15.5
17 Carbonyl compounds,17.1 Aldehydes and ketones,"describe: (a) the reduction of aldehydes and ketones using NaBH4 or LiAl H4 to produce alcohols (b) the reaction of aldehydes and ketones with HCN, KCN as catalyst, and heat to produce hydroxynitriles as exemplified by ethanal and propanone",Chemistry,Cambridge Assessment International Education,Cambridge International AS & A Level,A Level,Paper 2 AS Level Structured Questions,9701/2,75,60,23
17 Carbonyl compounds,17.1 Aldehydes and ketones,describe the mechanism of the nucleophilic addition reactions of hydrogen cyanide with aldehydes and ketones in 17.1.2(b),Chemistry,Cambridge Assessment International Education,Cambridge International AS & A Level,AS Level,Paper 1 Multiple Choice,9701/1,75,40,31
17 Carbonyl compounds,17.1 Aldehydes and ketones,describe the mechanism of the nucleophilic addition reactions of hydrogen cyanide with aldehydes and ketones in 17.1.2(b),Chemistry,Cambridge Assessment International Education,Cambridge International AS & A Level,AS Level,Paper 2 AS Level Structured Questions,9701/2,75,60,46
17 Carbonyl compounds,17.1 Aldehydes and ketones,describe the mechanism of the nucleophilic addition reactions of hydrogen cyanide with aldehydes and ketones in 17.1.2(b),Chemistry,Cambridge Assessment International Education,Cambridge International AS & A Level,A Level,Paper 1 Multiple Choice,9701/1,75,40,15.5
17 Carbonyl compounds,17.1 Aldehydes and ketones,describe the mechanism of the nucleophilic addition reactions of hydrogen cyanide with aldehydes and ketones in 17.1.2(b),Chemistry,Cambridge Assessment International Education,Cambridge International AS & A Level,A Level,Paper 2 AS Level Structured Questions,9701/2,75,60,23
17 Carbonyl compounds,17.1 Aldehydes and ketones,"describe the use of 2,4-dinitrophenylhydrazine (2,4-DNPH reagent) to detect the presence of carbonyl compounds",Chemistry,Cambridge Assessment International Education,Cambridge International AS & A Level,AS Level,Paper 1 Multiple Choice,9701/1,75,40,31
17 Carbonyl compounds,17.1 Aldehydes and ketones,"describe the use of 2,4-dinitrophenylhydrazine (2,4-DNPH reagent) to detect the presence of carbonyl compounds",Chemistry,Cambridge Assessment International Education,Cambridge International AS & A Level,AS Level,Paper 2 AS Level Structured Questions,9701/2,75,60,46
17 Carbonyl compounds,17.1 Aldehydes and ketones,"describe the use of 2,4-dinitrophenylhydrazine (2,4-DNPH reagent) to detect the presence of carbonyl compounds",Chemistry,Cambridge Assessment International Education,Cambridge International AS & A Level,A Level,Paper 1 Multiple Choice,9701/1,75,40,15.5
17 Carbonyl compounds,17.1 Aldehydes and ketones,"describe the use of 2,4-dinitrophenylhydrazine (2,4-DNPH reagent) to detect the presence of carbonyl compounds",Chemistry,Cambridge Assessment International Education,Cambridge International AS & A Level,A Level,Paper 2 AS Level Structured Questions,9701/2,75,60,23
17 Carbonyl compounds,17.1 Aldehydes and ketones,deduce the nature (aldehyde or ketone) of an unknown carbonyl compound from the results of simple tests (Fehling’s and Tollens’ reagents; ease of oxidation),Chemistry,Cambridge Assessment International Education,Cambridge International AS & A Level,AS Level,Paper 1 Multiple Choice,9701/1,75,40,31
17 Carbonyl compounds,17.1 Aldehydes and ketones,deduce the nature (aldehyde or ketone) of an unknown carbonyl compound from the results of simple tests (Fehling’s and Tollens’ reagents; ease of oxidation),Chemistry,Cambridge Assessment International Education,Cambridge International AS & A Level,AS Level,Paper 2 AS Level Structured Questions,9701/2,75,60,46
17 Carbonyl compounds,17.1 Aldehydes and ketones,deduce the nature (aldehyde or ketone) of an unknown carbonyl compound from the results of simple tests (Fehling’s and Tollens’ reagents; ease of oxidation),Chemistry,Cambridge Assessment International Education,Cambridge International AS & A Level,A Level,Paper 1 Multiple Choice,9701/1,75,40,15.5
17 Carbonyl compounds,17.1 Aldehydes and ketones,deduce the nature (aldehyde or ketone) of an unknown carbonyl compound from the results of simple tests (Fehling’s and Tollens’ reagents; ease of oxidation),Chemistry,Cambridge Assessment International Education,Cambridge International AS & A Level,A Level,Paper 2 AS Level Structured Questions,9701/2,75,60,23
17 Carbonyl compounds,17.1 Aldehydes and ketones,"deduce the presence of a CH3CO – group in an aldehyde or ketone, CH3CO–R, from its reaction with alkaline I2(aq) to form a yellow precipitate of tri-iodomethane and an ion, RCO2–",Chemistry,Cambridge Assessment International Education,Cambridge International AS & A Level,AS Level,Paper 1 Multiple Choice,9701/1,75,40,31
17 Carbonyl compounds,17.1 Aldehydes and ketones,"deduce the presence of a CH3CO – group in an aldehyde or ketone, CH3CO–R, from its reaction with alkaline I2(aq) to form a yellow precipitate of tri-iodomethane and an ion, RCO2–",Chemistry,Cambridge Assessment International Education,Cambridge International AS & A Level,AS Level,Paper 2 AS Level Structured Questions,9701/2,75,60,46
17 Carbonyl compounds,17.1 Aldehydes and ketones,"deduce the presence of a CH3CO – group in an aldehyde or ketone, CH3CO–R, from its reaction with alkaline I2(aq) to form a yellow precipitate of tri-iodomethane and an ion, RCO2–",Chemistry,Cambridge Assessment International Education,Cambridge International AS & A Level,A Level,Paper 1 Multiple Choice,9701/1,75,40,15.5
17 Carbonyl compounds,17.1 Aldehydes and ketones,"deduce the presence of a CH3CO – group in an aldehyde or ketone, CH3CO–R, from its reaction with alkaline I2(aq) to form a yellow precipitate of tri-iodomethane and an ion, RCO2–",Chemistry,Cambridge Assessment International Education,Cambridge International AS & A Level,A Level,Paper 2 AS Level Structured Questions,9701/2,75,60,23
18 Carboxylic acids and derivatives,18.1 Carboxylic acids,recall the reactions by which carboxylic acids can be produced: (a) oxidation of primary alcohols and aldehydes with acidified K2Cr2O7 or acidified KMnO4 and refluxing (b) hydrolysis of nitriles with dilute acid or dilute alkali followed by acidification (c) hydrolysis of esters with dilute acid or dilute alkali and heat followed by acidification,Chemistry,Cambridge Assessment International Education,Cambridge International AS & A Level,AS Level,Paper 1 Multiple Choice,9701/1,75,40,31
18 Carboxylic acids and derivatives,18.1 Carboxylic acids,recall the reactions by which carboxylic acids can be produced: (a) oxidation of primary alcohols and aldehydes with acidified K2Cr2O7 or acidified KMnO4 and refluxing (b) hydrolysis of nitriles with dilute acid or dilute alkali followed by acidification (c) hydrolysis of esters with dilute acid or dilute alkali and heat followed by acidification,Chemistry,Cambridge Assessment International Education,Cambridge International AS & A Level,AS Level,Paper 2 AS Level Structured Questions,9701/2,75,60,46
18 Carboxylic acids and derivatives,18.1 Carboxylic acids,recall the reactions by which carboxylic acids can be produced: (a) oxidation of primary alcohols and aldehydes with acidified K2Cr2O7 or acidified KMnO4 and refluxing (b) hydrolysis of nitriles with dilute acid or dilute alkali followed by acidification (c) hydrolysis of esters with dilute acid or dilute alkali and heat followed by acidification,Chemistry,Cambridge Assessment International Education,Cambridge International AS & A Level,A Level,Paper 1 Multiple Choice,9701/1,75,40,15.5
18 Carboxylic acids and derivatives,18.1 Carboxylic acids,recall the reactions by which carboxylic acids can be produced: (a) oxidation of primary alcohols and aldehydes with acidified K2Cr2O7 or acidified KMnO4 and refluxing (b) hydrolysis of nitriles with dilute acid or dilute alkali followed by acidification (c) hydrolysis of esters with dilute acid or dilute alkali and heat followed by acidification,Chemistry,Cambridge Assessment International Education,Cambridge International AS & A Level,A Level,Paper 2 AS Level Structured Questions,9701/2,75,60,23
18 Carboxylic acids and derivatives,18.1 Carboxylic acids,describe: (a) the redox reaction with reactive metals to produce a salt and H2(g) (b) the neutralisation reaction with alkalis to produce a salt and H2O(l ) (c) the acid–base reaction with carbonates to produce a salt and H2O(l) and CO2(g) (d) esterification with alcohols with concentrated H2SO4 as catalyst (e) reduction by LiAlH4 to form a primary alcohol,Chemistry,Cambridge Assessment International Education,Cambridge International AS & A Level,AS Level,Paper 1 Multiple Choice,9701/1,75,40,31
18 Carboxylic acids and derivatives,18.1 Carboxylic acids,describe: (a) the redox reaction with reactive metals to produce a salt and H2(g) (b) the neutralisation reaction with alkalis to produce a salt and H2O(l ) (c) the acid–base reaction with carbonates to produce a salt and H2O(l) and CO2(g) (d) esterification with alcohols with concentrated H2SO4 as catalyst (e) reduction by LiAlH4 to form a primary alcohol,Chemistry,Cambridge Assessment International Education,Cambridge International AS & A Level,AS Level,Paper 2 AS Level Structured Questions,9701/2,75,60,46
18 Carboxylic acids and derivatives,18.1 Carboxylic acids,describe: (a) the redox reaction with reactive metals to produce a salt and H2(g) (b) the neutralisation reaction with alkalis to produce a salt and H2O(l ) (c) the acid–base reaction with carbonates to produce a salt and H2O(l) and CO2(g) (d) esterification with alcohols with concentrated H2SO4 as catalyst (e) reduction by LiAlH4 to form a primary alcohol,Chemistry,Cambridge Assessment International Education,Cambridge International AS & A Level,A Level,Paper 1 Multiple Choice,9701/1,75,40,15.5
18 Carboxylic acids and derivatives,18.1 Carboxylic acids,describe: (a) the redox reaction with reactive metals to produce a salt and H2(g) (b) the neutralisation reaction with alkalis to produce a salt and H2O(l ) (c) the acid–base reaction with carbonates to produce a salt and H2O(l) and CO2(g) (d) esterification with alcohols with concentrated H2SO4 as catalyst (e) reduction by LiAlH4 to form a primary alcohol,Chemistry,Cambridge Assessment International Education,Cambridge International AS & A Level,A Level,Paper 2 AS Level Structured Questions,9701/2,75,60,23
18 Carboxylic acids and derivatives,18.2 Esters,recall the reaction (reagents and conditions) by which esters can be produced: (a) the condensation reaction between an alcohol and a carboxylic acid with concentrated H₂SO₄ as catalyst,Chemistry,Cambridge Assessment International Education,Cambridge International AS & A Level,AS Level,Paper 1 Multiple Choice,9701/1,75,40,31
18 Carboxylic acids and derivatives,18.2 Esters,recall the reaction (reagents and conditions) by which esters can be produced: (a) the condensation reaction between an alcohol and a carboxylic acid with concentrated H₂SO₄ as catalyst,Chemistry,Cambridge Assessment International Education,Cambridge International AS & A Level,AS Level,Paper 2 AS Level Structured Questions,9701/2,75,60,46
18 Carboxylic acids and derivatives,18.2 Esters,recall the reaction (reagents and conditions) by which esters can be produced: (a) the condensation reaction between an alcohol and a carboxylic acid with concentrated H₂SO₄ as catalyst,Chemistry,Cambridge Assessment International Education,Cambridge International AS & A Level,A Level,Paper 1 Multiple Choice,9701/1,75,40,15.5
18 Carboxylic acids and derivatives,18.2 Esters,recall the reaction (reagents and conditions) by which esters can be produced: (a) the condensation reaction between an alcohol and a carboxylic acid with concentrated H₂SO₄ as catalyst,Chemistry,Cambridge Assessment International Education,Cambridge International AS & A Level,A Level,Paper 2 AS Level Structured Questions,9701/2,75,60,23
18 Carboxylic acids and derivatives,18.2 Esters,describe the hydrolysis of esters by dilute acid and by dilute alkali and heat,Chemistry,Cambridge Assessment International Education,Cambridge International AS & A Level,AS Level,Paper 1 Multiple Choice,9701/1,75,40,31
18 Carboxylic acids and derivatives,18.2 Esters,describe the hydrolysis of esters by dilute acid and by dilute alkali and heat,Chemistry,Cambridge Assessment International Education,Cambridge International AS & A Level,AS Level,Paper 2 AS Level Structured Questions,9701/2,75,60,46
18 Carboxylic acids and derivatives,18.2 Esters,describe the hydrolysis of esters by dilute acid and by dilute alkali and heat,Chemistry,Cambridge Assessment International Education,Cambridge International AS & A Level,A Level,Paper 1 Multiple Choice,9701/1,75,40,15.5
18 Carboxylic acids and derivatives,18.2 Esters,describe the hydrolysis of esters by dilute acid and by dilute alkali and heat,Chemistry,Cambridge Assessment International Education,Cambridge International AS & A Level,A Level,Paper 2 AS Level Structured Questions,9701/2,75,60,23
19 Nitrogen compounds,19.1 Primary amines,recall the reactions by which amines can be produced: (a) reaction of a halogenoalkane with NH₃ in ethanol heated under pressure Classification of amines will not be tested at AS Level.,Chemistry,Cambridge Assessment International Education,Cambridge International AS & A Level,AS Level,Paper 1 Multiple Choice,9701/1,75,40,31
19 Nitrogen compounds,19.1 Primary amines,recall the reactions by which amines can be produced: (a) reaction of a halogenoalkane with NH₃ in ethanol heated under pressure Classification of amines will not be tested at AS Level.,Chemistry,Cambridge Assessment International Education,Cambridge International AS & A Level,AS Level,Paper 2 AS Level Structured Questions,9701/2,75,60,46
19 Nitrogen compounds,19.1 Primary amines,recall the reactions by which amines can be produced: (a) reaction of a halogenoalkane with NH₃ in ethanol heated under pressure Classification of amines will not be tested at AS Level.,Chemistry,Cambridge Assessment International Education,Cambridge International AS & A Level,A Level,Paper 1 Multiple Choice,9701/1,75,40,15.5
19 Nitrogen compounds,19.1 Primary amines,recall the reactions by which amines can be produced: (a) reaction of a halogenoalkane with NH₃ in ethanol heated under pressure Classification of amines will not be tested at AS Level.,Chemistry,Cambridge Assessment International Education,Cambridge International AS & A Level,A Level,Paper 2 AS Level Structured Questions,9701/2,75,60,23
19 Nitrogen compounds,19.2 Nitriles and hydroxynitriles,recall the reactions by which nitriles can be produced: (a) reaction of a halogenoalkane with KCN in ethanol and heat,Chemistry,Cambridge Assessment International Education,Cambridge International AS & A Level,AS Level,Paper 1 Multiple Choice,9701/1,75,40,31
19 Nitrogen compounds,19.2 Nitriles and hydroxynitriles,recall the reactions by which nitriles can be produced: (a) reaction of a halogenoalkane with KCN in ethanol and heat,Chemistry,Cambridge Assessment International Education,Cambridge International AS & A Level,AS Level,Paper 2 AS Level Structured Questions,9701/2,75,60,46
19 Nitrogen compounds,19.2 Nitriles and hydroxynitriles,recall the reactions by which nitriles can be produced: (a) reaction of a halogenoalkane with KCN in ethanol and heat,Chemistry,Cambridge Assessment International Education,Cambridge International AS & A Level,A Level,Paper 1 Multiple Choice,9701/1,75,40,15.5
19 Nitrogen compounds,19.2 Nitriles and hydroxynitriles,recall the reactions by which nitriles can be produced: (a) reaction of a halogenoalkane with KCN in ethanol and heat,Chemistry,Cambridge Assessment International Education,Cambridge International AS & A Level,A Level,Paper 2 AS Level Structured Questions,9701/2,75,60,23
19 Nitrogen compounds,19.2 Nitriles and hydroxynitriles,"recall the reactions by which hydroxynitriles can be produced: (a) the reaction of aldehydes and ketones with HCN, KCN as catalyst, and heat",Chemistry,Cambridge Assessment International Education,Cambridge International AS & A Level,AS Level,Paper 1 Multiple Choice,9701/1,75,40,31
19 Nitrogen compounds,19.2 Nitriles and hydroxynitriles,"recall the reactions by which hydroxynitriles can be produced: (a) the reaction of aldehydes and ketones with HCN, KCN as catalyst, and heat",Chemistry,Cambridge Assessment International Education,Cambridge International AS & A Level,AS Level,Paper 2 AS Level Structured Questions,9701/2,75,60,46
19 Nitrogen compounds,19.2 Nitriles and hydroxynitriles,"recall the reactions by which hydroxynitriles can be produced: (a) the reaction of aldehydes and ketones with HCN, KCN as catalyst, and heat",Chemistry,Cambridge Assessment International Education,Cambridge International AS & A Level,A Level,Paper 1 Multiple Choice,9701/1,75,40,15.5
19 Nitrogen compounds,19.2 Nitriles and hydroxynitriles,"recall the reactions by which hydroxynitriles can be produced: (a) the reaction of aldehydes and ketones with HCN, KCN as catalyst, and heat",Chemistry,Cambridge Assessment International Education,Cambridge International AS & A Level,A Level,Paper 2 AS Level Structured Questions,9701/2,75,60,23
19 Nitrogen compounds,19.2 Nitriles and hydroxynitriles,describe the hydrolysis of nitriles with dilute acid or dilute alkali followed by acidification to produce a carboxylic acid,Chemistry,Cambridge Assessment International Education,Cambridge International AS & A Level,AS Level,Paper 1 Multiple Choice,9701/1,75,40,31
19 Nitrogen compounds,19.2 Nitriles and hydroxynitriles,describe the hydrolysis of nitriles with dilute acid or dilute alkali followed by acidification to produce a carboxylic acid,Chemistry,Cambridge Assessment International Education,Cambridge International AS & A Level,AS Level,Paper 2 AS Level Structured Questions,9701/2,75,60,46
19 Nitrogen compounds,19.2 Nitriles and hydroxynitriles,describe the hydrolysis of nitriles with dilute acid or dilute alkali followed by acidification to produce a carboxylic acid,Chemistry,Cambridge Assessment International Education,Cambridge International AS & A Level,A Level,Paper 1 Multiple Choice,9701/1,75,40,15.5
19 Nitrogen compounds,19.2 Nitriles and hydroxynitriles,describe the hydrolysis of nitriles with dilute acid or dilute alkali followed by acidification to produce a carboxylic acid,Chemistry,Cambridge Assessment International Education,Cambridge International AS & A Level,A Level,Paper 2 AS Level Structured Questions,9701/2,75,60,23
20 Polymerisation,20.1 Addition polymerisation,"describe addition polymerisation as exemplified by poly(ethene) and poly(chloroethene), PVC",Chemistry,Cambridge Assessment International Education,Cambridge International AS & A Level,AS Level,Paper 1 Multiple Choice,9701/1,75,40,31
20 Polymerisation,20.1 Addition polymerisation,"describe addition polymerisation as exemplified by poly(ethene) and poly(chloroethene), PVC",Chemistry,Cambridge Assessment International Education,Cambridge International AS & A Level,AS Level,Paper 2 AS Level Structured Questions,9701/2,75,60,46
20 Polymerisation,20.1 Addition polymerisation,"describe addition polymerisation as exemplified by poly(ethene) and poly(chloroethene), PVC",Chemistry,Cambridge Assessment International Education,Cambridge International AS & A Level,A Level,Paper 1 Multiple Choice,9701/1,75,40,15.5
20 Polymerisation,20.1 Addition polymerisation,"describe addition polymerisation as exemplified by poly(ethene) and poly(chloroethene), PVC",Chemistry,Cambridge Assessment International Education,Cambridge International AS & A Level,A Level,Paper 2 AS Level Structured Questions,9701/2,75,60,23
20 Polymerisation,20.1 Addition polymerisation,deduce the repeat unit of an addition polymer obtained from a given monomer,Chemistry,Cambridge Assessment International Education,Cambridge International AS & A Level,AS Level,Paper 1 Multiple Choice,9701/1,75,40,31
20 Polymerisation,20.1 Addition polymerisation,deduce the repeat unit of an addition polymer obtained from a given monomer,Chemistry,Cambridge Assessment International Education,Cambridge International AS & A Level,AS Level,Paper 2 AS Level Structured Questions,9701/2,75,60,46
20 Polymerisation,20.1 Addition polymerisation,deduce the repeat unit of an addition polymer obtained from a given monomer,Chemistry,Cambridge Assessment International Education,Cambridge International AS & A Level,A Level,Paper 1 Multiple Choice,9701/1,75,40,15.5
20 Polymerisation,20.1 Addition polymerisation,deduce the repeat unit of an addition polymer obtained from a given monomer,Chemistry,Cambridge Assessment International Education,Cambridge International AS & A Level,A Level,Paper 2 AS Level Structured Questions,9701/2,75,60,23
20 Polymerisation,20.1 Addition polymerisation,identify the monomer(s) present in a given section of an addition polymer molecule,Chemistry,Cambridge Assessment International Education,Cambridge International AS & A Level,AS Level,Paper 1 Multiple Choice,9701/1,75,40,31
20 Polymerisation,20.1 Addition polymerisation,identify the monomer(s) present in a given section of an addition polymer molecule,Chemistry,Cambridge Assessment International Education,Cambridge International AS & A Level,AS Level,Paper 2 AS Level Structured Questions,9701/2,75,60,46
20 Polymerisation,20.1 Addition polymerisation,identify the monomer(s) present in a given section of an addition polymer molecule,Chemistry,Cambridge Assessment International Education,Cambridge International AS & A Level,A Level,Paper 1 Multiple Choice,9701/1,75,40,15.5
20 Polymerisation,20.1 Addition polymerisation,identify the monomer(s) present in a given section of an addition polymer molecule,Chemistry,Cambridge Assessment International Education,Cambridge International AS & A Level,A Level,Paper 2 AS Level Structured Questions,9701/2,75,60,23
20 Polymerisation,20.1 Addition polymerisation,"recognise the difficulty of the disposal of poly(alkene)s, i.e. non-biodegradability and harmful combustion products",Chemistry,Cambridge Assessment International Education,Cambridge International AS & A Level,AS Level,Paper 1 Multiple Choice,9701/1,75,40,31
20 Polymerisation,20.1 Addition polymerisation,"recognise the difficulty of the disposal of poly(alkene)s, i.e. non-biodegradability and harmful combustion products",Chemistry,Cambridge Assessment International Education,Cambridge International AS & A Level,AS Level,Paper 2 AS Level Structured Questions,9701/2,75,60,46
20 Polymerisation,20.1 Addition polymerisation,"recognise the difficulty of the disposal of poly(alkene)s, i.e. non-biodegradability and harmful combustion products",Chemistry,Cambridge Assessment International Education,Cambridge International AS & A Level,A Level,Paper 1 Multiple Choice,9701/1,75,40,15.5
20 Polymerisation,20.1 Addition polymerisation,"recognise the difficulty of the disposal of poly(alkene)s, i.e. non-biodegradability and harmful combustion products",Chemistry,Cambridge Assessment International Education,Cambridge International AS & A Level,A Level,Paper 2 AS Level Structured Questions,9701/2,75,60,23
21 Organic synthesis,21.1 Organic synthesis,for an organic molecule containing several functional groups: (a) identify organic functional groups using the reactions in the syllabus (b) predict properties and reactions,Chemistry,Cambridge Assessment International Education,Cambridge International AS & A Level,AS Level,Paper 1 Multiple Choice,9701/1,75,40,31
21 Organic synthesis,21.1 Organic synthesis,for an organic molecule containing several functional groups: (a) identify organic functional groups using the reactions in the syllabus (b) predict properties and reactions,Chemistry,Cambridge Assessment International Education,Cambridge International AS & A Level,AS Level,Paper 2 AS Level Structured Questions,9701/2,75,60,46
21 Organic synthesis,21.1 Organic synthesis,for an organic molecule containing several functional groups: (a) identify organic functional groups using the reactions in the syllabus (b) predict properties and reactions,Chemistry,Cambridge Assessment International Education,Cambridge International AS & A Level,A Level,Paper 1 Multiple Choice,9701/1,75,40,15.5
21 Organic synthesis,21.1 Organic synthesis,for an organic molecule containing several functional groups: (a) identify organic functional groups using the reactions in the syllabus (b) predict properties and reactions,Chemistry,Cambridge Assessment International Education,Cambridge International AS & A Level,A Level,Paper 2 AS Level Structured Questions,9701/2,75,60,23
21 Organic synthesis,21.1 Organic synthesis,devise multi-step synthetic routes for preparing organic molecules using the reactions in the syllabus,Chemistry,Cambridge Assessment International Education,Cambridge International AS & A Level,AS Level,Paper 1 Multiple Choice,9701/1,75,40,31
21 Organic synthesis,21.1 Organic synthesis,devise multi-step synthetic routes for preparing organic molecules using the reactions in the syllabus,Chemistry,Cambridge Assessment International Education,Cambridge International AS & A Level,AS Level,Paper 2 AS Level Structured Questions,9701/2,75,60,46
21 Organic synthesis,21.1 Organic synthesis,devise multi-step synthetic routes for preparing organic molecules using the reactions in the syllabus,Chemistry,Cambridge Assessment International Education,Cambridge International AS & A Level,A Level,Paper 1 Multiple Choice,9701/1,75,40,15.5
21 Organic synthesis,21.1 Organic synthesis,devise multi-step synthetic routes for preparing organic molecules using the reactions in the syllabus,Chemistry,Cambridge Assessment International Education,Cambridge International AS & A Level,A Level,Paper 2 AS Level Structured Questions,9701/2,75,60,23
21 Organic synthesis,21.1 Organic synthesis,"analyse a given synthetic route in terms of type of reaction and reagents used for each step of it, and possible by-products",Chemistry,Cambridge Assessment International Education,Cambridge International AS & A Level,AS Level,Paper 1 Multiple Choice,9701/1,75,40,31
21 Organic synthesis,21.1 Organic synthesis,"analyse a given synthetic route in terms of type of reaction and reagents used for each step of it, and possible by-products",Chemistry,Cambridge Assessment International Education,Cambridge International AS & A Level,AS Level,Paper 2 AS Level Structured Questions,9701/2,75,60,46
21 Organic synthesis,21.1 Organic synthesis,"analyse a given synthetic route in terms of type of reaction and reagents used for each step of it, and possible by-products",Chemistry,Cambridge Assessment International Education,Cambridge International AS & A Level,A Level,Paper 1 Multiple Choice,9701/1,75,40,15.5
21 Organic synthesis,21.1 Organic synthesis,"analyse a given synthetic route in terms of type of reaction and reagents used for each step of it, and possible by-products",Chemistry,Cambridge Assessment International Education,Cambridge International AS & A Level,A Level,Paper 2 AS Level Structured Questions,9701/2,75,60,23
22 Analytical techniques,22.1 Infrared spectroscopy,analyse an infrared spectrum of a simple molecule to identify functional groups (see the Data section for the functional groups required),Chemistry,Cambridge Assessment International Education,Cambridge International AS & A Level,AS Level,Paper 1 Multiple Choice,9701/1,75,40,31
22 Analytical techniques,22.1 Infrared spectroscopy,analyse an infrared spectrum of a simple molecule to identify functional groups (see the Data section for the functional groups required),Chemistry,Cambridge Assessment International Education,Cambridge International AS & A Level,AS Level,Paper 2 AS Level Structured Questions,9701/2,75,60,46
22 Analytical techniques,22.1 Infrared spectroscopy,analyse an infrared spectrum of a simple molecule to identify functional groups (see the Data section for the functional groups required),Chemistry,Cambridge Assessment International Education,Cambridge International AS & A Level,A Level,Paper 1 Multiple Choice,9701/1,75,40,15.5
22 Analytical techniques,22.1 Infrared spectroscopy,analyse an infrared spectrum of a simple molecule to identify functional groups (see the Data section for the functional groups required),Chemistry,Cambridge Assessment International Education,Cambridge International AS & A Level,A Level,Paper 2 AS Level Structured Questions,9701/2,75,60,23
22 Analytical techniques,22.2 Mass spectrometry,analyse mass spectra in terms of m/e values and isotopic abundances (knowledge of the working of the mass spectrometer is not required),Chemistry,Cambridge Assessment International Education,Cambridge International AS & A Level,AS Level,Paper 1 Multiple Choice,9701/1,75,40,31
22 Analytical techniques,22.2 Mass spectrometry,analyse mass spectra in terms of m/e values and isotopic abundances (knowledge of the working of the mass spectrometer is not required),Chemistry,Cambridge Assessment International Education,Cambridge International AS & A Level,AS Level,Paper 2 AS Level Structured Questions,9701/2,75,60,46
22 Analytical techniques,22.2 Mass spectrometry,analyse mass spectra in terms of m/e values and isotopic abundances (knowledge of the working of the mass spectrometer is not required),Chemistry,Cambridge Assessment International Education,Cambridge International AS & A Level,A Level,Paper 1 Multiple Choice,9701/1,75,40,15.5
22 Analytical techniques,22.2 Mass spectrometry,analyse mass spectra in terms of m/e values and isotopic abundances (knowledge of the working of the mass spectrometer is not required),Chemistry,Cambridge Assessment International Education,Cambridge International AS & A Level,A Level,Paper 2 AS Level Structured Questions,9701/2,75,60,23
22 Analytical techniques,22.2 Mass spectrometry,"calculate the relative atomic mass of an element given the relative abundances of its isotopes, or its mass spectrum",Chemistry,Cambridge Assessment International Education,Cambridge International AS & A Level,AS Level,Paper 1 Multiple Choice,9701/1,75,40,31
22 Analytical techniques,22.2 Mass spectrometry,"calculate the relative atomic mass of an element given the relative abundances of its isotopes, or its mass spectrum",Chemistry,Cambridge Assessment International Education,Cambridge International AS & A Level,AS Level,Paper 2 AS Level Structured Questions,9701/2,75,60,46
22 Analytical techniques,22.2 Mass spectrometry,"calculate the relative atomic mass of an element given the relative abundances of its isotopes, or its mass spectrum",Chemistry,Cambridge Assessment International Education,Cambridge International AS & A Level,A Level,Paper 1 Multiple Choice,9701/1,75,40,15.5
22 Analytical techniques,22.2 Mass spectrometry,"calculate the relative atomic mass of an element given the relative abundances of its isotopes, or its mass spectrum",Chemistry,Cambridge Assessment International Education,Cambridge International AS & A Level,A Level,Paper 2 AS Level Structured Questions,9701/2,75,60,23
22 Analytical techniques,22.2 Mass spectrometry,deduce the molecular mass of an organic molecule from the molecular ion peak in a mass spectrum,Chemistry,Cambridge Assessment International Education,Cambridge International AS & A Level,AS Level,Paper 1 Multiple Choice,9701/1,75,40,31
22 Analytical techniques,22.2 Mass spectrometry,deduce the molecular mass of an organic molecule from the molecular ion peak in a mass spectrum,Chemistry,Cambridge Assessment International Education,Cambridge International AS & A Level,AS Level,Paper 2 AS Level Structured Questions,9701/2,75,60,46
22 Analytical techniques,22.2 Mass spectrometry,deduce the molecular mass of an organic molecule from the molecular ion peak in a mass spectrum,Chemistry,Cambridge Assessment International Education,Cambridge International AS & A Level,A Level,Paper 1 Multiple Choice,9701/1,75,40,15.5
22 Analytical techniques,22.2 Mass spectrometry,deduce the molecular mass of an organic molecule from the molecular ion peak in a mass spectrum,Chemistry,Cambridge Assessment International Education,Cambridge International AS & A Level,A Level,Paper 2 AS Level Structured Questions,9701/2,75,60,23
22 Analytical techniques,22.2 Mass spectrometry,suggest the identity of molecules formed by simple fragmentation in a given mass spectrum,Chemistry,Cambridge Assessment International Education,Cambridge International AS & A Level,AS Level,Paper 1 Multiple Choice,9701/1,75,40,31
22 Analytical techniques,22.2 Mass spectrometry,suggest the identity of molecules formed by simple fragmentation in a given mass spectrum,Chemistry,Cambridge Assessment International Education,Cambridge International AS & A Level,AS Level,Paper 2 AS Level Structured Questions,9701/2,75,60,46
22 Analytical techniques,22.2 Mass spectrometry,suggest the identity of molecules formed by simple fragmentation in a given mass spectrum,Chemistry,Cambridge Assessment International Education,Cambridge International AS & A Level,A Level,Paper 1 Multiple Choice,9701/1,75,40,15.5
22 Analytical techniques,22.2 Mass spectrometry,suggest the identity of molecules formed by simple fragmentation in a given mass spectrum,Chemistry,Cambridge Assessment International Education,Cambridge International AS & A Level,A Level,Paper 2 AS Level Structured Questions,9701/2,75,60,23
22 Analytical techniques,22.2 Mass spectrometry,"deduce the number of carbon atoms, n, in a compound using the [M + 1]+ peak and the formula n = (100 × abundance of [M + 1]+ ion) / (1.1 × abundance of M+ ion)",Chemistry,Cambridge Assessment International Education,Cambridge International AS & A Level,AS Level,Paper 1 Multiple Choice,9701/1,75,40,31
22 Analytical techniques,22.2 Mass spectrometry,"deduce the number of carbon atoms, n, in a compound using the [M + 1]+ peak and the formula n = (100 × abundance of [M + 1]+ ion) / (1.1 × abundance of M+ ion)",Chemistry,Cambridge Assessment International Education,Cambridge International AS & A Level,AS Level,Paper 2 AS Level Structured Questions,9701/2,75,60,46
22 Analytical techniques,22.2 Mass spectrometry,"deduce the number of carbon atoms, n, in a compound using the [M + 1]+ peak and the formula n = (100 × abundance of [M + 1]+ ion) / (1.1 × abundance of M+ ion)",Chemistry,Cambridge Assessment International Education,Cambridge International AS & A Level,A Level,Paper 1 Multiple Choice,9701/1,75,40,15.5
22 Analytical techniques,22.2 Mass spectrometry,"deduce the number of carbon atoms, n, in a compound using the [M + 1]+ peak and the formula n = (100 × abundance of [M + 1]+ ion) / (1.1 × abundance of M+ ion)",Chemistry,Cambridge Assessment International Education,Cambridge International AS & A Level,A Level,Paper 2 AS Level Structured Questions,9701/2,75,60,23
22 Analytical techniques,22.2 Mass spectrometry,deduce the presence of bromine and chlorine atoms in a compound using the [M + 2]+ peak,Chemistry,Cambridge Assessment International Education,Cambridge International AS & A Level,AS Level,Paper 1 Multiple Choice,9701/1,75,40,31
22 Analytical techniques,22.2 Mass spectrometry,deduce the presence of bromine and chlorine atoms in a compound using the [M + 2]+ peak,Chemistry,Cambridge Assessment International Education,Cambridge International AS & A Level,AS Level,Paper 2 AS Level Structured Questions,9701/2,75,60,46
22 Analytical techniques,22.2 Mass spectrometry,deduce the presence of bromine and chlorine atoms in a compound using the [M + 2]+ peak,Chemistry,Cambridge Assessment International Education,Cambridge International AS & A Level,A Level,Paper 1 Multiple Choice,9701/1,75,40,15.5
22 Analytical techniques,22.2 Mass spectrometry,deduce the presence of bromine and chlorine atoms in a compound using the [M + 2]+ peak,Chemistry,Cambridge Assessment International Education,Cambridge International AS & A Level,A Level,Paper 2 AS Level Structured Questions,9701/2,75,60,23
23 Chemical energetics,23.1 Lattice energy and Born-Haber cycles,"define and use the terms: (a) enthalpy change of atomisation, ΔHat (b) lattice energy, ΔHlatt (the change from gas phase ions to solid lattice)",Chemistry,Cambridge Assessment International Education,Cambridge International AS & A Level,A Level,Paper 4 A Level Structured Questions,9701/4,120,100,38.5
23 Chemical energetics,23.1 Lattice energy and Born-Haber cycles,"(a) define and use the term first electron affinity, EA (b) explain the factors affecting the electron affinities of elements (c) describe and explain the trends in the electron affinities of the Group 16 and Group 17 elements",Chemistry,Cambridge Assessment International Education,Cambridge International AS & A Level,A Level,Paper 4 A Level Structured Questions,9701/4,120,100,38.5
23 Chemical energetics,23.1 Lattice energy and Born-Haber cycles,"construct and use Born–Haber cycles for ionic solids (limited to +1 and +2 cations, –1 and –2 anions)",Chemistry,Cambridge Assessment International Education,Cambridge International AS & A Level,A Level,Paper 4 A Level Structured Questions,9701/4,120,100,38.5
23 Chemical energetics,23.1 Lattice energy and Born-Haber cycles,carry out calculations involving Born–Haber cycles,Chemistry,Cambridge Assessment International Education,Cambridge International AS & A Level,A Level,Paper 4 A Level Structured Questions,9701/4,120,100,38.5
23 Chemical energetics,23.1 Lattice energy and Born-Haber cycles,"explain, in qualitative terms, the effect of ionic charge and of ionic radius on the numerical magnitude of a lattice energy",Chemistry,Cambridge Assessment International Education,Cambridge International AS & A Level,A Level,Paper 4 A Level Structured Questions,9701/4,120,100,38.5
23 Chemical energetics,23.2 Enthalpies of solution and hydration,"define and use the term enthalpy change with reference to hydration, ΔHhyd, and solution, ΔHsol",Chemistry,Cambridge Assessment International Education,Cambridge International AS & A Level,A Level,Paper 4 A Level Structured Questions,9701/4,120,100,38.5
23 Chemical energetics,23.2 Enthalpies of solution and hydration,"construct and use an energy cycle involving enthalpy change of solution, lattice energy and enthalpy change of hydration",Chemistry,Cambridge Assessment International Education,Cambridge International AS & A Level,A Level,Paper 4 A Level Structured Questions,9701/4,120,100,38.5
23 Chemical energetics,23.2 Enthalpies of solution and hydration,carry out calculations involving the energy cycles in 23.2.2,Chemistry,Cambridge Assessment International Education,Cambridge International AS & A Level,A Level,Paper 4 A Level Structured Questions,9701/4,120,100,38.5
23 Chemical energetics,23.2 Enthalpies of solution and hydration,"explain, in qualitative terms, the effect of ionic charge and of ionic radius on the numerical magnitude of an enthalpy change of hydration",Chemistry,Cambridge Assessment International Education,Cambridge International AS & A Level,A Level,Paper 4 A Level Structured Questions,9701/4,120,100,38.5
23 Chemical energetics,"23.3 Entropy change, ΔS","define the term entropy, S, as the number of possible arrangements of the particles and their energy in a given system",Chemistry,Cambridge Assessment International Education,Cambridge International AS & A Level,A Level,Paper 4 A Level Structured Questions,9701/4,120,100,38.5
23 Chemical energetics,"23.3 Entropy change, ΔS","predict and explain the sign of the entropy changes that occur: (a) during a change in state, e.g. melting, boiling and dissolving (and their reverse) (b) during a temperature change (c) during a reaction in which there is a change in the number of gaseous molecules",Chemistry,Cambridge Assessment International Education,Cambridge International AS & A Level,A Level,Paper 4 A Level Structured Questions,9701/4,120,100,38.5
23 Chemical energetics,"23.3 Entropy change, ΔS","calculate the entropy change for a reaction, ΔS, given the standard entropies, S⦵, of the reactants and products, ΔS⦵ = ΣS⦵(products) – ΣS⦵(reactants) (use of ΔS⦵ = ΔS⦵surr + ΔS⦵sys is not required)",Chemistry,Cambridge Assessment International Education,Cambridge International AS & A Level,A Level,Paper 4 A Level Structured Questions,9701/4,120,100,38.5
23 Chemical energetics,"23.4 Gibbs free energy change, ΔG",state and use the Gibbs equation ΔG⦵ = ΔH⦵ – TΔS⦵,Chemistry,Cambridge Assessment International Education,Cambridge International AS & A Level,A Level,Paper 4 A Level Structured Questions,9701/4,120,100,38.5
23 Chemical energetics,"23.4 Gibbs free energy change, ΔG",perform calculations using the equation ΔG⦵ = ΔH⦵ – TΔS⦵,Chemistry,Cambridge Assessment International Education,Cambridge International AS & A Level,A Level,Paper 4 A Level Structured Questions,9701/4,120,100,38.5
23 Chemical energetics,"23.4 Gibbs free energy change, ΔG",state whether a reaction or process will be feasible by using the sign of ΔG,Chemistry,Cambridge Assessment International Education,Cambridge International AS & A Level,A Level,Paper 4 A Level Structured Questions,9701/4,120,100,38.5
23 Chemical energetics,"23.4 Gibbs free energy change, ΔG","predict the effect of temperature change on the feasibility of a reaction, given standard enthalpy and entropy changes",Chemistry,Cambridge Assessment International Education,Cambridge International AS & A Level,A Level,Paper 4 A Level Structured Questions,9701/4,120,100,38.5
24 Electrochemistry,24.1 Electrolysis,"predict the identities of substances liberated during electrolysis from the state of electrolyte (molten or aqueous), position in the redox series (electrode potential) and concentration",Chemistry,Cambridge Assessment International Education,Cambridge International AS & A Level,A Level,Paper 4 A Level Structured Questions,9701/4,120,100,38.5
24 Electrochemistry,24.1 Electrolysis,"state and apply the relationship F = Le between the Faraday constant, F, the Avogadro constant, L, and the charge on the electron, e",Chemistry,Cambridge Assessment International Education,Cambridge International AS & A Level,A Level,Paper 4 A Level Structured Questions,9701/4,120,100,38.5
24 Electrochemistry,24.1 Electrolysis,"calculate: (a) the quantity of charge passed during electrolysis, using Q = It (b) the mass and/or volume of substance liberated during electrolysis",Chemistry,Cambridge Assessment International Education,Cambridge International AS & A Level,A Level,Paper 4 A Level Structured Questions,9701/4,120,100,38.5
24 Electrochemistry,24.1 Electrolysis,describe the determination of a value of the Avogadro constant by an electrolytic method,Chemistry,Cambridge Assessment International Education,Cambridge International AS & A Level,A Level,Paper 4 A Level Structured Questions,9701/4,120,100,38.5
24 Electrochemistry,"24.2 Standard electrode potentials E⦵, standard cell potentials E⦵cell and the Nernst equation",define the terms: (a) standard electrode (reduction) potential (b) standard cell potential,Chemistry,Cambridge Assessment International Education,Cambridge International AS & A Level,A Level,Paper 4 A Level Structured Questions,9701/4,120,100,38.5
24 Electrochemistry,"24.2 Standard electrode potentials E⦵, standard cell potentials E⦵cell and the Nernst equation",describe the standard hydrogen electrode,Chemistry,Cambridge Assessment International Education,Cambridge International AS & A Level,A Level,Paper 4 A Level Structured Questions,9701/4,120,100,38.5
24 Electrochemistry,"24.2 Standard electrode potentials E⦵, standard cell potentials E⦵cell and the Nernst equation",describe methods used to measure the standard electrode potentials of: (a) metals or non-metals in contact with their ions in aqueous solution (b) ions of the same element in different oxidation states,Chemistry,Cambridge Assessment International Education,Cambridge International AS & A Level,A Level,Paper 4 A Level Structured Questions,9701/4,120,100,38.5
24 Electrochemistry,"24.2 Standard electrode potentials E⦵, standard cell potentials E⦵cell and the Nernst equation",calculate a standard cell potential by combining two standard electrode potentials,Chemistry,Cambridge Assessment International Education,Cambridge International AS & A Level,A Level,Paper 4 A Level Structured Questions,9701/4,120,100,38.5
24 Electrochemistry,"24.2 Standard electrode potentials E⦵, standard cell potentials E⦵cell and the Nernst equation",use standard cell potentials to: (a) deduce the polarity of each electrode and hence explain/deduce the direction of electron flow in the external circuit of a simple cell (b) predict the feasibility of a reaction,Chemistry,Cambridge Assessment International Education,Cambridge International AS & A Level,A Level,Paper 4 A Level Structured Questions,9701/4,120,100,38.5
24 Electrochemistry,"24.2 Standard electrode potentials E⦵, standard cell potentials E⦵cell and the Nernst equation","deduce from E⦵ values the relative reactivity of elements, compounds and ions as oxidising agents or as reducing agents",Chemistry,Cambridge Assessment International Education,Cambridge International AS & A Level,A Level,Paper 4 A Level Structured Questions,9701/4,120,100,38.5
24 Electrochemistry,"24.2 Standard electrode potentials E⦵, standard cell potentials E⦵cell and the Nernst equation",construct redox equations using the relevant half-equations,Chemistry,Cambridge Assessment International Education,Cambridge International AS & A Level,A Level,Paper 4 A Level Structured Questions,9701/4,120,100,38.5
24 Electrochemistry,"24.2 Standard electrode potentials E⦵, standard cell potentials E⦵cell and the Nernst equation","predict qualitatively how the value of an electrode potential, E, varies with the concentrations of the aqueous ions",Chemistry,Cambridge Assessment International Education,Cambridge International AS & A Level,A Level,Paper 4 A Level Structured Questions,9701/4,120,100,38.5
24 Electrochemistry,"24.2 Standard electrode potentials E⦵, standard cell potentials E⦵cell and the Nernst equation","use the Nernst equation, e.g. E = E⦵ + (0.059/z) log([oxidised species]/[reduced species]), to predict quantitatively how the value of an electrode potential varies with the concentrations of the aqueous ions; examples include Cu2+(aq) + 2e− ⇌ Cu(s), Fe3+(aq) + e− ⇌ Fe2+(aq)",Chemistry,Cambridge Assessment International Education,Cambridge International AS & A Level,A Level,Paper 4 A Level Structured Questions,9701/4,120,100,38.5
24 Electrochemistry,"24.2 Standard electrode potentials E⦵, standard cell potentials E⦵cell and the Nernst equation",understand and use the equation ΔG⦵ = −nE⦵cell F,Chemistry,Cambridge Assessment International Education,Cambridge International AS & A Level,A Level,Paper 4 A Level Structured Questions,9701/4,120,100,38.5
25 Equilibria,25.1 Acids and bases,understand and use the terms conjugate acid and conjugate base,Chemistry,Cambridge Assessment International Education,Cambridge International AS & A Level,A Level,Paper 4 A Level Structured Questions,9701/4,120,100,38.5
25 Equilibria,25.1 Acids and bases,"define conjugate acid–base pairs, identifying such pairs in reactions",Chemistry,Cambridge Assessment International Education,Cambridge International AS & A Level,A Level,Paper 4 A Level Structured Questions,9701/4,120,100,38.5
25 Equilibria,25.1 Acids and bases,"define mathematically the terms pH, Ka, pKa and Kw and use them in calculations (Kb and the equation Kw = Ka × Kb will not be tested)",Chemistry,Cambridge Assessment International Education,Cambridge International AS & A Level,A Level,Paper 4 A Level Structured Questions,9701/4,120,100,38.5
25 Equilibria,25.1 Acids and bases,calculate [H+(aq)] and pH values for: (a) strong acids (b) strong alkalis (c) weak acids,Chemistry,Cambridge Assessment International Education,Cambridge International AS & A Level,A Level,Paper 4 A Level Structured Questions,9701/4,120,100,38.5
25 Equilibria,25.1 Acids and bases,"(a) define a buffer solution (b) explain how a buffer solution can be made (c) explain how buffer solutions control pH; use chemical equations in these explanations (d) describe and explain the uses of buffer solutions, including the role of HCO3 – in controlling pH in blood",Chemistry,Cambridge Assessment International Education,Cambridge International AS & A Level,A Level,Paper 4 A Level Structured Questions,9701/4,120,100,38.5
25 Equilibria,25.1 Acids and bases,"calculate the pH of buffer solutions, given appropriate data",Chemistry,Cambridge Assessment International Education,Cambridge International AS & A Level,A Level,Paper 4 A Level Structured Questions,9701/4,120,100,38.5
25 Equilibria,25.1 Acids and bases,"understand and use the term solubility product, Ksp",Chemistry,Cambridge Assessment International Education,Cambridge International AS & A Level,A Level,Paper 4 A Level Structured Questions,9701/4,120,100,38.5
25 Equilibria,25.1 Acids and bases,write an expression for Ksp,Chemistry,Cambridge Assessment International Education,Cambridge International AS & A Level,A Level,Paper 4 A Level Structured Questions,9701/4,120,100,38.5
25 Equilibria,25.1 Acids and bases,calculate Ksp from concentrations and vice versa,Chemistry,Cambridge Assessment International Education,Cambridge International AS & A Level,A Level,Paper 4 A Level Structured Questions,9701/4,120,100,38.5
25 Equilibria,25.1 Acids and bases,(a) understand and use the common ion effect to explain the different solubility of a compound in a solution containing a common ion (b) perform calculations using Ksp values and concentration of a common ion,Chemistry,Cambridge Assessment International Education,Cambridge International AS & A Level,A Level,Paper 4 A Level Structured Questions,9701/4,120,100,38.5
25 Equilibria,25.2 Partition coefficients,"state what is meant by the term partition coefficient, Kpc",Chemistry,Cambridge Assessment International Education,Cambridge International AS & A Level,A Level,Paper 4 A Level Structured Questions,9701/4,120,100,38.5
25 Equilibria,25.2 Partition coefficients,calculate and use a partition coefficient for a system in which the solute is in the same physical state in the two solvents,Chemistry,Cambridge Assessment International Education,Cambridge International AS & A Level,A Level,Paper 4 A Level Structured Questions,9701/4,120,100,38.5
25 Equilibria,25.2 Partition coefficients,understand the factors affecting the numerical value of a partition coefficient in terms of the polarities of the solute and the solvents used,Chemistry,Cambridge Assessment International Education,Cambridge International AS & A Level,A Level,Paper 4 A Level Structured Questions,9701/4,120,100,38.5
26 Reaction kinetics,"26.1 Simple rate equations, orders of reaction and rate constants","explain and use the terms rate equation, order of reaction, overall order of reaction, rate constant, half-life, rate-determining step and intermediate",Chemistry,Cambridge Assessment International Education,Cambridge International AS & A Level,A Level,Paper 4 A Level Structured Questions,9701/4,120,100,38.5
26 Reaction kinetics,"26.1 Simple rate equations, orders of reaction and rate constants","(a) understand and use rate equations of the form rate = k [A]m[B]n (for which m and n are 0, 1 or 2) (b) deduce the order of a reaction from concentration–time graphs or from experimental data relating to the initial rates method and half-life method (c) interpret experimental data in graphical form, including concentration–time and rate–concentration graphs (d) calculate an initial rate using concentration data (e) construct a rate equation",Chemistry,Cambridge Assessment International Education,Cambridge International AS & A Level,A Level,Paper 4 A Level Structured Questions,9701/4,120,100,38.5
26 Reaction kinetics,"26.1 Simple rate equations, orders of reaction and rate constants",(a) show understanding that the half-life of a first-order reaction is independent of concentration (b) use the half-life of a first-order reaction in calculations,Chemistry,Cambridge Assessment International Education,Cambridge International AS & A Level,A Level,Paper 4 A Level Structured Questions,9701/4,120,100,38.5
26 Reaction kinetics,"26.1 Simple rate equations, orders of reaction and rate constants","calculate the numerical value of a rate constant, for example by: (a) using the initial rates and the rate equation (b) using the half-life, t½, and the equation k = 0.693 / t½",Chemistry,Cambridge Assessment International Education,Cambridge International AS & A Level,A Level,Paper 4 A Level Structured Questions,9701/4,120,100,38.5
26 Reaction kinetics,"26.1 Simple rate equations, orders of reaction and rate constants",for a multi-step reaction: (a) suggest a reaction mechanism that is consistent with the rate equation and the equation for the overall reaction (b) predict the order that would result from a given reaction mechanism and rate-determining step (c) deduce a rate equation using a given reaction mechanism and rate-determining step for a given reaction (d) identify an intermediate or catalyst from a given reaction mechanism (e) identify the rate determining step from a rate equation and a given reaction mechanism,Chemistry,Cambridge Assessment International Education,Cambridge International AS & A Level,A Level,Paper 4 A Level Structured Questions,9701/4,120,100,38.5
26 Reaction kinetics,"26.1 Simple rate equations, orders of reaction and rate constants",describe qualitatively the effect of temperature change on the rate constant and hence the rate of a reaction,Chemistry,Cambridge Assessment International Education,Cambridge International AS & A Level,A Level,Paper 4 A Level Structured Questions,9701/4,120,100,38.5
26 Reaction kinetics,26.2 Homogeneous and heterogeneous catalysts,explain that catalysts can be homogeneous or heterogeneous,Chemistry,Cambridge Assessment International Education,Cambridge International AS & A Level,A Level,Paper 4 A Level Structured Questions,9701/4,120,100,38.5
26 Reaction kinetics,26.2 Homogeneous and heterogeneous catalysts,"describe the mode of action of a heterogeneous catalyst to include adsorption of reactants, bond weakening and desorption of products, for example: (a) iron in the Haber process (b) palladium, platinum and rhodium in the catalytic removal of oxides of nitrogen from the exhaust gases of car engines",Chemistry,Cambridge Assessment International Education,Cambridge International AS & A Level,A Level,Paper 4 A Level Structured Questions,9701/4,120,100,38.5
26 Reaction kinetics,26.2 Homogeneous and heterogeneous catalysts,"describe the mode of action of a homogeneous catalyst by being used in one step and reformed in a later step, for example: (a) atmospheric oxides of nitrogen in the oxidation of atmospheric sulfur dioxide (b) Fe2+ or Fe3+ in the I–/S2O82– reaction",Chemistry,Cambridge Assessment International Education,Cambridge International AS & A Level,A Level,Paper 4 A Level Structured Questions,9701/4,120,100,38.5
27 Group 2,"27.1 Similarities and trends in the properties of the Group 2 metals, magnesium to barium, and their compounds",describe and explain qualitatively the trend in the thermal stability of the nitrates and carbonates including the effect of ionic radius on the polarisation of the large anion,Chemistry,Cambridge Assessment International Education,Cambridge International AS & A Level,A Level,Paper 4 A Level Structured Questions,9701/4,120,100,38.5
27 Group 2,"27.1 Similarities and trends in the properties of the Group 2 metals, magnesium to barium, and their compounds","describe and explain qualitatively the variation in solubility and of enthalpy change of solution, ΔH⦵sol, of the hydroxides and sulfates in terms of relative magnitudes of the enthalpy change of hydration and the lattice energy",Chemistry,Cambridge Assessment International Education,Cambridge International AS & A Level,A Level,Paper 4 A Level Structured Questions,9701/4,120,100,38.5
28 Chemistry of transition elements,"28.1 General physical and chemical properties of the first row of transition elements, titanium to copper",define a transition element as a d-block element which forms one or more stable ions with incomplete d orbitals,Chemistry,Cambridge Assessment International Education,Cambridge International AS & A Level,A Level,Paper 4 A Level Structured Questions,9701/4,120,100,38.5
28 Chemistry of transition elements,"28.1 General physical and chemical properties of the first row of transition elements, titanium to copper",sketch the shape of a 3dxy orbital and 3dz² orbital,Chemistry,Cambridge Assessment International Education,Cambridge International AS & A Level,A Level,Paper 4 A Level Structured Questions,9701/4,120,100,38.5
28 Chemistry of transition elements,"28.1 General physical and chemical properties of the first row of transition elements, titanium to copper",understand that transition elements have the following properties: (a) they have variable oxidation states (b) they behave as catalysts (c) they form complex ions (d) they form coloured compounds,Chemistry,Cambridge Assessment International Education,Cambridge International AS & A Level,A Level,Paper 4 A Level Structured Questions,9701/4,120,100,38.5
28 Chemistry of transition elements,"28.1 General physical and chemical properties of the first row of transition elements, titanium to copper",explain why transition elements have variable oxidation states in terms of the similarity in energy of the 3d and the 4s sub-shells,Chemistry,Cambridge Assessment International Education,Cambridge International AS & A Level,A Level,Paper 4 A Level Structured Questions,9701/4,120,100,38.5
28 Chemistry of transition elements,"28.1 General physical and chemical properties of the first row of transition elements, titanium to copper","explain why transition elements behave as catalysts in terms of having more than one stable oxidation state, and vacant d orbitals that are energetically accessible and can form dative bonds with ligands",Chemistry,Cambridge Assessment International Education,Cambridge International AS & A Level,A Level,Paper 4 A Level Structured Questions,9701/4,120,100,38.5
28 Chemistry of transition elements,"28.1 General physical and chemical properties of the first row of transition elements, titanium to copper",explain why transition elements form complex ions in terms of vacant d orbitals that are energetically accessible,Chemistry,Cambridge Assessment International Education,Cambridge International AS & A Level,A Level,Paper 4 A Level Structured Questions,9701/4,120,100,38.5
28 Chemistry of transition elements,"28.2 General characteristic chemical properties of the first set of transition elements, titanium to copper","describe and explain the reactions of transition elements with ligands to form complexes, including the complexes of copper(II) and cobalt(II) ions with water and ammonia molecules and hydroxide and chloride ions",Chemistry,Cambridge Assessment International Education,Cambridge International AS & A Level,A Level,Paper 4 A Level Structured Questions,9701/4,120,100,38.5
28 Chemistry of transition elements,"28.2 General characteristic chemical properties of the first set of transition elements, titanium to copper",define the term ligand as a species that contains a lone pair of electrons that forms a dative covalent bond to a central metal atom / ion,Chemistry,Cambridge Assessment International Education,Cambridge International AS & A Level,A Level,Paper 4 A Level Structured Questions,9701/4,120,100,38.5
28 Chemistry of transition elements,"28.2 General characteristic chemical properties of the first set of transition elements, titanium to copper","understand and use the terms: (a) monodentate ligand including as examples H2O, NH3, Cl – and CN – (b) bidentate ligand including as examples 1,2-diaminoethane, en, H2NCH2CH2NH2 and the ethanedioate ion, C2O42– (c) polydentate ligand including as an example EDTA4–",Chemistry,Cambridge Assessment International Education,Cambridge International AS & A Level,A Level,Paper 4 A Level Structured Questions,9701/4,120,100,38.5
28 Chemistry of transition elements,"28.2 General characteristic chemical properties of the first set of transition elements, titanium to copper",define the term complex as a molecule or ion formed by a central metal atom / ion surrounded by one or more ligands,Chemistry,Cambridge Assessment International Education,Cambridge International AS & A Level,A Level,Paper 4 A Level Structured Questions,9701/4,120,100,38.5
28 Chemistry of transition elements,"28.2 General characteristic chemical properties of the first set of transition elements, titanium to copper","describe the geometry (shape and bond angles) of transition element complexes which are linear, square planar, tetrahedral or octahedral",Chemistry,Cambridge Assessment International Education,Cambridge International AS & A Level,A Level,Paper 4 A Level Structured Questions,9701/4,120,100,38.5
28 Chemistry of transition elements,"28.2 General characteristic chemical properties of the first set of transition elements, titanium to copper","(a) state what is meant by coordination number (b) predict the formula and charge of a complex ion, given the metal ion, its charge or oxidation state, the ligand and its coordination number or geometry",Chemistry,Cambridge Assessment International Education,Cambridge International AS & A Level,A Level,Paper 4 A Level Structured Questions,9701/4,120,100,38.5
28 Chemistry of transition elements,"28.2 General characteristic chemical properties of the first set of transition elements, titanium to copper","explain qualitatively that ligand exchange can occur, including the complexes of copper(II) ions and cobalt(II) ions with water and ammonia molecules and hydroxide and chloride ions",Chemistry,Cambridge Assessment International Education,Cambridge International AS & A Level,A Level,Paper 4 A Level Structured Questions,9701/4,120,100,38.5
28 Chemistry of transition elements,"28.2 General characteristic chemical properties of the first set of transition elements, titanium to copper","predict, using E⦵ values, the feasibility of redox reactions involving transition elements and their ions",Chemistry,Cambridge Assessment International Education,Cambridge International AS & A Level,A Level,Paper 4 A Level Structured Questions,9701/4,120,100,38.5
28 Chemistry of transition elements,"28.2 General characteristic chemical properties of the first set of transition elements, titanium to copper","describe the reactions of, and perform calculations involving: (a) MnO4– / C2O42– in acid solution given suitable data (b) MnO4– / Fe2+ in acid solution given suitable data (c) Cu2+ / I– given suitable data",Chemistry,Cambridge Assessment International Education,Cambridge International AS & A Level,A Level,Paper 4 A Level Structured Questions,9701/4,120,100,38.5
28 Chemistry of transition elements,"28.2 General characteristic chemical properties of the first set of transition elements, titanium to copper",perform calculations involving other redox systems given suitable data,Chemistry,Cambridge Assessment International Education,Cambridge International AS & A Level,A Level,Paper 4 A Level Structured Questions,9701/4,120,100,38.5
28 Chemistry of transition elements,28.3 Colour of complexes,define and use the terms degenerate and non-degenerate d orbitals,Chemistry,Cambridge Assessment International Education,Cambridge International AS & A Level,A Level,Paper 4 A Level Structured Questions,9701/4,120,100,38.5
28 Chemistry of transition elements,28.3 Colour of complexes,"describe the splitting of degenerate d orbitals into two non-degenerate sets of d orbitals of higher energy, and use of Δ E in: (a) octahedral complexes, two higher and three lower d orbitals (b) tetrahedral complexes, three higher and two lower d orbitals",Chemistry,Cambridge Assessment International Education,Cambridge International AS & A Level,A Level,Paper 4 A Level Structured Questions,9701/4,120,100,38.5
28 Chemistry of transition elements,28.3 Colour of complexes,explain why transition elements form coloured compounds in terms of the frequency of light absorbed as an electron is promoted between two non-degenerate d orbitals,Chemistry,Cambridge Assessment International Education,Cambridge International AS & A Level,A Level,Paper 4 A Level Structured Questions,9701/4,120,100,38.5
28 Chemistry of transition elements,28.3 Colour of complexes,"describe, in qualitative terms, the effects of different ligands on Δ E, frequency of light absorbed, and hence the complementary colour that is observed",Chemistry,Cambridge Assessment International Education,Cambridge International AS & A Level,A Level,Paper 4 A Level Structured Questions,9701/4,120,100,38.5
28 Chemistry of transition elements,28.3 Colour of complexes,use the complexes of copper(II) ions and cobalt(II) ions with water and ammonia molecules and hydroxide and chloride ions as examples of ligand exchange affecting the colour observed,Chemistry,Cambridge Assessment International Education,Cambridge International AS & A Level,A Level,Paper 4 A Level Structured Questions,9701/4,120,100,38.5
28 Chemistry of transition elements,28.4 Stereoisomerism in transition element complexes,"describe the types of stereoisomerism shown by complexes, including those associated with bidentate ligands: (a) geometrical (cis/trans) isomerism, e.g. square planar such as [Pt(NH₃)₂Cl ₂] and octahedral such as [Co(NH3)4(H2O)2]2+ and [Ni(H2NCH2CH2NH2)2(H2O)2]2+ (b) optical isomerism, e.g. [Ni(H2NCH2CH2NH2)3]2+ and [Ni(H2NCH2CH2NH2)2(H2O)2]2+",Chemistry,Cambridge Assessment International Education,Cambridge International AS & A Level,A Level,Paper 4 A Level Structured Questions,9701/4,120,100,38.5
28 Chemistry of transition elements,28.4 Stereoisomerism in transition element complexes,deduce the overall polarity of complexes such as those described in 28.4.1(a) and 28.4.1(b),Chemistry,Cambridge Assessment International Education,Cambridge International AS & A Level,A Level,Paper 4 A Level Structured Questions,9701/4,120,100,38.5
28 Chemistry of transition elements,"28.5 Stability constants, Kstab","define the stability constant, Kstab, of a complex as the equilibrium constant for the formation of the complex ion in a solvent (from its constituent ions or molecules)",Chemistry,Cambridge Assessment International Education,Cambridge International AS & A Level,A Level,Paper 4 A Level Structured Questions,9701/4,120,100,38.5
28 Chemistry of transition elements,"28.5 Stability constants, Kstab",write an expression for a Kstab of a complex ([H₂O] should not be included),Chemistry,Cambridge Assessment International Education,Cambridge International AS & A Level,A Level,Paper 4 A Level Structured Questions,9701/4,120,100,38.5
28 Chemistry of transition elements,"28.5 Stability constants, Kstab",use Kstab expressions to perform calculations,Chemistry,Cambridge Assessment International Education,Cambridge International AS & A Level,A Level,Paper 4 A Level Structured Questions,9701/4,120,100,38.5
28 Chemistry of transition elements,"28.5 Stability constants, Kstab",describe and explain ligand exchanges in terms of Kstab values and understand that a large Kstab is due to the formation of a stable complex ion,Chemistry,Cambridge Assessment International Education,Cambridge International AS & A Level,A Level,Paper 4 A Level Structured Questions,9701/4,120,100,38.5
29 An introduction to A Level organic chemistry,"29.1 Formulas, functional groups and the naming of organic compounds",understand that the compounds in the table on page 47 contain a functional group which dictates their physical and chemical properties,Chemistry,Cambridge Assessment International Education,Cambridge International AS & A Level,A Level,Paper 4 A Level Structured Questions,9701/4,120,100,38.5
29 An introduction to A Level organic chemistry,"29.1 Formulas, functional groups and the naming of organic compounds","interpret and use the general, structural, displayed and skeletal formulas of the classes of compound stated in the table on page 47",Chemistry,Cambridge Assessment International Education,Cambridge International AS & A Level,A Level,Paper 4 A Level Structured Questions,9701/4,120,100,38.5
29 An introduction to A Level organic chemistry,"29.1 Formulas, functional groups and the naming of organic compounds","understand and use systematic nomenclature of simple aliphatic organic molecules (including cyclic compounds containing a single ring of up to six carbon atoms) with functional groups detailed in the table on page 47, up to six carbon atoms (six plus six for esters and amides, straight chains only for esters and nitriles)",Chemistry,Cambridge Assessment International Education,Cambridge International AS & A Level,A Level,Paper 4 A Level Structured Questions,9701/4,120,100,38.5
29 An introduction to A Level organic chemistry,"29.1 Formulas, functional groups and the naming of organic compounds","understand and use systematic nomenclature of simple aromatic molecules with one benzene ring and one or more simple substituents, for example 3-nitrobenzoic acid or 2,4,6-tribromophenol",Chemistry,Cambridge Assessment International Education,Cambridge International AS & A Level,A Level,Paper 4 A Level Structured Questions,9701/4,120,100,38.5
29 An introduction to A Level organic chemistry,29.2 Characteristic organic reactions,understand and use the following terminology associated with types of organic mechanisms: (a) electrophilic substitution (b) addition–elimination,Chemistry,Cambridge Assessment International Education,Cambridge International AS & A Level,A Level,Paper 4 A Level Structured Questions,9701/4,120,100,38.5
29 An introduction to A Level organic chemistry,29.3 Shapes of aromatic organic molecules; σ and π bonds,"describe and explain the shape of benzene and other aromatic molecules, including sp² hybridisation, in terms of σ bonds and a delocalised π system",Chemistry,Cambridge Assessment International Education,Cambridge International AS & A Level,A Level,Paper 4 A Level Structured Questions,9701/4,120,100,38.5
29 An introduction to A Level organic chemistry,29.4 Isomerism: optical,understand that enantiomers have identical physical and chemical properties apart from their ability to rotate plane polarised light and their potential biological activity,Chemistry,Cambridge Assessment International Education,Cambridge International AS & A Level,A Level,Paper 4 A Level Structured Questions,9701/4,120,100,38.5
29 An introduction to A Level organic chemistry,29.4 Isomerism: optical,understand and use the terms optically active and racemic mixture,Chemistry,Cambridge Assessment International Education,Cambridge International AS & A Level,A Level,Paper 4 A Level Structured Questions,9701/4,120,100,38.5
29 An introduction to A Level organic chemistry,29.4 Isomerism: optical,describe the effect on plane polarised light of the two optical isomers of a single substance,Chemistry,Cambridge Assessment International Education,Cambridge International AS & A Level,A Level,Paper 4 A Level Structured Questions,9701/4,120,100,38.5
29 An introduction to A Level organic chemistry,29.4 Isomerism: optical,"explain the relevance of chirality to the synthetic preparation of drug molecules including: (a) the potential different biological activity of the two enantiomers (b) the need to separate a racemic mixture into two pure enantiomers (c) the use of chiral catalysts to produce a single pure optical isomer (Candidates should appreciate that compounds can contain more than one chiral centre, but knowledge of meso compounds and nomenclature such as diastereoisomers is not required.)",Chemistry,Cambridge Assessment International Education,Cambridge International AS & A Level,A Level,Paper 4 A Level Structured Questions,9701/4,120,100,38.5
30 Hydrocarbons,30.1 Arenes,"describe the chemistry of arenes as exemplified by the following reactions of benzene and methylbenzene: (a) substitution reactions with Cl ₂ and with Br₂ in the presence of a catalyst, Al Cl ₃ or Al Br₃, to form halogenoarenes (aryl halides) (b) nitration with a mixture of concentrated HNO₃ and concentrated H₂SO₄ at a temperature between 25 °C and 60 °C (c) Friedel–Crafts alkylation by CH₃Cl and Al Cl ₃ and heat (d) Friedel–Crafts acylation by CH₃COCl and Al Cl ₃ and heat (e) complete oxidation of the side-chain using hot alkaline KMnO₄ and then dilute acid to give a benzoic acid (f) hydrogenation of the benzene ring using H₂ and Pt/Ni catalyst and heat to form a cyclohexane ring",Chemistry,Cambridge Assessment International Education,Cambridge International AS & A Level,A Level,Paper 4 A Level Structured Questions,9701/4,120,100,38.5
30 Hydrocarbons,30.1 Arenes,describe the mechanism of electrophilic substitution in arenes: (a) as exemplified by the formation of nitrobenzene and bromobenzene (b) with regards to the effect of delocalisation (aromatic stabilisation) of electrons in arenes to explain the predomination of substitution over addition,Chemistry,Cambridge Assessment International Education,Cambridge International AS & A Level,A Level,Paper 4 A Level Structured Questions,9701/4,120,100,38.5
30 Hydrocarbons,30.1 Arenes,predict whether halogenation will occur in the side-chain or in the aromatic ring in arenes depending on reaction conditions,Chemistry,Cambridge Assessment International Education,Cambridge International AS & A Level,A Level,Paper 4 A Level Structured Questions,9701/4,120,100,38.5
30 Hydrocarbons,30.1 Arenes,"describe that in the electrophilic substitution of arenes, different substituents direct to different ring positions (limited to the directing effects of –NH₂, –OH, –R, –NO₂, –COOH and –COR)",Chemistry,Cambridge Assessment International Education,Cambridge International AS & A Level,A Level,Paper 4 A Level Structured Questions,9701/4,120,100,38.5
31 Halogen compounds,31.1 Halogen compounds,"recall the reactions by which halogenoarenes can be produced: substitution of an arene with Cl₂ or Br₂ in the presence of a catalyst, Al Cl₃ or Al Br₃ to form a halogenoarene, exemplified by benzene to form chlorobenzene and methylbenzene to form 2-chloromethylbenzene and 4-chloromethylbenzene",Chemistry,Cambridge Assessment International Education,Cambridge International AS & A Level,A Level,Paper 4 A Level Structured Questions,9701/4,120,100,38.5
31 Halogen compounds,31.1 Halogen compounds,explain the difference in reactivity between a halogenoalkane and a halogenoarene as exemplified by chloroethane and chlorobenzene,Chemistry,Cambridge Assessment International Education,Cambridge International AS & A Level,A Level,Paper 4 A Level Structured Questions,9701/4,120,100,38.5
32 Hydroxy compounds,32.1 Alcohols,describe the reaction with acyl chlorides to form esters using ethyl ethanoate,Chemistry,Cambridge Assessment International Education,Cambridge International AS & A Level,A Level,Paper 4 A Level Structured Questions,9701/4,120,100,38.5
32 Hydroxy compounds,32.2 Phenol,recall the reactions (reagents and conditions) by which phenol can be produced: (a) reaction of phenylamine with HNO₂ or NaNO₂ and dilute acid below 10 °C to produce the diazonium salt; further warming of the diazonium salt with H₂O to give phenol,Chemistry,Cambridge Assessment International Education,Cambridge International AS & A Level,A Level,Paper 4 A Level Structured Questions,9701/4,120,100,38.5
32 Hydroxy compounds,32.2 Phenol,"recall the chemistry of phenol, as exemplified by the following reactions: (a) with bases, for example NaOH(aq) to produce sodium phenoxide (b) with Na(s) to produce sodium phenoxide and H2(g) (c) in NaOH(aq) with diazonium salts, to give azo compounds (d) nitration of the aromatic ring with dilute HNO₃(aq) at room temperature to give a mixture of 2-nitrophenol and 4-nitrophenol (e) bromination of the aromatic ring with Br₂(aq) to form 2,4,6-tribromophenol",Chemistry,Cambridge Assessment International Education,Cambridge International AS & A Level,A Level,Paper 4 A Level Structured Questions,9701/4,120,100,38.5
32 Hydroxy compounds,32.2 Phenol,explain the acidity of phenol,Chemistry,Cambridge Assessment International Education,Cambridge International AS & A Level,A Level,Paper 4 A Level Structured Questions,9701/4,120,100,38.5
32 Hydroxy compounds,32.2 Phenol,"describe and explain the relative acidities of water, phenol and ethanol",Chemistry,Cambridge Assessment International Education,Cambridge International AS & A Level,A Level,Paper 4 A Level Structured Questions,9701/4,120,100,38.5
32 Hydroxy compounds,32.2 Phenol,explain why the reagents and conditions for the nitration and bromination of phenol are different from those for benzene,Chemistry,Cambridge Assessment International Education,Cambridge International AS & A Level,A Level,Paper 4 A Level Structured Questions,9701/4,120,100,38.5
32 Hydroxy compounds,32.2 Phenol,"recall that the hydroxyl group of a phenol directs to the 2-, 4- and 6-positions",Chemistry,Cambridge Assessment International Education,Cambridge International AS & A Level,A Level,Paper 4 A Level Structured Questions,9701/4,120,100,38.5
32 Hydroxy compounds,32.2 Phenol,"apply knowledge of the reactions of phenol to those of other phenolic compounds, e.g. naphthol",Chemistry,Cambridge Assessment International Education,Cambridge International AS & A Level,A Level,Paper 4 A Level Structured Questions,9701/4,120,100,38.5
33 Carboxylic acids and derivatives,33.1 Carboxylic acids,"recall the reaction by which benzoic acid can be produced: (a) reaction of an alkylbenzene with hot alkaline KMnO₄ and then dilute acid, exemplified by methylbenzene",Chemistry,Cambridge Assessment International Education,Cambridge International AS & A Level,A Level,Paper 4 A Level Structured Questions,9701/4,120,100,38.5
33 Carboxylic acids and derivatives,33.1 Carboxylic acids,"describe the reaction of carboxylic acids with PCl ₃ and heat, PCl ₅ or SOCl ₂ to form acyl chlorides",Chemistry,Cambridge Assessment International Education,Cambridge International AS & A Level,A Level,Paper 4 A Level Structured Questions,9701/4,120,100,38.5
33 Carboxylic acids and derivatives,33.1 Carboxylic acids,"recognise that some carboxylic acids can be further oxidised: (a) the oxidation of methanoic acid, HCOOH, with Fehling’s reagent or Tollens’ reagent or acidified KMnO₄ or acidified K₂Cr₂O₇ to carbon dioxide and water (b) the oxidation of ethanedioic acid, HOOCCOOH, with warm acidified KMnO₄ to carbon dioxide",Chemistry,Cambridge Assessment International Education,Cambridge International AS & A Level,A Level,Paper 4 A Level Structured Questions,9701/4,120,100,38.5
33 Carboxylic acids and derivatives,33.1 Carboxylic acids,"describe and explain the relative acidities of carboxylic acids, phenols and alcohols",Chemistry,Cambridge Assessment International Education,Cambridge International AS & A Level,A Level,Paper 4 A Level Structured Questions,9701/4,120,100,38.5
33 Carboxylic acids and derivatives,33.1 Carboxylic acids,describe and explain the relative acidities of chlorine-substituted carboxylic acids,Chemistry,Cambridge Assessment International Education,Cambridge International AS & A Level,A Level,Paper 4 A Level Structured Questions,9701/4,120,100,38.5
33 Carboxylic acids and derivatives,33.2 Esters,recall the reaction by which esters can be produced: (a) reaction of alcohols with acyl chlorides using the formation of ethyl ethanoate and phenyl benzoate as examples,Chemistry,Cambridge Assessment International Education,Cambridge International AS & A Level,A Level,Paper 4 A Level Structured Questions,9701/4,120,100,38.5
33 Carboxylic acids and derivatives,33.3 Acyl chlorides,"recall the reactions (reagents and conditions) by which acyl chlorides can be produced: (a) reaction of carboxylic acids with PCl ₃ and heat, PCl ₅ or SOCl ₂",Chemistry,Cambridge Assessment International Education,Cambridge International AS & A Level,A Level,Paper 4 A Level Structured Questions,9701/4,120,100,38.5
33 Carboxylic acids and derivatives,33.3 Acyl chlorides,describe the following reactions of acyl chlorides: (a) hydrolysis on addition of water at room temperature to give the carboxylic acid and HCl (b) reaction with an alcohol at room temperature to produce an ester and HCl (c) reaction with phenol at room temperature to produce an ester and HCl (d) reaction with ammonia at room temperature to produce an amide and HCl (e) reaction with a primary or secondary amine at room temperature to produce an amide and HCl,Chemistry,Cambridge Assessment International Education,Cambridge International AS & A Level,A Level,Paper 4 A Level Structured Questions,9701/4,120,100,38.5
33 Carboxylic acids and derivatives,33.3 Acyl chlorides,describe the addition–elimination mechanism of acyl chlorides in reactions in 33.3.2(a)–(e),Chemistry,Cambridge Assessment International Education,Cambridge International AS & A Level,A Level,Paper 4 A Level Structured Questions,9701/4,120,100,38.5
33 Carboxylic acids and derivatives,33.3 Acyl chlorides,"explain the relative ease of hydrolysis of acyl chlorides, alkyl chlorides and halogenoarenes (aryl chlorides)",Chemistry,Cambridge Assessment International Education,Cambridge International AS & A Level,A Level,Paper 4 A Level Structured Questions,9701/4,120,100,38.5
34 Nitrogen compounds,34.1 Primary and secondary amines,"recall the reactions (reagents and conditions) by which primary and secondary amines are produced: (a) reaction of halogenoalkanes with NH₃ in ethanol heated under pressure (b) reaction of halogenoalkanes with primary amines in ethanol, heated in a sealed tube / under pressure (c) the reduction of amides with LiAl H₄ (d) the reduction of nitriles with LiAl H₄ or H₂ / Ni",Chemistry,Cambridge Assessment International Education,Cambridge International AS & A Level,A Level,Paper 4 A Level Structured Questions,9701/4,120,100,38.5
34 Nitrogen compounds,34.1 Primary and secondary amines,describe the condensation reaction of ammonia or an amine with an acyl chloride at room temperature to give an amide,Chemistry,Cambridge Assessment International Education,Cambridge International AS & A Level,A Level,Paper 4 A Level Structured Questions,9701/4,120,100,38.5
34 Nitrogen compounds,34.1 Primary and secondary amines,describe and explain the basicity of aqueous solutions of amines,Chemistry,Cambridge Assessment International Education,Cambridge International AS & A Level,A Level,Paper 4 A Level Structured Questions,9701/4,120,100,38.5
34 Nitrogen compounds,34.2 Phenylamine and azo compounds,describe the preparation of phenylamine via the nitration of benzene to form nitrobenzene followed by reduction with hot Sn/concentrated HCl followed by NaOH(aq),Chemistry,Cambridge Assessment International Education,Cambridge International AS & A Level,A Level,Paper 4 A Level Structured Questions,9701/4,120,100,38.5
34 Nitrogen compounds,34.2 Phenylamine and azo compounds,describe: (a) the reaction of phenylamine with Br₂(aq) at room temperature (b) the reaction of phenylamine with HNO₂ or NaNO₂ and dilute acid below 10 °C to produce the diazonium salt; further warming of the diazonium salt with H₂O to give phenol,Chemistry,Cambridge Assessment International Education,Cambridge International AS & A Level,A Level,Paper 4 A Level Structured Questions,9701/4,120,100,38.5
34 Nitrogen compounds,34.2 Phenylamine and azo compounds,"describe and explain the relative basicities of aqueous ammonia, ethylamine and phenylamine",Chemistry,Cambridge Assessment International Education,Cambridge International AS & A Level,A Level,Paper 4 A Level Structured Questions,9701/4,120,100,38.5
34 Nitrogen compounds,34.2 Phenylamine and azo compounds,recall the following about azo compounds: (a) describe the coupling of benzenediazonium chloride with phenol in NaOH(aq) to form an azo compound (b) identify the azo group (c) state that azo compounds are often used as dyes (d) that other azo dyes can be formed via a similar route,Chemistry,Cambridge Assessment International Education,Cambridge International AS & A Level,A Level,Paper 4 A Level Structured Questions,9701/4,120,100,38.5
34 Nitrogen compounds,34.3 Amides,recall the reactions (reagents and conditions) by which amides are produced: (a) the reaction between ammonia and an acyl chloride at room temperature (b) the reaction between a primary amine and an acyl chloride at room temperature,Chemistry,Cambridge Assessment International Education,Cambridge International AS & A Level,A Level,Paper 4 A Level Structured Questions,9701/4,120,100,38.5
34 Nitrogen compounds,34.3 Amides,describe the reactions of amides: (a) hydrolysis with aqueous alkali or aqueous acid (b) the reduction of the CO group in amides with LiAl H₄ to form an amine,Chemistry,Cambridge Assessment International Education,Cambridge International AS & A Level,A Level,Paper 4 A Level Structured Questions,9701/4,120,100,38.5
34 Nitrogen compounds,34.3 Amides,state and explain why amides are much weaker bases than amines,Chemistry,Cambridge Assessment International Education,Cambridge International AS & A Level,A Level,Paper 4 A Level Structured Questions,9701/4,120,100,38.5
34 Nitrogen compounds,34.4 Amino acids,"describe the acid / base properties of amino acids and the formation of zwitterions, to include the isoelectric point",Chemistry,Cambridge Assessment International Education,Cambridge International AS & A Level,A Level,Paper 4 A Level Structured Questions,9701/4,120,100,38.5
34 Nitrogen compounds,34.4 Amino acids,describe the formation of amide (peptide) bonds between amino acids to give di- and tripeptides,Chemistry,Cambridge Assessment International Education,Cambridge International AS & A Level,A Level,Paper 4 A Level Structured Questions,9701/4,120,100,38.5
34 Nitrogen compounds,34.4 Amino acids,interpret and predict the results of electrophoresis on mixtures of amino acids and dipeptides at varying pHs (the assembling of the apparatus will not be tested),Chemistry,Cambridge Assessment International Education,Cambridge International AS & A Level,A Level,Paper 4 A Level Structured Questions,9701/4,120,100,38.5
35 Polymerisation,35.1 Condensation polymerisation,describe the formation of polyesters: (a) the reaction between a diol and a dicarboxylic acid or dioyl chloride (b) the reaction of a hydroxycarboxylic acid,Chemistry,Cambridge Assessment International Education,Cambridge International AS & A Level,A Level,Paper 4 A Level Structured Questions,9701/4,120,100,38.5
35 Polymerisation,35.1 Condensation polymerisation,describe the formation of polyamides: (a) the reaction between a diamine and a dicarboxylic acid or dioyl chloride (b) the reaction of an aminocarboxylic acid (c) the reaction between amino acids,Chemistry,Cambridge Assessment International Education,Cambridge International AS & A Level,A Level,Paper 4 A Level Structured Questions,9701/4,120,100,38.5
35 Polymerisation,35.1 Condensation polymerisation,deduce the repeat unit of a condensation polymer obtained from a given monomer or pair of monomers,Chemistry,Cambridge Assessment International Education,Cambridge International AS & A Level,A Level,Paper 4 A Level Structured Questions,9701/4,120,100,38.5
35 Polymerisation,35.1 Condensation polymerisation,identify the monomer(s) present in a given section of a condensation polymer molecule,Chemistry,Cambridge Assessment International Education,Cambridge International AS & A Level,A Level,Paper 4 A Level Structured Questions,9701/4,120,100,38.5
35 Polymerisation,35.2 Predicting the type of polymerisation,predict the type of polymerisation reaction for a given monomer or pair of monomers,Chemistry,Cambridge Assessment International Education,Cambridge International AS & A Level,A Level,Paper 4 A Level Structured Questions,9701/4,120,100,38.5
35 Polymerisation,35.2 Predicting the type of polymerisation,deduce the type of polymerisation reaction which produces a given section of a polymer molecule,Chemistry,Cambridge Assessment International Education,Cambridge International AS & A Level,A Level,Paper 4 A Level Structured Questions,9701/4,120,100,38.5
35 Polymerisation,35.3 Degradable polymers,recognise that poly(alkenes) are chemically inert and can therefore be difficult to biodegrade,Chemistry,Cambridge Assessment International Education,Cambridge International AS & A Level,A Level,Paper 4 A Level Structured Questions,9701/4,120,100,38.5
35 Polymerisation,35.3 Degradable polymers,recognise that some polymers can be degraded by the action of light,Chemistry,Cambridge Assessment International Education,Cambridge International AS & A Level,A Level,Paper 4 A Level Structured Questions,9701/4,120,100,38.5
35 Polymerisation,35.3 Degradable polymers,recognise that polyesters and polyamides are biodegradable by acidic and alkaline hydrolysis,Chemistry,Cambridge Assessment International Education,Cambridge International AS & A Level,A Level,Paper 4 A Level Structured Questions,9701/4,120,100,38.5
36 Organic synthesis,36.1 Organic synthesis,for an organic molecule containing several functional groups: (a) identify organic functional groups using the reactions in the syllabus (b) predict properties and reactions,Chemistry,Cambridge Assessment International Education,Cambridge International AS & A Level,A Level,Paper 4 A Level Structured Questions,9701/4,120,100,38.5
36 Organic synthesis,36.1 Organic synthesis,devise multi-step synthetic routes for preparing organic molecules using the reactions in the syllabus,Chemistry,Cambridge Assessment International Education,Cambridge International AS & A Level,A Level,Paper 4 A Level Structured Questions,9701/4,120,100,38.5
36 Organic synthesis,36.1 Organic synthesis,"analyse a given synthetic route in terms of type of reaction and reagents used for each step of it, and possible by-products",Chemistry,Cambridge Assessment International Education,Cambridge International AS & A Level,A Level,Paper 4 A Level Structured Questions,9701/4,120,100,38.5
37 Analytical techniques,37.1 Thin-layer chromatography,"describe and understand the terms (a) stationary phase, for example aluminium oxide (on a solid support) (b) mobile phase; a polar or non-polar solvent (c) Rf value (d) solvent front and baseline",Chemistry,Cambridge Assessment International Education,Cambridge International AS & A Level,A Level,Paper 4 A Level Structured Questions,9701/4,120,100,38.5
37 Analytical techniques,37.1 Thin-layer chromatography,interpret Rf values,Chemistry,Cambridge Assessment International Education,Cambridge International AS & A Level,A Level,Paper 4 A Level Structured Questions,9701/4,120,100,38.5
37 Analytical techniques,37.1 Thin-layer chromatography,explain the differences in Rf values in terms of interaction with the stationary phase and of relative solubility in the mobile phase,Chemistry,Cambridge Assessment International Education,Cambridge International AS & A Level,A Level,Paper 4 A Level Structured Questions,9701/4,120,100,38.5
37 Analytical techniques,37.2 Gas / liquid chromatography,describe and understand the terms (a) stationary phase; a high boiling point non-polar liquid (on a solid support) (b) mobile phase; an unreactive gas (c) retention time,Chemistry,Cambridge Assessment International Education,Cambridge International AS & A Level,A Level,Paper 4 A Level Structured Questions,9701/4,120,100,38.5
37 Analytical techniques,37.2 Gas / liquid chromatography,interpret gas / liquid chromatograms in terms of the percentage composition of a mixture,Chemistry,Cambridge Assessment International Education,Cambridge International AS & A Level,A Level,Paper 4 A Level Structured Questions,9701/4,120,100,38.5
37 Analytical techniques,37.2 Gas / liquid chromatography,explain retention times in terms of interaction with the stationary phase,Chemistry,Cambridge Assessment International Education,Cambridge International AS & A Level,A Level,Paper 4 A Level Structured Questions,9701/4,120,100,38.5
37 Analytical techniques,37.3 Carbon-13 NMR spectroscopy,analyse and interpret a carbon-13 NMR spectrum of a simple molecule to deduce: (a) the different environments of the carbon atoms present (b) the possible structures for the molecule,Chemistry,Cambridge Assessment International Education,Cambridge International AS & A Level,A Level,Paper 4 A Level Structured Questions,9701/4,120,100,38.5
37 Analytical techniques,37.3 Carbon-13 NMR spectroscopy,predict or explain the number of peaks in a carbon-13 NMR spectrum for a given molecule,Chemistry,Cambridge Assessment International Education,Cambridge International AS & A Level,A Level,Paper 4 A Level Structured Questions,9701/4,120,100,38.5
37 Analytical techniques,37.4 Proton (1H) NMR spectroscopy,"analyse and interpret a proton (1H) NMR spectrum of a simple molecule to deduce: (a) the different environments of proton present using chemical shift values (b) the relative numbers of each type of proton present from relative peak areas (c) the number of equivalent protons on the carbon atom adjacent to the one to which the given proton is attached from the splitting pattern, using the n + 1 rule (limited to singlet, doublet, triplet, quartet and multiplet) (d) the possible structures for the molecule",Chemistry,Cambridge Assessment International Education,Cambridge International AS & A Level,A Level,Paper 4 A Level Structured Questions,9701/4,120,100,38.5
37 Analytical techniques,37.4 Proton (1H) NMR spectroscopy,predict the chemical shifts and splitting patterns of the protons in a given molecule,Chemistry,Cambridge Assessment International Education,Cambridge International AS & A Level,A Level,Paper 4 A Level Structured Questions,9701/4,120,100,38.5
37 Analytical techniques,37.4 Proton (1H) NMR spectroscopy,"describe the use of tetramethylsilane, TMS, as the standard for chemical shift measurements",Chemistry,Cambridge Assessment International Education,Cambridge International AS & A Level,A Level,Paper 4 A Level Structured Questions,9701/4,120,100,38.5
37 Analytical techniques,37.4 Proton (1H) NMR spectroscopy,"state the need for deuterated solvents, e.g. CDCl ₃, when obtaining a proton NMR spectrum",Chemistry,Cambridge Assessment International Education,Cambridge International AS & A Level,A Level,Paper 4 A Level Structured Questions,9701/4,120,100,38.5
37 Analytical techniques,37.4 Proton (1H) NMR spectroscopy,describe the identification of O–H and N–H protons by proton exchange using D₂O,Chemistry,Cambridge Assessment International Education,Cambridge International AS & A Level,A Level,Paper 4 A Level Structured Questions,9701/4,120,100,38.5
Practical assessment,Successful collection of data and observations,set up apparatus,Chemistry,Cambridge Assessment International Education,Cambridge International AS & A Level,AS Level,Paper 3 Advanced Practical Skills,9701/3,120,40,23
Practical assessment,Successful collection of data and observations,set up apparatus,Chemistry,Cambridge Assessment International Education,Cambridge International AS & A Level,A Level,Paper 3 Advanced Practical Skills,9701/3,120,40,11.5
Practical assessment,Successful collection of data and observations,follow instructions given in the form of written instructions or diagrams,Chemistry,Cambridge Assessment International Education,Cambridge International AS & A Level,AS Level,Paper 3 Advanced Practical Skills,9701/3,120,40,23
Practical assessment,Successful collection of data and observations,follow instructions given in the form of written instructions or diagrams,Chemistry,Cambridge Assessment International Education,Cambridge International AS & A Level,A Level,Paper 3 Advanced Practical Skills,9701/3,120,40,11.5
Practical assessment,Successful collection of data and observations,use apparatus to collect an appropriate quantity of data,Chemistry,Cambridge Assessment International Education,Cambridge International AS & A Level,AS Level,Paper 3 Advanced Practical Skills,9701/3,120,40,23
Practical assessment,Successful collection of data and observations,use apparatus to collect an appropriate quantity of data,Chemistry,Cambridge Assessment International Education,Cambridge International AS & A Level,A Level,Paper 3 Advanced Practical Skills,9701/3,120,40,11.5
Practical assessment,Successful collection of data and observations,"make observations, including subtle differences in colour, solubility or quantity of materials",Chemistry,Cambridge Assessment International Education,Cambridge International AS & A Level,AS Level,Paper 3 Advanced Practical Skills,9701/3,120,40,23
Practical assessment,Successful collection of data and observations,"make observations, including subtle differences in colour, solubility or quantity of materials",Chemistry,Cambridge Assessment International Education,Cambridge International AS & A Level,A Level,Paper 3 Advanced Practical Skills,9701/3,120,40,11.5
Practical assessment,Successful collection of data and observations,"make measurements using pipettes, burettes, measuring cylinders, thermometers and other common laboratory apparatus; candidates should record burette readings to the nearest 0.05 cm³ and, when using a thermometer calibrated at 1 °C intervals, temperature readings should be recorded to the nearest 0.5 °C.",Chemistry,Cambridge Assessment International Education,Cambridge International AS & A Level,AS Level,Paper 3 Advanced Practical Skills,9701/3,120,40,23
Practical assessment,Successful collection of data and observations,"make measurements using pipettes, burettes, measuring cylinders, thermometers and other common laboratory apparatus; candidates should record burette readings to the nearest 0.05 cm³ and, when using a thermometer calibrated at 1 °C intervals, temperature readings should be recorded to the nearest 0.5 °C.",Chemistry,Cambridge Assessment International Education,Cambridge International AS & A Level,A Level,Paper 3 Advanced Practical Skills,9701/3,120,40,11.5
Practical assessment,Quality of measurements or observations,"make accurate and consistent measurements and observations, including achieving concordant titres (two titres within 0.10 cm³ of each other) and precise colour descriptions.",Chemistry,Cambridge Assessment International Education,Cambridge International AS & A Level,AS Level,Paper 3 Advanced Practical Skills,9701/3,120,40,23
Practical assessment,Quality of measurements or observations,"make accurate and consistent measurements and observations, including achieving concordant titres (two titres within 0.10 cm³ of each other) and precise colour descriptions.",Chemistry,Cambridge Assessment International Education,Cambridge International AS & A Level,A Level,Paper 3 Advanced Practical Skills,9701/3,120,40,11.5
Practical assessment,Decisions relating to measurements or observations,decide how many tests or observations to perform,Chemistry,Cambridge Assessment International Education,Cambridge International AS & A Level,AS Level,Paper 3 Advanced Practical Skills,9701/3,120,40,23
Practical assessment,Decisions relating to measurements or observations,decide how many tests or observations to perform,Chemistry,Cambridge Assessment International Education,Cambridge International AS & A Level,A Level,Paper 3 Advanced Practical Skills,9701/3,120,40,11.5
Practical assessment,Decisions relating to measurements or observations,make measurements that span a range and have a distribution appropriate to the experiment,Chemistry,Cambridge Assessment International Education,Cambridge International AS & A Level,AS Level,Paper 3 Advanced Practical Skills,9701/3,120,40,23
Practical assessment,Decisions relating to measurements or observations,make measurements that span a range and have a distribution appropriate to the experiment,Chemistry,Cambridge Assessment International Education,Cambridge International AS & A Level,A Level,Paper 3 Advanced Practical Skills,9701/3,120,40,11.5
Practical assessment,Decisions relating to measurements or observations,identify where repeated readings or observations are appropriate,Chemistry,Cambridge Assessment International Education,Cambridge International AS & A Level,AS Level,Paper 3 Advanced Practical Skills,9701/3,120,40,23
Practical assessment,Decisions relating to measurements or observations,identify where repeated readings or observations are appropriate,Chemistry,Cambridge Assessment International Education,Cambridge International AS & A Level,A Level,Paper 3 Advanced Practical Skills,9701/3,120,40,11.5
Practical assessment,Decisions relating to measurements or observations,"replicate readings or observations as necessary, including where an anomaly is suspected",Chemistry,Cambridge Assessment International Education,Cambridge International AS & A Level,AS Level,Paper 3 Advanced Practical Skills,9701/3,120,40,23
Practical assessment,Decisions relating to measurements or observations,"replicate readings or observations as necessary, including where an anomaly is suspected",Chemistry,Cambridge Assessment International Education,Cambridge International AS & A Level,A Level,Paper 3 Advanced Practical Skills,9701/3,120,40,11.5
Practical assessment,Decisions relating to measurements or observations,identify where confirmatory tests are appropriate and the nature of such tests,Chemistry,Cambridge Assessment International Education,Cambridge International AS & A Level,AS Level,Paper 3 Advanced Practical Skills,9701/3,120,40,23
Practical assessment,Decisions relating to measurements or observations,identify where confirmatory tests are appropriate and the nature of such tests,Chemistry,Cambridge Assessment International Education,Cambridge International AS & A Level,A Level,Paper 3 Advanced Practical Skills,9701/3,120,40,11.5
Practical assessment,Decisions relating to measurements or observations,select reagents to distinguish between given ions.,Chemistry,Cambridge Assessment International Education,Cambridge International AS & A Level,AS Level,Paper 3 Advanced Practical Skills,9701/3,120,40,23
Practical assessment,Decisions relating to measurements or observations,select reagents to distinguish between given ions.,Chemistry,Cambridge Assessment International Education,Cambridge International AS & A Level,A Level,Paper 3 Advanced Practical Skills,9701/3,120,40,11.5
Practical assessment,Recording data and observations,"present numerical data, values or observations in a single table of results with headings and units that conform to accepted scientific conventions, i.e. volume / cm³, volume (cm³) or volume in cm³",Chemistry,Cambridge Assessment International Education,Cambridge International AS & A Level,AS Level,Paper 3 Advanced Practical Skills,9701/3,120,40,23
Practical assessment,Recording data and observations,"present numerical data, values or observations in a single table of results with headings and units that conform to accepted scientific conventions, i.e. volume / cm³, volume (cm³) or volume in cm³",Chemistry,Cambridge Assessment International Education,Cambridge International AS & A Level,A Level,Paper 3 Advanced Practical Skills,9701/3,120,40,11.5
Practical assessment,Recording data and observations,"record raw readings of a quantity to the same degree of precision, e.g. if one measurement of mass in a collection of raw data is given as 0.06 g, then all the masses in that collection should be given to the nearest 0.01 g. The degree of precision recorded should be compatible with the measuring instrument used, e.g. a measuring cylinder calibrated at 1.0 cm³ should be read to the nearest 0.5 cm³",Chemistry,Cambridge Assessment International Education,Cambridge International AS & A Level,AS Level,Paper 3 Advanced Practical Skills,9701/3,120,40,23
Practical assessment,Recording data and observations,"record raw readings of a quantity to the same degree of precision, e.g. if one measurement of mass in a collection of raw data is given as 0.06 g, then all the masses in that collection should be given to the nearest 0.01 g. The degree of precision recorded should be compatible with the measuring instrument used, e.g. a measuring cylinder calibrated at 1.0 cm³ should be read to the nearest 0.5 cm³",Chemistry,Cambridge Assessment International Education,Cambridge International AS & A Level,A Level,Paper 3 Advanced Practical Skills,9701/3,120,40,11.5
Practical assessment,Recording data and observations,"record observations to the same level of detail, e.g. observations of qualitative variables such as colour should be recorded in simple language such as ‘blue’ or ‘yellow’. Where fine discrimination is required, terms such as ‘pale’ or ‘dark’ should be used, and comparisons made such as ‘darker brown than at three minutes’ or ‘paler green than with 0.2 mol dm−3’.",Chemistry,Cambridge Assessment International Education,Cambridge International AS & A Level,AS Level,Paper 3 Advanced Practical Skills,9701/3,120,40,23
Practical assessment,Recording data and observations,"record observations to the same level of detail, e.g. observations of qualitative variables such as colour should be recorded in simple language such as ‘blue’ or ‘yellow’. Where fine discrimination is required, terms such as ‘pale’ or ‘dark’ should be used, and comparisons made such as ‘darker brown than at three minutes’ or ‘paler green than with 0.2 mol dm−3’.",Chemistry,Cambridge Assessment International Education,Cambridge International AS & A Level,A Level,Paper 3 Advanced Practical Skills,9701/3,120,40,11.5
Practical assessment,Display of calculation and reasoning,"show working in calculations and key steps in reasoning: where calculations are carried out, all the stages in the calculation should be recorded, so that credit can be given for correctly displayed working",Chemistry,Cambridge Assessment International Education,Cambridge International AS & A Level,AS Level,Paper 3 Advanced Practical Skills,9701/3,120,40,23
Practical assessment,Display of calculation and reasoning,"show working in calculations and key steps in reasoning: where calculations are carried out, all the stages in the calculation should be recorded, so that credit can be given for correctly displayed working",Chemistry,Cambridge Assessment International Education,Cambridge International AS & A Level,A Level,Paper 3 Advanced Practical Skills,9701/3,120,40,11.5
Practical assessment,Display of calculation and reasoning,"use the correct number of significant figures for calculated quantities (this should be the same as or one more than the smallest number of significant figures in the provided or experimentally determined data). For example, if titre volume is measured to four significant figures, e.g. 23.45 cm³, then the calculated molar concentrations from this should be given to four significant figures, e.g. 1.305 mol dm−3 or 0.9876 mol dm−3. However, if the concentration of one of the reactants is given to three significant figures, then the calculated concentration could be given to three or four significant figures. For example, if the concentration of alkali in an acid–base titration is given as 0.100 mol dm−3, then the concentration of the acid may be shown as 0.1305 mol dm−3 or 0.131 mol dm−3.",Chemistry,Cambridge Assessment International Education,Cambridge International AS & A Level,AS Level,Paper 3 Advanced Practical Skills,9701/3,120,40,23
Practical assessment,Display of calculation and reasoning,"use the correct number of significant figures for calculated quantities (this should be the same as or one more than the smallest number of significant figures in the provided or experimentally determined data). For example, if titre volume is measured to four significant figures, e.g. 23.45 cm³, then the calculated molar concentrations from this should be given to four significant figures, e.g. 1.305 mol dm−3 or 0.9876 mol dm−3. However, if the concentration of one of the reactants is given to three significant figures, then the calculated concentration could be given to three or four significant figures. For example, if the concentration of alkali in an acid–base titration is given as 0.100 mol dm−3, then the concentration of the acid may be shown as 0.1305 mol dm−3 or 0.131 mol dm−3.",Chemistry,Cambridge Assessment International Education,Cambridge International AS & A Level,A Level,Paper 3 Advanced Practical Skills,9701/3,120,40,11.5
Practical assessment,Data layout,present data in a single table of results,Chemistry,Cambridge Assessment International Education,Cambridge International AS & A Level,AS Level,Paper 3 Advanced Practical Skills,9701/3,120,40,23
Practical assessment,Data layout,present data in a single table of results,Chemistry,Cambridge Assessment International Education,Cambridge International AS & A Level,A Level,Paper 3 Advanced Practical Skills,9701/3,120,40,11.5
Practical assessment,Data layout,"draw an appropriate table in advance of taking readings or making observations, so that they do not have to copy their results",Chemistry,Cambridge Assessment International Education,Cambridge International AS & A Level,AS Level,Paper 3 Advanced Practical Skills,9701/3,120,40,23
Practical assessment,Data layout,"draw an appropriate table in advance of taking readings or making observations, so that they do not have to copy their results",Chemistry,Cambridge Assessment International Education,Cambridge International AS & A Level,A Level,Paper 3 Advanced Practical Skills,9701/3,120,40,11.5
Practical assessment,Data layout,record all data in the table,Chemistry,Cambridge Assessment International Education,Cambridge International AS & A Level,AS Level,Paper 3 Advanced Practical Skills,9701/3,120,40,23
Practical assessment,Data layout,record all data in the table,Chemistry,Cambridge Assessment International Education,Cambridge International AS & A Level,A Level,Paper 3 Advanced Practical Skills,9701/3,120,40,11.5
Practical assessment,Data layout,"use the appropriate presentation method to produce a clear presentation of the data, e.g. graph lines and graph points should be drawn using a sharp pencil",Chemistry,Cambridge Assessment International Education,Cambridge International AS & A Level,AS Level,Paper 3 Advanced Practical Skills,9701/3,120,40,23
Practical assessment,Data layout,"use the appropriate presentation method to produce a clear presentation of the data, e.g. graph lines and graph points should be drawn using a sharp pencil",Chemistry,Cambridge Assessment International Education,Cambridge International AS & A Level,A Level,Paper 3 Advanced Practical Skills,9701/3,120,40,11.5
Practical assessment,Data layout,"plot appropriate variables on appropriate, clearly labelled x- and y-axes (the same convention for axis labels should be used as for table headings)",Chemistry,Cambridge Assessment International Education,Cambridge International AS & A Level,AS Level,Paper 3 Advanced Practical Skills,9701/3,120,40,23
Practical assessment,Data layout,"plot appropriate variables on appropriate, clearly labelled x- and y-axes (the same convention for axis labels should be used as for table headings)",Chemistry,Cambridge Assessment International Education,Cambridge International AS & A Level,A Level,Paper 3 Advanced Practical Skills,9701/3,120,40,11.5
Practical assessment,Data layout,"choose scales for graph axes that allow the graph to be read easily, such as 1, 2 or 5 units to a 20 mm square; the data points should occupy at least half of the graph grid in both x- and y-directions",Chemistry,Cambridge Assessment International Education,Cambridge International AS & A Level,AS Level,Paper 3 Advanced Practical Skills,9701/3,120,40,23
Practical assessment,Data layout,"choose scales for graph axes that allow the graph to be read easily, such as 1, 2 or 5 units to a 20 mm square; the data points should occupy at least half of the graph grid in both x- and y-directions",Chemistry,Cambridge Assessment International Education,Cambridge International AS & A Level,A Level,Paper 3 Advanced Practical Skills,9701/3,120,40,11.5
Practical assessment,Data layout,plot all points using a cross × or circled dot ʘ to an appropriate accuracy,Chemistry,Cambridge Assessment International Education,Cambridge International AS & A Level,AS Level,Paper 3 Advanced Practical Skills,9701/3,120,40,23
Practical assessment,Data layout,plot all points using a cross × or circled dot ʘ to an appropriate accuracy,Chemistry,Cambridge Assessment International Education,Cambridge International AS & A Level,A Level,Paper 3 Advanced Practical Skills,9701/3,120,40,11.5
Practical assessment,Data layout,"draw straight lines or smooth curves of best fit to show the trend of a graph; a line of best fit should show an even distribution of points on either side of the line along its entire length, anomalous points should be identified.",Chemistry,Cambridge Assessment International Education,Cambridge International AS & A Level,AS Level,Paper 3 Advanced Practical Skills,9701/3,120,40,23
Practical assessment,Data layout,"draw straight lines or smooth curves of best fit to show the trend of a graph; a line of best fit should show an even distribution of points on either side of the line along its entire length, anomalous points should be identified.",Chemistry,Cambridge Assessment International Education,Cambridge International AS & A Level,A Level,Paper 3 Advanced Practical Skills,9701/3,120,40,11.5
Practical assessment,Interpretation of data or observations,describe the patterns and trends shown by data in tables and graphs,Chemistry,Cambridge Assessment International Education,Cambridge International AS & A Level,AS Level,Paper 3 Advanced Practical Skills,9701/3,120,40,23
Practical assessment,Interpretation of data or observations,describe the patterns and trends shown by data in tables and graphs,Chemistry,Cambridge Assessment International Education,Cambridge International AS & A Level,A Level,Paper 3 Advanced Practical Skills,9701/3,120,40,11.5
Practical assessment,Interpretation of data or observations,describe and summarise the key points of a set of observations,Chemistry,Cambridge Assessment International Education,Cambridge International AS & A Level,AS Level,Paper 3 Advanced Practical Skills,9701/3,120,40,23
Practical assessment,Interpretation of data or observations,describe and summarise the key points of a set of observations,Chemistry,Cambridge Assessment International Education,Cambridge International AS & A Level,A Level,Paper 3 Advanced Practical Skills,9701/3,120,40,11.5
Practical assessment,Interpretation of data or observations,"calculate quantities from data, or calculate the mean from repeated values, or make other appropriate calculations",Chemistry,Cambridge Assessment International Education,Cambridge International AS & A Level,AS Level,Paper 3 Advanced Practical Skills,9701/3,120,40,23
Practical assessment,Interpretation of data or observations,"calculate quantities from data, or calculate the mean from repeated values, or make other appropriate calculations",Chemistry,Cambridge Assessment International Education,Cambridge International AS & A Level,A Level,Paper 3 Advanced Practical Skills,9701/3,120,40,11.5
Practical assessment,Interpretation of data or observations,"find an unknown value by using coordinates, a point of intersection or intercepts on a graph",Chemistry,Cambridge Assessment International Education,Cambridge International AS & A Level,AS Level,Paper 3 Advanced Practical Skills,9701/3,120,40,23
Practical assessment,Interpretation of data or observations,"find an unknown value by using coordinates, a point of intersection or intercepts on a graph",Chemistry,Cambridge Assessment International Education,Cambridge International AS & A Level,A Level,Paper 3 Advanced Practical Skills,9701/3,120,40,11.5
Practical assessment,Interpretation of data or observations,"determine the gradient of a straight-line graph, using two points that are more than half of the length of the axes apart",Chemistry,Cambridge Assessment International Education,Cambridge International AS & A Level,AS Level,Paper 3 Advanced Practical Skills,9701/3,120,40,23
Practical assessment,Interpretation of data or observations,"determine the gradient of a straight-line graph, using two points that are more than half of the length of the axes apart",Chemistry,Cambridge Assessment International Education,Cambridge International AS & A Level,A Level,Paper 3 Advanced Practical Skills,9701/3,120,40,11.5
Practical assessment,Interpretation of data or observations,extrapolate the line of a graph.,Chemistry,Cambridge Assessment International Education,Cambridge International AS & A Level,AS Level,Paper 3 Advanced Practical Skills,9701/3,120,40,23
Practical assessment,Interpretation of data or observations,extrapolate the line of a graph.,Chemistry,Cambridge Assessment International Education,Cambridge International AS & A Level,A Level,Paper 3 Advanced Practical Skills,9701/3,120,40,11.5
Practical assessment,Drawing conclusions,"draw conclusions from an experiment, giving an outline description of the main features of the data, considering whether experimental data support a given hypothesis, and making further predictions",Chemistry,Cambridge Assessment International Education,Cambridge International AS & A Level,AS Level,Paper 3 Advanced Practical Skills,9701/3,120,40,23
Practical assessment,Drawing conclusions,"draw conclusions from an experiment, giving an outline description of the main features of the data, considering whether experimental data support a given hypothesis, and making further predictions",Chemistry,Cambridge Assessment International Education,Cambridge International AS & A Level,A Level,Paper 3 Advanced Practical Skills,9701/3,120,40,11.5
Practical assessment,Drawing conclusions,"draw conclusions from interpretations of observations, data and calculated values",Chemistry,Cambridge Assessment International Education,Cambridge International AS & A Level,AS Level,Paper 3 Advanced Practical Skills,9701/3,120,40,23
Practical assessment,Drawing conclusions,"draw conclusions from interpretations of observations, data and calculated values",Chemistry,Cambridge Assessment International Education,Cambridge International AS & A Level,A Level,Paper 3 Advanced Practical Skills,9701/3,120,40,11.5
Practical assessment,Drawing conclusions,"make scientific explanations of data, observations and conclusions that they have described.",Chemistry,Cambridge Assessment International Education,Cambridge International AS & A Level,AS Level,Paper 3 Advanced Practical Skills,9701/3,120,40,23
Practical assessment,Drawing conclusions,"make scientific explanations of data, observations and conclusions that they have described.",Chemistry,Cambridge Assessment International Education,Cambridge International AS & A Level,A Level,Paper 3 Advanced Practical Skills,9701/3,120,40,11.5
Practical assessment,Identifying sources of error and suggesting improvements,evaluate the effectiveness of control variables,Chemistry,Cambridge Assessment International Education,Cambridge International AS & A Level,AS Level,Paper 3 Advanced Practical Skills,9701/3,120,40,23
Practical assessment,Identifying sources of error and suggesting improvements,evaluate the effectiveness of control variables,Chemistry,Cambridge Assessment International Education,Cambridge International AS & A Level,A Level,Paper 3 Advanced Practical Skills,9701/3,120,40,11.5
Practical assessment,Identifying sources of error and suggesting improvements,"comment on errors intrinsic in measuring devices, e.g. a thermometer consistently reading 1 °C above actual temperature, or in experiments where limitations of the method introduce errors, e.g. heat loss when trying to assess enthalpy change",Chemistry,Cambridge Assessment International Education,Cambridge International AS & A Level,AS Level,Paper 3 Advanced Practical Skills,9701/3,120,40,23
Practical assessment,Identifying sources of error and suggesting improvements,"comment on errors intrinsic in measuring devices, e.g. a thermometer consistently reading 1 °C above actual temperature, or in experiments where limitations of the method introduce errors, e.g. heat loss when trying to assess enthalpy change",Chemistry,Cambridge Assessment International Education,Cambridge International AS & A Level,A Level,Paper 3 Advanced Practical Skills,9701/3,120,40,11.5
Practical assessment,Identifying sources of error and suggesting improvements,"show an understanding of the distinction between systematic errors, e.g. zero error in a balance hence the reason for using the same balance for all weighings within an experiment, and random errors, e.g. change in room temperature when investigating the effect of changing concentration on the rate of a reaction. (A statement of ‘human errors’ is not acceptable; though there are occasionally errors arising in the observer’s ability to observe, e.g. in the disappearing cross experiment, which would be a random error.)",Chemistry,Cambridge Assessment International Education,Cambridge International AS & A Level,AS Level,Paper 3 Advanced Practical Skills,9701/3,120,40,23
Practical assessment,Identifying sources of error and suggesting improvements,"show an understanding of the distinction between systematic errors, e.g. zero error in a balance hence the reason for using the same balance for all weighings within an experiment, and random errors, e.g. change in room temperature when investigating the effect of changing concentration on the rate of a reaction. (A statement of ‘human errors’ is not acceptable; though there are occasionally errors arising in the observer’s ability to observe, e.g. in the disappearing cross experiment, which would be a random error.)",Chemistry,Cambridge Assessment International Education,Cambridge International AS & A Level,A Level,Paper 3 Advanced Practical Skills,9701/3,120,40,11.5
Practical assessment,Identifying sources of error and suggesting improvements,identify the most significant sources of error in an experiment,Chemistry,Cambridge Assessment International Education,Cambridge International AS & A Level,AS Level,Paper 3 Advanced Practical Skills,9701/3,120,40,23
Practical assessment,Identifying sources of error and suggesting improvements,identify the most significant sources of error in an experiment,Chemistry,Cambridge Assessment International Education,Cambridge International AS & A Level,A Level,Paper 3 Advanced Practical Skills,9701/3,120,40,11.5
Practical assessment,Identifying sources of error and suggesting improvements,"state the uncertainty in a quantitative measurement and express such uncertainty in a measurement as an actual or percentage error. For the purpose of this syllabus, the maximum uncertainty in a quantitative measurement is half the difference between the closest calibrations, e.g. for a thermometer calibrated at 1 °C the maximum uncertainty is ± 0.5 °C, therefore the maximum percentage error in a temperature change of 14.0 °C = ((2 × 0.5)/14.0) × 100 = 7.14%",Chemistry,Cambridge Assessment International Education,Cambridge International AS & A Level,AS Level,Paper 3 Advanced Practical Skills,9701/3,120,40,23
Practical assessment,Identifying sources of error and suggesting improvements,"state the uncertainty in a quantitative measurement and express such uncertainty in a measurement as an actual or percentage error. For the purpose of this syllabus, the maximum uncertainty in a quantitative measurement is half the difference between the closest calibrations, e.g. for a thermometer calibrated at 1 °C the maximum uncertainty is ± 0.5 °C, therefore the maximum percentage error in a temperature change of 14.0 °C = ((2 × 0.5)/14.0) × 100 = 7.14%",Chemistry,Cambridge Assessment International Education,Cambridge International AS & A Level,A Level,Paper 3 Advanced Practical Skills,9701/3,120,40,11.5
Practical assessment,Identifying sources of error and suggesting improvements,suggest realistic modifications to an experimental arrangement that will improve the accuracy of the experiment or the observations that can be made,Chemistry,Cambridge Assessment International Education,Cambridge International AS & A Level,AS Level,Paper 3 Advanced Practical Skills,9701/3,120,40,23
Practical assessment,Identifying sources of error and suggesting improvements,suggest realistic modifications to an experimental arrangement that will improve the accuracy of the experiment or the observations that can be made,Chemistry,Cambridge Assessment International Education,Cambridge International AS & A Level,A Level,Paper 3 Advanced Practical Skills,9701/3,120,40,11.5
Practical assessment,Identifying sources of error and suggesting improvements,suggest ways in which to extend the investigation to answer a new question.,Chemistry,Cambridge Assessment International Education,Cambridge International AS & A Level,AS Level,Paper 3 Advanced Practical Skills,9701/3,120,40,23
Practical assessment,Identifying sources of error and suggesting improvements,suggest ways in which to extend the investigation to answer a new question.,Chemistry,Cambridge Assessment International Education,Cambridge International AS & A Level,A Level,Paper 3 Advanced Practical Skills,9701/3,120,40,11.5
Practical assessment,Titration experiments,Candidates are expected to understand how to correctly set up a burette in order to carry out titrations.,Chemistry,Cambridge Assessment International Education,Cambridge International AS & A Level,AS Level,Paper 3 Advanced Practical Skills,9701/3,120,40,23
Practical assessment,Titration experiments,Candidates are expected to understand how to correctly set up a burette in order to carry out titrations.,Chemistry,Cambridge Assessment International Education,Cambridge International AS & A Level,A Level,Paper 3 Advanced Practical Skills,9701/3,120,40,11.5
Practical assessment,Titration experiments,Candidates are expected to carry out a rough titration first.,Chemistry,Cambridge Assessment International Education,Cambridge International AS & A Level,AS Level,Paper 3 Advanced Practical Skills,9701/3,120,40,23
Practical assessment,Titration experiments,Candidates are expected to carry out a rough titration first.,Chemistry,Cambridge Assessment International Education,Cambridge International AS & A Level,A Level,Paper 3 Advanced Practical Skills,9701/3,120,40,11.5
Practical assessment,Titration experiments,Candidates are expected to carry out titrations until concordant results are obtained.,Chemistry,Cambridge Assessment International Education,Cambridge International AS & A Level,AS Level,Paper 3 Advanced Practical Skills,9701/3,120,40,23
Practical assessment,Titration experiments,Candidates are expected to carry out titrations until concordant results are obtained.,Chemistry,Cambridge Assessment International Education,Cambridge International AS & A Level,A Level,Paper 3 Advanced Practical Skills,9701/3,120,40,11.5
Practical assessment,Titration experiments,A knowledge of the following titrations will be expected: acid–alkali titration (this could be weak or strong acid and weak or strong alkali) and the use of indicators listed on page 67,Chemistry,Cambridge Assessment International Education,Cambridge International AS & A Level,AS Level,Paper 3 Advanced Practical Skills,9701/3,120,40,23
Practical assessment,Titration experiments,A knowledge of the following titrations will be expected: acid–alkali titration (this could be weak or strong acid and weak or strong alkali) and the use of indicators listed on page 67,Chemistry,Cambridge Assessment International Education,Cambridge International AS & A Level,A Level,Paper 3 Advanced Practical Skills,9701/3,120,40,11.5
Practical assessment,Titration experiments,"A knowledge of the following titrations will be expected: potassium manganate( VII) titration with hydrogen peroxide, iron(II) ions or ethanedioic acid or its salts",Chemistry,Cambridge Assessment International Education,Cambridge International AS & A Level,AS Level,Paper 3 Advanced Practical Skills,9701/3,120,40,23
Practical assessment,Titration experiments,"A knowledge of the following titrations will be expected: potassium manganate( VII) titration with hydrogen peroxide, iron(II) ions or ethanedioic acid or its salts",Chemistry,Cambridge Assessment International Education,Cambridge International AS & A Level,A Level,Paper 3 Advanced Practical Skills,9701/3,120,40,11.5
Practical assessment,Titration experiments,A knowledge of the following titrations will be expected: sodium thiosulfate and iodine titrations,Chemistry,Cambridge Assessment International Education,Cambridge International AS & A Level,AS Level,Paper 3 Advanced Practical Skills,9701/3,120,40,23
Practical assessment,Titration experiments,A knowledge of the following titrations will be expected: sodium thiosulfate and iodine titrations,Chemistry,Cambridge Assessment International Education,Cambridge International AS & A Level,A Level,Paper 3 Advanced Practical Skills,9701/3,120,40,11.5
Practical assessment,Rates experiments,Candidates are expected to be able to follow instructions to mix reagents and record the time for an observation to occur; an example of such an experiment is the time taken on mixing solutions of sodium thiosulfate and an acid for the print on a piece of paper to be obscured by the precipitate produced.,Chemistry,Cambridge Assessment International Education,Cambridge International AS & A Level,AS Level,Paper 3 Advanced Practical Skills,9701/3,120,40,23
Practical assessment,Rates experiments,Candidates are expected to be able to follow instructions to mix reagents and record the time for an observation to occur; an example of such an experiment is the time taken on mixing solutions of sodium thiosulfate and an acid for the print on a piece of paper to be obscured by the precipitate produced.,Chemistry,Cambridge Assessment International Education,Cambridge International AS & A Level,A Level,Paper 3 Advanced Practical Skills,9701/3,120,40,11.5
Practical assessment,Gravimetric experiments,Candidates are expected to be able to heat a solid in a crucible on a pipe-clay triangle and record any mass change; an example of such an experiment is the determination of the water of hydration of a hydrated salt by evaporation of the water and calculation of the change in mass.,Chemistry,Cambridge Assessment International Education,Cambridge International AS & A Level,AS Level,Paper 3 Advanced Practical Skills,9701/3,120,40,23
Practical assessment,Gravimetric experiments,Candidates are expected to be able to heat a solid in a crucible on a pipe-clay triangle and record any mass change; an example of such an experiment is the determination of the water of hydration of a hydrated salt by evaporation of the water and calculation of the change in mass.,Chemistry,Cambridge Assessment International Education,Cambridge International AS & A Level,A Level,Paper 3 Advanced Practical Skills,9701/3,120,40,11.5
Practical assessment,Thermometric experiments,Candidates are expected to be able to accurately use and take readings from thermometers; an example of such an experiment is the determination of the enthalpy change of reaction by recording of temperature changes and subsequent calculation of enthalpy changes and use of Hess’s law.,Chemistry,Cambridge Assessment International Education,Cambridge International AS & A Level,AS Level,Paper 3 Advanced Practical Skills,9701/3,120,40,23
Practical assessment,Thermometric experiments,Candidates are expected to be able to accurately use and take readings from thermometers; an example of such an experiment is the determination of the enthalpy change of reaction by recording of temperature changes and subsequent calculation of enthalpy changes and use of Hess’s law.,Chemistry,Cambridge Assessment International Education,Cambridge International AS & A Level,A Level,Paper 3 Advanced Practical Skills,9701/3,120,40,11.5
Practical assessment,Gas volume experiments,Candidates are expected to be able to set up apparatus for a gas collection over water method; an example of such an experiment is the determination of the composition of a solid from the volume of carbon dioxide produced on reaction of a carbonate with an acid.,Chemistry,Cambridge Assessment International Education,Cambridge International AS & A Level,AS Level,Paper 3 Advanced Practical Skills,9701/3,120,40,23
Practical assessment,Gas volume experiments,Candidates are expected to be able to set up apparatus for a gas collection over water method; an example of such an experiment is the determination of the composition of a solid from the volume of carbon dioxide produced on reaction of a carbonate with an acid.,Chemistry,Cambridge Assessment International Education,Cambridge International AS & A Level,A Level,Paper 3 Advanced Practical Skills,9701/3,120,40,11.5
Practical assessment,Qualitative analysis,Candidates should understand the appropriate methods to be used when carrying out qualitative analysis tests: to treat all unknown materials with caution,Chemistry,Cambridge Assessment International Education,Cambridge International AS & A Level,AS Level,Paper 3 Advanced Practical Skills,9701/3,120,40,23
Practical assessment,Qualitative analysis,Candidates should understand the appropriate methods to be used when carrying out qualitative analysis tests: to treat all unknown materials with caution,Chemistry,Cambridge Assessment International Education,Cambridge International AS & A Level,A Level,Paper 3 Advanced Practical Skills,9701/3,120,40,11.5
Practical assessment,Qualitative analysis,Candidates should understand the appropriate methods to be used when carrying out qualitative analysis tests: to use an appropriate quantity of the material under test,Chemistry,Cambridge Assessment International Education,Cambridge International AS & A Level,AS Level,Paper 3 Advanced Practical Skills,9701/3,120,40,23
Practical assessment,Qualitative analysis,Candidates should understand the appropriate methods to be used when carrying out qualitative analysis tests: to use an appropriate quantity of the material under test,Chemistry,Cambridge Assessment International Education,Cambridge International AS & A Level,A Level,Paper 3 Advanced Practical Skills,9701/3,120,40,11.5
Practical assessment,Qualitative analysis,Candidates should understand the appropriate methods to be used when carrying out qualitative analysis tests: to add only the specified amount,Chemistry,Cambridge Assessment International Education,Cambridge International AS & A Level,AS Level,Paper 3 Advanced Practical Skills,9701/3,120,40,23
Practical assessment,Qualitative analysis,Candidates should understand the appropriate methods to be used when carrying out qualitative analysis tests: to add only the specified amount,Chemistry,Cambridge Assessment International Education,Cambridge International AS & A Level,A Level,Paper 3 Advanced Practical Skills,9701/3,120,40,11.5
Practical assessment,Qualitative analysis,"Candidates should understand the appropriate methods to be used when carrying out qualitative analysis tests: to work safely, e.g. to use a test-tube holder when heating a solid in a hard-glass test-tube",Chemistry,Cambridge Assessment International Education,Cambridge International AS & A Level,AS Level,Paper 3 Advanced Practical Skills,9701/3,120,40,23
Practical assessment,Qualitative analysis,"Candidates should understand the appropriate methods to be used when carrying out qualitative analysis tests: to work safely, e.g. to use a test-tube holder when heating a solid in a hard-glass test-tube",Chemistry,Cambridge Assessment International Education,Cambridge International AS & A Level,A Level,Paper 3 Advanced Practical Skills,9701/3,120,40,11.5
Practical assessment,Qualitative analysis,"Candidates should understand the appropriate methods to be used when carrying out qualitative analysis tests: to record all observations, even when this is ‘no change’ or ‘remains a colourless solution’",Chemistry,Cambridge Assessment International Education,Cambridge International AS & A Level,AS Level,Paper 3 Advanced Practical Skills,9701/3,120,40,23
Practical assessment,Qualitative analysis,"Candidates should understand the appropriate methods to be used when carrying out qualitative analysis tests: to record all observations, even when this is ‘no change’ or ‘remains a colourless solution’",Chemistry,Cambridge Assessment International Education,Cambridge International AS & A Level,A Level,Paper 3 Advanced Practical Skills,9701/3,120,40,11.5
Practical assessment,Qualitative analysis,Candidates should understand the appropriate methods to be used when carrying out qualitative analysis tests: to use excess alkali where a precipitate is produced on addition of NaOH(aq) or NH₃(aq) to determine its solubility,Chemistry,Cambridge Assessment International Education,Cambridge International AS & A Level,AS Level,Paper 3 Advanced Practical Skills,9701/3,120,40,23
Practical assessment,Qualitative analysis,Candidates should understand the appropriate methods to be used when carrying out qualitative analysis tests: to use excess alkali where a precipitate is produced on addition of NaOH(aq) or NH₃(aq) to determine its solubility,Chemistry,Cambridge Assessment International Education,Cambridge International AS & A Level,A Level,Paper 3 Advanced Practical Skills,9701/3,120,40,11.5
Practical assessment,Qualitative analysis,Candidates should understand the appropriate methods to be used when carrying out qualitative analysis tests: to identify a gas whose formation is shown by effervescence,Chemistry,Cambridge Assessment International Education,Cambridge International AS & A Level,AS Level,Paper 3 Advanced Practical Skills,9701/3,120,40,23
Practical assessment,Qualitative analysis,Candidates should understand the appropriate methods to be used when carrying out qualitative analysis tests: to identify a gas whose formation is shown by effervescence,Chemistry,Cambridge Assessment International Education,Cambridge International AS & A Level,A Level,Paper 3 Advanced Practical Skills,9701/3,120,40,11.5
Practical assessment,Qualitative analysis,"Candidates should be familiar with carrying out qualitative analysis reactions for all elements, compounds and ions listed in the Qualitative analysis notes, and with using these notes to make conclusions about the unknown substance being tested. However, the substances to be investigated may contain ions not included in these notes. In such cases, candidates will not be expected to identify the ions but only to record observations and draw conclusions of a general nature where possible.",Chemistry,Cambridge Assessment International Education,Cambridge International AS & A Level,AS Level,Paper 3 Advanced Practical Skills,9701/3,120,40,23
Practical assessment,Qualitative analysis,"Candidates should be familiar with carrying out qualitative analysis reactions for all elements, compounds and ions listed in the Qualitative analysis notes, and with using these notes to make conclusions about the unknown substance being tested. However, the substances to be investigated may contain ions not included in these notes. In such cases, candidates will not be expected to identify the ions but only to record observations and draw conclusions of a general nature where possible.",Chemistry,Cambridge Assessment International Education,Cambridge International AS & A Level,A Level,Paper 3 Advanced Practical Skills,9701/3,120,40,11.5
Practical assessment,Qualitative analysis,Candidates may also be required to carry out the following organic analysis tests and/or interpret the positive test result to identify the functional group present: the production of an orange/red precipitate with Fehling’s reagent to indicate the presence of the aldehyde functional group,Chemistry,Cambridge Assessment International Education,Cambridge International AS & A Level,AS Level,Paper 3 Advanced Practical Skills,9701/3,120,40,23
Practical assessment,Qualitative analysis,Candidates may also be required to carry out the following organic analysis tests and/or interpret the positive test result to identify the functional group present: the production of an orange/red precipitate with Fehling’s reagent to indicate the presence of the aldehyde functional group,Chemistry,Cambridge Assessment International Education,Cambridge International AS & A Level,A Level,Paper 3 Advanced Practical Skills,9701/3,120,40,11.5
Practical assessment,Qualitative analysis,Candidates may also be required to carry out the following organic analysis tests and/or interpret the positive test result to identify the functional group present: the production of a silver mirror/black precipitate with Tollens’ reagent to indicate the presence of the aldehyde functional group,Chemistry,Cambridge Assessment International Education,Cambridge International AS & A Level,AS Level,Paper 3 Advanced Practical Skills,9701/3,120,40,23
Practical assessment,Qualitative analysis,Candidates may also be required to carry out the following organic analysis tests and/or interpret the positive test result to identify the functional group present: the production of a silver mirror/black precipitate with Tollens’ reagent to indicate the presence of the aldehyde functional group,Chemistry,Cambridge Assessment International Education,Cambridge International AS & A Level,A Level,Paper 3 Advanced Practical Skills,9701/3,120,40,11.5
Practical assessment,Qualitative analysis,Candidates may also be required to carry out the following organic analysis tests and/or interpret the positive test result to identify the functional group present: the production of a yellow precipitate with alkaline aqueous iodine to indicate the presence of the CH₃CO or CH₃CH(OH) group,Chemistry,Cambridge Assessment International Education,Cambridge International AS & A Level,AS Level,Paper 3 Advanced Practical Skills,9701/3,120,40,23
Practical assessment,Qualitative analysis,Candidates may also be required to carry out the following organic analysis tests and/or interpret the positive test result to identify the functional group present: the production of a yellow precipitate with alkaline aqueous iodine to indicate the presence of the CH₃CO or CH₃CH(OH) group,Chemistry,Cambridge Assessment International Education,Cambridge International AS & A Level,A Level,Paper 3 Advanced Practical Skills,9701/3,120,40,11.5
Practical assessment,Qualitative analysis,Candidates may also be required to carry out the following organic analysis tests and/or interpret the positive test result to identify the functional group present: the change in colour of acidified potassium manganate( VII) from purple to colourless to indicate the presence of a compound that can be oxidised,Chemistry,Cambridge Assessment International Education,Cambridge International AS & A Level,AS Level,Paper 3 Advanced Practical Skills,9701/3,120,40,23
Practical assessment,Qualitative analysis,Candidates may also be required to carry out the following organic analysis tests and/or interpret the positive test result to identify the functional group present: the change in colour of acidified potassium manganate( VII) from purple to colourless to indicate the presence of a compound that can be oxidised,Chemistry,Cambridge Assessment International Education,Cambridge International AS & A Level,A Level,Paper 3 Advanced Practical Skills,9701/3,120,40,11.5
Practical assessment,Defining the problem,identify a safe and efficient procedure that when followed would lead to a reliable result,Chemistry,Cambridge Assessment International Education,Cambridge International AS & A Level,A Level,"Paper 5 Planning, Analysis and Evaluation",9701/5,75,30,11.5
Practical assessment,Defining the problem,identify the steps necessary to carry out the procedure,Chemistry,Cambridge Assessment International Education,Cambridge International AS & A Level,A Level,"Paper 5 Planning, Analysis and Evaluation",9701/5,75,30,11.5
Practical assessment,Defining the problem,identify apparatus that is suitable for carrying out each step of the procedure,Chemistry,Cambridge Assessment International Education,Cambridge International AS & A Level,A Level,"Paper 5 Planning, Analysis and Evaluation",9701/5,75,30,11.5
Practical assessment,Defining the problem,show an understanding of the risks of a proposed experiment,Chemistry,Cambridge Assessment International Education,Cambridge International AS & A Level,A Level,"Paper 5 Planning, Analysis and Evaluation",9701/5,75,30,11.5
Practical assessment,Defining the problem,identify the independent variable in an experiment,Chemistry,Cambridge Assessment International Education,Cambridge International AS & A Level,A Level,"Paper 5 Planning, Analysis and Evaluation",9701/5,75,30,11.5
Practical assessment,Defining the problem,identify the dependent variable in an experiment,Chemistry,Cambridge Assessment International Education,Cambridge International AS & A Level,A Level,"Paper 5 Planning, Analysis and Evaluation",9701/5,75,30,11.5
Practical assessment,Defining the problem,"express the aim of an experiment in terms of a prediction, and express this in words or in the form of a predicted graph",Chemistry,Cambridge Assessment International Education,Cambridge International AS & A Level,A Level,"Paper 5 Planning, Analysis and Evaluation",9701/5,75,30,11.5
Practical assessment,Defining the problem,identify any variables that are to be controlled,Chemistry,Cambridge Assessment International Education,Cambridge International AS & A Level,A Level,"Paper 5 Planning, Analysis and Evaluation",9701/5,75,30,11.5
Practical assessment,Defining the problem,show an understanding of how and why the procedure suggested will be effective.,Chemistry,Cambridge Assessment International Education,Cambridge International AS & A Level,A Level,"Paper 5 Planning, Analysis and Evaluation",9701/5,75,30,11.5
Practical assessment,Method,"describe the method to be used when carrying out the experiment to its full conclusion, including, as appropriate, preparation of results tables, proposed graphs to plot, key points to consider in any evaluation of the method and results, and reference back to the prediction",Chemistry,Cambridge Assessment International Education,Cambridge International AS & A Level,A Level,"Paper 5 Planning, Analysis and Evaluation",9701/5,75,30,11.5
Practical assessment,Method,"describe the arrangement of apparatus, by use of words or labelled diagrams, and the steps in the procedure to be followed in order to collect all relevant data",Chemistry,Cambridge Assessment International Education,Cambridge International AS & A Level,A Level,"Paper 5 Planning, Analysis and Evaluation",9701/5,75,30,11.5
Practical assessment,Method,suggest the use of appropriate measuring instruments so that the data are recorded to a suitable precision,Chemistry,Cambridge Assessment International Education,Cambridge International AS & A Level,A Level,"Paper 5 Planning, Analysis and Evaluation",9701/5,75,30,11.5
Practical assessment,Method,suggest appropriate volumes and concentrations of reagents,Chemistry,Cambridge Assessment International Education,Cambridge International AS & A Level,A Level,"Paper 5 Planning, Analysis and Evaluation",9701/5,75,30,11.5
Practical assessment,Method,"describe precautions that should be taken to keep risks to a minimum; these include use of a fume hood for hazardous gases, use of a face mask for hazardous particles, avoidance of naked flames for flammable materials and wearing chemically resistant gloves for handling irritant materials",Chemistry,Cambridge Assessment International Education,Cambridge International AS & A Level,A Level,"Paper 5 Planning, Analysis and Evaluation",9701/5,75,30,11.5
Practical assessment,Method,"describe how to vary the independent variable and how the dependent variable is to be measured, and describe how each of the other key variables might be controlled",Chemistry,Cambridge Assessment International Education,Cambridge International AS & A Level,A Level,"Paper 5 Planning, Analysis and Evaluation",9701/5,75,30,11.5
Practical assessment,Method,explain how any control experiments might be used to verify that it is the independent variable that is affecting the dependent variable and not some other factor,Chemistry,Cambridge Assessment International Education,Cambridge International AS & A Level,A Level,"Paper 5 Planning, Analysis and Evaluation",9701/5,75,30,11.5
Practical assessment,Method,describe the outcome of steps in the procedure where these are relevant to the overall experiment,Chemistry,Cambridge Assessment International Education,Cambridge International AS & A Level,A Level,"Paper 5 Planning, Analysis and Evaluation",9701/5,75,30,11.5
Practical assessment,Method,draw up appropriately headed tables for data to be recorded and describe how the data might be used in order to reach a conclusion,Chemistry,Cambridge Assessment International Education,Cambridge International AS & A Level,A Level,"Paper 5 Planning, Analysis and Evaluation",9701/5,75,30,11.5
Practical assessment,Method,"describe standard laboratory practice when carrying out quantitative determinations, e.g. making up of standard solutions, weighing by difference, concordancy of titrations, heating to constant mass, taking more readings about the inflexion point of a plot of data values.",Chemistry,Cambridge Assessment International Education,Cambridge International AS & A Level,A Level,"Paper 5 Planning, Analysis and Evaluation",9701/5,75,30,11.5
Practical assessment,Dealing with data,identify the calculations and means of presentation of data that are necessary to be able to draw conclusions from provided data,Chemistry,Cambridge Assessment International Education,Cambridge International AS & A Level,A Level,"Paper 5 Planning, Analysis and Evaluation",9701/5,75,30,11.5
Practical assessment,Dealing with data,"use calculations to enable simplification or explanation of data, including calculation of mean, percentage and percentage gain or loss",Chemistry,Cambridge Assessment International Education,Cambridge International AS & A Level,A Level,"Paper 5 Planning, Analysis and Evaluation",9701/5,75,30,11.5
Practical assessment,Dealing with data,"use tables and graphs to draw attention to the key points in quantitative data, including the variability of data",Chemistry,Cambridge Assessment International Education,Cambridge International AS & A Level,A Level,"Paper 5 Planning, Analysis and Evaluation",9701/5,75,30,11.5
Practical assessment,Dealing with data,analyse data to draw appropriate conclusions,Chemistry,Cambridge Assessment International Education,Cambridge International AS & A Level,A Level,"Paper 5 Planning, Analysis and Evaluation",9701/5,75,30,11.5
Practical assessment,Dealing with data,plot an appropriate graph from provided or calculated data fulfilling the criteria for plotting detailed in the Paper 3 section on page 61,Chemistry,Cambridge Assessment International Education,Cambridge International AS & A Level,A Level,"Paper 5 Planning, Analysis and Evaluation",9701/5,75,30,11.5
Practical assessment,Dealing with data,plot a graph of y against x and use the graph to find the values of m and c in an equation of the form y = mx + c,Chemistry,Cambridge Assessment International Education,Cambridge International AS & A Level,A Level,"Paper 5 Planning, Analysis and Evaluation",9701/5,75,30,11.5
Practical assessment,Dealing with data,suggest appropriate axes from a range of data values,Chemistry,Cambridge Assessment International Education,Cambridge International AS & A Level,A Level,"Paper 5 Planning, Analysis and Evaluation",9701/5,75,30,11.5
Practical assessment,Dealing with data,calculate the percentage error of a measurement,Chemistry,Cambridge Assessment International Education,Cambridge International AS & A Level,A Level,"Paper 5 Planning, Analysis and Evaluation",9701/5,75,30,11.5
Practical assessment,Dealing with data,calculate quantities from raw data,Chemistry,Cambridge Assessment International Education,Cambridge International AS & A Level,A Level,"Paper 5 Planning, Analysis and Evaluation",9701/5,75,30,11.5
Practical assessment,Dealing with data,use the correct number of significant figures for these calculated quantities.,Chemistry,Cambridge Assessment International Education,Cambridge International AS & A Level,A Level,"Paper 5 Planning, Analysis and Evaluation",9701/5,75,30,11.5
Practical assessment,Conclusion,"draw a conclusion from an investigation, providing a detailed description of the key features of the data and analyses, and considering whether experimental data support the conclusion reached",Chemistry,Cambridge Assessment International Education,Cambridge International AS & A Level,A Level,"Paper 5 Planning, Analysis and Evaluation",9701/5,75,30,11.5
Practical assessment,Conclusion,"make detailed scientific explanations of the data, analyses and conclusion described",Chemistry,Cambridge Assessment International Education,Cambridge International AS & A Level,A Level,"Paper 5 Planning, Analysis and Evaluation",9701/5,75,30,11.5
Practical assessment,Conclusion,make further predictions and suggest improvements,Chemistry,Cambridge Assessment International Education,Cambridge International AS & A Level,A Level,"Paper 5 Planning, Analysis and Evaluation",9701/5,75,30,11.5
Practical assessment,Conclusion,conclude whether errors in experimentally obtained data could be accounted for by a measurement error or by other factors.,Chemistry,Cambridge Assessment International Education,Cambridge International AS & A Level,A Level,"Paper 5 Planning, Analysis and Evaluation",9701/5,75,30,11.5
Practical assessment,Evaluation,"identify anomalous values in provided data, suggest possible explanations for anomalous readings and suggest appropriate means of dealing with such anomalies",Chemistry,Cambridge Assessment International Education,Cambridge International AS & A Level,A Level,"Paper 5 Planning, Analysis and Evaluation",9701/5,75,30,11.5
Practical assessment,Evaluation,identify the extent to which provided readings have been adequately replicated and the benefit of this,Chemistry,Cambridge Assessment International Education,Cambridge International AS & A Level,A Level,"Paper 5 Planning, Analysis and Evaluation",9701/5,75,30,11.5
Practical assessment,Evaluation,describe the adequacy of the range of data provided,Chemistry,Cambridge Assessment International Education,Cambridge International AS & A Level,A Level,"Paper 5 Planning, Analysis and Evaluation",9701/5,75,30,11.5
Practical assessment,Evaluation,use provided information to assess the extent to which selected variables have been effectively controlled,Chemistry,Cambridge Assessment International Education,Cambridge International AS & A Level,A Level,"Paper 5 Planning, Analysis and Evaluation",9701/5,75,30,11.5
Practical assessment,Evaluation,identify and explain the weaknesses of the experimental procedure used,Chemistry,Cambridge Assessment International Education,Cambridge International AS & A Level,A Level,"Paper 5 Planning, Analysis and Evaluation",9701/5,75,30,11.5
Practical assessment,Evaluation,suggest and explain the effect that a change in the concentrations of reagents or the conditions used for the experiment might have on the results obtained,Chemistry,Cambridge Assessment International Education,Cambridge International AS & A Level,A Level,"Paper 5 Planning, Analysis and Evaluation",9701/5,75,30,11.5
Practical assessment,Evaluation,suggest the consequences that the incorrect use of apparatus might have on the results obtained,Chemistry,Cambridge Assessment International Education,Cambridge International AS & A Level,A Level,"Paper 5 Planning, Analysis and Evaluation",9701/5,75,30,11.5
Practical assessment,Evaluation,explain that data that obey a line of best fit are reliable because there are no anomalous points,Chemistry,Cambridge Assessment International Education,Cambridge International AS & A Level,A Level,"Paper 5 Planning, Analysis and Evaluation",9701/5,75,30,11.5
Practical assessment,Evaluation,comment on the validity of data with regards to their suitability to prove or disprove a prediction,Chemistry,Cambridge Assessment International Education,Cambridge International AS & A Level,A Level,"Paper 5 Planning, Analysis and Evaluation",9701/5,75,30,11.5
Practical assessment,Evaluation,identify instances where additional readings being taken during the experiment would be advantageous in order to give a more comprehensive range of values,Chemistry,Cambridge Assessment International Education,Cambridge International AS & A Level,A Level,"Paper 5 Planning, Analysis and Evaluation",9701/5,75,30,11.5
Practical assessment,Evaluation,draw together all available information to make judgements about the reliability of the investigation and the trustworthiness of its outcomes,Chemistry,Cambridge Assessment International Education,Cambridge International AS & A Level,A Level,"Paper 5 Planning, Analysis and Evaluation",9701/5,75,30,11.5
Practical assessment,Evaluation,comment on the quality of data and state whether or not the data support a prediction,Chemistry,Cambridge Assessment International Education,Cambridge International AS & A Level,A Level,"Paper 5 Planning, Analysis and Evaluation",9701/5,75,30,11.5
Practical assessment,Evaluation,use evaluations and provided information to make informed judgements on the confidence with which conclusions may be drawn.,Chemistry,Cambridge Assessment International Education,Cambridge International AS & A Level,A Level,"Paper 5 Planning, Analysis and Evaluation",9701/5,75,30,11.5
Mathematical requirements,At AS Level and A Level,"perform calculations involving addition, subtraction, multiplication and division of quantities",Chemistry,Cambridge Assessment International Education,Cambridge International AS & A Level,AS & A Level,,,,,
Mathematical requirements,At AS Level and A Level,understand the term integer,Chemistry,Cambridge Assessment International Education,Cambridge International AS & A Level,AS & A Level,,,,,
Mathematical requirements,At AS Level and A Level,make approximate evaluations of numerical expressions,Chemistry,Cambridge Assessment International Education,Cambridge International AS & A Level,AS & A Level,,,,,
Mathematical requirements,At AS Level and A Level,correctly round numbers,Chemistry,Cambridge Assessment International Education,Cambridge International AS & A Level,AS & A Level,,,,,
Mathematical requirements,At AS Level and A Level,provide answers to an appropriate number of significant figures; this is the same as or one more than the minimum number of significant figures in the values used for the calculation,Chemistry,Cambridge Assessment International Education,Cambridge International AS & A Level,AS & A Level,,,,,
Mathematical requirements,At AS Level and A Level,calculate a percentage,Chemistry,Cambridge Assessment International Education,Cambridge International AS & A Level,AS & A Level,,,,,
Mathematical requirements,At AS Level and A Level,"express fractions as percentages, and vice versa",Chemistry,Cambridge Assessment International Education,Cambridge International AS & A Level,AS & A Level,,,,,
Mathematical requirements,At AS Level and A Level,calculate an arithmetic mean,Chemistry,Cambridge Assessment International Education,Cambridge International AS & A Level,AS & A Level,,,,,
Mathematical requirements,At AS Level and A Level,carry out the following unit conversions (and their reverse) – cm³ to dm³ to m³ – Pa to kPa – seconds to minutes – mg to g to kg to tonne – degrees Celsius to Kelvin – J to kJ,Chemistry,Cambridge Assessment International Education,Cambridge International AS & A Level,AS & A Level,,,,,
Mathematical requirements,At AS Level and A Level,convert numbers in decimal notation to standard form notation (scientific notation) and vice versa,Chemistry,Cambridge Assessment International Education,Cambridge International AS & A Level,AS & A Level,,,,,
Mathematical requirements,At AS Level and A Level,"use tables or calculators to evaluate logarithms (for pH calculations), squares, square roots, cubes, cube roots and reciprocals",Chemistry,Cambridge Assessment International Education,Cambridge International AS & A Level,AS & A Level,,,,,
Mathematical requirements,At AS Level and A Level,change the subject of a formula (most such equations involve only the simpler operations but may include positive and negative indices and square roots),Chemistry,Cambridge Assessment International Education,Cambridge International AS & A Level,AS & A Level,,,,,
Mathematical requirements,At AS Level and A Level,"substitute physical quantities into a formula using consistent units so as to calculate one quantity; check the dimensional consistency of such calculations, e.g. the units of a rate constant k",Chemistry,Cambridge Assessment International Education,Cambridge International AS & A Level,AS & A Level,,,,,
Mathematical requirements,At AS Level and A Level,solve simple algebraic equations (not including quadratic equations),Chemistry,Cambridge Assessment International Education,Cambridge International AS & A Level,AS & A Level,,,,,
Mathematical requirements,At AS Level and A Level,"understand and use the symbols/notations <, >, ≈, /, Δ",Chemistry,Cambridge Assessment International Education,Cambridge International AS & A Level,AS & A Level,,,,,
Mathematical requirements,At AS Level and A Level,test tabulated pairs of values for direct proportionality by a graphical method or by constancy of ratio,Chemistry,Cambridge Assessment International Education,Cambridge International AS & A Level,AS & A Level,,,,,
Mathematical requirements,At AS Level and A Level,"select appropriate variables and scales for plotting a graph, especially to obtain a linear graph of the form y = mx + c",Chemistry,Cambridge Assessment International Education,Cambridge International AS & A Level,AS & A Level,,,,,
Mathematical requirements,At AS Level and A Level,determine and interpret the gradient (slope) and intercept of a linear graph,Chemistry,Cambridge Assessment International Education,Cambridge International AS & A Level,AS & A Level,,,,,
Mathematical requirements,At AS Level and A Level,choose by inspection a straight line or curve that will serve as the line of best fit for a set of data presented graphically,Chemistry,Cambridge Assessment International Education,Cambridge International AS & A Level,AS & A Level,,,,,
Mathematical requirements,At AS Level and A Level,use plotted points that are × or ʘ,Chemistry,Cambridge Assessment International Education,Cambridge International AS & A Level,AS & A Level,,,,,
Mathematical requirements,At AS Level and A Level,"understand: – the gradient of a tangent to a curve as a measure of rate of change – the area below a curve where the area has physical significance, e.g. Boltzmann distribution curves",Chemistry,Cambridge Assessment International Education,Cambridge International AS & A Level,AS & A Level,,,,,
Mathematical requirements,At AS Level and A Level,estimate orders of magnitude,Chemistry,Cambridge Assessment International Education,Cambridge International AS & A Level,AS & A Level,,,,,
Mathematical requirements,At AS Level and A Level,"set up simple algebraic equations as mathematical models, e.g. construct a rate equation, and identify limitations of such models",Chemistry,Cambridge Assessment International Education,Cambridge International AS & A Level,AS & A Level,,,,,
Mathematical requirements,At AS Level and A Level,use the terms log x (to mean log to base 10 of x) and ln x (to mean log to base e of x),Chemistry,Cambridge Assessment International Education,Cambridge International AS & A Level,AS & A Level,,,,,
Mathematical requirements,At AS Level and A Level,perform calculations using the following: density = mass ÷ volume concentration = amount ÷ volume number of moles = mass ÷ molar mass.,Chemistry,Cambridge Assessment International Education,Cambridge International AS & A Level,AS & A Level,,,,,
