Main Topic,Subtopic,Learning Outcome,Subject,Exam Board,Qualification,Level,Component Name,Paper Code,Duration (min),Total Marks,Weighting (%)
1 Basic economic ideas and resource allocation (AS Level),"1.1 Scarcity, choice and opportunity cost",1.1.1 fundamental economic problem of scarcity,Economics,Cambridge Assessment International Education,Cambridge International AS & A Level,AS Level,Paper 1 - AS Level Multiple Choice,9708/1,60,30,33
1 Basic economic ideas and resource allocation (AS Level),"1.1 Scarcity, choice and opportunity cost",1.1.1 fundamental economic problem of scarcity,Economics,Cambridge Assessment International Education,Cambridge International AS & A Level,AS Level,Paper 2 - AS Level Data Response and Essays,9708/2,120,60,67
1 Basic economic ideas and resource allocation (AS Level),"1.1 Scarcity, choice and opportunity cost",1.1.1 fundamental economic problem of scarcity,Economics,Cambridge Assessment International Education,Cambridge International AS & A Level,A Level,Paper 1 - AS Level Multiple Choice,9708/1,60,30,17
1 Basic economic ideas and resource allocation (AS Level),"1.1 Scarcity, choice and opportunity cost",1.1.1 fundamental economic problem of scarcity,Economics,Cambridge Assessment International Education,Cambridge International AS & A Level,A Level,Paper 2 - AS Level Data Response and Essays,9708/2,120,60,33
1 Basic economic ideas and resource allocation (AS Level),"1.1 Scarcity, choice and opportunity cost","1.1.2 need to make choices at all levels (individuals, firms, governments)",Economics,Cambridge Assessment International Education,Cambridge International AS & A Level,AS Level,Paper 1 - AS Level Multiple Choice,9708/1,60,30,33
1 Basic economic ideas and resource allocation (AS Level),"1.1 Scarcity, choice and opportunity cost","1.1.2 need to make choices at all levels (individuals, firms, governments)",Economics,Cambridge Assessment International Education,Cambridge International AS & A Level,AS Level,Paper 2 - AS Level Data Response and Essays,9708/2,120,60,67
1 Basic economic ideas and resource allocation (AS Level),"1.1 Scarcity, choice and opportunity cost","1.1.2 need to make choices at all levels (individuals, firms, governments)",Economics,Cambridge Assessment International Education,Cambridge International AS & A Level,A Level,Paper 1 - AS Level Multiple Choice,9708/1,60,30,17
1 Basic economic ideas and resource allocation (AS Level),"1.1 Scarcity, choice and opportunity cost","1.1.2 need to make choices at all levels (individuals, firms, governments)",Economics,Cambridge Assessment International Education,Cambridge International AS & A Level,A Level,Paper 2 - AS Level Data Response and Essays,9708/2,120,60,33
1 Basic economic ideas and resource allocation (AS Level),"1.1 Scarcity, choice and opportunity cost","1.1.3 nature and definition of opportunity cost, arising from choices",Economics,Cambridge Assessment International Education,Cambridge International AS & A Level,AS Level,Paper 1 - AS Level Multiple Choice,9708/1,60,30,33
1 Basic economic ideas and resource allocation (AS Level),"1.1 Scarcity, choice and opportunity cost","1.1.3 nature and definition of opportunity cost, arising from choices",Economics,Cambridge Assessment International Education,Cambridge International AS & A Level,AS Level,Paper 2 - AS Level Data Response and Essays,9708/2,120,60,67
1 Basic economic ideas and resource allocation (AS Level),"1.1 Scarcity, choice and opportunity cost","1.1.3 nature and definition of opportunity cost, arising from choices",Economics,Cambridge Assessment International Education,Cambridge International AS & A Level,A Level,Paper 1 - AS Level Multiple Choice,9708/1,60,30,17
1 Basic economic ideas and resource allocation (AS Level),"1.1 Scarcity, choice and opportunity cost","1.1.3 nature and definition of opportunity cost, arising from choices",Economics,Cambridge Assessment International Education,Cambridge International AS & A Level,A Level,Paper 2 - AS Level Data Response and Essays,9708/2,120,60,33
1 Basic economic ideas and resource allocation (AS Level),"1.1 Scarcity, choice and opportunity cost",1.1.4 basic questions of resource allocation • what to produce • how to produce • for whom to produce,Economics,Cambridge Assessment International Education,Cambridge International AS & A Level,AS Level,Paper 1 - AS Level Multiple Choice,9708/1,60,30,33
1 Basic economic ideas and resource allocation (AS Level),"1.1 Scarcity, choice and opportunity cost",1.1.4 basic questions of resource allocation • what to produce • how to produce • for whom to produce,Economics,Cambridge Assessment International Education,Cambridge International AS & A Level,AS Level,Paper 2 - AS Level Data Response and Essays,9708/2,120,60,67
1 Basic economic ideas and resource allocation (AS Level),"1.1 Scarcity, choice and opportunity cost",1.1.4 basic questions of resource allocation • what to produce • how to produce • for whom to produce,Economics,Cambridge Assessment International Education,Cambridge International AS & A Level,A Level,Paper 1 - AS Level Multiple Choice,9708/1,60,30,17
1 Basic economic ideas and resource allocation (AS Level),"1.1 Scarcity, choice and opportunity cost",1.1.4 basic questions of resource allocation • what to produce • how to produce • for whom to produce,Economics,Cambridge Assessment International Education,Cambridge International AS & A Level,A Level,Paper 2 - AS Level Data Response and Essays,9708/2,120,60,33
1 Basic economic ideas and resource allocation (AS Level),1.2 Economic methodology,1.2.1 economics as a social science,Economics,Cambridge Assessment International Education,Cambridge International AS & A Level,AS Level,Paper 1 - AS Level Multiple Choice,9708/1,60,30,33
1 Basic economic ideas and resource allocation (AS Level),1.2 Economic methodology,1.2.1 economics as a social science,Economics,Cambridge Assessment International Education,Cambridge International AS & A Level,AS Level,Paper 2 - AS Level Data Response and Essays,9708/2,120,60,67
1 Basic economic ideas and resource allocation (AS Level),1.2 Economic methodology,1.2.1 economics as a social science,Economics,Cambridge Assessment International Education,Cambridge International AS & A Level,A Level,Paper 1 - AS Level Multiple Choice,9708/1,60,30,17
1 Basic economic ideas and resource allocation (AS Level),1.2 Economic methodology,1.2.1 economics as a social science,Economics,Cambridge Assessment International Education,Cambridge International AS & A Level,A Level,Paper 2 - AS Level Data Response and Essays,9708/2,120,60,33
1 Basic economic ideas and resource allocation (AS Level),1.2 Economic methodology,1.2.2 positive and normative statements (the distinction between facts and value judgements),Economics,Cambridge Assessment International Education,Cambridge International AS & A Level,AS Level,Paper 1 - AS Level Multiple Choice,9708/1,60,30,33
1 Basic economic ideas and resource allocation (AS Level),1.2 Economic methodology,1.2.2 positive and normative statements (the distinction between facts and value judgements),Economics,Cambridge Assessment International Education,Cambridge International AS & A Level,AS Level,Paper 2 - AS Level Data Response and Essays,9708/2,120,60,67
1 Basic economic ideas and resource allocation (AS Level),1.2 Economic methodology,1.2.2 positive and normative statements (the distinction between facts and value judgements),Economics,Cambridge Assessment International Education,Cambridge International AS & A Level,A Level,Paper 1 - AS Level Multiple Choice,9708/1,60,30,17
1 Basic economic ideas and resource allocation (AS Level),1.2 Economic methodology,1.2.2 positive and normative statements (the distinction between facts and value judgements),Economics,Cambridge Assessment International Education,Cambridge International AS & A Level,A Level,Paper 2 - AS Level Data Response and Essays,9708/2,120,60,33
1 Basic economic ideas and resource allocation (AS Level),1.2 Economic methodology,1.2.3 meaning of the term ceteris paribus,Economics,Cambridge Assessment International Education,Cambridge International AS & A Level,AS Level,Paper 1 - AS Level Multiple Choice,9708/1,60,30,33
1 Basic economic ideas and resource allocation (AS Level),1.2 Economic methodology,1.2.3 meaning of the term ceteris paribus,Economics,Cambridge Assessment International Education,Cambridge International AS & A Level,AS Level,Paper 2 - AS Level Data Response and Essays,9708/2,120,60,67
1 Basic economic ideas and resource allocation (AS Level),1.2 Economic methodology,1.2.3 meaning of the term ceteris paribus,Economics,Cambridge Assessment International Education,Cambridge International AS & A Level,A Level,Paper 1 - AS Level Multiple Choice,9708/1,60,30,17
1 Basic economic ideas and resource allocation (AS Level),1.2 Economic methodology,1.2.3 meaning of the term ceteris paribus,Economics,Cambridge Assessment International Education,Cambridge International AS & A Level,A Level,Paper 2 - AS Level Data Response and Essays,9708/2,120,60,33
1 Basic economic ideas and resource allocation (AS Level),1.2 Economic methodology,"1.2.4 importance of the time period (short run, long run, very long run)",Economics,Cambridge Assessment International Education,Cambridge International AS & A Level,AS Level,Paper 1 - AS Level Multiple Choice,9708/1,60,30,33
1 Basic economic ideas and resource allocation (AS Level),1.2 Economic methodology,"1.2.4 importance of the time period (short run, long run, very long run)",Economics,Cambridge Assessment International Education,Cambridge International AS & A Level,AS Level,Paper 2 - AS Level Data Response and Essays,9708/2,120,60,67
1 Basic economic ideas and resource allocation (AS Level),1.2 Economic methodology,"1.2.4 importance of the time period (short run, long run, very long run)",Economics,Cambridge Assessment International Education,Cambridge International AS & A Level,A Level,Paper 1 - AS Level Multiple Choice,9708/1,60,30,17
1 Basic economic ideas and resource allocation (AS Level),1.2 Economic methodology,"1.2.4 importance of the time period (short run, long run, very long run)",Economics,Cambridge Assessment International Education,Cambridge International AS & A Level,A Level,Paper 2 - AS Level Data Response and Essays,9708/2,120,60,33
1 Basic economic ideas and resource allocation (AS Level),1.3 Factors of production,"1.3.1 nature and definition of factors of production: land, labour, capital and enterprise",Economics,Cambridge Assessment International Education,Cambridge International AS & A Level,AS Level,Paper 1 - AS Level Multiple Choice,9708/1,60,30,33
1 Basic economic ideas and resource allocation (AS Level),1.3 Factors of production,"1.3.1 nature and definition of factors of production: land, labour, capital and enterprise",Economics,Cambridge Assessment International Education,Cambridge International AS & A Level,AS Level,Paper 2 - AS Level Data Response and Essays,9708/2,120,60,67
1 Basic economic ideas and resource allocation (AS Level),1.3 Factors of production,"1.3.1 nature and definition of factors of production: land, labour, capital and enterprise",Economics,Cambridge Assessment International Education,Cambridge International AS & A Level,A Level,Paper 1 - AS Level Multiple Choice,9708/1,60,30,17
1 Basic economic ideas and resource allocation (AS Level),1.3 Factors of production,"1.3.1 nature and definition of factors of production: land, labour, capital and enterprise",Economics,Cambridge Assessment International Education,Cambridge International AS & A Level,A Level,Paper 2 - AS Level Data Response and Essays,9708/2,120,60,33
1 Basic economic ideas and resource allocation (AS Level),1.3 Factors of production,1.3.2 difference between human capital and physical capital,Economics,Cambridge Assessment International Education,Cambridge International AS & A Level,AS Level,Paper 1 - AS Level Multiple Choice,9708/1,60,30,33
1 Basic economic ideas and resource allocation (AS Level),1.3 Factors of production,1.3.2 difference between human capital and physical capital,Economics,Cambridge Assessment International Education,Cambridge International AS & A Level,AS Level,Paper 2 - AS Level Data Response and Essays,9708/2,120,60,67
1 Basic economic ideas and resource allocation (AS Level),1.3 Factors of production,1.3.2 difference between human capital and physical capital,Economics,Cambridge Assessment International Education,Cambridge International AS & A Level,A Level,Paper 1 - AS Level Multiple Choice,9708/1,60,30,17
1 Basic economic ideas and resource allocation (AS Level),1.3 Factors of production,1.3.2 difference between human capital and physical capital,Economics,Cambridge Assessment International Education,Cambridge International AS & A Level,A Level,Paper 2 - AS Level Data Response and Essays,9708/2,120,60,33
1 Basic economic ideas and resource allocation (AS Level),1.3 Factors of production,1.3.3 rewards to the factors of production,Economics,Cambridge Assessment International Education,Cambridge International AS & A Level,AS Level,Paper 1 - AS Level Multiple Choice,9708/1,60,30,33
1 Basic economic ideas and resource allocation (AS Level),1.3 Factors of production,1.3.3 rewards to the factors of production,Economics,Cambridge Assessment International Education,Cambridge International AS & A Level,AS Level,Paper 2 - AS Level Data Response and Essays,9708/2,120,60,67
1 Basic economic ideas and resource allocation (AS Level),1.3 Factors of production,1.3.3 rewards to the factors of production,Economics,Cambridge Assessment International Education,Cambridge International AS & A Level,A Level,Paper 1 - AS Level Multiple Choice,9708/1,60,30,17
1 Basic economic ideas and resource allocation (AS Level),1.3 Factors of production,1.3.3 rewards to the factors of production,Economics,Cambridge Assessment International Education,Cambridge International AS & A Level,A Level,Paper 2 - AS Level Data Response and Essays,9708/2,120,60,33
1 Basic economic ideas and resource allocation (AS Level),1.3 Factors of production,1.3.4 division of labour and specialisation,Economics,Cambridge Assessment International Education,Cambridge International AS & A Level,AS Level,Paper 1 - AS Level Multiple Choice,9708/1,60,30,33
1 Basic economic ideas and resource allocation (AS Level),1.3 Factors of production,1.3.4 division of labour and specialisation,Economics,Cambridge Assessment International Education,Cambridge International AS & A Level,AS Level,Paper 2 - AS Level Data Response and Essays,9708/2,120,60,67
1 Basic economic ideas and resource allocation (AS Level),1.3 Factors of production,1.3.4 division of labour and specialisation,Economics,Cambridge Assessment International Education,Cambridge International AS & A Level,A Level,Paper 1 - AS Level Multiple Choice,9708/1,60,30,17
1 Basic economic ideas and resource allocation (AS Level),1.3 Factors of production,1.3.4 division of labour and specialisation,Economics,Cambridge Assessment International Education,Cambridge International AS & A Level,A Level,Paper 2 - AS Level Data Response and Essays,9708/2,120,60,33
1 Basic economic ideas and resource allocation (AS Level),1.3 Factors of production,1.3.5 role of the entrepreneur in contemporary economies: risk and organisation of the other factors of production,Economics,Cambridge Assessment International Education,Cambridge International AS & A Level,AS Level,Paper 1 - AS Level Multiple Choice,9708/1,60,30,33
1 Basic economic ideas and resource allocation (AS Level),1.3 Factors of production,1.3.5 role of the entrepreneur in contemporary economies: risk and organisation of the other factors of production,Economics,Cambridge Assessment International Education,Cambridge International AS & A Level,AS Level,Paper 2 - AS Level Data Response and Essays,9708/2,120,60,67
1 Basic economic ideas and resource allocation (AS Level),1.3 Factors of production,1.3.5 role of the entrepreneur in contemporary economies: risk and organisation of the other factors of production,Economics,Cambridge Assessment International Education,Cambridge International AS & A Level,A Level,Paper 1 - AS Level Multiple Choice,9708/1,60,30,17
1 Basic economic ideas and resource allocation (AS Level),1.3 Factors of production,1.3.5 role of the entrepreneur in contemporary economies: risk and organisation of the other factors of production,Economics,Cambridge Assessment International Education,Cambridge International AS & A Level,A Level,Paper 2 - AS Level Data Response and Essays,9708/2,120,60,33
1 Basic economic ideas and resource allocation (AS Level),1.4 Resource allocation in different economic systems,"1.4.1 decision-making in market, planned and mixed economies",Economics,Cambridge Assessment International Education,Cambridge International AS & A Level,AS Level,Paper 1 - AS Level Multiple Choice,9708/1,60,30,33
1 Basic economic ideas and resource allocation (AS Level),1.4 Resource allocation in different economic systems,"1.4.1 decision-making in market, planned and mixed economies",Economics,Cambridge Assessment International Education,Cambridge International AS & A Level,AS Level,Paper 2 - AS Level Data Response and Essays,9708/2,120,60,67
1 Basic economic ideas and resource allocation (AS Level),1.4 Resource allocation in different economic systems,"1.4.1 decision-making in market, planned and mixed economies",Economics,Cambridge Assessment International Education,Cambridge International AS & A Level,A Level,Paper 1 - AS Level Multiple Choice,9708/1,60,30,17
1 Basic economic ideas and resource allocation (AS Level),1.4 Resource allocation in different economic systems,"1.4.1 decision-making in market, planned and mixed economies",Economics,Cambridge Assessment International Education,Cambridge International AS & A Level,A Level,Paper 2 - AS Level Data Response and Essays,9708/2,120,60,33
1 Basic economic ideas and resource allocation (AS Level),1.4 Resource allocation in different economic systems,1.4.2 resource allocation in these economic systems,Economics,Cambridge Assessment International Education,Cambridge International AS & A Level,AS Level,Paper 1 - AS Level Multiple Choice,9708/1,60,30,33
1 Basic economic ideas and resource allocation (AS Level),1.4 Resource allocation in different economic systems,1.4.2 resource allocation in these economic systems,Economics,Cambridge Assessment International Education,Cambridge International AS & A Level,AS Level,Paper 2 - AS Level Data Response and Essays,9708/2,120,60,67
1 Basic economic ideas and resource allocation (AS Level),1.4 Resource allocation in different economic systems,1.4.2 resource allocation in these economic systems,Economics,Cambridge Assessment International Education,Cambridge International AS & A Level,A Level,Paper 1 - AS Level Multiple Choice,9708/1,60,30,17
1 Basic economic ideas and resource allocation (AS Level),1.4 Resource allocation in different economic systems,1.4.2 resource allocation in these economic systems,Economics,Cambridge Assessment International Education,Cambridge International AS & A Level,A Level,Paper 2 - AS Level Data Response and Essays,9708/2,120,60,33
1 Basic economic ideas and resource allocation (AS Level),1.5 Production possibility curves,1.5.1 nature and meaning of a production possibility curve (PPC),Economics,Cambridge Assessment International Education,Cambridge International AS & A Level,AS Level,Paper 1 - AS Level Multiple Choice,9708/1,60,30,33
1 Basic economic ideas and resource allocation (AS Level),1.5 Production possibility curves,1.5.1 nature and meaning of a production possibility curve (PPC),Economics,Cambridge Assessment International Education,Cambridge International AS & A Level,AS Level,Paper 2 - AS Level Data Response and Essays,9708/2,120,60,67
1 Basic economic ideas and resource allocation (AS Level),1.5 Production possibility curves,1.5.1 nature and meaning of a production possibility curve (PPC),Economics,Cambridge Assessment International Education,Cambridge International AS & A Level,A Level,Paper 1 - AS Level Multiple Choice,9708/1,60,30,17
1 Basic economic ideas and resource allocation (AS Level),1.5 Production possibility curves,1.5.1 nature and meaning of a production possibility curve (PPC),Economics,Cambridge Assessment International Education,Cambridge International AS & A Level,A Level,Paper 2 - AS Level Data Response and Essays,9708/2,120,60,33
1 Basic economic ideas and resource allocation (AS Level),1.5 Production possibility curves,1.5.2 shape of the PPC: constant and increasing opportunity costs,Economics,Cambridge Assessment International Education,Cambridge International AS & A Level,AS Level,Paper 1 - AS Level Multiple Choice,9708/1,60,30,33
1 Basic economic ideas and resource allocation (AS Level),1.5 Production possibility curves,1.5.2 shape of the PPC: constant and increasing opportunity costs,Economics,Cambridge Assessment International Education,Cambridge International AS & A Level,AS Level,Paper 2 - AS Level Data Response and Essays,9708/2,120,60,67
1 Basic economic ideas and resource allocation (AS Level),1.5 Production possibility curves,1.5.2 shape of the PPC: constant and increasing opportunity costs,Economics,Cambridge Assessment International Education,Cambridge International AS & A Level,A Level,Paper 1 - AS Level Multiple Choice,9708/1,60,30,17
1 Basic economic ideas and resource allocation (AS Level),1.5 Production possibility curves,1.5.2 shape of the PPC: constant and increasing opportunity costs,Economics,Cambridge Assessment International Education,Cambridge International AS & A Level,A Level,Paper 2 - AS Level Data Response and Essays,9708/2,120,60,33
1 Basic economic ideas and resource allocation (AS Level),1.5 Production possibility curves,1.5.3 causes and consequences of shifts in a PPC,Economics,Cambridge Assessment International Education,Cambridge International AS & A Level,AS Level,Paper 1 - AS Level Multiple Choice,9708/1,60,30,33
1 Basic economic ideas and resource allocation (AS Level),1.5 Production possibility curves,1.5.3 causes and consequences of shifts in a PPC,Economics,Cambridge Assessment International Education,Cambridge International AS & A Level,AS Level,Paper 2 - AS Level Data Response and Essays,9708/2,120,60,67
1 Basic economic ideas and resource allocation (AS Level),1.5 Production possibility curves,1.5.3 causes and consequences of shifts in a PPC,Economics,Cambridge Assessment International Education,Cambridge International AS & A Level,A Level,Paper 1 - AS Level Multiple Choice,9708/1,60,30,17
1 Basic economic ideas and resource allocation (AS Level),1.5 Production possibility curves,1.5.3 causes and consequences of shifts in a PPC,Economics,Cambridge Assessment International Education,Cambridge International AS & A Level,A Level,Paper 2 - AS Level Data Response and Essays,9708/2,120,60,33
1 Basic economic ideas and resource allocation (AS Level),1.5 Production possibility curves,1.5.4 significance of a position within a PPC,Economics,Cambridge Assessment International Education,Cambridge International AS & A Level,AS Level,Paper 1 - AS Level Multiple Choice,9708/1,60,30,33
1 Basic economic ideas and resource allocation (AS Level),1.5 Production possibility curves,1.5.4 significance of a position within a PPC,Economics,Cambridge Assessment International Education,Cambridge International AS & A Level,AS Level,Paper 2 - AS Level Data Response and Essays,9708/2,120,60,67
1 Basic economic ideas and resource allocation (AS Level),1.5 Production possibility curves,1.5.4 significance of a position within a PPC,Economics,Cambridge Assessment International Education,Cambridge International AS & A Level,A Level,Paper 1 - AS Level Multiple Choice,9708/1,60,30,17
1 Basic economic ideas and resource allocation (AS Level),1.5 Production possibility curves,1.5.4 significance of a position within a PPC,Economics,Cambridge Assessment International Education,Cambridge International AS & A Level,A Level,Paper 2 - AS Level Data Response and Essays,9708/2,120,60,33
1 Basic economic ideas and resource allocation (AS Level),1.6 Classification of goods and services,1.6.1 nature and definition of free goods and private goods (economic goods),Economics,Cambridge Assessment International Education,Cambridge International AS & A Level,AS Level,Paper 1 - AS Level Multiple Choice,9708/1,60,30,33
1 Basic economic ideas and resource allocation (AS Level),1.6 Classification of goods and services,1.6.1 nature and definition of free goods and private goods (economic goods),Economics,Cambridge Assessment International Education,Cambridge International AS & A Level,AS Level,Paper 2 - AS Level Data Response and Essays,9708/2,120,60,67
1 Basic economic ideas and resource allocation (AS Level),1.6 Classification of goods and services,1.6.1 nature and definition of free goods and private goods (economic goods),Economics,Cambridge Assessment International Education,Cambridge International AS & A Level,A Level,Paper 1 - AS Level Multiple Choice,9708/1,60,30,17
1 Basic economic ideas and resource allocation (AS Level),1.6 Classification of goods and services,1.6.1 nature and definition of free goods and private goods (economic goods),Economics,Cambridge Assessment International Education,Cambridge International AS & A Level,A Level,Paper 2 - AS Level Data Response and Essays,9708/2,120,60,33
1 Basic economic ideas and resource allocation (AS Level),1.6 Classification of goods and services,1.6.2 nature and definition of public goods,Economics,Cambridge Assessment International Education,Cambridge International AS & A Level,AS Level,Paper 1 - AS Level Multiple Choice,9708/1,60,30,33
1 Basic economic ideas and resource allocation (AS Level),1.6 Classification of goods and services,1.6.2 nature and definition of public goods,Economics,Cambridge Assessment International Education,Cambridge International AS & A Level,AS Level,Paper 2 - AS Level Data Response and Essays,9708/2,120,60,67
1 Basic economic ideas and resource allocation (AS Level),1.6 Classification of goods and services,1.6.2 nature and definition of public goods,Economics,Cambridge Assessment International Education,Cambridge International AS & A Level,A Level,Paper 1 - AS Level Multiple Choice,9708/1,60,30,17
1 Basic economic ideas and resource allocation (AS Level),1.6 Classification of goods and services,1.6.2 nature and definition of public goods,Economics,Cambridge Assessment International Education,Cambridge International AS & A Level,A Level,Paper 2 - AS Level Data Response and Essays,9708/2,120,60,33
1 Basic economic ideas and resource allocation (AS Level),1.6 Classification of goods and services,1.6.3 nature and definition of merit goods: under-consumption as a result of imperfect information in the market,Economics,Cambridge Assessment International Education,Cambridge International AS & A Level,AS Level,Paper 1 - AS Level Multiple Choice,9708/1,60,30,33
1 Basic economic ideas and resource allocation (AS Level),1.6 Classification of goods and services,1.6.3 nature and definition of merit goods: under-consumption as a result of imperfect information in the market,Economics,Cambridge Assessment International Education,Cambridge International AS & A Level,AS Level,Paper 2 - AS Level Data Response and Essays,9708/2,120,60,67
1 Basic economic ideas and resource allocation (AS Level),1.6 Classification of goods and services,1.6.3 nature and definition of merit goods: under-consumption as a result of imperfect information in the market,Economics,Cambridge Assessment International Education,Cambridge International AS & A Level,A Level,Paper 1 - AS Level Multiple Choice,9708/1,60,30,17
1 Basic economic ideas and resource allocation (AS Level),1.6 Classification of goods and services,1.6.3 nature and definition of merit goods: under-consumption as a result of imperfect information in the market,Economics,Cambridge Assessment International Education,Cambridge International AS & A Level,A Level,Paper 2 - AS Level Data Response and Essays,9708/2,120,60,33
1 Basic economic ideas and resource allocation (AS Level),1.6 Classification of goods and services,1.6.4 nature and definition of demerit goods: over-consumption as a result of imperfect information in the market,Economics,Cambridge Assessment International Education,Cambridge International AS & A Level,AS Level,Paper 1 - AS Level Multiple Choice,9708/1,60,30,33
1 Basic economic ideas and resource allocation (AS Level),1.6 Classification of goods and services,1.6.4 nature and definition of demerit goods: over-consumption as a result of imperfect information in the market,Economics,Cambridge Assessment International Education,Cambridge International AS & A Level,AS Level,Paper 2 - AS Level Data Response and Essays,9708/2,120,60,67
1 Basic economic ideas and resource allocation (AS Level),1.6 Classification of goods and services,1.6.4 nature and definition of demerit goods: over-consumption as a result of imperfect information in the market,Economics,Cambridge Assessment International Education,Cambridge International AS & A Level,A Level,Paper 1 - AS Level Multiple Choice,9708/1,60,30,17
1 Basic economic ideas and resource allocation (AS Level),1.6 Classification of goods and services,1.6.4 nature and definition of demerit goods: over-consumption as a result of imperfect information in the market,Economics,Cambridge Assessment International Education,Cambridge International AS & A Level,A Level,Paper 2 - AS Level Data Response and Essays,9708/2,120,60,33
2 The price system and the microeconomy (AS Level),2.1 Demand and supply curves,2.1.1 effective demand,Economics,Cambridge Assessment International Education,Cambridge International AS & A Level,AS Level,Paper 1 - AS Level Multiple Choice,9708/1,60,30,33
2 The price system and the microeconomy (AS Level),2.1 Demand and supply curves,2.1.1 effective demand,Economics,Cambridge Assessment International Education,Cambridge International AS & A Level,AS Level,Paper 2 - AS Level Data Response and Essays,9708/2,120,60,67
2 The price system and the microeconomy (AS Level),2.1 Demand and supply curves,2.1.1 effective demand,Economics,Cambridge Assessment International Education,Cambridge International AS & A Level,A Level,Paper 1 - AS Level Multiple Choice,9708/1,60,30,17
2 The price system and the microeconomy (AS Level),2.1 Demand and supply curves,2.1.1 effective demand,Economics,Cambridge Assessment International Education,Cambridge International AS & A Level,A Level,Paper 2 - AS Level Data Response and Essays,9708/2,120,60,33
2 The price system and the microeconomy (AS Level),2.1 Demand and supply curves,2.1.2 individual and market demand and supply,Economics,Cambridge Assessment International Education,Cambridge International AS & A Level,AS Level,Paper 1 - AS Level Multiple Choice,9708/1,60,30,33
2 The price system and the microeconomy (AS Level),2.1 Demand and supply curves,2.1.2 individual and market demand and supply,Economics,Cambridge Assessment International Education,Cambridge International AS & A Level,AS Level,Paper 2 - AS Level Data Response and Essays,9708/2,120,60,67
2 The price system and the microeconomy (AS Level),2.1 Demand and supply curves,2.1.2 individual and market demand and supply,Economics,Cambridge Assessment International Education,Cambridge International AS & A Level,A Level,Paper 1 - AS Level Multiple Choice,9708/1,60,30,17
2 The price system and the microeconomy (AS Level),2.1 Demand and supply curves,2.1.2 individual and market demand and supply,Economics,Cambridge Assessment International Education,Cambridge International AS & A Level,A Level,Paper 2 - AS Level Data Response and Essays,9708/2,120,60,33
2 The price system and the microeconomy (AS Level),2.1 Demand and supply curves,2.1.3 determinants of demand,Economics,Cambridge Assessment International Education,Cambridge International AS & A Level,AS Level,Paper 1 - AS Level Multiple Choice,9708/1,60,30,33
2 The price system and the microeconomy (AS Level),2.1 Demand and supply curves,2.1.3 determinants of demand,Economics,Cambridge Assessment International Education,Cambridge International AS & A Level,AS Level,Paper 2 - AS Level Data Response and Essays,9708/2,120,60,67
2 The price system and the microeconomy (AS Level),2.1 Demand and supply curves,2.1.3 determinants of demand,Economics,Cambridge Assessment International Education,Cambridge International AS & A Level,A Level,Paper 1 - AS Level Multiple Choice,9708/1,60,30,17
2 The price system and the microeconomy (AS Level),2.1 Demand and supply curves,2.1.3 determinants of demand,Economics,Cambridge Assessment International Education,Cambridge International AS & A Level,A Level,Paper 2 - AS Level Data Response and Essays,9708/2,120,60,33
2 The price system and the microeconomy (AS Level),2.1 Demand and supply curves,2.1.4 determinants of supply,Economics,Cambridge Assessment International Education,Cambridge International AS & A Level,AS Level,Paper 1 - AS Level Multiple Choice,9708/1,60,30,33
2 The price system and the microeconomy (AS Level),2.1 Demand and supply curves,2.1.4 determinants of supply,Economics,Cambridge Assessment International Education,Cambridge International AS & A Level,AS Level,Paper 2 - AS Level Data Response and Essays,9708/2,120,60,67
2 The price system and the microeconomy (AS Level),2.1 Demand and supply curves,2.1.4 determinants of supply,Economics,Cambridge Assessment International Education,Cambridge International AS & A Level,A Level,Paper 1 - AS Level Multiple Choice,9708/1,60,30,17
2 The price system and the microeconomy (AS Level),2.1 Demand and supply curves,2.1.4 determinants of supply,Economics,Cambridge Assessment International Education,Cambridge International AS & A Level,A Level,Paper 2 - AS Level Data Response and Essays,9708/2,120,60,33
2 The price system and the microeconomy (AS Level),2.1 Demand and supply curves,2.1.5 causes of a shift in the demand curve (D),Economics,Cambridge Assessment International Education,Cambridge International AS & A Level,AS Level,Paper 1 - AS Level Multiple Choice,9708/1,60,30,33
2 The price system and the microeconomy (AS Level),2.1 Demand and supply curves,2.1.5 causes of a shift in the demand curve (D),Economics,Cambridge Assessment International Education,Cambridge International AS & A Level,AS Level,Paper 2 - AS Level Data Response and Essays,9708/2,120,60,67
2 The price system and the microeconomy (AS Level),2.1 Demand and supply curves,2.1.5 causes of a shift in the demand curve (D),Economics,Cambridge Assessment International Education,Cambridge International AS & A Level,A Level,Paper 1 - AS Level Multiple Choice,9708/1,60,30,17
2 The price system and the microeconomy (AS Level),2.1 Demand and supply curves,2.1.5 causes of a shift in the demand curve (D),Economics,Cambridge Assessment International Education,Cambridge International AS & A Level,A Level,Paper 2 - AS Level Data Response and Essays,9708/2,120,60,33
2 The price system and the microeconomy (AS Level),2.1 Demand and supply curves,2.1.6 causes of a shift in the supply curve (S),Economics,Cambridge Assessment International Education,Cambridge International AS & A Level,AS Level,Paper 1 - AS Level Multiple Choice,9708/1,60,30,33
2 The price system and the microeconomy (AS Level),2.1 Demand and supply curves,2.1.6 causes of a shift in the supply curve (S),Economics,Cambridge Assessment International Education,Cambridge International AS & A Level,AS Level,Paper 2 - AS Level Data Response and Essays,9708/2,120,60,67
2 The price system and the microeconomy (AS Level),2.1 Demand and supply curves,2.1.6 causes of a shift in the supply curve (S),Economics,Cambridge Assessment International Education,Cambridge International AS & A Level,A Level,Paper 1 - AS Level Multiple Choice,9708/1,60,30,17
2 The price system and the microeconomy (AS Level),2.1 Demand and supply curves,2.1.6 causes of a shift in the supply curve (S),Economics,Cambridge Assessment International Education,Cambridge International AS & A Level,A Level,Paper 2 - AS Level Data Response and Essays,9708/2,120,60,33
2 The price system and the microeconomy (AS Level),2.1 Demand and supply curves,2.1.7 distinction between the shift in the demand or supply curve and the movement along these curves,Economics,Cambridge Assessment International Education,Cambridge International AS & A Level,AS Level,Paper 1 - AS Level Multiple Choice,9708/1,60,30,33
2 The price system and the microeconomy (AS Level),2.1 Demand and supply curves,2.1.7 distinction between the shift in the demand or supply curve and the movement along these curves,Economics,Cambridge Assessment International Education,Cambridge International AS & A Level,AS Level,Paper 2 - AS Level Data Response and Essays,9708/2,120,60,67
2 The price system and the microeconomy (AS Level),2.1 Demand and supply curves,2.1.7 distinction between the shift in the demand or supply curve and the movement along these curves,Economics,Cambridge Assessment International Education,Cambridge International AS & A Level,A Level,Paper 1 - AS Level Multiple Choice,9708/1,60,30,17
2 The price system and the microeconomy (AS Level),2.1 Demand and supply curves,2.1.7 distinction between the shift in the demand or supply curve and the movement along these curves,Economics,Cambridge Assessment International Education,Cambridge International AS & A Level,A Level,Paper 2 - AS Level Data Response and Essays,9708/2,120,60,33
2 The price system and the microeconomy (AS Level),"2.2 Price elasticity, income elasticity and cross elasticity of demand","2.2.1 definition of price elasticity, income elasticity and cross elasticity of demand (PED, YED, XED)",Economics,Cambridge Assessment International Education,Cambridge International AS & A Level,AS Level,Paper 1 - AS Level Multiple Choice,9708/1,60,30,33
2 The price system and the microeconomy (AS Level),"2.2 Price elasticity, income elasticity and cross elasticity of demand","2.2.1 definition of price elasticity, income elasticity and cross elasticity of demand (PED, YED, XED)",Economics,Cambridge Assessment International Education,Cambridge International AS & A Level,AS Level,Paper 2 - AS Level Data Response and Essays,9708/2,120,60,67
2 The price system and the microeconomy (AS Level),"2.2 Price elasticity, income elasticity and cross elasticity of demand","2.2.1 definition of price elasticity, income elasticity and cross elasticity of demand (PED, YED, XED)",Economics,Cambridge Assessment International Education,Cambridge International AS & A Level,A Level,Paper 1 - AS Level Multiple Choice,9708/1,60,30,17
2 The price system and the microeconomy (AS Level),"2.2 Price elasticity, income elasticity and cross elasticity of demand","2.2.1 definition of price elasticity, income elasticity and cross elasticity of demand (PED, YED, XED)",Economics,Cambridge Assessment International Education,Cambridge International AS & A Level,A Level,Paper 2 - AS Level Data Response and Essays,9708/2,120,60,33
2 The price system and the microeconomy (AS Level),"2.2 Price elasticity, income elasticity and cross elasticity of demand","2.2.2 formulae for and calculation of price elasticity, income elasticity and cross elasticity of demand",Economics,Cambridge Assessment International Education,Cambridge International AS & A Level,AS Level,Paper 1 - AS Level Multiple Choice,9708/1,60,30,33
2 The price system and the microeconomy (AS Level),"2.2 Price elasticity, income elasticity and cross elasticity of demand","2.2.2 formulae for and calculation of price elasticity, income elasticity and cross elasticity of demand",Economics,Cambridge Assessment International Education,Cambridge International AS & A Level,AS Level,Paper 2 - AS Level Data Response and Essays,9708/2,120,60,67
2 The price system and the microeconomy (AS Level),"2.2 Price elasticity, income elasticity and cross elasticity of demand","2.2.2 formulae for and calculation of price elasticity, income elasticity and cross elasticity of demand",Economics,Cambridge Assessment International Education,Cambridge International AS & A Level,A Level,Paper 1 - AS Level Multiple Choice,9708/1,60,30,17
2 The price system and the microeconomy (AS Level),"2.2 Price elasticity, income elasticity and cross elasticity of demand","2.2.2 formulae for and calculation of price elasticity, income elasticity and cross elasticity of demand",Economics,Cambridge Assessment International Education,Cambridge International AS & A Level,A Level,Paper 2 - AS Level Data Response and Essays,9708/2,120,60,33
2 The price system and the microeconomy (AS Level),"2.2 Price elasticity, income elasticity and cross elasticity of demand","2.2.3 significance of relative percentage changes, the size and sign of the coefficient of: • price elasticity of demand • income elasticity of demand • cross elasticity of demand",Economics,Cambridge Assessment International Education,Cambridge International AS & A Level,AS Level,Paper 1 - AS Level Multiple Choice,9708/1,60,30,33
2 The price system and the microeconomy (AS Level),"2.2 Price elasticity, income elasticity and cross elasticity of demand","2.2.3 significance of relative percentage changes, the size and sign of the coefficient of: • price elasticity of demand • income elasticity of demand • cross elasticity of demand",Economics,Cambridge Assessment International Education,Cambridge International AS & A Level,AS Level,Paper 2 - AS Level Data Response and Essays,9708/2,120,60,67
2 The price system and the microeconomy (AS Level),"2.2 Price elasticity, income elasticity and cross elasticity of demand","2.2.3 significance of relative percentage changes, the size and sign of the coefficient of: • price elasticity of demand • income elasticity of demand • cross elasticity of demand",Economics,Cambridge Assessment International Education,Cambridge International AS & A Level,A Level,Paper 1 - AS Level Multiple Choice,9708/1,60,30,17
2 The price system and the microeconomy (AS Level),"2.2 Price elasticity, income elasticity and cross elasticity of demand","2.2.3 significance of relative percentage changes, the size and sign of the coefficient of: • price elasticity of demand • income elasticity of demand • cross elasticity of demand",Economics,Cambridge Assessment International Education,Cambridge International AS & A Level,A Level,Paper 2 - AS Level Data Response and Essays,9708/2,120,60,33
2 The price system and the microeconomy (AS Level),"2.2 Price elasticity, income elasticity and cross elasticity of demand","2.2.4 descriptions of elasticity values: perfectly elastic, (highly) elastic, unitary elasticity, (highly) inelastic, perfectly inelastic",Economics,Cambridge Assessment International Education,Cambridge International AS & A Level,AS Level,Paper 1 - AS Level Multiple Choice,9708/1,60,30,33
2 The price system and the microeconomy (AS Level),"2.2 Price elasticity, income elasticity and cross elasticity of demand","2.2.4 descriptions of elasticity values: perfectly elastic, (highly) elastic, unitary elasticity, (highly) inelastic, perfectly inelastic",Economics,Cambridge Assessment International Education,Cambridge International AS & A Level,AS Level,Paper 2 - AS Level Data Response and Essays,9708/2,120,60,67
2 The price system and the microeconomy (AS Level),"2.2 Price elasticity, income elasticity and cross elasticity of demand","2.2.4 descriptions of elasticity values: perfectly elastic, (highly) elastic, unitary elasticity, (highly) inelastic, perfectly inelastic",Economics,Cambridge Assessment International Education,Cambridge International AS & A Level,A Level,Paper 1 - AS Level Multiple Choice,9708/1,60,30,17
2 The price system and the microeconomy (AS Level),"2.2 Price elasticity, income elasticity and cross elasticity of demand","2.2.4 descriptions of elasticity values: perfectly elastic, (highly) elastic, unitary elasticity, (highly) inelastic, perfectly inelastic",Economics,Cambridge Assessment International Education,Cambridge International AS & A Level,A Level,Paper 2 - AS Level Data Response and Essays,9708/2,120,60,33
2 The price system and the microeconomy (AS Level),"2.2 Price elasticity, income elasticity and cross elasticity of demand",2.2.5 variation in price elasticity of demand along the length of a straight-line demand curve,Economics,Cambridge Assessment International Education,Cambridge International AS & A Level,AS Level,Paper 1 - AS Level Multiple Choice,9708/1,60,30,33
2 The price system and the microeconomy (AS Level),"2.2 Price elasticity, income elasticity and cross elasticity of demand",2.2.5 variation in price elasticity of demand along the length of a straight-line demand curve,Economics,Cambridge Assessment International Education,Cambridge International AS & A Level,AS Level,Paper 2 - AS Level Data Response and Essays,9708/2,120,60,67
2 The price system and the microeconomy (AS Level),"2.2 Price elasticity, income elasticity and cross elasticity of demand",2.2.5 variation in price elasticity of demand along the length of a straight-line demand curve,Economics,Cambridge Assessment International Education,Cambridge International AS & A Level,A Level,Paper 1 - AS Level Multiple Choice,9708/1,60,30,17
2 The price system and the microeconomy (AS Level),"2.2 Price elasticity, income elasticity and cross elasticity of demand",2.2.5 variation in price elasticity of demand along the length of a straight-line demand curve,Economics,Cambridge Assessment International Education,Cambridge International AS & A Level,A Level,Paper 2 - AS Level Data Response and Essays,9708/2,120,60,33
2 The price system and the microeconomy (AS Level),"2.2 Price elasticity, income elasticity and cross elasticity of demand",2.2.6 factors affecting: • price elasticity of demand • income elasticity of demand • cross elasticity of demand,Economics,Cambridge Assessment International Education,Cambridge International AS & A Level,AS Level,Paper 1 - AS Level Multiple Choice,9708/1,60,30,33
2 The price system and the microeconomy (AS Level),"2.2 Price elasticity, income elasticity and cross elasticity of demand",2.2.6 factors affecting: • price elasticity of demand • income elasticity of demand • cross elasticity of demand,Economics,Cambridge Assessment International Education,Cambridge International AS & A Level,AS Level,Paper 2 - AS Level Data Response and Essays,9708/2,120,60,67
2 The price system and the microeconomy (AS Level),"2.2 Price elasticity, income elasticity and cross elasticity of demand",2.2.6 factors affecting: • price elasticity of demand • income elasticity of demand • cross elasticity of demand,Economics,Cambridge Assessment International Education,Cambridge International AS & A Level,A Level,Paper 1 - AS Level Multiple Choice,9708/1,60,30,17
2 The price system and the microeconomy (AS Level),"2.2 Price elasticity, income elasticity and cross elasticity of demand",2.2.6 factors affecting: • price elasticity of demand • income elasticity of demand • cross elasticity of demand,Economics,Cambridge Assessment International Education,Cambridge International AS & A Level,A Level,Paper 2 - AS Level Data Response and Essays,9708/2,120,60,33
2 The price system and the microeconomy (AS Level),"2.2 Price elasticity, income elasticity and cross elasticity of demand",2.2.7 relationship between price elasticity of demand and total expenditure on a product,Economics,Cambridge Assessment International Education,Cambridge International AS & A Level,AS Level,Paper 1 - AS Level Multiple Choice,9708/1,60,30,33
2 The price system and the microeconomy (AS Level),"2.2 Price elasticity, income elasticity and cross elasticity of demand",2.2.7 relationship between price elasticity of demand and total expenditure on a product,Economics,Cambridge Assessment International Education,Cambridge International AS & A Level,AS Level,Paper 2 - AS Level Data Response and Essays,9708/2,120,60,67
2 The price system and the microeconomy (AS Level),"2.2 Price elasticity, income elasticity and cross elasticity of demand",2.2.7 relationship between price elasticity of demand and total expenditure on a product,Economics,Cambridge Assessment International Education,Cambridge International AS & A Level,A Level,Paper 1 - AS Level Multiple Choice,9708/1,60,30,17
2 The price system and the microeconomy (AS Level),"2.2 Price elasticity, income elasticity and cross elasticity of demand",2.2.7 relationship between price elasticity of demand and total expenditure on a product,Economics,Cambridge Assessment International Education,Cambridge International AS & A Level,A Level,Paper 2 - AS Level Data Response and Essays,9708/2,120,60,33
2 The price system and the microeconomy (AS Level),"2.2 Price elasticity, income elasticity and cross elasticity of demand","2.2.8 implications for decision-making of price elasticity, income elasticity and cross elasticity of demand",Economics,Cambridge Assessment International Education,Cambridge International AS & A Level,AS Level,Paper 1 - AS Level Multiple Choice,9708/1,60,30,33
2 The price system and the microeconomy (AS Level),"2.2 Price elasticity, income elasticity and cross elasticity of demand","2.2.8 implications for decision-making of price elasticity, income elasticity and cross elasticity of demand",Economics,Cambridge Assessment International Education,Cambridge International AS & A Level,AS Level,Paper 2 - AS Level Data Response and Essays,9708/2,120,60,67
2 The price system and the microeconomy (AS Level),"2.2 Price elasticity, income elasticity and cross elasticity of demand","2.2.8 implications for decision-making of price elasticity, income elasticity and cross elasticity of demand",Economics,Cambridge Assessment International Education,Cambridge International AS & A Level,A Level,Paper 1 - AS Level Multiple Choice,9708/1,60,30,17
2 The price system and the microeconomy (AS Level),"2.2 Price elasticity, income elasticity and cross elasticity of demand","2.2.8 implications for decision-making of price elasticity, income elasticity and cross elasticity of demand",Economics,Cambridge Assessment International Education,Cambridge International AS & A Level,A Level,Paper 2 - AS Level Data Response and Essays,9708/2,120,60,33
2 The price system and the microeconomy (AS Level),2.3 Price elasticity of supply,2.3.1 definition of price elasticity of supply (PES),Economics,Cambridge Assessment International Education,Cambridge International AS & A Level,AS Level,Paper 1 - AS Level Multiple Choice,9708/1,60,30,33
2 The price system and the microeconomy (AS Level),2.3 Price elasticity of supply,2.3.1 definition of price elasticity of supply (PES),Economics,Cambridge Assessment International Education,Cambridge International AS & A Level,AS Level,Paper 2 - AS Level Data Response and Essays,9708/2,120,60,67
2 The price system and the microeconomy (AS Level),2.3 Price elasticity of supply,2.3.1 definition of price elasticity of supply (PES),Economics,Cambridge Assessment International Education,Cambridge International AS & A Level,A Level,Paper 1 - AS Level Multiple Choice,9708/1,60,30,17
2 The price system and the microeconomy (AS Level),2.3 Price elasticity of supply,2.3.1 definition of price elasticity of supply (PES),Economics,Cambridge Assessment International Education,Cambridge International AS & A Level,A Level,Paper 2 - AS Level Data Response and Essays,9708/2,120,60,33
2 The price system and the microeconomy (AS Level),2.3 Price elasticity of supply,2.3.2 formula for and calculation of price elasticity of supply,Economics,Cambridge Assessment International Education,Cambridge International AS & A Level,AS Level,Paper 1 - AS Level Multiple Choice,9708/1,60,30,33
2 The price system and the microeconomy (AS Level),2.3 Price elasticity of supply,2.3.2 formula for and calculation of price elasticity of supply,Economics,Cambridge Assessment International Education,Cambridge International AS & A Level,AS Level,Paper 2 - AS Level Data Response and Essays,9708/2,120,60,67
2 The price system and the microeconomy (AS Level),2.3 Price elasticity of supply,2.3.2 formula for and calculation of price elasticity of supply,Economics,Cambridge Assessment International Education,Cambridge International AS & A Level,A Level,Paper 1 - AS Level Multiple Choice,9708/1,60,30,17
2 The price system and the microeconomy (AS Level),2.3 Price elasticity of supply,2.3.2 formula for and calculation of price elasticity of supply,Economics,Cambridge Assessment International Education,Cambridge International AS & A Level,A Level,Paper 2 - AS Level Data Response and Essays,9708/2,120,60,33
2 The price system and the microeconomy (AS Level),2.3 Price elasticity of supply,"2.3.3 significance of relative percentage changes, the size and sign of the coefficient of price elasticity of supply",Economics,Cambridge Assessment International Education,Cambridge International AS & A Level,AS Level,Paper 1 - AS Level Multiple Choice,9708/1,60,30,33
2 The price system and the microeconomy (AS Level),2.3 Price elasticity of supply,"2.3.3 significance of relative percentage changes, the size and sign of the coefficient of price elasticity of supply",Economics,Cambridge Assessment International Education,Cambridge International AS & A Level,AS Level,Paper 2 - AS Level Data Response and Essays,9708/2,120,60,67
2 The price system and the microeconomy (AS Level),2.3 Price elasticity of supply,"2.3.3 significance of relative percentage changes, the size and sign of the coefficient of price elasticity of supply",Economics,Cambridge Assessment International Education,Cambridge International AS & A Level,A Level,Paper 1 - AS Level Multiple Choice,9708/1,60,30,17
2 The price system and the microeconomy (AS Level),2.3 Price elasticity of supply,"2.3.3 significance of relative percentage changes, the size and sign of the coefficient of price elasticity of supply",Economics,Cambridge Assessment International Education,Cambridge International AS & A Level,A Level,Paper 2 - AS Level Data Response and Essays,9708/2,120,60,33
2 The price system and the microeconomy (AS Level),2.3 Price elasticity of supply,2.3.4 factors affecting price elasticity of supply,Economics,Cambridge Assessment International Education,Cambridge International AS & A Level,AS Level,Paper 1 - AS Level Multiple Choice,9708/1,60,30,33
2 The price system and the microeconomy (AS Level),2.3 Price elasticity of supply,2.3.4 factors affecting price elasticity of supply,Economics,Cambridge Assessment International Education,Cambridge International AS & A Level,AS Level,Paper 2 - AS Level Data Response and Essays,9708/2,120,60,67
2 The price system and the microeconomy (AS Level),2.3 Price elasticity of supply,2.3.4 factors affecting price elasticity of supply,Economics,Cambridge Assessment International Education,Cambridge International AS & A Level,A Level,Paper 1 - AS Level Multiple Choice,9708/1,60,30,17
2 The price system and the microeconomy (AS Level),2.3 Price elasticity of supply,2.3.4 factors affecting price elasticity of supply,Economics,Cambridge Assessment International Education,Cambridge International AS & A Level,A Level,Paper 2 - AS Level Data Response and Essays,9708/2,120,60,33
2 The price system and the microeconomy (AS Level),2.3 Price elasticity of supply,2.3.5 implications for speed and ease with which firms react to changed market conditions,Economics,Cambridge Assessment International Education,Cambridge International AS & A Level,AS Level,Paper 1 - AS Level Multiple Choice,9708/1,60,30,33
2 The price system and the microeconomy (AS Level),2.3 Price elasticity of supply,2.3.5 implications for speed and ease with which firms react to changed market conditions,Economics,Cambridge Assessment International Education,Cambridge International AS & A Level,AS Level,Paper 2 - AS Level Data Response and Essays,9708/2,120,60,67
2 The price system and the microeconomy (AS Level),2.3 Price elasticity of supply,2.3.5 implications for speed and ease with which firms react to changed market conditions,Economics,Cambridge Assessment International Education,Cambridge International AS & A Level,A Level,Paper 1 - AS Level Multiple Choice,9708/1,60,30,17
2 The price system and the microeconomy (AS Level),2.3 Price elasticity of supply,2.3.5 implications for speed and ease with which firms react to changed market conditions,Economics,Cambridge Assessment International Education,Cambridge International AS & A Level,A Level,Paper 2 - AS Level Data Response and Essays,9708/2,120,60,33
2 The price system and the microeconomy (AS Level),2.4 The interaction of demand and supply,2.4.1 definition of market equilibrium and disequilibrium,Economics,Cambridge Assessment International Education,Cambridge International AS & A Level,AS Level,Paper 1 - AS Level Multiple Choice,9708/1,60,30,33
2 The price system and the microeconomy (AS Level),2.4 The interaction of demand and supply,2.4.1 definition of market equilibrium and disequilibrium,Economics,Cambridge Assessment International Education,Cambridge International AS & A Level,AS Level,Paper 2 - AS Level Data Response and Essays,9708/2,120,60,67
2 The price system and the microeconomy (AS Level),2.4 The interaction of demand and supply,2.4.1 definition of market equilibrium and disequilibrium,Economics,Cambridge Assessment International Education,Cambridge International AS & A Level,A Level,Paper 1 - AS Level Multiple Choice,9708/1,60,30,17
2 The price system and the microeconomy (AS Level),2.4 The interaction of demand and supply,2.4.1 definition of market equilibrium and disequilibrium,Economics,Cambridge Assessment International Education,Cambridge International AS & A Level,A Level,Paper 2 - AS Level Data Response and Essays,9708/2,120,60,33
2 The price system and the microeconomy (AS Level),2.4 The interaction of demand and supply,2.4.2 effects of shifts in demand and supply curves on equilibrium price and quantity,Economics,Cambridge Assessment International Education,Cambridge International AS & A Level,AS Level,Paper 1 - AS Level Multiple Choice,9708/1,60,30,33
2 The price system and the microeconomy (AS Level),2.4 The interaction of demand and supply,2.4.2 effects of shifts in demand and supply curves on equilibrium price and quantity,Economics,Cambridge Assessment International Education,Cambridge International AS & A Level,AS Level,Paper 2 - AS Level Data Response and Essays,9708/2,120,60,67
2 The price system and the microeconomy (AS Level),2.4 The interaction of demand and supply,2.4.2 effects of shifts in demand and supply curves on equilibrium price and quantity,Economics,Cambridge Assessment International Education,Cambridge International AS & A Level,A Level,Paper 1 - AS Level Multiple Choice,9708/1,60,30,17
2 The price system and the microeconomy (AS Level),2.4 The interaction of demand and supply,2.4.2 effects of shifts in demand and supply curves on equilibrium price and quantity,Economics,Cambridge Assessment International Education,Cambridge International AS & A Level,A Level,Paper 2 - AS Level Data Response and Essays,9708/2,120,60,33
2 The price system and the microeconomy (AS Level),2.4 The interaction of demand and supply,2.4.3 relationships between different markets: • joint demand (complements) • alternative demand (substitutes) • derived demand • joint supply,Economics,Cambridge Assessment International Education,Cambridge International AS & A Level,AS Level,Paper 1 - AS Level Multiple Choice,9708/1,60,30,33
2 The price system and the microeconomy (AS Level),2.4 The interaction of demand and supply,2.4.3 relationships between different markets: • joint demand (complements) • alternative demand (substitutes) • derived demand • joint supply,Economics,Cambridge Assessment International Education,Cambridge International AS & A Level,AS Level,Paper 2 - AS Level Data Response and Essays,9708/2,120,60,67
2 The price system and the microeconomy (AS Level),2.4 The interaction of demand and supply,2.4.3 relationships between different markets: • joint demand (complements) • alternative demand (substitutes) • derived demand • joint supply,Economics,Cambridge Assessment International Education,Cambridge International AS & A Level,A Level,Paper 1 - AS Level Multiple Choice,9708/1,60,30,17
2 The price system and the microeconomy (AS Level),2.4 The interaction of demand and supply,2.4.3 relationships between different markets: • joint demand (complements) • alternative demand (substitutes) • derived demand • joint supply,Economics,Cambridge Assessment International Education,Cambridge International AS & A Level,A Level,Paper 2 - AS Level Data Response and Essays,9708/2,120,60,33
2 The price system and the microeconomy (AS Level),2.4 The interaction of demand and supply,"2.4.4 functions of price in resource allocation; rationing, signalling (transmission of preferences) and incentivising",Economics,Cambridge Assessment International Education,Cambridge International AS & A Level,AS Level,Paper 1 - AS Level Multiple Choice,9708/1,60,30,33
2 The price system and the microeconomy (AS Level),2.4 The interaction of demand and supply,"2.4.4 functions of price in resource allocation; rationing, signalling (transmission of preferences) and incentivising",Economics,Cambridge Assessment International Education,Cambridge International AS & A Level,AS Level,Paper 2 - AS Level Data Response and Essays,9708/2,120,60,67
2 The price system and the microeconomy (AS Level),2.4 The interaction of demand and supply,"2.4.4 functions of price in resource allocation; rationing, signalling (transmission of preferences) and incentivising",Economics,Cambridge Assessment International Education,Cambridge International AS & A Level,A Level,Paper 1 - AS Level Multiple Choice,9708/1,60,30,17
2 The price system and the microeconomy (AS Level),2.4 The interaction of demand and supply,"2.4.4 functions of price in resource allocation; rationing, signalling (transmission of preferences) and incentivising",Economics,Cambridge Assessment International Education,Cambridge International AS & A Level,A Level,Paper 2 - AS Level Data Response and Essays,9708/2,120,60,33
2 The price system and the microeconomy (AS Level),2.5 Consumer and producer surplus,2.5.1 meaning and significance of consumer surplus,Economics,Cambridge Assessment International Education,Cambridge International AS & A Level,AS Level,Paper 1 - AS Level Multiple Choice,9708/1,60,30,33
2 The price system and the microeconomy (AS Level),2.5 Consumer and producer surplus,2.5.1 meaning and significance of consumer surplus,Economics,Cambridge Assessment International Education,Cambridge International AS & A Level,AS Level,Paper 2 - AS Level Data Response and Essays,9708/2,120,60,67
2 The price system and the microeconomy (AS Level),2.5 Consumer and producer surplus,2.5.1 meaning and significance of consumer surplus,Economics,Cambridge Assessment International Education,Cambridge International AS & A Level,A Level,Paper 1 - AS Level Multiple Choice,9708/1,60,30,17
2 The price system and the microeconomy (AS Level),2.5 Consumer and producer surplus,2.5.1 meaning and significance of consumer surplus,Economics,Cambridge Assessment International Education,Cambridge International AS & A Level,A Level,Paper 2 - AS Level Data Response and Essays,9708/2,120,60,33
2 The price system and the microeconomy (AS Level),2.5 Consumer and producer surplus,2.5.2 meaning and significance of producer surplus,Economics,Cambridge Assessment International Education,Cambridge International AS & A Level,AS Level,Paper 1 - AS Level Multiple Choice,9708/1,60,30,33
2 The price system and the microeconomy (AS Level),2.5 Consumer and producer surplus,2.5.2 meaning and significance of producer surplus,Economics,Cambridge Assessment International Education,Cambridge International AS & A Level,AS Level,Paper 2 - AS Level Data Response and Essays,9708/2,120,60,67
2 The price system and the microeconomy (AS Level),2.5 Consumer and producer surplus,2.5.2 meaning and significance of producer surplus,Economics,Cambridge Assessment International Education,Cambridge International AS & A Level,A Level,Paper 1 - AS Level Multiple Choice,9708/1,60,30,17
2 The price system and the microeconomy (AS Level),2.5 Consumer and producer surplus,2.5.2 meaning and significance of producer surplus,Economics,Cambridge Assessment International Education,Cambridge International AS & A Level,A Level,Paper 2 - AS Level Data Response and Essays,9708/2,120,60,33
2 The price system and the microeconomy (AS Level),2.5 Consumer and producer surplus,2.5.3 causes of changes in consumer and producer surplus,Economics,Cambridge Assessment International Education,Cambridge International AS & A Level,AS Level,Paper 1 - AS Level Multiple Choice,9708/1,60,30,33
2 The price system and the microeconomy (AS Level),2.5 Consumer and producer surplus,2.5.3 causes of changes in consumer and producer surplus,Economics,Cambridge Assessment International Education,Cambridge International AS & A Level,AS Level,Paper 2 - AS Level Data Response and Essays,9708/2,120,60,67
2 The price system and the microeconomy (AS Level),2.5 Consumer and producer surplus,2.5.3 causes of changes in consumer and producer surplus,Economics,Cambridge Assessment International Education,Cambridge International AS & A Level,A Level,Paper 1 - AS Level Multiple Choice,9708/1,60,30,17
2 The price system and the microeconomy (AS Level),2.5 Consumer and producer surplus,2.5.3 causes of changes in consumer and producer surplus,Economics,Cambridge Assessment International Education,Cambridge International AS & A Level,A Level,Paper 2 - AS Level Data Response and Essays,9708/2,120,60,33
2 The price system and the microeconomy (AS Level),2.5 Consumer and producer surplus,2.5.4 significance of price elasticity of demand and of supply in determining the extent of these changes,Economics,Cambridge Assessment International Education,Cambridge International AS & A Level,AS Level,Paper 1 - AS Level Multiple Choice,9708/1,60,30,33
2 The price system and the microeconomy (AS Level),2.5 Consumer and producer surplus,2.5.4 significance of price elasticity of demand and of supply in determining the extent of these changes,Economics,Cambridge Assessment International Education,Cambridge International AS & A Level,AS Level,Paper 2 - AS Level Data Response and Essays,9708/2,120,60,67
2 The price system and the microeconomy (AS Level),2.5 Consumer and producer surplus,2.5.4 significance of price elasticity of demand and of supply in determining the extent of these changes,Economics,Cambridge Assessment International Education,Cambridge International AS & A Level,A Level,Paper 1 - AS Level Multiple Choice,9708/1,60,30,17
2 The price system and the microeconomy (AS Level),2.5 Consumer and producer surplus,2.5.4 significance of price elasticity of demand and of supply in determining the extent of these changes,Economics,Cambridge Assessment International Education,Cambridge International AS & A Level,A Level,Paper 2 - AS Level Data Response and Essays,9708/2,120,60,33
3 Government microeconomy intervention (AS Level),3.1 Reasons for government intervention in markets,3.1.1 addressing the non-provision of public goods,Economics,Cambridge Assessment International Education,Cambridge International AS & A Level,AS Level,Paper 1 - AS Level Multiple Choice,9708/1,60,30,33
3 Government microeconomy intervention (AS Level),3.1 Reasons for government intervention in markets,3.1.1 addressing the non-provision of public goods,Economics,Cambridge Assessment International Education,Cambridge International AS & A Level,AS Level,Paper 2 - AS Level Data Response and Essays,9708/2,120,60,67
3 Government microeconomy intervention (AS Level),3.1 Reasons for government intervention in markets,3.1.1 addressing the non-provision of public goods,Economics,Cambridge Assessment International Education,Cambridge International AS & A Level,A Level,Paper 1 - AS Level Multiple Choice,9708/1,60,30,17
3 Government microeconomy intervention (AS Level),3.1 Reasons for government intervention in markets,3.1.1 addressing the non-provision of public goods,Economics,Cambridge Assessment International Education,Cambridge International AS & A Level,A Level,Paper 2 - AS Level Data Response and Essays,9708/2,120,60,33
3 Government microeconomy intervention (AS Level),3.1 Reasons for government intervention in markets,3.1.2 addressing the over-consumption of demerit goods and the under-consumption of merit goods,Economics,Cambridge Assessment International Education,Cambridge International AS & A Level,AS Level,Paper 1 - AS Level Multiple Choice,9708/1,60,30,33
3 Government microeconomy intervention (AS Level),3.1 Reasons for government intervention in markets,3.1.2 addressing the over-consumption of demerit goods and the under-consumption of merit goods,Economics,Cambridge Assessment International Education,Cambridge International AS & A Level,AS Level,Paper 2 - AS Level Data Response and Essays,9708/2,120,60,67
3 Government microeconomy intervention (AS Level),3.1 Reasons for government intervention in markets,3.1.2 addressing the over-consumption of demerit goods and the under-consumption of merit goods,Economics,Cambridge Assessment International Education,Cambridge International AS & A Level,A Level,Paper 1 - AS Level Multiple Choice,9708/1,60,30,17
3 Government microeconomy intervention (AS Level),3.1 Reasons for government intervention in markets,3.1.2 addressing the over-consumption of demerit goods and the under-consumption of merit goods,Economics,Cambridge Assessment International Education,Cambridge International AS & A Level,A Level,Paper 2 - AS Level Data Response and Essays,9708/2,120,60,33
3 Government microeconomy intervention (AS Level),3.1 Reasons for government intervention in markets,3.1.3 controlling prices in markets,Economics,Cambridge Assessment International Education,Cambridge International AS & A Level,AS Level,Paper 1 - AS Level Multiple Choice,9708/1,60,30,33
3 Government microeconomy intervention (AS Level),3.1 Reasons for government intervention in markets,3.1.3 controlling prices in markets,Economics,Cambridge Assessment International Education,Cambridge International AS & A Level,AS Level,Paper 2 - AS Level Data Response and Essays,9708/2,120,60,67
3 Government microeconomy intervention (AS Level),3.1 Reasons for government intervention in markets,3.1.3 controlling prices in markets,Economics,Cambridge Assessment International Education,Cambridge International AS & A Level,A Level,Paper 1 - AS Level Multiple Choice,9708/1,60,30,17
3 Government microeconomy intervention (AS Level),3.1 Reasons for government intervention in markets,3.1.3 controlling prices in markets,Economics,Cambridge Assessment International Education,Cambridge International AS & A Level,A Level,Paper 2 - AS Level Data Response and Essays,9708/2,120,60,33
3 Government microeconomy intervention (AS Level),3.2 Methods and effects of government intervention in markets,3.2.1 impact and incidence of specific indirect taxes,Economics,Cambridge Assessment International Education,Cambridge International AS & A Level,AS Level,Paper 1 - AS Level Multiple Choice,9708/1,60,30,33
3 Government microeconomy intervention (AS Level),3.2 Methods and effects of government intervention in markets,3.2.1 impact and incidence of specific indirect taxes,Economics,Cambridge Assessment International Education,Cambridge International AS & A Level,AS Level,Paper 2 - AS Level Data Response and Essays,9708/2,120,60,67
3 Government microeconomy intervention (AS Level),3.2 Methods and effects of government intervention in markets,3.2.1 impact and incidence of specific indirect taxes,Economics,Cambridge Assessment International Education,Cambridge International AS & A Level,A Level,Paper 1 - AS Level Multiple Choice,9708/1,60,30,17
3 Government microeconomy intervention (AS Level),3.2 Methods and effects of government intervention in markets,3.2.1 impact and incidence of specific indirect taxes,Economics,Cambridge Assessment International Education,Cambridge International AS & A Level,A Level,Paper 2 - AS Level Data Response and Essays,9708/2,120,60,33
3 Government microeconomy intervention (AS Level),3.2 Methods and effects of government intervention in markets,3.2.2 impact and incidence of subsidies,Economics,Cambridge Assessment International Education,Cambridge International AS & A Level,AS Level,Paper 1 - AS Level Multiple Choice,9708/1,60,30,33
3 Government microeconomy intervention (AS Level),3.2 Methods and effects of government intervention in markets,3.2.2 impact and incidence of subsidies,Economics,Cambridge Assessment International Education,Cambridge International AS & A Level,AS Level,Paper 2 - AS Level Data Response and Essays,9708/2,120,60,67
3 Government microeconomy intervention (AS Level),3.2 Methods and effects of government intervention in markets,3.2.2 impact and incidence of subsidies,Economics,Cambridge Assessment International Education,Cambridge International AS & A Level,A Level,Paper 1 - AS Level Multiple Choice,9708/1,60,30,17
3 Government microeconomy intervention (AS Level),3.2 Methods and effects of government intervention in markets,3.2.2 impact and incidence of subsidies,Economics,Cambridge Assessment International Education,Cambridge International AS & A Level,A Level,Paper 2 - AS Level Data Response and Essays,9708/2,120,60,33
3 Government microeconomy intervention (AS Level),3.2 Methods and effects of government intervention in markets,3.2.3 direct provision of goods and services,Economics,Cambridge Assessment International Education,Cambridge International AS & A Level,AS Level,Paper 1 - AS Level Multiple Choice,9708/1,60,30,33
3 Government microeconomy intervention (AS Level),3.2 Methods and effects of government intervention in markets,3.2.3 direct provision of goods and services,Economics,Cambridge Assessment International Education,Cambridge International AS & A Level,AS Level,Paper 2 - AS Level Data Response and Essays,9708/2,120,60,67
3 Government microeconomy intervention (AS Level),3.2 Methods and effects of government intervention in markets,3.2.3 direct provision of goods and services,Economics,Cambridge Assessment International Education,Cambridge International AS & A Level,A Level,Paper 1 - AS Level Multiple Choice,9708/1,60,30,17
3 Government microeconomy intervention (AS Level),3.2 Methods and effects of government intervention in markets,3.2.3 direct provision of goods and services,Economics,Cambridge Assessment International Education,Cambridge International AS & A Level,A Level,Paper 2 - AS Level Data Response and Essays,9708/2,120,60,33
3 Government microeconomy intervention (AS Level),3.2 Methods and effects of government intervention in markets,3.2.4 maximum and minimum prices,Economics,Cambridge Assessment International Education,Cambridge International AS & A Level,AS Level,Paper 1 - AS Level Multiple Choice,9708/1,60,30,33
3 Government microeconomy intervention (AS Level),3.2 Methods and effects of government intervention in markets,3.2.4 maximum and minimum prices,Economics,Cambridge Assessment International Education,Cambridge International AS & A Level,AS Level,Paper 2 - AS Level Data Response and Essays,9708/2,120,60,67
3 Government microeconomy intervention (AS Level),3.2 Methods and effects of government intervention in markets,3.2.4 maximum and minimum prices,Economics,Cambridge Assessment International Education,Cambridge International AS & A Level,A Level,Paper 1 - AS Level Multiple Choice,9708/1,60,30,17
3 Government microeconomy intervention (AS Level),3.2 Methods and effects of government intervention in markets,3.2.4 maximum and minimum prices,Economics,Cambridge Assessment International Education,Cambridge International AS & A Level,A Level,Paper 2 - AS Level Data Response and Essays,9708/2,120,60,33
3 Government microeconomy intervention (AS Level),3.2 Methods and effects of government intervention in markets,3.2.5 buffer stock schemes,Economics,Cambridge Assessment International Education,Cambridge International AS & A Level,AS Level,Paper 1 - AS Level Multiple Choice,9708/1,60,30,33
3 Government microeconomy intervention (AS Level),3.2 Methods and effects of government intervention in markets,3.2.5 buffer stock schemes,Economics,Cambridge Assessment International Education,Cambridge International AS & A Level,AS Level,Paper 2 - AS Level Data Response and Essays,9708/2,120,60,67
3 Government microeconomy intervention (AS Level),3.2 Methods and effects of government intervention in markets,3.2.5 buffer stock schemes,Economics,Cambridge Assessment International Education,Cambridge International AS & A Level,A Level,Paper 1 - AS Level Multiple Choice,9708/1,60,30,17
3 Government microeconomy intervention (AS Level),3.2 Methods and effects of government intervention in markets,3.2.5 buffer stock schemes,Economics,Cambridge Assessment International Education,Cambridge International AS & A Level,A Level,Paper 2 - AS Level Data Response and Essays,9708/2,120,60,33
3 Government microeconomy intervention (AS Level),3.2 Methods and effects of government intervention in markets,3.2.6 provision of information,Economics,Cambridge Assessment International Education,Cambridge International AS & A Level,AS Level,Paper 1 - AS Level Multiple Choice,9708/1,60,30,33
3 Government microeconomy intervention (AS Level),3.2 Methods and effects of government intervention in markets,3.2.6 provision of information,Economics,Cambridge Assessment International Education,Cambridge International AS & A Level,AS Level,Paper 2 - AS Level Data Response and Essays,9708/2,120,60,67
3 Government microeconomy intervention (AS Level),3.2 Methods and effects of government intervention in markets,3.2.6 provision of information,Economics,Cambridge Assessment International Education,Cambridge International AS & A Level,A Level,Paper 1 - AS Level Multiple Choice,9708/1,60,30,17
3 Government microeconomy intervention (AS Level),3.2 Methods and effects of government intervention in markets,3.2.6 provision of information,Economics,Cambridge Assessment International Education,Cambridge International AS & A Level,A Level,Paper 2 - AS Level Data Response and Essays,9708/2,120,60,33
3 Government microeconomy intervention (AS Level),3.3 Addressing income and wealth inequality,3.3.1 difference between income as a flow concept and wealth as a stock concept,Economics,Cambridge Assessment International Education,Cambridge International AS & A Level,AS Level,Paper 1 - AS Level Multiple Choice,9708/1,60,30,33
3 Government microeconomy intervention (AS Level),3.3 Addressing income and wealth inequality,3.3.1 difference between income as a flow concept and wealth as a stock concept,Economics,Cambridge Assessment International Education,Cambridge International AS & A Level,AS Level,Paper 2 - AS Level Data Response and Essays,9708/2,120,60,67
3 Government microeconomy intervention (AS Level),3.3 Addressing income and wealth inequality,3.3.1 difference between income as a flow concept and wealth as a stock concept,Economics,Cambridge Assessment International Education,Cambridge International AS & A Level,A Level,Paper 1 - AS Level Multiple Choice,9708/1,60,30,17
3 Government microeconomy intervention (AS Level),3.3 Addressing income and wealth inequality,3.3.1 difference between income as a flow concept and wealth as a stock concept,Economics,Cambridge Assessment International Education,Cambridge International AS & A Level,A Level,Paper 2 - AS Level Data Response and Essays,9708/2,120,60,33
3 Government microeconomy intervention (AS Level),3.3 Addressing income and wealth inequality,3.3.2 measuring income and wealth inequality: • Gini coefficient (calculation not required),Economics,Cambridge Assessment International Education,Cambridge International AS & A Level,AS Level,Paper 1 - AS Level Multiple Choice,9708/1,60,30,33
3 Government microeconomy intervention (AS Level),3.3 Addressing income and wealth inequality,3.3.2 measuring income and wealth inequality: • Gini coefficient (calculation not required),Economics,Cambridge Assessment International Education,Cambridge International AS & A Level,AS Level,Paper 2 - AS Level Data Response and Essays,9708/2,120,60,67
3 Government microeconomy intervention (AS Level),3.3 Addressing income and wealth inequality,3.3.2 measuring income and wealth inequality: • Gini coefficient (calculation not required),Economics,Cambridge Assessment International Education,Cambridge International AS & A Level,A Level,Paper 1 - AS Level Multiple Choice,9708/1,60,30,17
3 Government microeconomy intervention (AS Level),3.3 Addressing income and wealth inequality,3.3.2 measuring income and wealth inequality: • Gini coefficient (calculation not required),Economics,Cambridge Assessment International Education,Cambridge International AS & A Level,A Level,Paper 2 - AS Level Data Response and Essays,9708/2,120,60,33
3 Government microeconomy intervention (AS Level),3.3 Addressing income and wealth inequality,3.3.3 economic reasons for inequality of income and wealth,Economics,Cambridge Assessment International Education,Cambridge International AS & A Level,AS Level,Paper 1 - AS Level Multiple Choice,9708/1,60,30,33
3 Government microeconomy intervention (AS Level),3.3 Addressing income and wealth inequality,3.3.3 economic reasons for inequality of income and wealth,Economics,Cambridge Assessment International Education,Cambridge International AS & A Level,AS Level,Paper 2 - AS Level Data Response and Essays,9708/2,120,60,67
3 Government microeconomy intervention (AS Level),3.3 Addressing income and wealth inequality,3.3.3 economic reasons for inequality of income and wealth,Economics,Cambridge Assessment International Education,Cambridge International AS & A Level,A Level,Paper 1 - AS Level Multiple Choice,9708/1,60,30,17
3 Government microeconomy intervention (AS Level),3.3 Addressing income and wealth inequality,3.3.3 economic reasons for inequality of income and wealth,Economics,Cambridge Assessment International Education,Cambridge International AS & A Level,A Level,Paper 2 - AS Level Data Response and Essays,9708/2,120,60,33
3 Government microeconomy intervention (AS Level),3.3 Addressing income and wealth inequality,"3.3.4 policies to redistribute income and wealth: • minimum wage • transfer payments • progressive income taxes, inheritance and capital taxes • state provision of essential goods and services",Economics,Cambridge Assessment International Education,Cambridge International AS & A Level,AS Level,Paper 1 - AS Level Multiple Choice,9708/1,60,30,33
3 Government microeconomy intervention (AS Level),3.3 Addressing income and wealth inequality,"3.3.4 policies to redistribute income and wealth: • minimum wage • transfer payments • progressive income taxes, inheritance and capital taxes • state provision of essential goods and services",Economics,Cambridge Assessment International Education,Cambridge International AS & A Level,AS Level,Paper 2 - AS Level Data Response and Essays,9708/2,120,60,67
3 Government microeconomy intervention (AS Level),3.3 Addressing income and wealth inequality,"3.3.4 policies to redistribute income and wealth: • minimum wage • transfer payments • progressive income taxes, inheritance and capital taxes • state provision of essential goods and services",Economics,Cambridge Assessment International Education,Cambridge International AS & A Level,A Level,Paper 1 - AS Level Multiple Choice,9708/1,60,30,17
3 Government microeconomy intervention (AS Level),3.3 Addressing income and wealth inequality,"3.3.4 policies to redistribute income and wealth: • minimum wage • transfer payments • progressive income taxes, inheritance and capital taxes • state provision of essential goods and services",Economics,Cambridge Assessment International Education,Cambridge International AS & A Level,A Level,Paper 2 - AS Level Data Response and Essays,9708/2,120,60,33
4 The Macroeconomy (AS Level),4.1 National income statistics,4.1.1 meaning of national income,Economics,Cambridge Assessment International Education,Cambridge International AS & A Level,AS Level,Paper 1 - AS Level Multiple Choice,9708/1,60,30,33
4 The Macroeconomy (AS Level),4.1 National income statistics,4.1.1 meaning of national income,Economics,Cambridge Assessment International Education,Cambridge International AS & A Level,AS Level,Paper 2 - AS Level Data Response and Essays,9708/2,120,60,67
4 The Macroeconomy (AS Level),4.1 National income statistics,4.1.1 meaning of national income,Economics,Cambridge Assessment International Education,Cambridge International AS & A Level,A Level,Paper 1 - AS Level Multiple Choice,9708/1,60,30,17
4 The Macroeconomy (AS Level),4.1 National income statistics,4.1.1 meaning of national income,Economics,Cambridge Assessment International Education,Cambridge International AS & A Level,A Level,Paper 2 - AS Level Data Response and Essays,9708/2,120,60,33
4 The Macroeconomy (AS Level),4.1 National income statistics,4.1.2 measurement of national income: • Gross Domestic Product (GDP) • Gross National Income (GNI) • Net National Income (NNI),Economics,Cambridge Assessment International Education,Cambridge International AS & A Level,AS Level,Paper 1 - AS Level Multiple Choice,9708/1,60,30,33
4 The Macroeconomy (AS Level),4.1 National income statistics,4.1.2 measurement of national income: • Gross Domestic Product (GDP) • Gross National Income (GNI) • Net National Income (NNI),Economics,Cambridge Assessment International Education,Cambridge International AS & A Level,AS Level,Paper 2 - AS Level Data Response and Essays,9708/2,120,60,67
4 The Macroeconomy (AS Level),4.1 National income statistics,4.1.2 measurement of national income: • Gross Domestic Product (GDP) • Gross National Income (GNI) • Net National Income (NNI),Economics,Cambridge Assessment International Education,Cambridge International AS & A Level,A Level,Paper 1 - AS Level Multiple Choice,9708/1,60,30,17
4 The Macroeconomy (AS Level),4.1 National income statistics,4.1.2 measurement of national income: • Gross Domestic Product (GDP) • Gross National Income (GNI) • Net National Income (NNI),Economics,Cambridge Assessment International Education,Cambridge International AS & A Level,A Level,Paper 2 - AS Level Data Response and Essays,9708/2,120,60,33
4 The Macroeconomy (AS Level),4.1 National income statistics,4.1.3 adjustment of measures from market prices to basic prices,Economics,Cambridge Assessment International Education,Cambridge International AS & A Level,AS Level,Paper 1 - AS Level Multiple Choice,9708/1,60,30,33
4 The Macroeconomy (AS Level),4.1 National income statistics,4.1.3 adjustment of measures from market prices to basic prices,Economics,Cambridge Assessment International Education,Cambridge International AS & A Level,AS Level,Paper 2 - AS Level Data Response and Essays,9708/2,120,60,67
4 The Macroeconomy (AS Level),4.1 National income statistics,4.1.3 adjustment of measures from market prices to basic prices,Economics,Cambridge Assessment International Education,Cambridge International AS & A Level,A Level,Paper 1 - AS Level Multiple Choice,9708/1,60,30,17
4 The Macroeconomy (AS Level),4.1 National income statistics,4.1.3 adjustment of measures from market prices to basic prices,Economics,Cambridge Assessment International Education,Cambridge International AS & A Level,A Level,Paper 2 - AS Level Data Response and Essays,9708/2,120,60,33
4 The Macroeconomy (AS Level),4.1 National income statistics,4.1.4 adjustment of measures from gross values to net values,Economics,Cambridge Assessment International Education,Cambridge International AS & A Level,AS Level,Paper 1 - AS Level Multiple Choice,9708/1,60,30,33
4 The Macroeconomy (AS Level),4.1 National income statistics,4.1.4 adjustment of measures from gross values to net values,Economics,Cambridge Assessment International Education,Cambridge International AS & A Level,AS Level,Paper 2 - AS Level Data Response and Essays,9708/2,120,60,67
4 The Macroeconomy (AS Level),4.1 National income statistics,4.1.4 adjustment of measures from gross values to net values,Economics,Cambridge Assessment International Education,Cambridge International AS & A Level,A Level,Paper 1 - AS Level Multiple Choice,9708/1,60,30,17
4 The Macroeconomy (AS Level),4.1 National income statistics,4.1.4 adjustment of measures from gross values to net values,Economics,Cambridge Assessment International Education,Cambridge International AS & A Level,A Level,Paper 2 - AS Level Data Response and Essays,9708/2,120,60,33
4 The Macroeconomy (AS Level),4.2 Introduction to the circular flow of income,"4.2.1 circular flow of income in a closed economy and an open economy: the flow of income between households, firms and government and the international economy",Economics,Cambridge Assessment International Education,Cambridge International AS & A Level,AS Level,Paper 1 - AS Level Multiple Choice,9708/1,60,30,33
4 The Macroeconomy (AS Level),4.2 Introduction to the circular flow of income,"4.2.1 circular flow of income in a closed economy and an open economy: the flow of income between households, firms and government and the international economy",Economics,Cambridge Assessment International Education,Cambridge International AS & A Level,AS Level,Paper 2 - AS Level Data Response and Essays,9708/2,120,60,67
4 The Macroeconomy (AS Level),4.2 Introduction to the circular flow of income,"4.2.1 circular flow of income in a closed economy and an open economy: the flow of income between households, firms and government and the international economy",Economics,Cambridge Assessment International Education,Cambridge International AS & A Level,A Level,Paper 1 - AS Level Multiple Choice,9708/1,60,30,17
4 The Macroeconomy (AS Level),4.2 Introduction to the circular flow of income,"4.2.1 circular flow of income in a closed economy and an open economy: the flow of income between households, firms and government and the international economy",Economics,Cambridge Assessment International Education,Cambridge International AS & A Level,A Level,Paper 2 - AS Level Data Response and Essays,9708/2,120,60,33
4 The Macroeconomy (AS Level),4.2 Introduction to the circular flow of income,4.2.2 injections and leakages (multiplier not required),Economics,Cambridge Assessment International Education,Cambridge International AS & A Level,AS Level,Paper 1 - AS Level Multiple Choice,9708/1,60,30,33
4 The Macroeconomy (AS Level),4.2 Introduction to the circular flow of income,4.2.2 injections and leakages (multiplier not required),Economics,Cambridge Assessment International Education,Cambridge International AS & A Level,AS Level,Paper 2 - AS Level Data Response and Essays,9708/2,120,60,67
4 The Macroeconomy (AS Level),4.2 Introduction to the circular flow of income,4.2.2 injections and leakages (multiplier not required),Economics,Cambridge Assessment International Education,Cambridge International AS & A Level,A Level,Paper 1 - AS Level Multiple Choice,9708/1,60,30,17
4 The Macroeconomy (AS Level),4.2 Introduction to the circular flow of income,4.2.2 injections and leakages (multiplier not required),Economics,Cambridge Assessment International Education,Cambridge International AS & A Level,A Level,Paper 2 - AS Level Data Response and Essays,9708/2,120,60,33
4 The Macroeconomy (AS Level),4.2 Introduction to the circular flow of income,4.2.3 equilibrium and disequilibrium (marginal and average propensities not required),Economics,Cambridge Assessment International Education,Cambridge International AS & A Level,AS Level,Paper 1 - AS Level Multiple Choice,9708/1,60,30,33
4 The Macroeconomy (AS Level),4.2 Introduction to the circular flow of income,4.2.3 equilibrium and disequilibrium (marginal and average propensities not required),Economics,Cambridge Assessment International Education,Cambridge International AS & A Level,AS Level,Paper 2 - AS Level Data Response and Essays,9708/2,120,60,67
4 The Macroeconomy (AS Level),4.2 Introduction to the circular flow of income,4.2.3 equilibrium and disequilibrium (marginal and average propensities not required),Economics,Cambridge Assessment International Education,Cambridge International AS & A Level,A Level,Paper 1 - AS Level Multiple Choice,9708/1,60,30,17
4 The Macroeconomy (AS Level),4.2 Introduction to the circular flow of income,4.2.3 equilibrium and disequilibrium (marginal and average propensities not required),Economics,Cambridge Assessment International Education,Cambridge International AS & A Level,A Level,Paper 2 - AS Level Data Response and Essays,9708/2,120,60,33
4 The Macroeconomy (AS Level),4.3 Aggregate Demand and Aggregate Supply analysis,4.3.1 definition of Aggregate Demand (AD),Economics,Cambridge Assessment International Education,Cambridge International AS & A Level,AS Level,Paper 1 - AS Level Multiple Choice,9708/1,60,30,33
4 The Macroeconomy (AS Level),4.3 Aggregate Demand and Aggregate Supply analysis,4.3.1 definition of Aggregate Demand (AD),Economics,Cambridge Assessment International Education,Cambridge International AS & A Level,AS Level,Paper 2 - AS Level Data Response and Essays,9708/2,120,60,67
4 The Macroeconomy (AS Level),4.3 Aggregate Demand and Aggregate Supply analysis,4.3.1 definition of Aggregate Demand (AD),Economics,Cambridge Assessment International Education,Cambridge International AS & A Level,A Level,Paper 1 - AS Level Multiple Choice,9708/1,60,30,17
4 The Macroeconomy (AS Level),4.3 Aggregate Demand and Aggregate Supply analysis,4.3.1 definition of Aggregate Demand (AD),Economics,Cambridge Assessment International Education,Cambridge International AS & A Level,A Level,Paper 2 - AS Level Data Response and Essays,9708/2,120,60,33
4 The Macroeconomy (AS Level),4.3 Aggregate Demand and Aggregate Supply analysis,4.3.2 components of AD and their meanings: AD = C + I + G + (X – M),Economics,Cambridge Assessment International Education,Cambridge International AS & A Level,AS Level,Paper 1 - AS Level Multiple Choice,9708/1,60,30,33
4 The Macroeconomy (AS Level),4.3 Aggregate Demand and Aggregate Supply analysis,4.3.2 components of AD and their meanings: AD = C + I + G + (X – M),Economics,Cambridge Assessment International Education,Cambridge International AS & A Level,AS Level,Paper 2 - AS Level Data Response and Essays,9708/2,120,60,67
4 The Macroeconomy (AS Level),4.3 Aggregate Demand and Aggregate Supply analysis,4.3.2 components of AD and their meanings: AD = C + I + G + (X – M),Economics,Cambridge Assessment International Education,Cambridge International AS & A Level,A Level,Paper 1 - AS Level Multiple Choice,9708/1,60,30,17
4 The Macroeconomy (AS Level),4.3 Aggregate Demand and Aggregate Supply analysis,4.3.2 components of AD and their meanings: AD = C + I + G + (X – M),Economics,Cambridge Assessment International Education,Cambridge International AS & A Level,A Level,Paper 2 - AS Level Data Response and Essays,9708/2,120,60,33
4 The Macroeconomy (AS Level),4.3 Aggregate Demand and Aggregate Supply analysis,4.3.3 determinants of AD (detailed knowledge of the components of AD is not required),Economics,Cambridge Assessment International Education,Cambridge International AS & A Level,AS Level,Paper 1 - AS Level Multiple Choice,9708/1,60,30,33
4 The Macroeconomy (AS Level),4.3 Aggregate Demand and Aggregate Supply analysis,4.3.3 determinants of AD (detailed knowledge of the components of AD is not required),Economics,Cambridge Assessment International Education,Cambridge International AS & A Level,AS Level,Paper 2 - AS Level Data Response and Essays,9708/2,120,60,67
4 The Macroeconomy (AS Level),4.3 Aggregate Demand and Aggregate Supply analysis,4.3.3 determinants of AD (detailed knowledge of the components of AD is not required),Economics,Cambridge Assessment International Education,Cambridge International AS & A Level,A Level,Paper 1 - AS Level Multiple Choice,9708/1,60,30,17
4 The Macroeconomy (AS Level),4.3 Aggregate Demand and Aggregate Supply analysis,4.3.3 determinants of AD (detailed knowledge of the components of AD is not required),Economics,Cambridge Assessment International Education,Cambridge International AS & A Level,A Level,Paper 2 - AS Level Data Response and Essays,9708/2,120,60,33
4 The Macroeconomy (AS Level),4.3 Aggregate Demand and Aggregate Supply analysis,4.3.4 shape of the AD curve (downward sloping),Economics,Cambridge Assessment International Education,Cambridge International AS & A Level,AS Level,Paper 1 - AS Level Multiple Choice,9708/1,60,30,33
4 The Macroeconomy (AS Level),4.3 Aggregate Demand and Aggregate Supply analysis,4.3.4 shape of the AD curve (downward sloping),Economics,Cambridge Assessment International Education,Cambridge International AS & A Level,AS Level,Paper 2 - AS Level Data Response and Essays,9708/2,120,60,67
4 The Macroeconomy (AS Level),4.3 Aggregate Demand and Aggregate Supply analysis,4.3.4 shape of the AD curve (downward sloping),Economics,Cambridge Assessment International Education,Cambridge International AS & A Level,A Level,Paper 1 - AS Level Multiple Choice,9708/1,60,30,17
4 The Macroeconomy (AS Level),4.3 Aggregate Demand and Aggregate Supply analysis,4.3.4 shape of the AD curve (downward sloping),Economics,Cambridge Assessment International Education,Cambridge International AS & A Level,A Level,Paper 2 - AS Level Data Response and Essays,9708/2,120,60,33
4 The Macroeconomy (AS Level),4.3 Aggregate Demand and Aggregate Supply analysis,4.3.5 causes of a shift in the AD curve,Economics,Cambridge Assessment International Education,Cambridge International AS & A Level,AS Level,Paper 1 - AS Level Multiple Choice,9708/1,60,30,33
4 The Macroeconomy (AS Level),4.3 Aggregate Demand and Aggregate Supply analysis,4.3.5 causes of a shift in the AD curve,Economics,Cambridge Assessment International Education,Cambridge International AS & A Level,AS Level,Paper 2 - AS Level Data Response and Essays,9708/2,120,60,67
4 The Macroeconomy (AS Level),4.3 Aggregate Demand and Aggregate Supply analysis,4.3.5 causes of a shift in the AD curve,Economics,Cambridge Assessment International Education,Cambridge International AS & A Level,A Level,Paper 1 - AS Level Multiple Choice,9708/1,60,30,17
4 The Macroeconomy (AS Level),4.3 Aggregate Demand and Aggregate Supply analysis,4.3.5 causes of a shift in the AD curve,Economics,Cambridge Assessment International Education,Cambridge International AS & A Level,A Level,Paper 2 - AS Level Data Response and Essays,9708/2,120,60,33
4 The Macroeconomy (AS Level),4.3 Aggregate Demand and Aggregate Supply analysis,4.3.6 definition of Aggregate Supply (AS),Economics,Cambridge Assessment International Education,Cambridge International AS & A Level,AS Level,Paper 1 - AS Level Multiple Choice,9708/1,60,30,33
4 The Macroeconomy (AS Level),4.3 Aggregate Demand and Aggregate Supply analysis,4.3.6 definition of Aggregate Supply (AS),Economics,Cambridge Assessment International Education,Cambridge International AS & A Level,AS Level,Paper 2 - AS Level Data Response and Essays,9708/2,120,60,67
4 The Macroeconomy (AS Level),4.3 Aggregate Demand and Aggregate Supply analysis,4.3.6 definition of Aggregate Supply (AS),Economics,Cambridge Assessment International Education,Cambridge International AS & A Level,A Level,Paper 1 - AS Level Multiple Choice,9708/1,60,30,17
4 The Macroeconomy (AS Level),4.3 Aggregate Demand and Aggregate Supply analysis,4.3.6 definition of Aggregate Supply (AS),Economics,Cambridge Assessment International Education,Cambridge International AS & A Level,A Level,Paper 2 - AS Level Data Response and Essays,9708/2,120,60,33
4 The Macroeconomy (AS Level),4.3 Aggregate Demand and Aggregate Supply analysis,4.3.7 determinants of AS,Economics,Cambridge Assessment International Education,Cambridge International AS & A Level,AS Level,Paper 1 - AS Level Multiple Choice,9708/1,60,30,33
4 The Macroeconomy (AS Level),4.3 Aggregate Demand and Aggregate Supply analysis,4.3.7 determinants of AS,Economics,Cambridge Assessment International Education,Cambridge International AS & A Level,AS Level,Paper 2 - AS Level Data Response and Essays,9708/2,120,60,67
4 The Macroeconomy (AS Level),4.3 Aggregate Demand and Aggregate Supply analysis,4.3.7 determinants of AS,Economics,Cambridge Assessment International Education,Cambridge International AS & A Level,A Level,Paper 1 - AS Level Multiple Choice,9708/1,60,30,17
4 The Macroeconomy (AS Level),4.3 Aggregate Demand and Aggregate Supply analysis,4.3.7 determinants of AS,Economics,Cambridge Assessment International Education,Cambridge International AS & A Level,A Level,Paper 2 - AS Level Data Response and Essays,9708/2,120,60,33
4 The Macroeconomy (AS Level),4.3 Aggregate Demand and Aggregate Supply analysis,"4.3.8 shape of the AS curve in the short run (SRAS, upward sloping line or sweeping curve) and the long run (LRAS, either a vertical line or in three sections – highly elastic, upward sloping, vertical)",Economics,Cambridge Assessment International Education,Cambridge International AS & A Level,AS Level,Paper 1 - AS Level Multiple Choice,9708/1,60,30,33
4 The Macroeconomy (AS Level),4.3 Aggregate Demand and Aggregate Supply analysis,"4.3.8 shape of the AS curve in the short run (SRAS, upward sloping line or sweeping curve) and the long run (LRAS, either a vertical line or in three sections – highly elastic, upward sloping, vertical)",Economics,Cambridge Assessment International Education,Cambridge International AS & A Level,AS Level,Paper 2 - AS Level Data Response and Essays,9708/2,120,60,67
4 The Macroeconomy (AS Level),4.3 Aggregate Demand and Aggregate Supply analysis,"4.3.8 shape of the AS curve in the short run (SRAS, upward sloping line or sweeping curve) and the long run (LRAS, either a vertical line or in three sections – highly elastic, upward sloping, vertical)",Economics,Cambridge Assessment International Education,Cambridge International AS & A Level,A Level,Paper 1 - AS Level Multiple Choice,9708/1,60,30,17
4 The Macroeconomy (AS Level),4.3 Aggregate Demand and Aggregate Supply analysis,"4.3.8 shape of the AS curve in the short run (SRAS, upward sloping line or sweeping curve) and the long run (LRAS, either a vertical line or in three sections – highly elastic, upward sloping, vertical)",Economics,Cambridge Assessment International Education,Cambridge International AS & A Level,A Level,Paper 2 - AS Level Data Response and Essays,9708/2,120,60,33
4 The Macroeconomy (AS Level),4.3 Aggregate Demand and Aggregate Supply analysis,4.3.9 causes of a shift in the AS curve in the short run (SRAS) and in the long run (LRAS),Economics,Cambridge Assessment International Education,Cambridge International AS & A Level,AS Level,Paper 1 - AS Level Multiple Choice,9708/1,60,30,33
4 The Macroeconomy (AS Level),4.3 Aggregate Demand and Aggregate Supply analysis,4.3.9 causes of a shift in the AS curve in the short run (SRAS) and in the long run (LRAS),Economics,Cambridge Assessment International Education,Cambridge International AS & A Level,AS Level,Paper 2 - AS Level Data Response and Essays,9708/2,120,60,67
4 The Macroeconomy (AS Level),4.3 Aggregate Demand and Aggregate Supply analysis,4.3.9 causes of a shift in the AS curve in the short run (SRAS) and in the long run (LRAS),Economics,Cambridge Assessment International Education,Cambridge International AS & A Level,A Level,Paper 1 - AS Level Multiple Choice,9708/1,60,30,17
4 The Macroeconomy (AS Level),4.3 Aggregate Demand and Aggregate Supply analysis,4.3.9 causes of a shift in the AS curve in the short run (SRAS) and in the long run (LRAS),Economics,Cambridge Assessment International Education,Cambridge International AS & A Level,A Level,Paper 2 - AS Level Data Response and Essays,9708/2,120,60,33
4 The Macroeconomy (AS Level),4.3 Aggregate Demand and Aggregate Supply analysis,4.3.10 distinction between a movement along and a shift in AD and AS,Economics,Cambridge Assessment International Education,Cambridge International AS & A Level,AS Level,Paper 1 - AS Level Multiple Choice,9708/1,60,30,33
4 The Macroeconomy (AS Level),4.3 Aggregate Demand and Aggregate Supply analysis,4.3.10 distinction between a movement along and a shift in AD and AS,Economics,Cambridge Assessment International Education,Cambridge International AS & A Level,AS Level,Paper 2 - AS Level Data Response and Essays,9708/2,120,60,67
4 The Macroeconomy (AS Level),4.3 Aggregate Demand and Aggregate Supply analysis,4.3.10 distinction between a movement along and a shift in AD and AS,Economics,Cambridge Assessment International Education,Cambridge International AS & A Level,A Level,Paper 1 - AS Level Multiple Choice,9708/1,60,30,17
4 The Macroeconomy (AS Level),4.3 Aggregate Demand and Aggregate Supply analysis,4.3.10 distinction between a movement along and a shift in AD and AS,Economics,Cambridge Assessment International Education,Cambridge International AS & A Level,A Level,Paper 2 - AS Level Data Response and Essays,9708/2,120,60,33
4 The Macroeconomy (AS Level),4.3 Aggregate Demand and Aggregate Supply analysis,"4.3.11 establishment of equilibrium in the AD/AS model and the determination of the level of real output, the price level and employment",Economics,Cambridge Assessment International Education,Cambridge International AS & A Level,AS Level,Paper 1 - AS Level Multiple Choice,9708/1,60,30,33
4 The Macroeconomy (AS Level),4.3 Aggregate Demand and Aggregate Supply analysis,"4.3.11 establishment of equilibrium in the AD/AS model and the determination of the level of real output, the price level and employment",Economics,Cambridge Assessment International Education,Cambridge International AS & A Level,AS Level,Paper 2 - AS Level Data Response and Essays,9708/2,120,60,67
4 The Macroeconomy (AS Level),4.3 Aggregate Demand and Aggregate Supply analysis,"4.3.11 establishment of equilibrium in the AD/AS model and the determination of the level of real output, the price level and employment",Economics,Cambridge Assessment International Education,Cambridge International AS & A Level,A Level,Paper 1 - AS Level Multiple Choice,9708/1,60,30,17
4 The Macroeconomy (AS Level),4.3 Aggregate Demand and Aggregate Supply analysis,"4.3.11 establishment of equilibrium in the AD/AS model and the determination of the level of real output, the price level and employment",Economics,Cambridge Assessment International Education,Cambridge International AS & A Level,A Level,Paper 2 - AS Level Data Response and Essays,9708/2,120,60,33
4 The Macroeconomy (AS Level),4.3 Aggregate Demand and Aggregate Supply analysis,"4.3.12 effects of shifts in the AD curve and the AS curve on the level of real output, the price level and employment",Economics,Cambridge Assessment International Education,Cambridge International AS & A Level,AS Level,Paper 1 - AS Level Multiple Choice,9708/1,60,30,33
4 The Macroeconomy (AS Level),4.3 Aggregate Demand and Aggregate Supply analysis,"4.3.12 effects of shifts in the AD curve and the AS curve on the level of real output, the price level and employment",Economics,Cambridge Assessment International Education,Cambridge International AS & A Level,AS Level,Paper 2 - AS Level Data Response and Essays,9708/2,120,60,67
4 The Macroeconomy (AS Level),4.3 Aggregate Demand and Aggregate Supply analysis,"4.3.12 effects of shifts in the AD curve and the AS curve on the level of real output, the price level and employment",Economics,Cambridge Assessment International Education,Cambridge International AS & A Level,A Level,Paper 1 - AS Level Multiple Choice,9708/1,60,30,17
4 The Macroeconomy (AS Level),4.3 Aggregate Demand and Aggregate Supply analysis,"4.3.12 effects of shifts in the AD curve and the AS curve on the level of real output, the price level and employment",Economics,Cambridge Assessment International Education,Cambridge International AS & A Level,A Level,Paper 2 - AS Level Data Response and Essays,9708/2,120,60,33
4 The Macroeconomy (AS Level),4.4 Economic growth,4.4.1 meaning of economic growth,Economics,Cambridge Assessment International Education,Cambridge International AS & A Level,AS Level,Paper 1 - AS Level Multiple Choice,9708/1,60,30,33
4 The Macroeconomy (AS Level),4.4 Economic growth,4.4.1 meaning of economic growth,Economics,Cambridge Assessment International Education,Cambridge International AS & A Level,AS Level,Paper 2 - AS Level Data Response and Essays,9708/2,120,60,67
4 The Macroeconomy (AS Level),4.4 Economic growth,4.4.1 meaning of economic growth,Economics,Cambridge Assessment International Education,Cambridge International AS & A Level,A Level,Paper 1 - AS Level Multiple Choice,9708/1,60,30,17
4 The Macroeconomy (AS Level),4.4 Economic growth,4.4.1 meaning of economic growth,Economics,Cambridge Assessment International Education,Cambridge International AS & A Level,A Level,Paper 2 - AS Level Data Response and Essays,9708/2,120,60,33
4 The Macroeconomy (AS Level),4.4 Economic growth,4.4.2 measurement of economic growth,Economics,Cambridge Assessment International Education,Cambridge International AS & A Level,AS Level,Paper 1 - AS Level Multiple Choice,9708/1,60,30,33
4 The Macroeconomy (AS Level),4.4 Economic growth,4.4.2 measurement of economic growth,Economics,Cambridge Assessment International Education,Cambridge International AS & A Level,AS Level,Paper 2 - AS Level Data Response and Essays,9708/2,120,60,67
4 The Macroeconomy (AS Level),4.4 Economic growth,4.4.2 measurement of economic growth,Economics,Cambridge Assessment International Education,Cambridge International AS & A Level,A Level,Paper 1 - AS Level Multiple Choice,9708/1,60,30,17
4 The Macroeconomy (AS Level),4.4 Economic growth,4.4.2 measurement of economic growth,Economics,Cambridge Assessment International Education,Cambridge International AS & A Level,A Level,Paper 2 - AS Level Data Response and Essays,9708/2,120,60,33
4 The Macroeconomy (AS Level),4.4 Economic growth,4.4.3 distinction between growth in nominal GDP and real GDP,Economics,Cambridge Assessment International Education,Cambridge International AS & A Level,AS Level,Paper 1 - AS Level Multiple Choice,9708/1,60,30,33
4 The Macroeconomy (AS Level),4.4 Economic growth,4.4.3 distinction between growth in nominal GDP and real GDP,Economics,Cambridge Assessment International Education,Cambridge International AS & A Level,AS Level,Paper 2 - AS Level Data Response and Essays,9708/2,120,60,67
4 The Macroeconomy (AS Level),4.4 Economic growth,4.4.3 distinction between growth in nominal GDP and real GDP,Economics,Cambridge Assessment International Education,Cambridge International AS & A Level,A Level,Paper 1 - AS Level Multiple Choice,9708/1,60,30,17
4 The Macroeconomy (AS Level),4.4 Economic growth,4.4.3 distinction between growth in nominal GDP and real GDP,Economics,Cambridge Assessment International Education,Cambridge International AS & A Level,A Level,Paper 2 - AS Level Data Response and Essays,9708/2,120,60,33
4 The Macroeconomy (AS Level),4.4 Economic growth,4.4.4 causes of economic growth,Economics,Cambridge Assessment International Education,Cambridge International AS & A Level,AS Level,Paper 1 - AS Level Multiple Choice,9708/1,60,30,33
4 The Macroeconomy (AS Level),4.4 Economic growth,4.4.4 causes of economic growth,Economics,Cambridge Assessment International Education,Cambridge International AS & A Level,AS Level,Paper 2 - AS Level Data Response and Essays,9708/2,120,60,67
4 The Macroeconomy (AS Level),4.4 Economic growth,4.4.4 causes of economic growth,Economics,Cambridge Assessment International Education,Cambridge International AS & A Level,A Level,Paper 1 - AS Level Multiple Choice,9708/1,60,30,17
4 The Macroeconomy (AS Level),4.4 Economic growth,4.4.4 causes of economic growth,Economics,Cambridge Assessment International Education,Cambridge International AS & A Level,A Level,Paper 2 - AS Level Data Response and Essays,9708/2,120,60,33
4 The Macroeconomy (AS Level),4.4 Economic growth,4.4.5 consequences of economic growth,Economics,Cambridge Assessment International Education,Cambridge International AS & A Level,AS Level,Paper 1 - AS Level Multiple Choice,9708/1,60,30,33
4 The Macroeconomy (AS Level),4.4 Economic growth,4.4.5 consequences of economic growth,Economics,Cambridge Assessment International Education,Cambridge International AS & A Level,AS Level,Paper 2 - AS Level Data Response and Essays,9708/2,120,60,67
4 The Macroeconomy (AS Level),4.4 Economic growth,4.4.5 consequences of economic growth,Economics,Cambridge Assessment International Education,Cambridge International AS & A Level,A Level,Paper 1 - AS Level Multiple Choice,9708/1,60,30,17
4 The Macroeconomy (AS Level),4.4 Economic growth,4.4.5 consequences of economic growth,Economics,Cambridge Assessment International Education,Cambridge International AS & A Level,A Level,Paper 2 - AS Level Data Response and Essays,9708/2,120,60,33
4 The Macroeconomy (AS Level),4.5 Unemployment,4.5.1 meaning of unemployment,Economics,Cambridge Assessment International Education,Cambridge International AS & A Level,AS Level,Paper 1 - AS Level Multiple Choice,9708/1,60,30,33
4 The Macroeconomy (AS Level),4.5 Unemployment,4.5.1 meaning of unemployment,Economics,Cambridge Assessment International Education,Cambridge International AS & A Level,AS Level,Paper 2 - AS Level Data Response and Essays,9708/2,120,60,67
4 The Macroeconomy (AS Level),4.5 Unemployment,4.5.1 meaning of unemployment,Economics,Cambridge Assessment International Education,Cambridge International AS & A Level,A Level,Paper 1 - AS Level Multiple Choice,9708/1,60,30,17
4 The Macroeconomy (AS Level),4.5 Unemployment,4.5.1 meaning of unemployment,Economics,Cambridge Assessment International Education,Cambridge International AS & A Level,A Level,Paper 2 - AS Level Data Response and Essays,9708/2,120,60,33
4 The Macroeconomy (AS Level),4.5 Unemployment,"4.5.2 measures of unemployment, with reference to possible difficulties in measurement",Economics,Cambridge Assessment International Education,Cambridge International AS & A Level,AS Level,Paper 1 - AS Level Multiple Choice,9708/1,60,30,33
4 The Macroeconomy (AS Level),4.5 Unemployment,"4.5.2 measures of unemployment, with reference to possible difficulties in measurement",Economics,Cambridge Assessment International Education,Cambridge International AS & A Level,AS Level,Paper 2 - AS Level Data Response and Essays,9708/2,120,60,67
4 The Macroeconomy (AS Level),4.5 Unemployment,"4.5.2 measures of unemployment, with reference to possible difficulties in measurement",Economics,Cambridge Assessment International Education,Cambridge International AS & A Level,A Level,Paper 1 - AS Level Multiple Choice,9708/1,60,30,17
4 The Macroeconomy (AS Level),4.5 Unemployment,"4.5.2 measures of unemployment, with reference to possible difficulties in measurement",Economics,Cambridge Assessment International Education,Cambridge International AS & A Level,A Level,Paper 2 - AS Level Data Response and Essays,9708/2,120,60,33
4 The Macroeconomy (AS Level),4.5 Unemployment,"4.5.3 causes and types of unemployment: frictional, structural, cyclical, seasonal and technological",Economics,Cambridge Assessment International Education,Cambridge International AS & A Level,AS Level,Paper 1 - AS Level Multiple Choice,9708/1,60,30,33
4 The Macroeconomy (AS Level),4.5 Unemployment,"4.5.3 causes and types of unemployment: frictional, structural, cyclical, seasonal and technological",Economics,Cambridge Assessment International Education,Cambridge International AS & A Level,AS Level,Paper 2 - AS Level Data Response and Essays,9708/2,120,60,67
4 The Macroeconomy (AS Level),4.5 Unemployment,"4.5.3 causes and types of unemployment: frictional, structural, cyclical, seasonal and technological",Economics,Cambridge Assessment International Education,Cambridge International AS & A Level,A Level,Paper 1 - AS Level Multiple Choice,9708/1,60,30,17
4 The Macroeconomy (AS Level),4.5 Unemployment,"4.5.3 causes and types of unemployment: frictional, structural, cyclical, seasonal and technological",Economics,Cambridge Assessment International Education,Cambridge International AS & A Level,A Level,Paper 2 - AS Level Data Response and Essays,9708/2,120,60,33
4 The Macroeconomy (AS Level),4.5 Unemployment,4.5.4 consequences of unemployment,Economics,Cambridge Assessment International Education,Cambridge International AS & A Level,AS Level,Paper 1 - AS Level Multiple Choice,9708/1,60,30,33
4 The Macroeconomy (AS Level),4.5 Unemployment,4.5.4 consequences of unemployment,Economics,Cambridge Assessment International Education,Cambridge International AS & A Level,AS Level,Paper 2 - AS Level Data Response and Essays,9708/2,120,60,67
4 The Macroeconomy (AS Level),4.5 Unemployment,4.5.4 consequences of unemployment,Economics,Cambridge Assessment International Education,Cambridge International AS & A Level,A Level,Paper 1 - AS Level Multiple Choice,9708/1,60,30,17
4 The Macroeconomy (AS Level),4.5 Unemployment,4.5.4 consequences of unemployment,Economics,Cambridge Assessment International Education,Cambridge International AS & A Level,A Level,Paper 2 - AS Level Data Response and Essays,9708/2,120,60,33
4 The Macroeconomy (AS Level),4.6 Price stability,"4.6.1 definition of inflation, deflation and disinflation",Economics,Cambridge Assessment International Education,Cambridge International AS & A Level,AS Level,Paper 1 - AS Level Multiple Choice,9708/1,60,30,33
4 The Macroeconomy (AS Level),4.6 Price stability,"4.6.1 definition of inflation, deflation and disinflation",Economics,Cambridge Assessment International Education,Cambridge International AS & A Level,AS Level,Paper 2 - AS Level Data Response and Essays,9708/2,120,60,67
4 The Macroeconomy (AS Level),4.6 Price stability,"4.6.1 definition of inflation, deflation and disinflation",Economics,Cambridge Assessment International Education,Cambridge International AS & A Level,A Level,Paper 1 - AS Level Multiple Choice,9708/1,60,30,17
4 The Macroeconomy (AS Level),4.6 Price stability,"4.6.1 definition of inflation, deflation and disinflation",Economics,Cambridge Assessment International Education,Cambridge International AS & A Level,A Level,Paper 2 - AS Level Data Response and Essays,9708/2,120,60,33
4 The Macroeconomy (AS Level),4.6 Price stability,4.6.2 measurement of changes in the price level: • consumer price index (CPI) • possible difficulties in measurement,Economics,Cambridge Assessment International Education,Cambridge International AS & A Level,AS Level,Paper 1 - AS Level Multiple Choice,9708/1,60,30,33
4 The Macroeconomy (AS Level),4.6 Price stability,4.6.2 measurement of changes in the price level: • consumer price index (CPI) • possible difficulties in measurement,Economics,Cambridge Assessment International Education,Cambridge International AS & A Level,AS Level,Paper 2 - AS Level Data Response and Essays,9708/2,120,60,67
4 The Macroeconomy (AS Level),4.6 Price stability,4.6.2 measurement of changes in the price level: • consumer price index (CPI) • possible difficulties in measurement,Economics,Cambridge Assessment International Education,Cambridge International AS & A Level,A Level,Paper 1 - AS Level Multiple Choice,9708/1,60,30,17
4 The Macroeconomy (AS Level),4.6 Price stability,4.6.2 measurement of changes in the price level: • consumer price index (CPI) • possible difficulties in measurement,Economics,Cambridge Assessment International Education,Cambridge International AS & A Level,A Level,Paper 2 - AS Level Data Response and Essays,9708/2,120,60,33
4 The Macroeconomy (AS Level),4.6 Price stability,4.6.3 distinction between money values (nominal) and real data,Economics,Cambridge Assessment International Education,Cambridge International AS & A Level,AS Level,Paper 1 - AS Level Multiple Choice,9708/1,60,30,33
4 The Macroeconomy (AS Level),4.6 Price stability,4.6.3 distinction between money values (nominal) and real data,Economics,Cambridge Assessment International Education,Cambridge International AS & A Level,AS Level,Paper 2 - AS Level Data Response and Essays,9708/2,120,60,67
4 The Macroeconomy (AS Level),4.6 Price stability,4.6.3 distinction between money values (nominal) and real data,Economics,Cambridge Assessment International Education,Cambridge International AS & A Level,A Level,Paper 1 - AS Level Multiple Choice,9708/1,60,30,17
4 The Macroeconomy (AS Level),4.6 Price stability,4.6.3 distinction between money values (nominal) and real data,Economics,Cambridge Assessment International Education,Cambridge International AS & A Level,A Level,Paper 2 - AS Level Data Response and Essays,9708/2,120,60,33
4 The Macroeconomy (AS Level),4.6 Price stability,4.6.4 causes of inflation: cost-push and demand-pull inflation,Economics,Cambridge Assessment International Education,Cambridge International AS & A Level,AS Level,Paper 1 - AS Level Multiple Choice,9708/1,60,30,33
4 The Macroeconomy (AS Level),4.6 Price stability,4.6.4 causes of inflation: cost-push and demand-pull inflation,Economics,Cambridge Assessment International Education,Cambridge International AS & A Level,AS Level,Paper 2 - AS Level Data Response and Essays,9708/2,120,60,67
4 The Macroeconomy (AS Level),4.6 Price stability,4.6.4 causes of inflation: cost-push and demand-pull inflation,Economics,Cambridge Assessment International Education,Cambridge International AS & A Level,A Level,Paper 1 - AS Level Multiple Choice,9708/1,60,30,17
4 The Macroeconomy (AS Level),4.6 Price stability,4.6.4 causes of inflation: cost-push and demand-pull inflation,Economics,Cambridge Assessment International Education,Cambridge International AS & A Level,A Level,Paper 2 - AS Level Data Response and Essays,9708/2,120,60,33
4 The Macroeconomy (AS Level),4.6 Price stability,4.6.5 consequences of inflation,Economics,Cambridge Assessment International Education,Cambridge International AS & A Level,AS Level,Paper 1 - AS Level Multiple Choice,9708/1,60,30,33
4 The Macroeconomy (AS Level),4.6 Price stability,4.6.5 consequences of inflation,Economics,Cambridge Assessment International Education,Cambridge International AS & A Level,AS Level,Paper 2 - AS Level Data Response and Essays,9708/2,120,60,67
4 The Macroeconomy (AS Level),4.6 Price stability,4.6.5 consequences of inflation,Economics,Cambridge Assessment International Education,Cambridge International AS & A Level,A Level,Paper 1 - AS Level Multiple Choice,9708/1,60,30,17
4 The Macroeconomy (AS Level),4.6 Price stability,4.6.5 consequences of inflation,Economics,Cambridge Assessment International Education,Cambridge International AS & A Level,A Level,Paper 2 - AS Level Data Response and Essays,9708/2,120,60,33
5 Government macroeconomic intervention (AS Level),5.1 Government macroeconomic policy objectives,"5.1.1 use of government policy to achieve macroeconomic objectives: price stability, low unemployment, economic growth (policy conflicts and trade-offs are not required)",Economics,Cambridge Assessment International Education,Cambridge International AS & A Level,AS Level,Paper 1 - AS Level Multiple Choice,9708/1,60,30,33
5 Government macroeconomic intervention (AS Level),5.1 Government macroeconomic policy objectives,"5.1.1 use of government policy to achieve macroeconomic objectives: price stability, low unemployment, economic growth (policy conflicts and trade-offs are not required)",Economics,Cambridge Assessment International Education,Cambridge International AS & A Level,AS Level,Paper 2 - AS Level Data Response and Essays,9708/2,120,60,67
5 Government macroeconomic intervention (AS Level),5.1 Government macroeconomic policy objectives,"5.1.1 use of government policy to achieve macroeconomic objectives: price stability, low unemployment, economic growth (policy conflicts and trade-offs are not required)",Economics,Cambridge Assessment International Education,Cambridge International AS & A Level,A Level,Paper 1 - AS Level Multiple Choice,9708/1,60,30,17
5 Government macroeconomic intervention (AS Level),5.1 Government macroeconomic policy objectives,"5.1.1 use of government policy to achieve macroeconomic objectives: price stability, low unemployment, economic growth (policy conflicts and trade-offs are not required)",Economics,Cambridge Assessment International Education,Cambridge International AS & A Level,A Level,Paper 2 - AS Level Data Response and Essays,9708/2,120,60,33
5 Government macroeconomic intervention (AS Level),5.2 Fiscal policy,5.2.1 meaning of government budget,Economics,Cambridge Assessment International Education,Cambridge International AS & A Level,AS Level,Paper 1 - AS Level Multiple Choice,9708/1,60,30,33
5 Government macroeconomic intervention (AS Level),5.2 Fiscal policy,5.2.1 meaning of government budget,Economics,Cambridge Assessment International Education,Cambridge International AS & A Level,AS Level,Paper 2 - AS Level Data Response and Essays,9708/2,120,60,67
5 Government macroeconomic intervention (AS Level),5.2 Fiscal policy,5.2.1 meaning of government budget,Economics,Cambridge Assessment International Education,Cambridge International AS & A Level,A Level,Paper 1 - AS Level Multiple Choice,9708/1,60,30,17
5 Government macroeconomic intervention (AS Level),5.2 Fiscal policy,5.2.1 meaning of government budget,Economics,Cambridge Assessment International Education,Cambridge International AS & A Level,A Level,Paper 2 - AS Level Data Response and Essays,9708/2,120,60,33
5 Government macroeconomic intervention (AS Level),5.2 Fiscal policy,5.2.2 distinction between a government budget deficit and a government budget surplus,Economics,Cambridge Assessment International Education,Cambridge International AS & A Level,AS Level,Paper 1 - AS Level Multiple Choice,9708/1,60,30,33
5 Government macroeconomic intervention (AS Level),5.2 Fiscal policy,5.2.2 distinction between a government budget deficit and a government budget surplus,Economics,Cambridge Assessment International Education,Cambridge International AS & A Level,AS Level,Paper 2 - AS Level Data Response and Essays,9708/2,120,60,67
5 Government macroeconomic intervention (AS Level),5.2 Fiscal policy,5.2.2 distinction between a government budget deficit and a government budget surplus,Economics,Cambridge Assessment International Education,Cambridge International AS & A Level,A Level,Paper 1 - AS Level Multiple Choice,9708/1,60,30,17
5 Government macroeconomic intervention (AS Level),5.2 Fiscal policy,5.2.2 distinction between a government budget deficit and a government budget surplus,Economics,Cambridge Assessment International Education,Cambridge International AS & A Level,A Level,Paper 2 - AS Level Data Response and Essays,9708/2,120,60,33
5 Government macroeconomic intervention (AS Level),5.2 Fiscal policy,5.2.3 meaning and significance of the national debt,Economics,Cambridge Assessment International Education,Cambridge International AS & A Level,AS Level,Paper 1 - AS Level Multiple Choice,9708/1,60,30,33
5 Government macroeconomic intervention (AS Level),5.2 Fiscal policy,5.2.3 meaning and significance of the national debt,Economics,Cambridge Assessment International Education,Cambridge International AS & A Level,AS Level,Paper 2 - AS Level Data Response and Essays,9708/2,120,60,67
5 Government macroeconomic intervention (AS Level),5.2 Fiscal policy,5.2.3 meaning and significance of the national debt,Economics,Cambridge Assessment International Education,Cambridge International AS & A Level,A Level,Paper 1 - AS Level Multiple Choice,9708/1,60,30,17
5 Government macroeconomic intervention (AS Level),5.2 Fiscal policy,5.2.3 meaning and significance of the national debt,Economics,Cambridge Assessment International Education,Cambridge International AS & A Level,A Level,Paper 2 - AS Level Data Response and Essays,9708/2,120,60,33
5 Government macroeconomic intervention (AS Level),5.2 Fiscal policy,"5.2.4 taxation: • types of taxes: direct/indirect, progressive/regressive/proportional • rates of tax: marginal and average rates of taxation (mrt, art) • reasons for taxation",Economics,Cambridge Assessment International Education,Cambridge International AS & A Level,AS Level,Paper 1 - AS Level Multiple Choice,9708/1,60,30,33
5 Government macroeconomic intervention (AS Level),5.2 Fiscal policy,"5.2.4 taxation: • types of taxes: direct/indirect, progressive/regressive/proportional • rates of tax: marginal and average rates of taxation (mrt, art) • reasons for taxation",Economics,Cambridge Assessment International Education,Cambridge International AS & A Level,AS Level,Paper 2 - AS Level Data Response and Essays,9708/2,120,60,67
5 Government macroeconomic intervention (AS Level),5.2 Fiscal policy,"5.2.4 taxation: • types of taxes: direct/indirect, progressive/regressive/proportional • rates of tax: marginal and average rates of taxation (mrt, art) • reasons for taxation",Economics,Cambridge Assessment International Education,Cambridge International AS & A Level,A Level,Paper 1 - AS Level Multiple Choice,9708/1,60,30,17
5 Government macroeconomic intervention (AS Level),5.2 Fiscal policy,"5.2.4 taxation: • types of taxes: direct/indirect, progressive/regressive/proportional • rates of tax: marginal and average rates of taxation (mrt, art) • reasons for taxation",Economics,Cambridge Assessment International Education,Cambridge International AS & A Level,A Level,Paper 2 - AS Level Data Response and Essays,9708/2,120,60,33
5 Government macroeconomic intervention (AS Level),5.2 Fiscal policy,5.2.5 government spending: • types of spending: capital (investment) and current • reasons for government spending,Economics,Cambridge Assessment International Education,Cambridge International AS & A Level,AS Level,Paper 1 - AS Level Multiple Choice,9708/1,60,30,33
5 Government macroeconomic intervention (AS Level),5.2 Fiscal policy,5.2.5 government spending: • types of spending: capital (investment) and current • reasons for government spending,Economics,Cambridge Assessment International Education,Cambridge International AS & A Level,AS Level,Paper 2 - AS Level Data Response and Essays,9708/2,120,60,67
5 Government macroeconomic intervention (AS Level),5.2 Fiscal policy,5.2.5 government spending: • types of spending: capital (investment) and current • reasons for government spending,Economics,Cambridge Assessment International Education,Cambridge International AS & A Level,A Level,Paper 1 - AS Level Multiple Choice,9708/1,60,30,17
5 Government macroeconomic intervention (AS Level),5.2 Fiscal policy,5.2.5 government spending: • types of spending: capital (investment) and current • reasons for government spending,Economics,Cambridge Assessment International Education,Cambridge International AS & A Level,A Level,Paper 2 - AS Level Data Response and Essays,9708/2,120,60,33
5 Government macroeconomic intervention (AS Level),5.2 Fiscal policy,5.2.6 distinction between expansionary and contractionary fiscal policy,Economics,Cambridge Assessment International Education,Cambridge International AS & A Level,AS Level,Paper 1 - AS Level Multiple Choice,9708/1,60,30,33
5 Government macroeconomic intervention (AS Level),5.2 Fiscal policy,5.2.6 distinction between expansionary and contractionary fiscal policy,Economics,Cambridge Assessment International Education,Cambridge International AS & A Level,AS Level,Paper 2 - AS Level Data Response and Essays,9708/2,120,60,67
5 Government macroeconomic intervention (AS Level),5.2 Fiscal policy,5.2.6 distinction between expansionary and contractionary fiscal policy,Economics,Cambridge Assessment International Education,Cambridge International AS & A Level,A Level,Paper 1 - AS Level Multiple Choice,9708/1,60,30,17
5 Government macroeconomic intervention (AS Level),5.2 Fiscal policy,5.2.6 distinction between expansionary and contractionary fiscal policy,Economics,Cambridge Assessment International Education,Cambridge International AS & A Level,A Level,Paper 2 - AS Level Data Response and Essays,9708/2,120,60,33
5 Government macroeconomic intervention (AS Level),5.2 Fiscal policy,"5.2.7 AD/AS analysis of the impact of expansionary and contractionary fiscal policy on the equilibrium level of national income and the level of real output, the price level and employment",Economics,Cambridge Assessment International Education,Cambridge International AS & A Level,AS Level,Paper 1 - AS Level Multiple Choice,9708/1,60,30,33
5 Government macroeconomic intervention (AS Level),5.2 Fiscal policy,"5.2.7 AD/AS analysis of the impact of expansionary and contractionary fiscal policy on the equilibrium level of national income and the level of real output, the price level and employment",Economics,Cambridge Assessment International Education,Cambridge International AS & A Level,AS Level,Paper 2 - AS Level Data Response and Essays,9708/2,120,60,67
5 Government macroeconomic intervention (AS Level),5.2 Fiscal policy,"5.2.7 AD/AS analysis of the impact of expansionary and contractionary fiscal policy on the equilibrium level of national income and the level of real output, the price level and employment",Economics,Cambridge Assessment International Education,Cambridge International AS & A Level,A Level,Paper 1 - AS Level Multiple Choice,9708/1,60,30,17
5 Government macroeconomic intervention (AS Level),5.2 Fiscal policy,"5.2.7 AD/AS analysis of the impact of expansionary and contractionary fiscal policy on the equilibrium level of national income and the level of real output, the price level and employment",Economics,Cambridge Assessment International Education,Cambridge International AS & A Level,A Level,Paper 2 - AS Level Data Response and Essays,9708/2,120,60,33
5 Government macroeconomic intervention (AS Level),5.3 Monetary policy,5.3.1 definition of monetary policy,Economics,Cambridge Assessment International Education,Cambridge International AS & A Level,AS Level,Paper 1 - AS Level Multiple Choice,9708/1,60,30,33
5 Government macroeconomic intervention (AS Level),5.3 Monetary policy,5.3.1 definition of monetary policy,Economics,Cambridge Assessment International Education,Cambridge International AS & A Level,AS Level,Paper 2 - AS Level Data Response and Essays,9708/2,120,60,67
5 Government macroeconomic intervention (AS Level),5.3 Monetary policy,5.3.1 definition of monetary policy,Economics,Cambridge Assessment International Education,Cambridge International AS & A Level,A Level,Paper 1 - AS Level Multiple Choice,9708/1,60,30,17
5 Government macroeconomic intervention (AS Level),5.3 Monetary policy,5.3.1 definition of monetary policy,Economics,Cambridge Assessment International Education,Cambridge International AS & A Level,A Level,Paper 2 - AS Level Data Response and Essays,9708/2,120,60,33
5 Government macroeconomic intervention (AS Level),5.3 Monetary policy,"5.3.2 tools of monetary policy: interest rates, money supply and credit regulations",Economics,Cambridge Assessment International Education,Cambridge International AS & A Level,AS Level,Paper 1 - AS Level Multiple Choice,9708/1,60,30,33
5 Government macroeconomic intervention (AS Level),5.3 Monetary policy,"5.3.2 tools of monetary policy: interest rates, money supply and credit regulations",Economics,Cambridge Assessment International Education,Cambridge International AS & A Level,AS Level,Paper 2 - AS Level Data Response and Essays,9708/2,120,60,67
5 Government macroeconomic intervention (AS Level),5.3 Monetary policy,"5.3.2 tools of monetary policy: interest rates, money supply and credit regulations",Economics,Cambridge Assessment International Education,Cambridge International AS & A Level,A Level,Paper 1 - AS Level Multiple Choice,9708/1,60,30,17
5 Government macroeconomic intervention (AS Level),5.3 Monetary policy,"5.3.2 tools of monetary policy: interest rates, money supply and credit regulations",Economics,Cambridge Assessment International Education,Cambridge International AS & A Level,A Level,Paper 2 - AS Level Data Response and Essays,9708/2,120,60,33
5 Government macroeconomic intervention (AS Level),5.3 Monetary policy,5.3.3 distinction between expansionary and contractionary monetary policy,Economics,Cambridge Assessment International Education,Cambridge International AS & A Level,AS Level,Paper 1 - AS Level Multiple Choice,9708/1,60,30,33
5 Government macroeconomic intervention (AS Level),5.3 Monetary policy,5.3.3 distinction between expansionary and contractionary monetary policy,Economics,Cambridge Assessment International Education,Cambridge International AS & A Level,AS Level,Paper 2 - AS Level Data Response and Essays,9708/2,120,60,67
5 Government macroeconomic intervention (AS Level),5.3 Monetary policy,5.3.3 distinction between expansionary and contractionary monetary policy,Economics,Cambridge Assessment International Education,Cambridge International AS & A Level,A Level,Paper 1 - AS Level Multiple Choice,9708/1,60,30,17
5 Government macroeconomic intervention (AS Level),5.3 Monetary policy,5.3.3 distinction between expansionary and contractionary monetary policy,Economics,Cambridge Assessment International Education,Cambridge International AS & A Level,A Level,Paper 2 - AS Level Data Response and Essays,9708/2,120,60,33
5 Government macroeconomic intervention (AS Level),5.3 Monetary policy,"5.3.4 AD/AS analysis of the impact of expansionary and contractionary monetary policy on the equilibrium national income and the level of real output, the price level and employment",Economics,Cambridge Assessment International Education,Cambridge International AS & A Level,AS Level,Paper 1 - AS Level Multiple Choice,9708/1,60,30,33
5 Government macroeconomic intervention (AS Level),5.3 Monetary policy,"5.3.4 AD/AS analysis of the impact of expansionary and contractionary monetary policy on the equilibrium national income and the level of real output, the price level and employment",Economics,Cambridge Assessment International Education,Cambridge International AS & A Level,AS Level,Paper 2 - AS Level Data Response and Essays,9708/2,120,60,67
5 Government macroeconomic intervention (AS Level),5.3 Monetary policy,"5.3.4 AD/AS analysis of the impact of expansionary and contractionary monetary policy on the equilibrium national income and the level of real output, the price level and employment",Economics,Cambridge Assessment International Education,Cambridge International AS & A Level,A Level,Paper 1 - AS Level Multiple Choice,9708/1,60,30,17
5 Government macroeconomic intervention (AS Level),5.3 Monetary policy,"5.3.4 AD/AS analysis of the impact of expansionary and contractionary monetary policy on the equilibrium national income and the level of real output, the price level and employment",Economics,Cambridge Assessment International Education,Cambridge International AS & A Level,A Level,Paper 2 - AS Level Data Response and Essays,9708/2,120,60,33
5 Government macroeconomic intervention (AS Level),5.4 Supply-side policy,"5.4.1 meaning of supply-side policy, in terms of its effect on LRAS curves",Economics,Cambridge Assessment International Education,Cambridge International AS & A Level,AS Level,Paper 1 - AS Level Multiple Choice,9708/1,60,30,33
5 Government macroeconomic intervention (AS Level),5.4 Supply-side policy,"5.4.1 meaning of supply-side policy, in terms of its effect on LRAS curves",Economics,Cambridge Assessment International Education,Cambridge International AS & A Level,AS Level,Paper 2 - AS Level Data Response and Essays,9708/2,120,60,67
5 Government macroeconomic intervention (AS Level),5.4 Supply-side policy,"5.4.1 meaning of supply-side policy, in terms of its effect on LRAS curves",Economics,Cambridge Assessment International Education,Cambridge International AS & A Level,A Level,Paper 1 - AS Level Multiple Choice,9708/1,60,30,17
5 Government macroeconomic intervention (AS Level),5.4 Supply-side policy,"5.4.1 meaning of supply-side policy, in terms of its effect on LRAS curves",Economics,Cambridge Assessment International Education,Cambridge International AS & A Level,A Level,Paper 2 - AS Level Data Response and Essays,9708/2,120,60,33
5 Government macroeconomic intervention (AS Level),5.4 Supply-side policy,5.4.2 objectives of supply-side policy: increasing productivity and productive capacity,Economics,Cambridge Assessment International Education,Cambridge International AS & A Level,AS Level,Paper 1 - AS Level Multiple Choice,9708/1,60,30,33
5 Government macroeconomic intervention (AS Level),5.4 Supply-side policy,5.4.2 objectives of supply-side policy: increasing productivity and productive capacity,Economics,Cambridge Assessment International Education,Cambridge International AS & A Level,AS Level,Paper 2 - AS Level Data Response and Essays,9708/2,120,60,67
5 Government macroeconomic intervention (AS Level),5.4 Supply-side policy,5.4.2 objectives of supply-side policy: increasing productivity and productive capacity,Economics,Cambridge Assessment International Education,Cambridge International AS & A Level,A Level,Paper 1 - AS Level Multiple Choice,9708/1,60,30,17
5 Government macroeconomic intervention (AS Level),5.4 Supply-side policy,5.4.2 objectives of supply-side policy: increasing productivity and productive capacity,Economics,Cambridge Assessment International Education,Cambridge International AS & A Level,A Level,Paper 2 - AS Level Data Response and Essays,9708/2,120,60,33
5 Government macroeconomic intervention (AS Level),5.4 Supply-side policy,"5.4.3 tools of supply-side policy, for example training, infrastructure development, support for technological improvement",Economics,Cambridge Assessment International Education,Cambridge International AS & A Level,AS Level,Paper 1 - AS Level Multiple Choice,9708/1,60,30,33
5 Government macroeconomic intervention (AS Level),5.4 Supply-side policy,"5.4.3 tools of supply-side policy, for example training, infrastructure development, support for technological improvement",Economics,Cambridge Assessment International Education,Cambridge International AS & A Level,AS Level,Paper 2 - AS Level Data Response and Essays,9708/2,120,60,67
5 Government macroeconomic intervention (AS Level),5.4 Supply-side policy,"5.4.3 tools of supply-side policy, for example training, infrastructure development, support for technological improvement",Economics,Cambridge Assessment International Education,Cambridge International AS & A Level,A Level,Paper 1 - AS Level Multiple Choice,9708/1,60,30,17
5 Government macroeconomic intervention (AS Level),5.4 Supply-side policy,"5.4.3 tools of supply-side policy, for example training, infrastructure development, support for technological improvement",Economics,Cambridge Assessment International Education,Cambridge International AS & A Level,A Level,Paper 2 - AS Level Data Response and Essays,9708/2,120,60,33
5 Government macroeconomic intervention (AS Level),5.4 Supply-side policy,"5.4.4 AD/AS analysis of the impact of supply-side policy on the equilibrium national income and the level of real output, the price level and employment",Economics,Cambridge Assessment International Education,Cambridge International AS & A Level,AS Level,Paper 1 - AS Level Multiple Choice,9708/1,60,30,33
5 Government macroeconomic intervention (AS Level),5.4 Supply-side policy,"5.4.4 AD/AS analysis of the impact of supply-side policy on the equilibrium national income and the level of real output, the price level and employment",Economics,Cambridge Assessment International Education,Cambridge International AS & A Level,AS Level,Paper 2 - AS Level Data Response and Essays,9708/2,120,60,67
5 Government macroeconomic intervention (AS Level),5.4 Supply-side policy,"5.4.4 AD/AS analysis of the impact of supply-side policy on the equilibrium national income and the level of real output, the price level and employment",Economics,Cambridge Assessment International Education,Cambridge International AS & A Level,A Level,Paper 1 - AS Level Multiple Choice,9708/1,60,30,17
5 Government macroeconomic intervention (AS Level),5.4 Supply-side policy,"5.4.4 AD/AS analysis of the impact of supply-side policy on the equilibrium national income and the level of real output, the price level and employment",Economics,Cambridge Assessment International Education,Cambridge International AS & A Level,A Level,Paper 2 - AS Level Data Response and Essays,9708/2,120,60,33
6 International economic issues (AS Level),6.1 The reasons for international trade,6.1.1 distinction between absolute and comparative advantage,Economics,Cambridge Assessment International Education,Cambridge International AS & A Level,AS Level,Paper 1 - AS Level Multiple Choice,9708/1,60,30,33
6 International economic issues (AS Level),6.1 The reasons for international trade,6.1.1 distinction between absolute and comparative advantage,Economics,Cambridge Assessment International Education,Cambridge International AS & A Level,AS Level,Paper 2 - AS Level Data Response and Essays,9708/2,120,60,67
6 International economic issues (AS Level),6.1 The reasons for international trade,6.1.1 distinction between absolute and comparative advantage,Economics,Cambridge Assessment International Education,Cambridge International AS & A Level,A Level,Paper 1 - AS Level Multiple Choice,9708/1,60,30,17
6 International economic issues (AS Level),6.1 The reasons for international trade,6.1.1 distinction between absolute and comparative advantage,Economics,Cambridge Assessment International Education,Cambridge International AS & A Level,A Level,Paper 2 - AS Level Data Response and Essays,9708/2,120,60,33
6 International economic issues (AS Level),6.1 The reasons for international trade,"6.1.2 benefits of specialisation and free trade (trade liberalisation), including the trading possibility curve",Economics,Cambridge Assessment International Education,Cambridge International AS & A Level,AS Level,Paper 1 - AS Level Multiple Choice,9708/1,60,30,33
6 International economic issues (AS Level),6.1 The reasons for international trade,"6.1.2 benefits of specialisation and free trade (trade liberalisation), including the trading possibility curve",Economics,Cambridge Assessment International Education,Cambridge International AS & A Level,AS Level,Paper 2 - AS Level Data Response and Essays,9708/2,120,60,67
6 International economic issues (AS Level),6.1 The reasons for international trade,"6.1.2 benefits of specialisation and free trade (trade liberalisation), including the trading possibility curve",Economics,Cambridge Assessment International Education,Cambridge International AS & A Level,A Level,Paper 1 - AS Level Multiple Choice,9708/1,60,30,17
6 International economic issues (AS Level),6.1 The reasons for international trade,"6.1.2 benefits of specialisation and free trade (trade liberalisation), including the trading possibility curve",Economics,Cambridge Assessment International Education,Cambridge International AS & A Level,A Level,Paper 2 - AS Level Data Response and Essays,9708/2,120,60,33
6 International economic issues (AS Level),6.1 The reasons for international trade,"6.1.3 exports, imports and the terms of trade: • measurement of the terms of trade • causes of changes in the terms of trade • impact of changes in the terms of trade",Economics,Cambridge Assessment International Education,Cambridge International AS & A Level,AS Level,Paper 1 - AS Level Multiple Choice,9708/1,60,30,33
6 International economic issues (AS Level),6.1 The reasons for international trade,"6.1.3 exports, imports and the terms of trade: • measurement of the terms of trade • causes of changes in the terms of trade • impact of changes in the terms of trade",Economics,Cambridge Assessment International Education,Cambridge International AS & A Level,AS Level,Paper 2 - AS Level Data Response and Essays,9708/2,120,60,67
6 International economic issues (AS Level),6.1 The reasons for international trade,"6.1.3 exports, imports and the terms of trade: • measurement of the terms of trade • causes of changes in the terms of trade • impact of changes in the terms of trade",Economics,Cambridge Assessment International Education,Cambridge International AS & A Level,A Level,Paper 1 - AS Level Multiple Choice,9708/1,60,30,17
6 International economic issues (AS Level),6.1 The reasons for international trade,"6.1.3 exports, imports and the terms of trade: • measurement of the terms of trade • causes of changes in the terms of trade • impact of changes in the terms of trade",Economics,Cambridge Assessment International Education,Cambridge International AS & A Level,A Level,Paper 2 - AS Level Data Response and Essays,9708/2,120,60,33
6 International economic issues (AS Level),6.1 The reasons for international trade,6.1.4 limitations of the theories of absolute and comparative advantage,Economics,Cambridge Assessment International Education,Cambridge International AS & A Level,AS Level,Paper 1 - AS Level Multiple Choice,9708/1,60,30,33
6 International economic issues (AS Level),6.1 The reasons for international trade,6.1.4 limitations of the theories of absolute and comparative advantage,Economics,Cambridge Assessment International Education,Cambridge International AS & A Level,AS Level,Paper 2 - AS Level Data Response and Essays,9708/2,120,60,67
6 International economic issues (AS Level),6.1 The reasons for international trade,6.1.4 limitations of the theories of absolute and comparative advantage,Economics,Cambridge Assessment International Education,Cambridge International AS & A Level,A Level,Paper 1 - AS Level Multiple Choice,9708/1,60,30,17
6 International economic issues (AS Level),6.1 The reasons for international trade,6.1.4 limitations of the theories of absolute and comparative advantage,Economics,Cambridge Assessment International Education,Cambridge International AS & A Level,A Level,Paper 2 - AS Level Data Response and Essays,9708/2,120,60,33
6 International economic issues (AS Level),6.2 Protectionism,6.2.1 meaning of protectionism in the context of international trade,Economics,Cambridge Assessment International Education,Cambridge International AS & A Level,AS Level,Paper 1 - AS Level Multiple Choice,9708/1,60,30,33
6 International economic issues (AS Level),6.2 Protectionism,6.2.1 meaning of protectionism in the context of international trade,Economics,Cambridge Assessment International Education,Cambridge International AS & A Level,AS Level,Paper 2 - AS Level Data Response and Essays,9708/2,120,60,67
6 International economic issues (AS Level),6.2 Protectionism,6.2.1 meaning of protectionism in the context of international trade,Economics,Cambridge Assessment International Education,Cambridge International AS & A Level,A Level,Paper 1 - AS Level Multiple Choice,9708/1,60,30,17
6 International economic issues (AS Level),6.2 Protectionism,6.2.1 meaning of protectionism in the context of international trade,Economics,Cambridge Assessment International Education,Cambridge International AS & A Level,A Level,Paper 2 - AS Level Data Response and Essays,9708/2,120,60,33
6 International economic issues (AS Level),6.2 Protectionism,6.2.2 different tools of protection and their impact: • tariffs • import quotas • export subsidies • embargoes • excessive administrative burdens (‘red tape’),Economics,Cambridge Assessment International Education,Cambridge International AS & A Level,AS Level,Paper 1 - AS Level Multiple Choice,9708/1,60,30,33
6 International economic issues (AS Level),6.2 Protectionism,6.2.2 different tools of protection and their impact: • tariffs • import quotas • export subsidies • embargoes • excessive administrative burdens (‘red tape’),Economics,Cambridge Assessment International Education,Cambridge International AS & A Level,AS Level,Paper 2 - AS Level Data Response and Essays,9708/2,120,60,67
6 International economic issues (AS Level),6.2 Protectionism,6.2.2 different tools of protection and their impact: • tariffs • import quotas • export subsidies • embargoes • excessive administrative burdens (‘red tape’),Economics,Cambridge Assessment International Education,Cambridge International AS & A Level,A Level,Paper 1 - AS Level Multiple Choice,9708/1,60,30,17
6 International economic issues (AS Level),6.2 Protectionism,6.2.2 different tools of protection and their impact: • tariffs • import quotas • export subsidies • embargoes • excessive administrative burdens (‘red tape’),Economics,Cambridge Assessment International Education,Cambridge International AS & A Level,A Level,Paper 2 - AS Level Data Response and Essays,9708/2,120,60,33
6 International economic issues (AS Level),6.2 Protectionism,6.2.3 arguments for and against protectionism,Economics,Cambridge Assessment International Education,Cambridge International AS & A Level,AS Level,Paper 1 - AS Level Multiple Choice,9708/1,60,30,33
6 International economic issues (AS Level),6.2 Protectionism,6.2.3 arguments for and against protectionism,Economics,Cambridge Assessment International Education,Cambridge International AS & A Level,AS Level,Paper 2 - AS Level Data Response and Essays,9708/2,120,60,67
6 International economic issues (AS Level),6.2 Protectionism,6.2.3 arguments for and against protectionism,Economics,Cambridge Assessment International Education,Cambridge International AS & A Level,A Level,Paper 1 - AS Level Multiple Choice,9708/1,60,30,17
6 International economic issues (AS Level),6.2 Protectionism,6.2.3 arguments for and against protectionism,Economics,Cambridge Assessment International Education,Cambridge International AS & A Level,A Level,Paper 2 - AS Level Data Response and Essays,9708/2,120,60,33
6 International economic issues (AS Level),6.3 Current account of the balance of payments,"6.3.1 components of the current account of the balance of payments: • current account: trade in goods, trade in services, primary income and secondary income • definition of balance and imbalances (deficit and surplus) in the current account of the balance of payments",Economics,Cambridge Assessment International Education,Cambridge International AS & A Level,AS Level,Paper 1 - AS Level Multiple Choice,9708/1,60,30,33
6 International economic issues (AS Level),6.3 Current account of the balance of payments,"6.3.1 components of the current account of the balance of payments: • current account: trade in goods, trade in services, primary income and secondary income • definition of balance and imbalances (deficit and surplus) in the current account of the balance of payments",Economics,Cambridge Assessment International Education,Cambridge International AS & A Level,AS Level,Paper 2 - AS Level Data Response and Essays,9708/2,120,60,67
6 International economic issues (AS Level),6.3 Current account of the balance of payments,"6.3.1 components of the current account of the balance of payments: • current account: trade in goods, trade in services, primary income and secondary income • definition of balance and imbalances (deficit and surplus) in the current account of the balance of payments",Economics,Cambridge Assessment International Education,Cambridge International AS & A Level,A Level,Paper 1 - AS Level Multiple Choice,9708/1,60,30,17
6 International economic issues (AS Level),6.3 Current account of the balance of payments,"6.3.1 components of the current account of the balance of payments: • current account: trade in goods, trade in services, primary income and secondary income • definition of balance and imbalances (deficit and surplus) in the current account of the balance of payments",Economics,Cambridge Assessment International Education,Cambridge International AS & A Level,A Level,Paper 2 - AS Level Data Response and Essays,9708/2,120,60,33
6 International economic issues (AS Level),6.3 Current account of the balance of payments,6.3.2 calculation of: • balance of trade in goods • balance of trade in services • balance of trade in goods and services • current account balance (CAB),Economics,Cambridge Assessment International Education,Cambridge International AS & A Level,AS Level,Paper 1 - AS Level Multiple Choice,9708/1,60,30,33
6 International economic issues (AS Level),6.3 Current account of the balance of payments,6.3.2 calculation of: • balance of trade in goods • balance of trade in services • balance of trade in goods and services • current account balance (CAB),Economics,Cambridge Assessment International Education,Cambridge International AS & A Level,AS Level,Paper 2 - AS Level Data Response and Essays,9708/2,120,60,67
6 International economic issues (AS Level),6.3 Current account of the balance of payments,6.3.2 calculation of: • balance of trade in goods • balance of trade in services • balance of trade in goods and services • current account balance (CAB),Economics,Cambridge Assessment International Education,Cambridge International AS & A Level,A Level,Paper 1 - AS Level Multiple Choice,9708/1,60,30,17
6 International economic issues (AS Level),6.3 Current account of the balance of payments,6.3.2 calculation of: • balance of trade in goods • balance of trade in services • balance of trade in goods and services • current account balance (CAB),Economics,Cambridge Assessment International Education,Cambridge International AS & A Level,A Level,Paper 2 - AS Level Data Response and Essays,9708/2,120,60,33
6 International economic issues (AS Level),6.3 Current account of the balance of payments,6.3.3 causes of imbalances in the current account of the balance of payments,Economics,Cambridge Assessment International Education,Cambridge International AS & A Level,AS Level,Paper 1 - AS Level Multiple Choice,9708/1,60,30,33
6 International economic issues (AS Level),6.3 Current account of the balance of payments,6.3.3 causes of imbalances in the current account of the balance of payments,Economics,Cambridge Assessment International Education,Cambridge International AS & A Level,AS Level,Paper 2 - AS Level Data Response and Essays,9708/2,120,60,67
6 International economic issues (AS Level),6.3 Current account of the balance of payments,6.3.3 causes of imbalances in the current account of the balance of payments,Economics,Cambridge Assessment International Education,Cambridge International AS & A Level,A Level,Paper 1 - AS Level Multiple Choice,9708/1,60,30,17
6 International economic issues (AS Level),6.3 Current account of the balance of payments,6.3.3 causes of imbalances in the current account of the balance of payments,Economics,Cambridge Assessment International Education,Cambridge International AS & A Level,A Level,Paper 2 - AS Level Data Response and Essays,9708/2,120,60,33
6 International economic issues (AS Level),6.3 Current account of the balance of payments,6.3.4 consequences of imbalances in the current account of the balance of payments for the domestic and external economy,Economics,Cambridge Assessment International Education,Cambridge International AS & A Level,AS Level,Paper 1 - AS Level Multiple Choice,9708/1,60,30,33
6 International economic issues (AS Level),6.3 Current account of the balance of payments,6.3.4 consequences of imbalances in the current account of the balance of payments for the domestic and external economy,Economics,Cambridge Assessment International Education,Cambridge International AS & A Level,AS Level,Paper 2 - AS Level Data Response and Essays,9708/2,120,60,67
6 International economic issues (AS Level),6.3 Current account of the balance of payments,6.3.4 consequences of imbalances in the current account of the balance of payments for the domestic and external economy,Economics,Cambridge Assessment International Education,Cambridge International AS & A Level,A Level,Paper 1 - AS Level Multiple Choice,9708/1,60,30,17
6 International economic issues (AS Level),6.3 Current account of the balance of payments,6.3.4 consequences of imbalances in the current account of the balance of payments for the domestic and external economy,Economics,Cambridge Assessment International Education,Cambridge International AS & A Level,A Level,Paper 2 - AS Level Data Response and Essays,9708/2,120,60,33
6 International economic issues (AS Level),6.4 Exchange rates,6.4.1 definition of exchange rate,Economics,Cambridge Assessment International Education,Cambridge International AS & A Level,AS Level,Paper 1 - AS Level Multiple Choice,9708/1,60,30,33
6 International economic issues (AS Level),6.4 Exchange rates,6.4.1 definition of exchange rate,Economics,Cambridge Assessment International Education,Cambridge International AS & A Level,AS Level,Paper 2 - AS Level Data Response and Essays,9708/2,120,60,67
6 International economic issues (AS Level),6.4 Exchange rates,6.4.1 definition of exchange rate,Economics,Cambridge Assessment International Education,Cambridge International AS & A Level,A Level,Paper 1 - AS Level Multiple Choice,9708/1,60,30,17
6 International economic issues (AS Level),6.4 Exchange rates,6.4.1 definition of exchange rate,Economics,Cambridge Assessment International Education,Cambridge International AS & A Level,A Level,Paper 2 - AS Level Data Response and Essays,9708/2,120,60,33
6 International economic issues (AS Level),6.4 Exchange rates,6.4.2 determination of a floating exchange rate,Economics,Cambridge Assessment International Education,Cambridge International AS & A Level,AS Level,Paper 1 - AS Level Multiple Choice,9708/1,60,30,33
6 International economic issues (AS Level),6.4 Exchange rates,6.4.2 determination of a floating exchange rate,Economics,Cambridge Assessment International Education,Cambridge International AS & A Level,AS Level,Paper 2 - AS Level Data Response and Essays,9708/2,120,60,67
6 International economic issues (AS Level),6.4 Exchange rates,6.4.2 determination of a floating exchange rate,Economics,Cambridge Assessment International Education,Cambridge International AS & A Level,A Level,Paper 1 - AS Level Multiple Choice,9708/1,60,30,17
6 International economic issues (AS Level),6.4 Exchange rates,6.4.2 determination of a floating exchange rate,Economics,Cambridge Assessment International Education,Cambridge International AS & A Level,A Level,Paper 2 - AS Level Data Response and Essays,9708/2,120,60,33
6 International economic issues (AS Level),6.4 Exchange rates,6.4.3 distinction between depreciation and appreciation of a floating exchange rate,Economics,Cambridge Assessment International Education,Cambridge International AS & A Level,AS Level,Paper 1 - AS Level Multiple Choice,9708/1,60,30,33
6 International economic issues (AS Level),6.4 Exchange rates,6.4.3 distinction between depreciation and appreciation of a floating exchange rate,Economics,Cambridge Assessment International Education,Cambridge International AS & A Level,AS Level,Paper 2 - AS Level Data Response and Essays,9708/2,120,60,67
6 International economic issues (AS Level),6.4 Exchange rates,6.4.3 distinction between depreciation and appreciation of a floating exchange rate,Economics,Cambridge Assessment International Education,Cambridge International AS & A Level,A Level,Paper 1 - AS Level Multiple Choice,9708/1,60,30,17
6 International economic issues (AS Level),6.4 Exchange rates,6.4.3 distinction between depreciation and appreciation of a floating exchange rate,Economics,Cambridge Assessment International Education,Cambridge International AS & A Level,A Level,Paper 2 - AS Level Data Response and Essays,9708/2,120,60,33
6 International economic issues (AS Level),6.4 Exchange rates,6.4.4 causes of changes in a floating exchange rate: demand and supply of the currency,Economics,Cambridge Assessment International Education,Cambridge International AS & A Level,AS Level,Paper 1 - AS Level Multiple Choice,9708/1,60,30,33
6 International economic issues (AS Level),6.4 Exchange rates,6.4.4 causes of changes in a floating exchange rate: demand and supply of the currency,Economics,Cambridge Assessment International Education,Cambridge International AS & A Level,AS Level,Paper 2 - AS Level Data Response and Essays,9708/2,120,60,67
6 International economic issues (AS Level),6.4 Exchange rates,6.4.4 causes of changes in a floating exchange rate: demand and supply of the currency,Economics,Cambridge Assessment International Education,Cambridge International AS & A Level,A Level,Paper 1 - AS Level Multiple Choice,9708/1,60,30,17
6 International economic issues (AS Level),6.4 Exchange rates,6.4.4 causes of changes in a floating exchange rate: demand and supply of the currency,Economics,Cambridge Assessment International Education,Cambridge International AS & A Level,A Level,Paper 2 - AS Level Data Response and Essays,9708/2,120,60,33
6 International economic issues (AS Level),6.4 Exchange rates,"6.4.5 AD/AS analysis of the impact of exchange rate changes on the domestic economy’s equilibrium national income and the level of real output, the price level and employment",Economics,Cambridge Assessment International Education,Cambridge International AS & A Level,AS Level,Paper 1 - AS Level Multiple Choice,9708/1,60,30,33
6 International economic issues (AS Level),6.4 Exchange rates,"6.4.5 AD/AS analysis of the impact of exchange rate changes on the domestic economy’s equilibrium national income and the level of real output, the price level and employment",Economics,Cambridge Assessment International Education,Cambridge International AS & A Level,AS Level,Paper 2 - AS Level Data Response and Essays,9708/2,120,60,67
6 International economic issues (AS Level),6.4 Exchange rates,"6.4.5 AD/AS analysis of the impact of exchange rate changes on the domestic economy’s equilibrium national income and the level of real output, the price level and employment",Economics,Cambridge Assessment International Education,Cambridge International AS & A Level,A Level,Paper 1 - AS Level Multiple Choice,9708/1,60,30,17
6 International economic issues (AS Level),6.4 Exchange rates,"6.4.5 AD/AS analysis of the impact of exchange rate changes on the domestic economy’s equilibrium national income and the level of real output, the price level and employment",Economics,Cambridge Assessment International Education,Cambridge International AS & A Level,A Level,Paper 2 - AS Level Data Response and Essays,9708/2,120,60,33
6 International economic issues (AS Level),6.5 Policies to correct imbalances in the current account of the balance of payments,6.5.1 government policy objective of stability of the current account,Economics,Cambridge Assessment International Education,Cambridge International AS & A Level,AS Level,Paper 1 - AS Level Multiple Choice,9708/1,60,30,33
6 International economic issues (AS Level),6.5 Policies to correct imbalances in the current account of the balance of payments,6.5.1 government policy objective of stability of the current account,Economics,Cambridge Assessment International Education,Cambridge International AS & A Level,AS Level,Paper 2 - AS Level Data Response and Essays,9708/2,120,60,67
6 International economic issues (AS Level),6.5 Policies to correct imbalances in the current account of the balance of payments,6.5.1 government policy objective of stability of the current account,Economics,Cambridge Assessment International Education,Cambridge International AS & A Level,A Level,Paper 1 - AS Level Multiple Choice,9708/1,60,30,17
6 International economic issues (AS Level),6.5 Policies to correct imbalances in the current account of the balance of payments,6.5.1 government policy objective of stability of the current account,Economics,Cambridge Assessment International Education,Cambridge International AS & A Level,A Level,Paper 2 - AS Level Data Response and Essays,9708/2,120,60,33
6 International economic issues (AS Level),6.5 Policies to correct imbalances in the current account of the balance of payments,"6.5.2 effect of fiscal, monetary, supply-side and protectionist policies on the current account",Economics,Cambridge Assessment International Education,Cambridge International AS & A Level,AS Level,Paper 1 - AS Level Multiple Choice,9708/1,60,30,33
6 International economic issues (AS Level),6.5 Policies to correct imbalances in the current account of the balance of payments,"6.5.2 effect of fiscal, monetary, supply-side and protectionist policies on the current account",Economics,Cambridge Assessment International Education,Cambridge International AS & A Level,AS Level,Paper 2 - AS Level Data Response and Essays,9708/2,120,60,67
6 International economic issues (AS Level),6.5 Policies to correct imbalances in the current account of the balance of payments,"6.5.2 effect of fiscal, monetary, supply-side and protectionist policies on the current account",Economics,Cambridge Assessment International Education,Cambridge International AS & A Level,A Level,Paper 1 - AS Level Multiple Choice,9708/1,60,30,17
6 International economic issues (AS Level),6.5 Policies to correct imbalances in the current account of the balance of payments,"6.5.2 effect of fiscal, monetary, supply-side and protectionist policies on the current account",Economics,Cambridge Assessment International Education,Cambridge International AS & A Level,A Level,Paper 2 - AS Level Data Response and Essays,9708/2,120,60,33
7 The price system and the microeconomy (A Level),7.1 Utility,7.1.1 definition and calculation of total utility and marginal utility,Economics,Cambridge Assessment International Education,Cambridge International AS & A Level,A Level,Paper 3 - A Level Multiple Choice,9708/3,75,30,17
7 The price system and the microeconomy (A Level),7.1 Utility,7.1.1 definition and calculation of total utility and marginal utility,Economics,Cambridge Assessment International Education,Cambridge International AS & A Level,A Level,Paper 4 - A Level Data Response and Essays,9708/4,120,60,33
7 The price system and the microeconomy (A Level),7.1 Utility,7.1.2 diminishing marginal utility,Economics,Cambridge Assessment International Education,Cambridge International AS & A Level,A Level,Paper 3 - A Level Multiple Choice,9708/3,75,30,17
7 The price system and the microeconomy (A Level),7.1 Utility,7.1.2 diminishing marginal utility,Economics,Cambridge Assessment International Education,Cambridge International AS & A Level,A Level,Paper 4 - A Level Data Response and Essays,9708/4,120,60,33
7 The price system and the microeconomy (A Level),7.1 Utility,7.1.3 equi-marginal principle,Economics,Cambridge Assessment International Education,Cambridge International AS & A Level,A Level,Paper 3 - A Level Multiple Choice,9708/3,75,30,17
7 The price system and the microeconomy (A Level),7.1 Utility,7.1.3 equi-marginal principle,Economics,Cambridge Assessment International Education,Cambridge International AS & A Level,A Level,Paper 4 - A Level Data Response and Essays,9708/4,120,60,33
7 The price system and the microeconomy (A Level),7.1 Utility,7.1.4 derivation of an individual demand curve,Economics,Cambridge Assessment International Education,Cambridge International AS & A Level,A Level,Paper 3 - A Level Multiple Choice,9708/3,75,30,17
7 The price system and the microeconomy (A Level),7.1 Utility,7.1.4 derivation of an individual demand curve,Economics,Cambridge Assessment International Education,Cambridge International AS & A Level,A Level,Paper 4 - A Level Data Response and Essays,9708/4,120,60,33
7 The price system and the microeconomy (A Level),7.1 Utility,7.1.5 limitations of marginal utility theory and its assumptions of rational behaviour,Economics,Cambridge Assessment International Education,Cambridge International AS & A Level,A Level,Paper 3 - A Level Multiple Choice,9708/3,75,30,17
7 The price system and the microeconomy (A Level),7.1 Utility,7.1.5 limitations of marginal utility theory and its assumptions of rational behaviour,Economics,Cambridge Assessment International Education,Cambridge International AS & A Level,A Level,Paper 4 - A Level Data Response and Essays,9708/4,120,60,33
7 The price system and the microeconomy (A Level),7.2 Indifference curves and budget lines,7.2.1 meaning of an indifference curve and a budget line,Economics,Cambridge Assessment International Education,Cambridge International AS & A Level,A Level,Paper 3 - A Level Multiple Choice,9708/3,75,30,17
7 The price system and the microeconomy (A Level),7.2 Indifference curves and budget lines,7.2.1 meaning of an indifference curve and a budget line,Economics,Cambridge Assessment International Education,Cambridge International AS & A Level,A Level,Paper 4 - A Level Data Response and Essays,9708/4,120,60,33
7 The price system and the microeconomy (A Level),7.2 Indifference curves and budget lines,7.2.2 causes of a shift in the budget line,Economics,Cambridge Assessment International Education,Cambridge International AS & A Level,A Level,Paper 3 - A Level Multiple Choice,9708/3,75,30,17
7 The price system and the microeconomy (A Level),7.2 Indifference curves and budget lines,7.2.2 causes of a shift in the budget line,Economics,Cambridge Assessment International Education,Cambridge International AS & A Level,A Level,Paper 4 - A Level Data Response and Essays,9708/4,120,60,33
7 The price system and the microeconomy (A Level),7.2 Indifference curves and budget lines,"7.2.3 income, substitution and price effects for normal, inferior and Giffen goods",Economics,Cambridge Assessment International Education,Cambridge International AS & A Level,A Level,Paper 3 - A Level Multiple Choice,9708/3,75,30,17
7 The price system and the microeconomy (A Level),7.2 Indifference curves and budget lines,"7.2.3 income, substitution and price effects for normal, inferior and Giffen goods",Economics,Cambridge Assessment International Education,Cambridge International AS & A Level,A Level,Paper 4 - A Level Data Response and Essays,9708/4,120,60,33
7 The price system and the microeconomy (A Level),7.2 Indifference curves and budget lines,7.2.4 limitations of the model of indifference curves,Economics,Cambridge Assessment International Education,Cambridge International AS & A Level,A Level,Paper 3 - A Level Multiple Choice,9708/3,75,30,17
7 The price system and the microeconomy (A Level),7.2 Indifference curves and budget lines,7.2.4 limitations of the model of indifference curves,Economics,Cambridge Assessment International Education,Cambridge International AS & A Level,A Level,Paper 4 - A Level Data Response and Essays,9708/4,120,60,33
7 The price system and the microeconomy (A Level),7.3 Efficiency and market failure,7.3.1 definitions of productive efficiency and allocative efficiency,Economics,Cambridge Assessment International Education,Cambridge International AS & A Level,A Level,Paper 3 - A Level Multiple Choice,9708/3,75,30,17
7 The price system and the microeconomy (A Level),7.3 Efficiency and market failure,7.3.1 definitions of productive efficiency and allocative efficiency,Economics,Cambridge Assessment International Education,Cambridge International AS & A Level,A Level,Paper 4 - A Level Data Response and Essays,9708/4,120,60,33
7 The price system and the microeconomy (A Level),7.3 Efficiency and market failure,7.3.2 conditions for productive efficiency and allocative efficiency,Economics,Cambridge Assessment International Education,Cambridge International AS & A Level,A Level,Paper 3 - A Level Multiple Choice,9708/3,75,30,17
7 The price system and the microeconomy (A Level),7.3 Efficiency and market failure,7.3.2 conditions for productive efficiency and allocative efficiency,Economics,Cambridge Assessment International Education,Cambridge International AS & A Level,A Level,Paper 4 - A Level Data Response and Essays,9708/4,120,60,33
7 The price system and the microeconomy (A Level),7.3 Efficiency and market failure,7.3.3 Pareto optimality,Economics,Cambridge Assessment International Education,Cambridge International AS & A Level,A Level,Paper 3 - A Level Multiple Choice,9708/3,75,30,17
7 The price system and the microeconomy (A Level),7.3 Efficiency and market failure,7.3.3 Pareto optimality,Economics,Cambridge Assessment International Education,Cambridge International AS & A Level,A Level,Paper 4 - A Level Data Response and Essays,9708/4,120,60,33
7 The price system and the microeconomy (A Level),7.3 Efficiency and market failure,7.3.4 definition of dynamic efficiency,Economics,Cambridge Assessment International Education,Cambridge International AS & A Level,A Level,Paper 3 - A Level Multiple Choice,9708/3,75,30,17
7 The price system and the microeconomy (A Level),7.3 Efficiency and market failure,7.3.4 definition of dynamic efficiency,Economics,Cambridge Assessment International Education,Cambridge International AS & A Level,A Level,Paper 4 - A Level Data Response and Essays,9708/4,120,60,33
7 The price system and the microeconomy (A Level),7.3 Efficiency and market failure,7.3.5 definition of market failure,Economics,Cambridge Assessment International Education,Cambridge International AS & A Level,A Level,Paper 3 - A Level Multiple Choice,9708/3,75,30,17
7 The price system and the microeconomy (A Level),7.3 Efficiency and market failure,7.3.5 definition of market failure,Economics,Cambridge Assessment International Education,Cambridge International AS & A Level,A Level,Paper 4 - A Level Data Response and Essays,9708/4,120,60,33
7 The price system and the microeconomy (A Level),7.3 Efficiency and market failure,7.3.6 reasons for market failure,Economics,Cambridge Assessment International Education,Cambridge International AS & A Level,A Level,Paper 3 - A Level Multiple Choice,9708/3,75,30,17
7 The price system and the microeconomy (A Level),7.3 Efficiency and market failure,7.3.6 reasons for market failure,Economics,Cambridge Assessment International Education,Cambridge International AS & A Level,A Level,Paper 4 - A Level Data Response and Essays,9708/4,120,60,33
7 The price system and the microeconomy (A Level),"7.4 Private costs and benefits, externalities and social costs and benefits","7.4.1 definition and calculation of social costs (SC) as the sum of private costs (PC) and external costs (EC), including marginal social costs (MSC), marginal private costs (MPC) and marginal external costs (MEC)",Economics,Cambridge Assessment International Education,Cambridge International AS & A Level,A Level,Paper 3 - A Level Multiple Choice,9708/3,75,30,17
7 The price system and the microeconomy (A Level),"7.4 Private costs and benefits, externalities and social costs and benefits","7.4.1 definition and calculation of social costs (SC) as the sum of private costs (PC) and external costs (EC), including marginal social costs (MSC), marginal private costs (MPC) and marginal external costs (MEC)",Economics,Cambridge Assessment International Education,Cambridge International AS & A Level,A Level,Paper 4 - A Level Data Response and Essays,9708/4,120,60,33
7 The price system and the microeconomy (A Level),"7.4 Private costs and benefits, externalities and social costs and benefits","7.4.2 definition and calculation of social benefits (SB) as the sum of private benefits (PB) and external benefits (EB), including marginal social benefits (MSB), marginal private benefits (MPB) and marginal external benefits (MEB)",Economics,Cambridge Assessment International Education,Cambridge International AS & A Level,A Level,Paper 3 - A Level Multiple Choice,9708/3,75,30,17
7 The price system and the microeconomy (A Level),"7.4 Private costs and benefits, externalities and social costs and benefits","7.4.2 definition and calculation of social benefits (SB) as the sum of private benefits (PB) and external benefits (EB), including marginal social benefits (MSB), marginal private benefits (MPB) and marginal external benefits (MEB)",Economics,Cambridge Assessment International Education,Cambridge International AS & A Level,A Level,Paper 4 - A Level Data Response and Essays,9708/4,120,60,33
7 The price system and the microeconomy (A Level),"7.4 Private costs and benefits, externalities and social costs and benefits",7.4.3 definition of positive externality and negative externality,Economics,Cambridge Assessment International Education,Cambridge International AS & A Level,A Level,Paper 3 - A Level Multiple Choice,9708/3,75,30,17
7 The price system and the microeconomy (A Level),"7.4 Private costs and benefits, externalities and social costs and benefits",7.4.3 definition of positive externality and negative externality,Economics,Cambridge Assessment International Education,Cambridge International AS & A Level,A Level,Paper 4 - A Level Data Response and Essays,9708/4,120,60,33
7 The price system and the microeconomy (A Level),"7.4 Private costs and benefits, externalities and social costs and benefits",7.4.4 positive and negative externalities of both consumption and production,Economics,Cambridge Assessment International Education,Cambridge International AS & A Level,A Level,Paper 3 - A Level Multiple Choice,9708/3,75,30,17
7 The price system and the microeconomy (A Level),"7.4 Private costs and benefits, externalities and social costs and benefits",7.4.4 positive and negative externalities of both consumption and production,Economics,Cambridge Assessment International Education,Cambridge International AS & A Level,A Level,Paper 4 - A Level Data Response and Essays,9708/4,120,60,33
7 The price system and the microeconomy (A Level),"7.4 Private costs and benefits, externalities and social costs and benefits",7.4.5 deadweight welfare losses arising from positive and negative externalities,Economics,Cambridge Assessment International Education,Cambridge International AS & A Level,A Level,Paper 3 - A Level Multiple Choice,9708/3,75,30,17
7 The price system and the microeconomy (A Level),"7.4 Private costs and benefits, externalities and social costs and benefits",7.4.5 deadweight welfare losses arising from positive and negative externalities,Economics,Cambridge Assessment International Education,Cambridge International AS & A Level,A Level,Paper 4 - A Level Data Response and Essays,9708/4,120,60,33
7 The price system and the microeconomy (A Level),"7.4 Private costs and benefits, externalities and social costs and benefits",7.4.6 asymmetric information and moral hazard,Economics,Cambridge Assessment International Education,Cambridge International AS & A Level,A Level,Paper 3 - A Level Multiple Choice,9708/3,75,30,17
7 The price system and the microeconomy (A Level),"7.4 Private costs and benefits, externalities and social costs and benefits",7.4.6 asymmetric information and moral hazard,Economics,Cambridge Assessment International Education,Cambridge International AS & A Level,A Level,Paper 4 - A Level Data Response and Essays,9708/4,120,60,33
7 The price system and the microeconomy (A Level),"7.4 Private costs and benefits, externalities and social costs and benefits",7.4.7 use of costs and benefits in analysing decisions (knowledge of net present value is not required),Economics,Cambridge Assessment International Education,Cambridge International AS & A Level,A Level,Paper 3 - A Level Multiple Choice,9708/3,75,30,17
7 The price system and the microeconomy (A Level),"7.4 Private costs and benefits, externalities and social costs and benefits",7.4.7 use of costs and benefits in analysing decisions (knowledge of net present value is not required),Economics,Cambridge Assessment International Education,Cambridge International AS & A Level,A Level,Paper 4 - A Level Data Response and Essays,9708/4,120,60,33
7 The price system and the microeconomy (A Level),"7.5 Types of cost, revenue and profit, short-run and long-run production","7.5.1 short-run production function: • fixed and variable factors of production • definition and calculation of total product, average product and marginal product • law of diminishing returns (law of variable proportions)",Economics,Cambridge Assessment International Education,Cambridge International AS & A Level,A Level,Paper 3 - A Level Multiple Choice,9708/3,75,30,17
7 The price system and the microeconomy (A Level),"7.5 Types of cost, revenue and profit, short-run and long-run production","7.5.1 short-run production function: • fixed and variable factors of production • definition and calculation of total product, average product and marginal product • law of diminishing returns (law of variable proportions)",Economics,Cambridge Assessment International Education,Cambridge International AS & A Level,A Level,Paper 4 - A Level Data Response and Essays,9708/4,120,60,33
7 The price system and the microeconomy (A Level),"7.5 Types of cost, revenue and profit, short-run and long-run production","7.5.2 short-run cost function: • definition and calculation of fixed costs (FC) and variable costs (VC) • definition and calculation of total, average and marginal costs (TC, AC, MC), including average total cost (ATC), total and average fixed costs (TFC, AFC) and total and average variable costs (TVC, AVC) • explanation of shape of short-run average cost and marginal cost curves",Economics,Cambridge Assessment International Education,Cambridge International AS & A Level,A Level,Paper 3 - A Level Multiple Choice,9708/3,75,30,17
7 The price system and the microeconomy (A Level),"7.5 Types of cost, revenue and profit, short-run and long-run production","7.5.2 short-run cost function: • definition and calculation of fixed costs (FC) and variable costs (VC) • definition and calculation of total, average and marginal costs (TC, AC, MC), including average total cost (ATC), total and average fixed costs (TFC, AFC) and total and average variable costs (TVC, AVC) • explanation of shape of short-run average cost and marginal cost curves",Economics,Cambridge Assessment International Education,Cambridge International AS & A Level,A Level,Paper 4 - A Level Data Response and Essays,9708/4,120,60,33
7 The price system and the microeconomy (A Level),"7.5 Types of cost, revenue and profit, short-run and long-run production",7.5.3 long-run production function: • no fixed factors of production • returns to scale,Economics,Cambridge Assessment International Education,Cambridge International AS & A Level,A Level,Paper 3 - A Level Multiple Choice,9708/3,75,30,17
7 The price system and the microeconomy (A Level),"7.5 Types of cost, revenue and profit, short-run and long-run production",7.5.3 long-run production function: • no fixed factors of production • returns to scale,Economics,Cambridge Assessment International Education,Cambridge International AS & A Level,A Level,Paper 4 - A Level Data Response and Essays,9708/4,120,60,33
7 The price system and the microeconomy (A Level),"7.5 Types of cost, revenue and profit, short-run and long-run production",7.5.4 long-run cost function: • explanation of shape of long-run average cost curve • concept of minimum efficient scale,Economics,Cambridge Assessment International Education,Cambridge International AS & A Level,A Level,Paper 3 - A Level Multiple Choice,9708/3,75,30,17
7 The price system and the microeconomy (A Level),"7.5 Types of cost, revenue and profit, short-run and long-run production",7.5.4 long-run cost function: • explanation of shape of long-run average cost curve • concept of minimum efficient scale,Economics,Cambridge Assessment International Education,Cambridge International AS & A Level,A Level,Paper 4 - A Level Data Response and Essays,9708/4,120,60,33
7 The price system and the microeconomy (A Level),"7.5 Types of cost, revenue and profit, short-run and long-run production",7.5.5 relationship between economies of scale and decreasing average costs,Economics,Cambridge Assessment International Education,Cambridge International AS & A Level,A Level,Paper 3 - A Level Multiple Choice,9708/3,75,30,17
7 The price system and the microeconomy (A Level),"7.5 Types of cost, revenue and profit, short-run and long-run production",7.5.5 relationship between economies of scale and decreasing average costs,Economics,Cambridge Assessment International Education,Cambridge International AS & A Level,A Level,Paper 4 - A Level Data Response and Essays,9708/4,120,60,33
7 The price system and the microeconomy (A Level),"7.5 Types of cost, revenue and profit, short-run and long-run production",7.5.6 internal and external economies of scale,Economics,Cambridge Assessment International Education,Cambridge International AS & A Level,A Level,Paper 3 - A Level Multiple Choice,9708/3,75,30,17
7 The price system and the microeconomy (A Level),"7.5 Types of cost, revenue and profit, short-run and long-run production",7.5.6 internal and external economies of scale,Economics,Cambridge Assessment International Education,Cambridge International AS & A Level,A Level,Paper 4 - A Level Data Response and Essays,9708/4,120,60,33
7 The price system and the microeconomy (A Level),"7.5 Types of cost, revenue and profit, short-run and long-run production",7.5.7 internal and external diseconomies of scale,Economics,Cambridge Assessment International Education,Cambridge International AS & A Level,A Level,Paper 3 - A Level Multiple Choice,9708/3,75,30,17
7 The price system and the microeconomy (A Level),"7.5 Types of cost, revenue and profit, short-run and long-run production",7.5.7 internal and external diseconomies of scale,Economics,Cambridge Assessment International Education,Cambridge International AS & A Level,A Level,Paper 4 - A Level Data Response and Essays,9708/4,120,60,33
7 The price system and the microeconomy (A Level),"7.5 Types of cost, revenue and profit, short-run and long-run production","7.5.8 definition and calculation of revenue: total, average and marginal revenue (TR, AR, MR)",Economics,Cambridge Assessment International Education,Cambridge International AS & A Level,A Level,Paper 3 - A Level Multiple Choice,9708/3,75,30,17
7 The price system and the microeconomy (A Level),"7.5 Types of cost, revenue and profit, short-run and long-run production","7.5.8 definition and calculation of revenue: total, average and marginal revenue (TR, AR, MR)",Economics,Cambridge Assessment International Education,Cambridge International AS & A Level,A Level,Paper 4 - A Level Data Response and Essays,9708/4,120,60,33
7 The price system and the microeconomy (A Level),"7.5 Types of cost, revenue and profit, short-run and long-run production","7.5.9 definition of normal, subnormal and supernormal profit",Economics,Cambridge Assessment International Education,Cambridge International AS & A Level,A Level,Paper 3 - A Level Multiple Choice,9708/3,75,30,17
7 The price system and the microeconomy (A Level),"7.5 Types of cost, revenue and profit, short-run and long-run production","7.5.9 definition of normal, subnormal and supernormal profit",Economics,Cambridge Assessment International Education,Cambridge International AS & A Level,A Level,Paper 4 - A Level Data Response and Essays,9708/4,120,60,33
7 The price system and the microeconomy (A Level),"7.5 Types of cost, revenue and profit, short-run and long-run production",7.5.10 calculation of supernormal and subnormal profit,Economics,Cambridge Assessment International Education,Cambridge International AS & A Level,A Level,Paper 3 - A Level Multiple Choice,9708/3,75,30,17
7 The price system and the microeconomy (A Level),"7.5 Types of cost, revenue and profit, short-run and long-run production",7.5.10 calculation of supernormal and subnormal profit,Economics,Cambridge Assessment International Education,Cambridge International AS & A Level,A Level,Paper 4 - A Level Data Response and Essays,9708/4,120,60,33
7 The price system and the microeconomy (A Level),7.6 Different market structures,"7.6.1 perfect competition and imperfect competition: monopoly, monopolistic competition, oligopoly, natural monopoly",Economics,Cambridge Assessment International Education,Cambridge International AS & A Level,A Level,Paper 3 - A Level Multiple Choice,9708/3,75,30,17
7 The price system and the microeconomy (A Level),7.6 Different market structures,"7.6.1 perfect competition and imperfect competition: monopoly, monopolistic competition, oligopoly, natural monopoly",Economics,Cambridge Assessment International Education,Cambridge International AS & A Level,A Level,Paper 4 - A Level Data Response and Essays,9708/4,120,60,33
7 The price system and the microeconomy (A Level),7.6 Different market structures,"7.6.2 structure of the listed markets as explained by number of buyers and sellers, product differentiation, degree of freedom of entry and availability of information",Economics,Cambridge Assessment International Education,Cambridge International AS & A Level,A Level,Paper 3 - A Level Multiple Choice,9708/3,75,30,17
7 The price system and the microeconomy (A Level),7.6 Different market structures,"7.6.2 structure of the listed markets as explained by number of buyers and sellers, product differentiation, degree of freedom of entry and availability of information",Economics,Cambridge Assessment International Education,Cambridge International AS & A Level,A Level,Paper 4 - A Level Data Response and Essays,9708/4,120,60,33
7 The price system and the microeconomy (A Level),7.6 Different market structures,7.6.3 barriers to entry and exit: • legal barriers • market barriers • cost barriers • physical barriers,Economics,Cambridge Assessment International Education,Cambridge International AS & A Level,A Level,Paper 3 - A Level Multiple Choice,9708/3,75,30,17
7 The price system and the microeconomy (A Level),7.6 Different market structures,7.6.3 barriers to entry and exit: • legal barriers • market barriers • cost barriers • physical barriers,Economics,Cambridge Assessment International Education,Cambridge International AS & A Level,A Level,Paper 4 - A Level Data Response and Essays,9708/4,120,60,33
7 The price system and the microeconomy (A Level),7.6 Different market structures,"7.6.4 performance of firms in different market structures: • revenues and revenue curves • output in the short run and the long run • profits in the short run and the long run • shutdown price in the short run and the long run • derivation of a firm’s supply curve in a perfectly competitive market • efficiency and X-inefficiency in the short run and the long run • contestable markets: features and implications • price competition and non-price competition • collusion and the Prisoner’s Dilemma in oligopolistic markets, including a two-player pay-off matrix",Economics,Cambridge Assessment International Education,Cambridge International AS & A Level,A Level,Paper 3 - A Level Multiple Choice,9708/3,75,30,17
7 The price system and the microeconomy (A Level),7.6 Different market structures,"7.6.4 performance of firms in different market structures: • revenues and revenue curves • output in the short run and the long run • profits in the short run and the long run • shutdown price in the short run and the long run • derivation of a firm’s supply curve in a perfectly competitive market • efficiency and X-inefficiency in the short run and the long run • contestable markets: features and implications • price competition and non-price competition • collusion and the Prisoner’s Dilemma in oligopolistic markets, including a two-player pay-off matrix",Economics,Cambridge Assessment International Education,Cambridge International AS & A Level,A Level,Paper 4 - A Level Data Response and Essays,9708/4,120,60,33
7 The price system and the microeconomy (A Level),7.6 Different market structures,7.6.5 definition and calculation of the concentration ratio,Economics,Cambridge Assessment International Education,Cambridge International AS & A Level,A Level,Paper 3 - A Level Multiple Choice,9708/3,75,30,17
7 The price system and the microeconomy (A Level),7.6 Different market structures,7.6.5 definition and calculation of the concentration ratio,Economics,Cambridge Assessment International Education,Cambridge International AS & A Level,A Level,Paper 4 - A Level Data Response and Essays,9708/4,120,60,33
7 The price system and the microeconomy (A Level),7.7 Growth and survival of firms,7.7.1 reasons for different sizes of firms,Economics,Cambridge Assessment International Education,Cambridge International AS & A Level,A Level,Paper 3 - A Level Multiple Choice,9708/3,75,30,17
7 The price system and the microeconomy (A Level),7.7 Growth and survival of firms,7.7.1 reasons for different sizes of firms,Economics,Cambridge Assessment International Education,Cambridge International AS & A Level,A Level,Paper 4 - A Level Data Response and Essays,9708/4,120,60,33
7 The price system and the microeconomy (A Level),7.7 Growth and survival of firms,7.7.2 internal growth of firms: organic growth and diversification,Economics,Cambridge Assessment International Education,Cambridge International AS & A Level,A Level,Paper 3 - A Level Multiple Choice,9708/3,75,30,17
7 The price system and the microeconomy (A Level),7.7 Growth and survival of firms,7.7.2 internal growth of firms: organic growth and diversification,Economics,Cambridge Assessment International Education,Cambridge International AS & A Level,A Level,Paper 4 - A Level Data Response and Essays,9708/4,120,60,33
7 The price system and the microeconomy (A Level),7.7 Growth and survival of firms,7.7.3 external growth of firms – integration (mergers and takeovers): • methods of integration: – horizontal – vertical (forwards and backwards) – conglomerate • reasons for integration • consequences of integration,Economics,Cambridge Assessment International Education,Cambridge International AS & A Level,A Level,Paper 3 - A Level Multiple Choice,9708/3,75,30,17
7 The price system and the microeconomy (A Level),7.7 Growth and survival of firms,7.7.3 external growth of firms – integration (mergers and takeovers): • methods of integration: – horizontal – vertical (forwards and backwards) – conglomerate • reasons for integration • consequences of integration,Economics,Cambridge Assessment International Education,Cambridge International AS & A Level,A Level,Paper 4 - A Level Data Response and Essays,9708/4,120,60,33
7 The price system and the microeconomy (A Level),7.7 Growth and survival of firms,7.7.4 cartels: • conditions for an effective cartel • consequences of a cartel,Economics,Cambridge Assessment International Education,Cambridge International AS & A Level,A Level,Paper 3 - A Level Multiple Choice,9708/3,75,30,17
7 The price system and the microeconomy (A Level),7.7 Growth and survival of firms,7.7.4 cartels: • conditions for an effective cartel • consequences of a cartel,Economics,Cambridge Assessment International Education,Cambridge International AS & A Level,A Level,Paper 4 - A Level Data Response and Essays,9708/4,120,60,33
7 The price system and the microeconomy (A Level),7.7 Growth and survival of firms,7.7.5 principal–agent problem arising from differing objectives of shareholders/owners and managers,Economics,Cambridge Assessment International Education,Cambridge International AS & A Level,A Level,Paper 3 - A Level Multiple Choice,9708/3,75,30,17
7 The price system and the microeconomy (A Level),7.7 Growth and survival of firms,7.7.5 principal–agent problem arising from differing objectives of shareholders/owners and managers,Economics,Cambridge Assessment International Education,Cambridge International AS & A Level,A Level,Paper 4 - A Level Data Response and Essays,9708/4,120,60,33
7 The price system and the microeconomy (A Level),7.8 Differing objectives and policies of firms,7.8.1 traditional profit-maximising objective of firms,Economics,Cambridge Assessment International Education,Cambridge International AS & A Level,A Level,Paper 3 - A Level Multiple Choice,9708/3,75,30,17
7 The price system and the microeconomy (A Level),7.8 Differing objectives and policies of firms,7.8.1 traditional profit-maximising objective of firms,Economics,Cambridge Assessment International Education,Cambridge International AS & A Level,A Level,Paper 4 - A Level Data Response and Essays,9708/4,120,60,33
7 The price system and the microeconomy (A Level),7.8 Differing objectives and policies of firms,7.8.2 an understanding of other objectives of firms: • survival • profit satisficing • sales maximisation • revenue maximisation,Economics,Cambridge Assessment International Education,Cambridge International AS & A Level,A Level,Paper 3 - A Level Multiple Choice,9708/3,75,30,17
7 The price system and the microeconomy (A Level),7.8 Differing objectives and policies of firms,7.8.2 an understanding of other objectives of firms: • survival • profit satisficing • sales maximisation • revenue maximisation,Economics,Cambridge Assessment International Education,Cambridge International AS & A Level,A Level,Paper 4 - A Level Data Response and Essays,9708/4,120,60,33
7 The price system and the microeconomy (A Level),7.8 Differing objectives and policies of firms,"7.8.3 price discrimination – first, second and third degree: • conditions for effective price discrimination • consequences of price discrimination",Economics,Cambridge Assessment International Education,Cambridge International AS & A Level,A Level,Paper 3 - A Level Multiple Choice,9708/3,75,30,17
7 The price system and the microeconomy (A Level),7.8 Differing objectives and policies of firms,"7.8.3 price discrimination – first, second and third degree: • conditions for effective price discrimination • consequences of price discrimination",Economics,Cambridge Assessment International Education,Cambridge International AS & A Level,A Level,Paper 4 - A Level Data Response and Essays,9708/4,120,60,33
7 The price system and the microeconomy (A Level),7.8 Differing objectives and policies of firms,7.8.4 other pricing policies: • limit pricing • predatory pricing • price leadership,Economics,Cambridge Assessment International Education,Cambridge International AS & A Level,A Level,Paper 3 - A Level Multiple Choice,9708/3,75,30,17
7 The price system and the microeconomy (A Level),7.8 Differing objectives and policies of firms,7.8.4 other pricing policies: • limit pricing • predatory pricing • price leadership,Economics,Cambridge Assessment International Education,Cambridge International AS & A Level,A Level,Paper 4 - A Level Data Response and Essays,9708/4,120,60,33
7 The price system and the microeconomy (A Level),7.8 Differing objectives and policies of firms,7.8.5 relationship between price elasticity of demand and a firm’s revenue: • in a normal downward sloping demand curve • in a kinked demand curve,Economics,Cambridge Assessment International Education,Cambridge International AS & A Level,A Level,Paper 3 - A Level Multiple Choice,9708/3,75,30,17
7 The price system and the microeconomy (A Level),7.8 Differing objectives and policies of firms,7.8.5 relationship between price elasticity of demand and a firm’s revenue: • in a normal downward sloping demand curve • in a kinked demand curve,Economics,Cambridge Assessment International Education,Cambridge International AS & A Level,A Level,Paper 4 - A Level Data Response and Essays,9708/4,120,60,33
8 Government microeconomic intervention (A Level),8.1 Government policies to achieve efficient resource allocation and correct market failure,8.1.1 application and effectiveness of measures to tackle different forms of market failure: • specific and ad valorem indirect taxes • subsidies • price controls • production quotas • prohibitions and licences • regulation and deregulation • direct provision • pollution permits • property rights • nationalisation and privatisation • provision of information • behavioural insights and ‘nudge’ theory,Economics,Cambridge Assessment International Education,Cambridge International AS & A Level,A Level,Paper 3 - A Level Multiple Choice,9708/3,75,30,17
8 Government microeconomic intervention (A Level),8.1 Government policies to achieve efficient resource allocation and correct market failure,8.1.1 application and effectiveness of measures to tackle different forms of market failure: • specific and ad valorem indirect taxes • subsidies • price controls • production quotas • prohibitions and licences • regulation and deregulation • direct provision • pollution permits • property rights • nationalisation and privatisation • provision of information • behavioural insights and ‘nudge’ theory,Economics,Cambridge Assessment International Education,Cambridge International AS & A Level,A Level,Paper 4 - A Level Data Response and Essays,9708/4,120,60,33
8 Government microeconomic intervention (A Level),8.1 Government policies to achieve efficient resource allocation and correct market failure,8.1.2 government failure in microeconomic intervention: • definition of government failure • causes of government failure • consequences of government failure,Economics,Cambridge Assessment International Education,Cambridge International AS & A Level,A Level,Paper 3 - A Level Multiple Choice,9708/3,75,30,17
8 Government microeconomic intervention (A Level),8.1 Government policies to achieve efficient resource allocation and correct market failure,8.1.2 government failure in microeconomic intervention: • definition of government failure • causes of government failure • consequences of government failure,Economics,Cambridge Assessment International Education,Cambridge International AS & A Level,A Level,Paper 4 - A Level Data Response and Essays,9708/4,120,60,33
8 Government microeconomic intervention (A Level),8.2 Equity and redistribution of income and wealth,8.2.1 difference between equity and equality,Economics,Cambridge Assessment International Education,Cambridge International AS & A Level,A Level,Paper 3 - A Level Multiple Choice,9708/3,75,30,17
8 Government microeconomic intervention (A Level),8.2 Equity and redistribution of income and wealth,8.2.1 difference between equity and equality,Economics,Cambridge Assessment International Education,Cambridge International AS & A Level,A Level,Paper 4 - A Level Data Response and Essays,9708/4,120,60,33
8 Government microeconomic intervention (A Level),8.2 Equity and redistribution of income and wealth,8.2.2 difference between equity and efficiency,Economics,Cambridge Assessment International Education,Cambridge International AS & A Level,A Level,Paper 3 - A Level Multiple Choice,9708/3,75,30,17
8 Government microeconomic intervention (A Level),8.2 Equity and redistribution of income and wealth,8.2.2 difference between equity and efficiency,Economics,Cambridge Assessment International Education,Cambridge International AS & A Level,A Level,Paper 4 - A Level Data Response and Essays,9708/4,120,60,33
8 Government microeconomic intervention (A Level),8.2 Equity and redistribution of income and wealth,8.2.3 distinction between absolute poverty and relative poverty,Economics,Cambridge Assessment International Education,Cambridge International AS & A Level,A Level,Paper 3 - A Level Multiple Choice,9708/3,75,30,17
8 Government microeconomic intervention (A Level),8.2 Equity and redistribution of income and wealth,8.2.3 distinction between absolute poverty and relative poverty,Economics,Cambridge Assessment International Education,Cambridge International AS & A Level,A Level,Paper 4 - A Level Data Response and Essays,9708/4,120,60,33
8 Government microeconomic intervention (A Level),8.2 Equity and redistribution of income and wealth,8.2.4 the poverty trap,Economics,Cambridge Assessment International Education,Cambridge International AS & A Level,A Level,Paper 3 - A Level Multiple Choice,9708/3,75,30,17
8 Government microeconomic intervention (A Level),8.2 Equity and redistribution of income and wealth,8.2.4 the poverty trap,Economics,Cambridge Assessment International Education,Cambridge International AS & A Level,A Level,Paper 4 - A Level Data Response and Essays,9708/4,120,60,33
8 Government microeconomic intervention (A Level),8.2 Equity and redistribution of income and wealth,"8.2.5 policies towards equity and equality, for example: • negative income tax • universal benefits and means-tested benefits • universal basic income",Economics,Cambridge Assessment International Education,Cambridge International AS & A Level,A Level,Paper 3 - A Level Multiple Choice,9708/3,75,30,17
8 Government microeconomic intervention (A Level),8.2 Equity and redistribution of income and wealth,"8.2.5 policies towards equity and equality, for example: • negative income tax • universal benefits and means-tested benefits • universal basic income",Economics,Cambridge Assessment International Education,Cambridge International AS & A Level,A Level,Paper 4 - A Level Data Response and Essays,9708/4,120,60,33
8 Government microeconomic intervention (A Level),8.3 Labour market forces and government intervention,8.3.1 demand for labour as a derived demand,Economics,Cambridge Assessment International Education,Cambridge International AS & A Level,A Level,Paper 3 - A Level Multiple Choice,9708/3,75,30,17
8 Government microeconomic intervention (A Level),8.3 Labour market forces and government intervention,8.3.1 demand for labour as a derived demand,Economics,Cambridge Assessment International Education,Cambridge International AS & A Level,A Level,Paper 4 - A Level Data Response and Essays,9708/4,120,60,33
8 Government microeconomic intervention (A Level),8.3 Labour market forces and government intervention,8.3.2 factors affecting demand for labour in a firm or an occupation,Economics,Cambridge Assessment International Education,Cambridge International AS & A Level,A Level,Paper 3 - A Level Multiple Choice,9708/3,75,30,17
8 Government microeconomic intervention (A Level),8.3 Labour market forces and government intervention,8.3.2 factors affecting demand for labour in a firm or an occupation,Economics,Cambridge Assessment International Education,Cambridge International AS & A Level,A Level,Paper 4 - A Level Data Response and Essays,9708/4,120,60,33
8 Government microeconomic intervention (A Level),8.3 Labour market forces and government intervention,8.3.3 causes of shifts in and movement along the demand curve for labour in a firm or an occupation,Economics,Cambridge Assessment International Education,Cambridge International AS & A Level,A Level,Paper 3 - A Level Multiple Choice,9708/3,75,30,17
8 Government microeconomic intervention (A Level),8.3 Labour market forces and government intervention,8.3.3 causes of shifts in and movement along the demand curve for labour in a firm or an occupation,Economics,Cambridge Assessment International Education,Cambridge International AS & A Level,A Level,Paper 4 - A Level Data Response and Essays,9708/4,120,60,33
8 Government microeconomic intervention (A Level),8.3 Labour market forces and government intervention,8.3.4 marginal revenue product (MRP) theory: • definition and calculation of marginal revenue product • derivation of an individual firm’s demand for labour using marginal revenue product,Economics,Cambridge Assessment International Education,Cambridge International AS & A Level,A Level,Paper 3 - A Level Multiple Choice,9708/3,75,30,17
8 Government microeconomic intervention (A Level),8.3 Labour market forces and government intervention,8.3.4 marginal revenue product (MRP) theory: • definition and calculation of marginal revenue product • derivation of an individual firm’s demand for labour using marginal revenue product,Economics,Cambridge Assessment International Education,Cambridge International AS & A Level,A Level,Paper 4 - A Level Data Response and Essays,9708/4,120,60,33
8 Government microeconomic intervention (A Level),8.3 Labour market forces and government intervention,8.3.5 factors affecting the supply of labour to a firm or to an occupation: • wage and non-wage factors,Economics,Cambridge Assessment International Education,Cambridge International AS & A Level,A Level,Paper 3 - A Level Multiple Choice,9708/3,75,30,17
8 Government microeconomic intervention (A Level),8.3 Labour market forces and government intervention,8.3.5 factors affecting the supply of labour to a firm or to an occupation: • wage and non-wage factors,Economics,Cambridge Assessment International Education,Cambridge International AS & A Level,A Level,Paper 4 - A Level Data Response and Essays,9708/4,120,60,33
8 Government microeconomic intervention (A Level),8.3 Labour market forces and government intervention,8.3.6 causes of shifts in and movement along the supply curve of labour to a firm or an occupation,Economics,Cambridge Assessment International Education,Cambridge International AS & A Level,A Level,Paper 3 - A Level Multiple Choice,9708/3,75,30,17
8 Government microeconomic intervention (A Level),8.3 Labour market forces and government intervention,8.3.6 causes of shifts in and movement along the supply curve of labour to a firm or an occupation,Economics,Cambridge Assessment International Education,Cambridge International AS & A Level,A Level,Paper 4 - A Level Data Response and Essays,9708/4,120,60,33
8 Government microeconomic intervention (A Level),8.3 Labour market forces and government intervention,8.3.7 wage determination in perfect markets: • equilibrium wage rate and employment in a labour market,Economics,Cambridge Assessment International Education,Cambridge International AS & A Level,A Level,Paper 3 - A Level Multiple Choice,9708/3,75,30,17
8 Government microeconomic intervention (A Level),8.3 Labour market forces and government intervention,8.3.7 wage determination in perfect markets: • equilibrium wage rate and employment in a labour market,Economics,Cambridge Assessment International Education,Cambridge International AS & A Level,A Level,Paper 4 - A Level Data Response and Essays,9708/4,120,60,33
8 Government microeconomic intervention (A Level),8.3 Labour market forces and government intervention,8.3.8 wage determination in imperfect markets: • influence of trade unions on wage determination and employment in a labour market • influence of government on wage determination and employment in a labour market using a national minimum wage • influence of monopsony employers on wage determination and employment in a labour market,Economics,Cambridge Assessment International Education,Cambridge International AS & A Level,A Level,Paper 3 - A Level Multiple Choice,9708/3,75,30,17
8 Government microeconomic intervention (A Level),8.3 Labour market forces and government intervention,8.3.8 wage determination in imperfect markets: • influence of trade unions on wage determination and employment in a labour market • influence of government on wage determination and employment in a labour market using a national minimum wage • influence of monopsony employers on wage determination and employment in a labour market,Economics,Cambridge Assessment International Education,Cambridge International AS & A Level,A Level,Paper 4 - A Level Data Response and Essays,9708/4,120,60,33
8 Government microeconomic intervention (A Level),8.3 Labour market forces and government intervention,8.3.9 determination of wage differentials by labour market forces,Economics,Cambridge Assessment International Education,Cambridge International AS & A Level,A Level,Paper 3 - A Level Multiple Choice,9708/3,75,30,17
8 Government microeconomic intervention (A Level),8.3 Labour market forces and government intervention,8.3.9 determination of wage differentials by labour market forces,Economics,Cambridge Assessment International Education,Cambridge International AS & A Level,A Level,Paper 4 - A Level Data Response and Essays,9708/4,120,60,33
8 Government microeconomic intervention (A Level),8.3 Labour market forces and government intervention,8.3.10 transfer earnings and economic rent: • definition of transfer earnings • definition of economic rent • factors affecting transfer earnings and economic rent in an occupation,Economics,Cambridge Assessment International Education,Cambridge International AS & A Level,A Level,Paper 3 - A Level Multiple Choice,9708/3,75,30,17
8 Government microeconomic intervention (A Level),8.3 Labour market forces and government intervention,8.3.10 transfer earnings and economic rent: • definition of transfer earnings • definition of economic rent • factors affecting transfer earnings and economic rent in an occupation,Economics,Cambridge Assessment International Education,Cambridge International AS & A Level,A Level,Paper 4 - A Level Data Response and Essays,9708/4,120,60,33
9 The macroeconomy (A Level),9.1 The circular flow of income,"9.1.1 the multiplier process: • definition of the multiplier • formulae for and calculation of multiplier in a closed and open economy, with and without a government sector • calculation of: – average and marginal propensities to save (aps and mps) – average and marginal propensities to consume (apc and mpc) – average and marginal propensities to import (apm and mpm) – average and marginal rates of tax (art and mrt) • national income determination using AD and income approach with the multiplier process • calculation of effect of changing AD on national income using the multiplier",Economics,Cambridge Assessment International Education,Cambridge International AS & A Level,A Level,Paper 3 - A Level Multiple Choice,9708/3,75,30,17
9 The macroeconomy (A Level),9.1 The circular flow of income,"9.1.1 the multiplier process: • definition of the multiplier • formulae for and calculation of multiplier in a closed and open economy, with and without a government sector • calculation of: – average and marginal propensities to save (aps and mps) – average and marginal propensities to consume (apc and mpc) – average and marginal propensities to import (apm and mpm) – average and marginal rates of tax (art and mrt) • national income determination using AD and income approach with the multiplier process • calculation of effect of changing AD on national income using the multiplier",Economics,Cambridge Assessment International Education,Cambridge International AS & A Level,A Level,Paper 4 - A Level Data Response and Essays,9708/4,120,60,33
9 The macroeconomy (A Level),9.1 The circular flow of income,9.1.2 components of Aggregate Demand (AD) and their determinants: • consumption function: autonomous and induced consumer expenditure • savings function: autonomous and induced savings • autonomous and induced investment; the accelerator • government spending • net exports (exports minus imports),Economics,Cambridge Assessment International Education,Cambridge International AS & A Level,A Level,Paper 3 - A Level Multiple Choice,9708/3,75,30,17
9 The macroeconomy (A Level),9.1 The circular flow of income,9.1.2 components of Aggregate Demand (AD) and their determinants: • consumption function: autonomous and induced consumer expenditure • savings function: autonomous and induced savings • autonomous and induced investment; the accelerator • government spending • net exports (exports minus imports),Economics,Cambridge Assessment International Education,Cambridge International AS & A Level,A Level,Paper 4 - A Level Data Response and Essays,9708/4,120,60,33
9 The macroeconomy (A Level),9.1 The circular flow of income,9.1.3 full employment level of national income and equilibrium level of national income: • inflationary and deflationary gaps,Economics,Cambridge Assessment International Education,Cambridge International AS & A Level,A Level,Paper 3 - A Level Multiple Choice,9708/3,75,30,17
9 The macroeconomy (A Level),9.1 The circular flow of income,9.1.3 full employment level of national income and equilibrium level of national income: • inflationary and deflationary gaps,Economics,Cambridge Assessment International Education,Cambridge International AS & A Level,A Level,Paper 4 - A Level Data Response and Essays,9708/4,120,60,33
9 The macroeconomy (A Level),9.2 Economic growth and sustainability,9.2.1 actual growth versus potential growth in national output,Economics,Cambridge Assessment International Education,Cambridge International AS & A Level,A Level,Paper 3 - A Level Multiple Choice,9708/3,75,30,17
9 The macroeconomy (A Level),9.2 Economic growth and sustainability,9.2.1 actual growth versus potential growth in national output,Economics,Cambridge Assessment International Education,Cambridge International AS & A Level,A Level,Paper 4 - A Level Data Response and Essays,9708/4,120,60,33
9 The macroeconomy (A Level),9.2 Economic growth and sustainability,9.2.2 positive and negative output gaps,Economics,Cambridge Assessment International Education,Cambridge International AS & A Level,A Level,Paper 3 - A Level Multiple Choice,9708/3,75,30,17
9 The macroeconomy (A Level),9.2 Economic growth and sustainability,9.2.2 positive and negative output gaps,Economics,Cambridge Assessment International Education,Cambridge International AS & A Level,A Level,Paper 4 - A Level Data Response and Essays,9708/4,120,60,33
9 The macroeconomy (A Level),9.2 Economic growth and sustainability,9.2.3 business (trade) cycle: • phases of the cycle • causes of the cycle • role of automatic stabilisers,Economics,Cambridge Assessment International Education,Cambridge International AS & A Level,A Level,Paper 3 - A Level Multiple Choice,9708/3,75,30,17
9 The macroeconomy (A Level),9.2 Economic growth and sustainability,9.2.3 business (trade) cycle: • phases of the cycle • causes of the cycle • role of automatic stabilisers,Economics,Cambridge Assessment International Education,Cambridge International AS & A Level,A Level,Paper 4 - A Level Data Response and Essays,9708/4,120,60,33
9 The macroeconomy (A Level),9.2 Economic growth and sustainability,9.2.4 policies to promote economic growth and their effectiveness,Economics,Cambridge Assessment International Education,Cambridge International AS & A Level,A Level,Paper 3 - A Level Multiple Choice,9708/3,75,30,17
9 The macroeconomy (A Level),9.2 Economic growth and sustainability,9.2.4 policies to promote economic growth and their effectiveness,Economics,Cambridge Assessment International Education,Cambridge International AS & A Level,A Level,Paper 4 - A Level Data Response and Essays,9708/4,120,60,33
9 The macroeconomy (A Level),9.2 Economic growth and sustainability,9.2.5 inclusive economic growth: • definition of inclusive economic growth • impact of economic growth on equity and equality • policies to promote inclusive growth,Economics,Cambridge Assessment International Education,Cambridge International AS & A Level,A Level,Paper 3 - A Level Multiple Choice,9708/3,75,30,17
9 The macroeconomy (A Level),9.2 Economic growth and sustainability,9.2.5 inclusive economic growth: • definition of inclusive economic growth • impact of economic growth on equity and equality • policies to promote inclusive growth,Economics,Cambridge Assessment International Education,Cambridge International AS & A Level,A Level,Paper 4 - A Level Data Response and Essays,9708/4,120,60,33
9 The macroeconomy (A Level),9.2 Economic growth and sustainability,9.2.6 sustainable economic growth: • definition of sustainable economic growth • using and conserving resources • impact of economic growth on the environment and climate change • policies to mitigate the impact of economic growth on the environment and climate change,Economics,Cambridge Assessment International Education,Cambridge International AS & A Level,A Level,Paper 3 - A Level Multiple Choice,9708/3,75,30,17
9 The macroeconomy (A Level),9.2 Economic growth and sustainability,9.2.6 sustainable economic growth: • definition of sustainable economic growth • using and conserving resources • impact of economic growth on the environment and climate change • policies to mitigate the impact of economic growth on the environment and climate change,Economics,Cambridge Assessment International Education,Cambridge International AS & A Level,A Level,Paper 4 - A Level Data Response and Essays,9708/4,120,60,33
9 The macroeconomy (A Level),9.3 Employment/unemployment,9.3.1 definition of full employment,Economics,Cambridge Assessment International Education,Cambridge International AS & A Level,A Level,Paper 3 - A Level Multiple Choice,9708/3,75,30,17
9 The macroeconomy (A Level),9.3 Employment/unemployment,9.3.1 definition of full employment,Economics,Cambridge Assessment International Education,Cambridge International AS & A Level,A Level,Paper 4 - A Level Data Response and Essays,9708/4,120,60,33
9 The macroeconomy (A Level),9.3 Employment/unemployment,9.3.2 equilibrium and disequilibrium unemployment (including hysteresis),Economics,Cambridge Assessment International Education,Cambridge International AS & A Level,A Level,Paper 3 - A Level Multiple Choice,9708/3,75,30,17
9 The macroeconomy (A Level),9.3 Employment/unemployment,9.3.2 equilibrium and disequilibrium unemployment (including hysteresis),Economics,Cambridge Assessment International Education,Cambridge International AS & A Level,A Level,Paper 4 - A Level Data Response and Essays,9708/4,120,60,33
9 The macroeconomy (A Level),9.3 Employment/unemployment,9.3.3 voluntary and involuntary unemployment,Economics,Cambridge Assessment International Education,Cambridge International AS & A Level,A Level,Paper 3 - A Level Multiple Choice,9708/3,75,30,17
9 The macroeconomy (A Level),9.3 Employment/unemployment,9.3.3 voluntary and involuntary unemployment,Economics,Cambridge Assessment International Education,Cambridge International AS & A Level,A Level,Paper 4 - A Level Data Response and Essays,9708/4,120,60,33
9 The macroeconomy (A Level),9.3 Employment/unemployment,9.3.4 natural rate of unemployment: • definition • determinants • policy implications,Economics,Cambridge Assessment International Education,Cambridge International AS & A Level,A Level,Paper 3 - A Level Multiple Choice,9708/3,75,30,17
9 The macroeconomy (A Level),9.3 Employment/unemployment,9.3.4 natural rate of unemployment: • definition • determinants • policy implications,Economics,Cambridge Assessment International Education,Cambridge International AS & A Level,A Level,Paper 4 - A Level Data Response and Essays,9708/4,120,60,33
9 The macroeconomy (A Level),9.3 Employment/unemployment,9.3.5 patterns and trends in (un)employment,Economics,Cambridge Assessment International Education,Cambridge International AS & A Level,A Level,Paper 3 - A Level Multiple Choice,9708/3,75,30,17
9 The macroeconomy (A Level),9.3 Employment/unemployment,9.3.5 patterns and trends in (un)employment,Economics,Cambridge Assessment International Education,Cambridge International AS & A Level,A Level,Paper 4 - A Level Data Response and Essays,9708/4,120,60,33
9 The macroeconomy (A Level),9.3 Employment/unemployment,9.3.6 mobility of labour: • forms of labour mobility: geographical and occupational • factors affecting labour mobility,Economics,Cambridge Assessment International Education,Cambridge International AS & A Level,A Level,Paper 3 - A Level Multiple Choice,9708/3,75,30,17
9 The macroeconomy (A Level),9.3 Employment/unemployment,9.3.6 mobility of labour: • forms of labour mobility: geographical and occupational • factors affecting labour mobility,Economics,Cambridge Assessment International Education,Cambridge International AS & A Level,A Level,Paper 4 - A Level Data Response and Essays,9708/4,120,60,33
9 The macroeconomy (A Level),9.3 Employment/unemployment,9.3.7 policies to reduce unemployment and their effectiveness,Economics,Cambridge Assessment International Education,Cambridge International AS & A Level,A Level,Paper 3 - A Level Multiple Choice,9708/3,75,30,17
9 The macroeconomy (A Level),9.3 Employment/unemployment,9.3.7 policies to reduce unemployment and their effectiveness,Economics,Cambridge Assessment International Education,Cambridge International AS & A Level,A Level,Paper 4 - A Level Data Response and Essays,9708/4,120,60,33
9 The macroeconomy (A Level),9.4 Money and banking,"9.4.1 definition, functions and characteristics of money",Economics,Cambridge Assessment International Education,Cambridge International AS & A Level,A Level,Paper 3 - A Level Multiple Choice,9708/3,75,30,17
9 The macroeconomy (A Level),9.4 Money and banking,"9.4.1 definition, functions and characteristics of money",Economics,Cambridge Assessment International Education,Cambridge International AS & A Level,A Level,Paper 4 - A Level Data Response and Essays,9708/4,120,60,33
9 The macroeconomy (A Level),9.4 Money and banking,9.4.2 definition of money supply,Economics,Cambridge Assessment International Education,Cambridge International AS & A Level,A Level,Paper 3 - A Level Multiple Choice,9708/3,75,30,17
9 The macroeconomy (A Level),9.4 Money and banking,9.4.2 definition of money supply,Economics,Cambridge Assessment International Education,Cambridge International AS & A Level,A Level,Paper 4 - A Level Data Response and Essays,9708/4,120,60,33
9 The macroeconomy (A Level),9.4 Money and banking,9.4.3 quantity theory of money (MV = PT),Economics,Cambridge Assessment International Education,Cambridge International AS & A Level,A Level,Paper 3 - A Level Multiple Choice,9708/3,75,30,17
9 The macroeconomy (A Level),9.4 Money and banking,9.4.3 quantity theory of money (MV = PT),Economics,Cambridge Assessment International Education,Cambridge International AS & A Level,A Level,Paper 4 - A Level Data Response and Essays,9708/4,120,60,33
9 The macroeconomy (A Level),9.4 Money and banking,"9.4.4 functions of commercial banks: • providing deposit accounts (demand deposit account, savings account) • lending money (overdrafts, loans) • holding or providing cash, securities, loans, deposits, equity • reserve ratio and capital ratio • objectives of commercial banks: liquidity, security, profitability",Economics,Cambridge Assessment International Education,Cambridge International AS & A Level,A Level,Paper 3 - A Level Multiple Choice,9708/3,75,30,17
9 The macroeconomy (A Level),9.4 Money and banking,"9.4.4 functions of commercial banks: • providing deposit accounts (demand deposit account, savings account) • lending money (overdrafts, loans) • holding or providing cash, securities, loans, deposits, equity • reserve ratio and capital ratio • objectives of commercial banks: liquidity, security, profitability",Economics,Cambridge Assessment International Education,Cambridge International AS & A Level,A Level,Paper 4 - A Level Data Response and Essays,9708/4,120,60,33
9 The macroeconomy (A Level),9.4 Money and banking,9.4.5 causes of changes in the money supply in an open economy: • commercial banks as sources of credit creation and the bank credit multiplier • role of a central bank • government deficit financing • quantitative easing • changes in the balance of payments,Economics,Cambridge Assessment International Education,Cambridge International AS & A Level,A Level,Paper 3 - A Level Multiple Choice,9708/3,75,30,17
9 The macroeconomy (A Level),9.4 Money and banking,9.4.5 causes of changes in the money supply in an open economy: • commercial banks as sources of credit creation and the bank credit multiplier • role of a central bank • government deficit financing • quantitative easing • changes in the balance of payments,Economics,Cambridge Assessment International Education,Cambridge International AS & A Level,A Level,Paper 4 - A Level Data Response and Essays,9708/4,120,60,33
9 The macroeconomy (A Level),9.4 Money and banking,9.4.6 policies to reduce inflation and their effectiveness,Economics,Cambridge Assessment International Education,Cambridge International AS & A Level,A Level,Paper 3 - A Level Multiple Choice,9708/3,75,30,17
9 The macroeconomy (A Level),9.4 Money and banking,9.4.6 policies to reduce inflation and their effectiveness,Economics,Cambridge Assessment International Education,Cambridge International AS & A Level,A Level,Paper 4 - A Level Data Response and Essays,9708/4,120,60,33
9 The macroeconomy (A Level),9.4 Money and banking,9.4.7 demand for money: liquidity preference theory,Economics,Cambridge Assessment International Education,Cambridge International AS & A Level,A Level,Paper 3 - A Level Multiple Choice,9708/3,75,30,17
9 The macroeconomy (A Level),9.4 Money and banking,9.4.7 demand for money: liquidity preference theory,Economics,Cambridge Assessment International Education,Cambridge International AS & A Level,A Level,Paper 4 - A Level Data Response and Essays,9708/4,120,60,33
9 The macroeconomy (A Level),9.4 Money and banking,9.4.8 interest rate determination: loanable funds theory and Keynesian theory,Economics,Cambridge Assessment International Education,Cambridge International AS & A Level,A Level,Paper 3 - A Level Multiple Choice,9708/3,75,30,17
9 The macroeconomy (A Level),9.4 Money and banking,9.4.8 interest rate determination: loanable funds theory and Keynesian theory,Economics,Cambridge Assessment International Education,Cambridge International AS & A Level,A Level,Paper 4 - A Level Data Response and Essays,9708/4,120,60,33
10 Government macroeconomic intervention (A Level),10.1 Government macroeconomic policy objectives,"10.1.1 objectives in terms of inflation, balance of payments, unemployment, growth, development, sustainability and redistribution of income and wealth",Economics,Cambridge Assessment International Education,Cambridge International AS & A Level,A Level,Paper 3 - A Level Multiple Choice,9708/3,75,30,17
10 Government macroeconomic intervention (A Level),10.1 Government macroeconomic policy objectives,"10.1.1 objectives in terms of inflation, balance of payments, unemployment, growth, development, sustainability and redistribution of income and wealth",Economics,Cambridge Assessment International Education,Cambridge International AS & A Level,A Level,Paper 4 - A Level Data Response and Essays,9708/4,120,60,33
10 Government macroeconomic intervention (A Level),10.2 Links between macroeconomic problems and their interrelatedness,10.2.1 relationship between the internal value of money and the external value of money,Economics,Cambridge Assessment International Education,Cambridge International AS & A Level,A Level,Paper 3 - A Level Multiple Choice,9708/3,75,30,17
10 Government macroeconomic intervention (A Level),10.2 Links between macroeconomic problems and their interrelatedness,10.2.1 relationship between the internal value of money and the external value of money,Economics,Cambridge Assessment International Education,Cambridge International AS & A Level,A Level,Paper 4 - A Level Data Response and Essays,9708/4,120,60,33
10 Government macroeconomic intervention (A Level),10.2 Links between macroeconomic problems and their interrelatedness,10.2.2 relationship between the balance of payments and inflation,Economics,Cambridge Assessment International Education,Cambridge International AS & A Level,A Level,Paper 3 - A Level Multiple Choice,9708/3,75,30,17
10 Government macroeconomic intervention (A Level),10.2 Links between macroeconomic problems and their interrelatedness,10.2.2 relationship between the balance of payments and inflation,Economics,Cambridge Assessment International Education,Cambridge International AS & A Level,A Level,Paper 4 - A Level Data Response and Essays,9708/4,120,60,33
10 Government macroeconomic intervention (A Level),10.2 Links between macroeconomic problems and their interrelatedness,10.2.3 relationship between growth and inflation,Economics,Cambridge Assessment International Education,Cambridge International AS & A Level,A Level,Paper 3 - A Level Multiple Choice,9708/3,75,30,17
10 Government macroeconomic intervention (A Level),10.2 Links between macroeconomic problems and their interrelatedness,10.2.3 relationship between growth and inflation,Economics,Cambridge Assessment International Education,Cambridge International AS & A Level,A Level,Paper 4 - A Level Data Response and Essays,9708/4,120,60,33
10 Government macroeconomic intervention (A Level),10.2 Links between macroeconomic problems and their interrelatedness,10.2.4 relationship between growth and the balance of payments,Economics,Cambridge Assessment International Education,Cambridge International AS & A Level,A Level,Paper 3 - A Level Multiple Choice,9708/3,75,30,17
10 Government macroeconomic intervention (A Level),10.2 Links between macroeconomic problems and their interrelatedness,10.2.4 relationship between growth and the balance of payments,Economics,Cambridge Assessment International Education,Cambridge International AS & A Level,A Level,Paper 4 - A Level Data Response and Essays,9708/4,120,60,33
10 Government macroeconomic intervention (A Level),10.2 Links between macroeconomic problems and their interrelatedness,10.2.5 relationship between inflation and unemployment: • traditional Phillips curve • expectations-augmented Phillips curve (short- and long-run Phillips curve),Economics,Cambridge Assessment International Education,Cambridge International AS & A Level,A Level,Paper 3 - A Level Multiple Choice,9708/3,75,30,17
10 Government macroeconomic intervention (A Level),10.2 Links between macroeconomic problems and their interrelatedness,10.2.5 relationship between inflation and unemployment: • traditional Phillips curve • expectations-augmented Phillips curve (short- and long-run Phillips curve),Economics,Cambridge Assessment International Education,Cambridge International AS & A Level,A Level,Paper 4 - A Level Data Response and Essays,9708/4,120,60,33
10 Government macroeconomic intervention (A Level),10.3 Effectiveness of policy options to meet all macroeconomic objectives,10.3.1 effectiveness of different policies in relation to different macroeconomic objectives: • fiscal policy including Laffer curve analysis • monetary policy • supply-side policy including market-based and interventionist policies • exchange rate policy • international trade policy,Economics,Cambridge Assessment International Education,Cambridge International AS & A Level,A Level,Paper 3 - A Level Multiple Choice,9708/3,75,30,17
10 Government macroeconomic intervention (A Level),10.3 Effectiveness of policy options to meet all macroeconomic objectives,10.3.1 effectiveness of different policies in relation to different macroeconomic objectives: • fiscal policy including Laffer curve analysis • monetary policy • supply-side policy including market-based and interventionist policies • exchange rate policy • international trade policy,Economics,Cambridge Assessment International Education,Cambridge International AS & A Level,A Level,Paper 4 - A Level Data Response and Essays,9708/4,120,60,33
10 Government macroeconomic intervention (A Level),10.3 Effectiveness of policy options to meet all macroeconomic objectives,10.3.2 problems and conflicts arising from the outcome of these policies,Economics,Cambridge Assessment International Education,Cambridge International AS & A Level,A Level,Paper 3 - A Level Multiple Choice,9708/3,75,30,17
10 Government macroeconomic intervention (A Level),10.3 Effectiveness of policy options to meet all macroeconomic objectives,10.3.2 problems and conflicts arising from the outcome of these policies,Economics,Cambridge Assessment International Education,Cambridge International AS & A Level,A Level,Paper 4 - A Level Data Response and Essays,9708/4,120,60,33
10 Government macroeconomic intervention (A Level),10.3 Effectiveness of policy options to meet all macroeconomic objectives,10.3.3 existence of government failure in macroeconomic policies,Economics,Cambridge Assessment International Education,Cambridge International AS & A Level,A Level,Paper 3 - A Level Multiple Choice,9708/3,75,30,17
10 Government macroeconomic intervention (A Level),10.3 Effectiveness of policy options to meet all macroeconomic objectives,10.3.3 existence of government failure in macroeconomic policies,Economics,Cambridge Assessment International Education,Cambridge International AS & A Level,A Level,Paper 4 - A Level Data Response and Essays,9708/4,120,60,33
11 International economic issues (A Level),11.1 Policies to correct disequilibrium in the balance of payments,"11.1.1 components of the balance of payments accounts: current account, financial account and capital account",Economics,Cambridge Assessment International Education,Cambridge International AS & A Level,A Level,Paper 3 - A Level Multiple Choice,9708/3,75,30,17
11 International economic issues (A Level),11.1 Policies to correct disequilibrium in the balance of payments,"11.1.1 components of the balance of payments accounts: current account, financial account and capital account",Economics,Cambridge Assessment International Education,Cambridge International AS & A Level,A Level,Paper 4 - A Level Data Response and Essays,9708/4,120,60,33
11 International economic issues (A Level),11.1 Policies to correct disequilibrium in the balance of payments,"11.1.2 effect of fiscal, monetary, supply-side, protectionist and exchange rate policies on the balance of payments",Economics,Cambridge Assessment International Education,Cambridge International AS & A Level,A Level,Paper 3 - A Level Multiple Choice,9708/3,75,30,17
11 International economic issues (A Level),11.1 Policies to correct disequilibrium in the balance of payments,"11.1.2 effect of fiscal, monetary, supply-side, protectionist and exchange rate policies on the balance of payments",Economics,Cambridge Assessment International Education,Cambridge International AS & A Level,A Level,Paper 4 - A Level Data Response and Essays,9708/4,120,60,33
11 International economic issues (A Level),11.1 Policies to correct disequilibrium in the balance of payments,11.1.3 difference between expenditure-switching and expenditure-reducing policies,Economics,Cambridge Assessment International Education,Cambridge International AS & A Level,A Level,Paper 3 - A Level Multiple Choice,9708/3,75,30,17
11 International economic issues (A Level),11.1 Policies to correct disequilibrium in the balance of payments,11.1.3 difference between expenditure-switching and expenditure-reducing policies,Economics,Cambridge Assessment International Education,Cambridge International AS & A Level,A Level,Paper 4 - A Level Data Response and Essays,9708/4,120,60,33
11 International economic issues (A Level),11.2 Exchange rates,11.2.1 measurement of exchange rates: • distinction between nominal and real exchange rates • trade-weighted exchange rates,Economics,Cambridge Assessment International Education,Cambridge International AS & A Level,A Level,Paper 3 - A Level Multiple Choice,9708/3,75,30,17
11 International economic issues (A Level),11.2 Exchange rates,11.2.1 measurement of exchange rates: • distinction between nominal and real exchange rates • trade-weighted exchange rates,Economics,Cambridge Assessment International Education,Cambridge International AS & A Level,A Level,Paper 4 - A Level Data Response and Essays,9708/4,120,60,33
11 International economic issues (A Level),11.2 Exchange rates,11.2.2 determination of exchange rates under fixed and managed systems,Economics,Cambridge Assessment International Education,Cambridge International AS & A Level,A Level,Paper 3 - A Level Multiple Choice,9708/3,75,30,17
11 International economic issues (A Level),11.2 Exchange rates,11.2.2 determination of exchange rates under fixed and managed systems,Economics,Cambridge Assessment International Education,Cambridge International AS & A Level,A Level,Paper 4 - A Level Data Response and Essays,9708/4,120,60,33
11 International economic issues (A Level),11.2 Exchange rates,11.2.3 distinction between revaluation and devaluation of a fixed exchange rate,Economics,Cambridge Assessment International Education,Cambridge International AS & A Level,A Level,Paper 3 - A Level Multiple Choice,9708/3,75,30,17
11 International economic issues (A Level),11.2 Exchange rates,11.2.3 distinction between revaluation and devaluation of a fixed exchange rate,Economics,Cambridge Assessment International Education,Cambridge International AS & A Level,A Level,Paper 4 - A Level Data Response and Essays,9708/4,120,60,33
11 International economic issues (A Level),11.2 Exchange rates,11.2.4 changes in the exchange rate under different exchange rate systems,Economics,Cambridge Assessment International Education,Cambridge International AS & A Level,A Level,Paper 3 - A Level Multiple Choice,9708/3,75,30,17
11 International economic issues (A Level),11.2 Exchange rates,11.2.4 changes in the exchange rate under different exchange rate systems,Economics,Cambridge Assessment International Education,Cambridge International AS & A Level,A Level,Paper 4 - A Level Data Response and Essays,9708/4,120,60,33
11 International economic issues (A Level),11.2 Exchange rates,11.2.5 the effects of changing exchange rates on the external economy using Marshall-Lerner and J curve analysis,Economics,Cambridge Assessment International Education,Cambridge International AS & A Level,A Level,Paper 3 - A Level Multiple Choice,9708/3,75,30,17
11 International economic issues (A Level),11.2 Exchange rates,11.2.5 the effects of changing exchange rates on the external economy using Marshall-Lerner and J curve analysis,Economics,Cambridge Assessment International Education,Cambridge International AS & A Level,A Level,Paper 4 - A Level Data Response and Essays,9708/4,120,60,33
11 International economic issues (A Level),11.3 Economic development,11.3.1 classification of economies in terms of their level of development,Economics,Cambridge Assessment International Education,Cambridge International AS & A Level,A Level,Paper 3 - A Level Multiple Choice,9708/3,75,30,17
11 International economic issues (A Level),11.3 Economic development,11.3.1 classification of economies in terms of their level of development,Economics,Cambridge Assessment International Education,Cambridge International AS & A Level,A Level,Paper 4 - A Level Data Response and Essays,9708/4,120,60,33
11 International economic issues (A Level),11.3 Economic development,11.3.2 classification of economies in terms of their level of national income,Economics,Cambridge Assessment International Education,Cambridge International AS & A Level,A Level,Paper 3 - A Level Multiple Choice,9708/3,75,30,17
11 International economic issues (A Level),11.3 Economic development,11.3.2 classification of economies in terms of their level of national income,Economics,Cambridge Assessment International Education,Cambridge International AS & A Level,A Level,Paper 4 - A Level Data Response and Essays,9708/4,120,60,33
11 International economic issues (A Level),11.3 Economic development,"11.3.3 indicators of living standards and economic development: • monetary indicators including real per capita national income statistics (GDP, GNI, NNI) and purchasing power parity • issues of comparison using monetary indicators • non-monetary indicators • composite indicators: – Human Development Index (HDI) – Measure of Economic Welfare (MEW) – Multidimensional Poverty Index (MPI) • the Kuznets curve",Economics,Cambridge Assessment International Education,Cambridge International AS & A Level,A Level,Paper 3 - A Level Multiple Choice,9708/3,75,30,17
11 International economic issues (A Level),11.3 Economic development,"11.3.3 indicators of living standards and economic development: • monetary indicators including real per capita national income statistics (GDP, GNI, NNI) and purchasing power parity • issues of comparison using monetary indicators • non-monetary indicators • composite indicators: – Human Development Index (HDI) – Measure of Economic Welfare (MEW) – Multidimensional Poverty Index (MPI) • the Kuznets curve",Economics,Cambridge Assessment International Education,Cambridge International AS & A Level,A Level,Paper 4 - A Level Data Response and Essays,9708/4,120,60,33
11 International economic issues (A Level),11.3 Economic development,11.3.4 comparison of economic growth rates and living standards: • over time • between countries,Economics,Cambridge Assessment International Education,Cambridge International AS & A Level,A Level,Paper 3 - A Level Multiple Choice,9708/3,75,30,17
11 International economic issues (A Level),11.3 Economic development,11.3.4 comparison of economic growth rates and living standards: • over time • between countries,Economics,Cambridge Assessment International Education,Cambridge International AS & A Level,A Level,Paper 4 - A Level Data Response and Essays,9708/4,120,60,33
11 International economic issues (A Level),11.4 Characteristics of countries at different levels of development,"11.4.1 population growth and structure: • measurement and causes of changes in birth rate, death rate, infant mortality and net migration • optimum population • level of urbanisation",Economics,Cambridge Assessment International Education,Cambridge International AS & A Level,A Level,Paper 3 - A Level Multiple Choice,9708/3,75,30,17
11 International economic issues (A Level),11.4 Characteristics of countries at different levels of development,"11.4.1 population growth and structure: • measurement and causes of changes in birth rate, death rate, infant mortality and net migration • optimum population • level of urbanisation",Economics,Cambridge Assessment International Education,Cambridge International AS & A Level,A Level,Paper 4 - A Level Data Response and Essays,9708/4,120,60,33
11 International economic issues (A Level),11.4 Characteristics of countries at different levels of development,11.4.2 income distribution: • calculation of Gini coefficient and Lorenz curve analysis,Economics,Cambridge Assessment International Education,Cambridge International AS & A Level,A Level,Paper 3 - A Level Multiple Choice,9708/3,75,30,17
11 International economic issues (A Level),11.4 Characteristics of countries at different levels of development,11.4.2 income distribution: • calculation of Gini coefficient and Lorenz curve analysis,Economics,Cambridge Assessment International Education,Cambridge International AS & A Level,A Level,Paper 4 - A Level Data Response and Essays,9708/4,120,60,33
11 International economic issues (A Level),11.4 Characteristics of countries at different levels of development,"11.4.3 economic structure: • employment composition: primary, secondary and tertiary sectors • pattern of trade at different levels of development",Economics,Cambridge Assessment International Education,Cambridge International AS & A Level,A Level,Paper 3 - A Level Multiple Choice,9708/3,75,30,17
11 International economic issues (A Level),11.4 Characteristics of countries at different levels of development,"11.4.3 economic structure: • employment composition: primary, secondary and tertiary sectors • pattern of trade at different levels of development",Economics,Cambridge Assessment International Education,Cambridge International AS & A Level,A Level,Paper 4 - A Level Data Response and Essays,9708/4,120,60,33
11 International economic issues (A Level),11.5 Relationship between countries at different levels of development,11.5.1 international aid: • forms of aid • reasons for giving aid • effects of aid • importance of aid,Economics,Cambridge Assessment International Education,Cambridge International AS & A Level,A Level,Paper 3 - A Level Multiple Choice,9708/3,75,30,17
11 International economic issues (A Level),11.5 Relationship between countries at different levels of development,11.5.1 international aid: • forms of aid • reasons for giving aid • effects of aid • importance of aid,Economics,Cambridge Assessment International Education,Cambridge International AS & A Level,A Level,Paper 4 - A Level Data Response and Essays,9708/4,120,60,33
11 International economic issues (A Level),11.5 Relationship between countries at different levels of development,11.5.2 trade and investment,Economics,Cambridge Assessment International Education,Cambridge International AS & A Level,A Level,Paper 3 - A Level Multiple Choice,9708/3,75,30,17
11 International economic issues (A Level),11.5 Relationship between countries at different levels of development,11.5.2 trade and investment,Economics,Cambridge Assessment International Education,Cambridge International AS & A Level,A Level,Paper 4 - A Level Data Response and Essays,9708/4,120,60,33
11 International economic issues (A Level),11.5 Relationship between countries at different levels of development,11.5.3 role of multinational companies (MNCs): • definition of MNC • activities of MNCs • consequences of MNCs,Economics,Cambridge Assessment International Education,Cambridge International AS & A Level,A Level,Paper 3 - A Level Multiple Choice,9708/3,75,30,17
11 International economic issues (A Level),11.5 Relationship between countries at different levels of development,11.5.3 role of multinational companies (MNCs): • definition of MNC • activities of MNCs • consequences of MNCs,Economics,Cambridge Assessment International Education,Cambridge International AS & A Level,A Level,Paper 4 - A Level Data Response and Essays,9708/4,120,60,33
11 International economic issues (A Level),11.5 Relationship between countries at different levels of development,11.5.4 Foreign Direct Investment (FDI): • definition of FDI • consequences of FDI,Economics,Cambridge Assessment International Education,Cambridge International AS & A Level,A Level,Paper 3 - A Level Multiple Choice,9708/3,75,30,17
11 International economic issues (A Level),11.5 Relationship between countries at different levels of development,11.5.4 Foreign Direct Investment (FDI): • definition of FDI • consequences of FDI,Economics,Cambridge Assessment International Education,Cambridge International AS & A Level,A Level,Paper 4 - A Level Data Response and Essays,9708/4,120,60,33
11 International economic issues (A Level),11.5 Relationship between countries at different levels of development,11.5.5 external debt: • causes of debt • consequences of debt,Economics,Cambridge Assessment International Education,Cambridge International AS & A Level,A Level,Paper 3 - A Level Multiple Choice,9708/3,75,30,17
11 International economic issues (A Level),11.5 Relationship between countries at different levels of development,11.5.5 external debt: • causes of debt • consequences of debt,Economics,Cambridge Assessment International Education,Cambridge International AS & A Level,A Level,Paper 4 - A Level Data Response and Essays,9708/4,120,60,33
11 International economic issues (A Level),11.5 Relationship between countries at different levels of development,11.5.6 role of the International Monetary Fund (IMF),Economics,Cambridge Assessment International Education,Cambridge International AS & A Level,A Level,Paper 3 - A Level Multiple Choice,9708/3,75,30,17
11 International economic issues (A Level),11.5 Relationship between countries at different levels of development,11.5.6 role of the International Monetary Fund (IMF),Economics,Cambridge Assessment International Education,Cambridge International AS & A Level,A Level,Paper 4 - A Level Data Response and Essays,9708/4,120,60,33
11 International economic issues (A Level),11.5 Relationship between countries at different levels of development,11.5.7 role of the World Bank,Economics,Cambridge Assessment International Education,Cambridge International AS & A Level,A Level,Paper 3 - A Level Multiple Choice,9708/3,75,30,17
11 International economic issues (A Level),11.5 Relationship between countries at different levels of development,11.5.7 role of the World Bank,Economics,Cambridge Assessment International Education,Cambridge International AS & A Level,A Level,Paper 4 - A Level Data Response and Essays,9708/4,120,60,33
11 International economic issues (A Level),11.6 Globalisation,11.6.1 meaning of globalisation and its causes and consequences,Economics,Cambridge Assessment International Education,Cambridge International AS & A Level,A Level,Paper 3 - A Level Multiple Choice,9708/3,75,30,17
11 International economic issues (A Level),11.6 Globalisation,11.6.1 meaning of globalisation and its causes and consequences,Economics,Cambridge Assessment International Education,Cambridge International AS & A Level,A Level,Paper 4 - A Level Data Response and Essays,9708/4,120,60,33
11 International economic issues (A Level),11.6 Globalisation,"11.6.2 distinction between a free trade area, a customs union, a monetary union and full economic union",Economics,Cambridge Assessment International Education,Cambridge International AS & A Level,A Level,Paper 3 - A Level Multiple Choice,9708/3,75,30,17
11 International economic issues (A Level),11.6 Globalisation,"11.6.2 distinction between a free trade area, a customs union, a monetary union and full economic union",Economics,Cambridge Assessment International Education,Cambridge International AS & A Level,A Level,Paper 4 - A Level Data Response and Essays,9708/4,120,60,33
11 International economic issues (A Level),11.6 Globalisation,11.6.3 trade creation and trade diversion,Economics,Cambridge Assessment International Education,Cambridge International AS & A Level,A Level,Paper 3 - A Level Multiple Choice,9708/3,75,30,17
11 International economic issues (A Level),11.6 Globalisation,11.6.3 trade creation and trade diversion,Economics,Cambridge Assessment International Education,Cambridge International AS & A Level,A Level,Paper 4 - A Level Data Response and Essays,9708/4,120,60,33
