Main Topic,Subtopic,Learning Outcome,Subject,Exam Board,Qualification,Level,Component Name,Paper Code,Duration (min),Total Marks,Weighting (%)
France 1774-1814,What were the causes and immediate consequences of the 1789 Revolution?,The Ancient Regime and pressure for change including absolute monarchy and structure of royal government,History,Cambridge Assessment International Education,Cambridge International AS & A Level,AS Level,Paper 1 Historical Sources,9489/1,75,40,40
France 1774-1814,What were the causes and immediate consequences of the 1789 Revolution?,French society: the Estate system including the discontent of the Third Estate,History,Cambridge Assessment International Education,Cambridge International AS & A Level,AS Level,Paper 1 Historical Sources,9489/1,75,40,40
France 1774-1814,What were the causes and immediate consequences of the 1789 Revolution?,American War of Independence and its influence,History,Cambridge Assessment International Education,Cambridge International AS & A Level,AS Level,Paper 1 Historical Sources,9489/1,75,40,40
France 1774-1814,What were the causes and immediate consequences of the 1789 Revolution?,The influence of the Enlightenment,History,Cambridge Assessment International Education,Cambridge International AS & A Level,AS Level,Paper 1 Historical Sources,9489/1,75,40,40
France 1774-1814,What were the causes and immediate consequences of the 1789 Revolution?,Economic problems and attempts to deal with them up to 1787 including Necker Turgot and Calonne,History,Cambridge Assessment International Education,Cambridge International AS & A Level,AS Level,Paper 1 Historical Sources,9489/1,75,40,40
France 1774-1814,What were the causes and immediate consequences of the 1789 Revolution?,The financial and political crisis 1787-89,History,Cambridge Assessment International Education,Cambridge International AS & A Level,AS Level,Paper 1 Historical Sources,9489/1,75,40,40
France 1774-1814,What were the causes and immediate consequences of the 1789 Revolution?,The Assembly of Notables including failure of Calonne's reforms and Brienne and the involvement of the Parlement of Paris,History,Cambridge Assessment International Education,Cambridge International AS & A Level,AS Level,Paper 1 Historical Sources,9489/1,75,40,40
France 1774-1814,What were the causes and immediate consequences of the 1789 Revolution?,Economic problems including bad harvests and food shortage unemployment and price rises,History,Cambridge Assessment International Education,Cambridge International AS & A Level,AS Level,Paper 1 Historical Sources,9489/1,75,40,40
France 1774-1814,What were the causes and immediate consequences of the 1789 Revolution?,Necker reappointed as Finance Minister,History,Cambridge Assessment International Education,Cambridge International AS & A Level,AS Level,Paper 1 Historical Sources,9489/1,75,40,40
France 1774-1814,What were the causes and immediate consequences of the 1789 Revolution?,King's decision to call the Estates-General including Cahiers de doléances,History,Cambridge Assessment International Education,Cambridge International AS & A Level,AS Level,Paper 1 Historical Sources,9489/1,75,40,40
France 1774-1814,What were the causes and immediate consequences of the 1789 Revolution?,The meeting of the Estates-General,History,Cambridge Assessment International Education,Cambridge International AS & A Level,AS Level,Paper 1 Historical Sources,9489/1,75,40,40
France 1774-1814,What were the causes and immediate consequences of the 1789 Revolution?,The National Assembly and the Tennis Court Oath,History,Cambridge Assessment International Education,Cambridge International AS & A Level,AS Level,Paper 1 Historical Sources,9489/1,75,40,40
France 1774-1814,What were the causes and immediate consequences of the 1789 Revolution?,Louis' refusal to carry out reform,History,Cambridge Assessment International Education,Cambridge International AS & A Level,AS Level,Paper 1 Historical Sources,9489/1,75,40,40
France 1774-1814,What were the causes and immediate consequences of the 1789 Revolution?,The outbreak of revolution including the Storming of the Bastille,History,Cambridge Assessment International Education,Cambridge International AS & A Level,AS Level,Paper 1 Historical Sources,9489/1,75,40,40
France 1774-1814,What were the causes and immediate consequences of the 1789 Revolution?,The Great Fear,History,Cambridge Assessment International Education,Cambridge International AS & A Level,AS Level,Paper 1 Historical Sources,9489/1,75,40,40
France 1774-1814,What were the causes and immediate consequences of the 1789 Revolution?,The August Decrees,History,Cambridge Assessment International Education,Cambridge International AS & A Level,AS Level,Paper 1 Historical Sources,9489/1,75,40,40
France 1774-1814,What were the causes and immediate consequences of the 1789 Revolution?,The Declaration of the Rights of Man and of the Citizen,History,Cambridge Assessment International Education,Cambridge International AS & A Level,AS Level,Paper 1 Historical Sources,9489/1,75,40,40
France 1774-1814,What were the causes and immediate consequences of the 1789 Revolution?,March of the Women,History,Cambridge Assessment International Education,Cambridge International AS & A Level,AS Level,Paper 1 Historical Sources,9489/1,75,40,40
France 1774-1814,How and why did France become a republic by 1792?,The revolutionary and counter-revolutionary groups,History,Cambridge Assessment International Education,Cambridge International AS & A Level,AS Level,Paper 1 Historical Sources,9489/1,75,40,40
France 1774-1814,How and why did France become a republic by 1792?,Aims of the revolutionary groups including the Jacobins the Feuillants and the Girondins,History,Cambridge Assessment International Education,Cambridge International AS & A Level,AS Level,Paper 1 Historical Sources,9489/1,75,40,40
France 1774-1814,How and why did France become a republic by 1792?,Counter-revolutionary groups: reasons for failure,History,Cambridge Assessment International Education,Cambridge International AS & A Level,AS Level,Paper 1 Historical Sources,9489/1,75,40,40
France 1774-1814,How and why did France become a republic by 1792?,Reforms including financial Assignats taxation reform local government justice and Church reforms,History,Cambridge Assessment International Education,Cambridge International AS & A Level,AS Level,Paper 1 Historical Sources,9489/1,75,40,40
France 1774-1814,How and why did France become a republic by 1792?,Political instability including disagreement on the terms of the new constitution,History,Cambridge Assessment International Education,Cambridge International AS & A Level,AS Level,Paper 1 Historical Sources,9489/1,75,40,40
France 1774-1814,How and why did France become a republic by 1792?,The behaviour of the King and the flight to Varennes,History,Cambridge Assessment International Education,Cambridge International AS & A Level,AS Level,Paper 1 Historical Sources,9489/1,75,40,40
France 1774-1814,How and why did France become a republic by 1792?,The Champ de Mars,History,Cambridge Assessment International Education,Cambridge International AS & A Level,AS Level,Paper 1 Historical Sources,9489/1,75,40,40
France 1774-1814,How and why did France become a republic by 1792?,Legislative Assembly,History,Cambridge Assessment International Education,Cambridge International AS & A Level,AS Level,Paper 1 Historical Sources,9489/1,75,40,40
France 1774-1814,How and why did France become a republic by 1792?,Declaration of war on Austria April 1792,History,Cambridge Assessment International Education,Cambridge International AS & A Level,AS Level,Paper 1 Historical Sources,9489/1,75,40,40
France 1774-1814,How and why did France become a republic by 1792?,September Massacres,History,Cambridge Assessment International Education,Cambridge International AS & A Level,AS Level,Paper 1 Historical Sources,9489/1,75,40,40
France 1774-1814,How and why did France become a republic by 1792?,The National Convention and abolition of the monarchy,History,Cambridge Assessment International Education,Cambridge International AS & A Level,AS Level,Paper 1 Historical Sources,9489/1,75,40,40
France 1774-1814,How well was France governed in the period 1793-99?,Instability 1793-95 including problems facing France after the execution of Louis XVI,History,Cambridge Assessment International Education,Cambridge International AS & A Level,AS Level,Paper 1 Historical Sources,9489/1,75,40,40
France 1774-1814,How well was France governed in the period 1793-99?,The influence of the sans-culottes,History,Cambridge Assessment International Education,Cambridge International AS & A Level,AS Level,Paper 1 Historical Sources,9489/1,75,40,40
France 1774-1814,How well was France governed in the period 1793-99?,Disagreement within the Convention,History,Cambridge Assessment International Education,Cambridge International AS & A Level,AS Level,Paper 1 Historical Sources,9489/1,75,40,40
France 1774-1814,How well was France governed in the period 1793-99?,The effects of war on France in 1793,History,Cambridge Assessment International Education,Cambridge International AS & A Level,AS Level,Paper 1 Historical Sources,9489/1,75,40,40
France 1774-1814,How well was France governed in the period 1793-99?,New constitution 1793 and the Committee of Public Safety,History,Cambridge Assessment International Education,Cambridge International AS & A Level,AS Level,Paper 1 Historical Sources,9489/1,75,40,40
France 1774-1814,How well was France governed in the period 1793-99?,Robespierre and the reign of terror,History,Cambridge Assessment International Education,Cambridge International AS & A Level,AS Level,Paper 1 Historical Sources,9489/1,75,40,40
France 1774-1814,How well was France governed in the period 1793-99?,Economic problems,History,Cambridge Assessment International Education,Cambridge International AS & A Level,AS Level,Paper 1 Historical Sources,9489/1,75,40,40
France 1774-1814,How well was France governed in the period 1793-99?,The White Terror 1794-95,History,Cambridge Assessment International Education,Cambridge International AS & A Level,AS Level,Paper 1 Historical Sources,9489/1,75,40,40
France 1774-1814,How well was France governed in the period 1793-99?,The Parisian risings 1795,History,Cambridge Assessment International Education,Cambridge International AS & A Level,AS Level,Paper 1 Historical Sources,9489/1,75,40,40
France 1774-1814,How well was France governed in the period 1793-99?,The Directory 1795-99 including the Constitution of the Year III,History,Cambridge Assessment International Education,Cambridge International AS & A Level,AS Level,Paper 1 Historical Sources,9489/1,75,40,40
France 1774-1814,How well was France governed in the period 1793-99?,Aims of the Directory,History,Cambridge Assessment International Education,Cambridge International AS & A Level,AS Level,Paper 1 Historical Sources,9489/1,75,40,40
France 1774-1814,How well was France governed in the period 1793-99?,Problems facing the Directory,History,Cambridge Assessment International Education,Cambridge International AS & A Level,AS Level,Paper 1 Historical Sources,9489/1,75,40,40
France 1774-1814,How well was France governed in the period 1793-99?,Success and failures of the Directory including financial military and political,History,Cambridge Assessment International Education,Cambridge International AS & A Level,AS Level,Paper 1 Historical Sources,9489/1,75,40,40
France 1774-1814,What caused the rise and fall of Napoleon Bonaparte?,Napoleon Bonaparte's military reputation and political ambitions,History,Cambridge Assessment International Education,Cambridge International AS & A Level,AS Level,Paper 1 Historical Sources,9489/1,75,40,40
France 1774-1814,What caused the rise and fall of Napoleon Bonaparte?,The coup of 1799,History,Cambridge Assessment International Education,Cambridge International AS & A Level,AS Level,Paper 1 Historical Sources,9489/1,75,40,40
France 1774-1814,What caused the rise and fall of Napoleon Bonaparte?,Napoleon's initiatives as first consul,History,Cambridge Assessment International Education,Cambridge International AS & A Level,AS Level,Paper 1 Historical Sources,9489/1,75,40,40
France 1774-1814,What caused the rise and fall of Napoleon Bonaparte?,Establishing authoritarian control including setting up new ministries and a Council of State,History,Cambridge Assessment International Education,Cambridge International AS & A Level,AS Level,Paper 1 Historical Sources,9489/1,75,40,40
France 1774-1814,What caused the rise and fall of Napoleon Bonaparte?,Reform of the police force and the judiciary,History,Cambridge Assessment International Education,Cambridge International AS & A Level,AS Level,Paper 1 Historical Sources,9489/1,75,40,40
France 1774-1814,What caused the rise and fall of Napoleon Bonaparte?,Propaganda and censorship,History,Cambridge Assessment International Education,Cambridge International AS & A Level,AS Level,Paper 1 Historical Sources,9489/1,75,40,40
France 1774-1814,What caused the rise and fall of Napoleon Bonaparte?,Control of elections,History,Cambridge Assessment International Education,Cambridge International AS & A Level,AS Level,Paper 1 Historical Sources,9489/1,75,40,40
France 1774-1814,What caused the rise and fall of Napoleon Bonaparte?,Emperor Napoleon 1804,History,Cambridge Assessment International Education,Cambridge International AS & A Level,AS Level,Paper 1 Historical Sources,9489/1,75,40,40
France 1774-1814,What caused the rise and fall of Napoleon Bonaparte?,Napoleon's domestic reforms including legal: the Code Napoleon,History,Cambridge Assessment International Education,Cambridge International AS & A Level,AS Level,Paper 1 Historical Sources,9489/1,75,40,40
France 1774-1814,What caused the rise and fall of Napoleon Bonaparte?,Educational reforms,History,Cambridge Assessment International Education,Cambridge International AS & A Level,AS Level,Paper 1 Historical Sources,9489/1,75,40,40
France 1774-1814,What caused the rise and fall of Napoleon Bonaparte?,Financial and economic including Bank of France taxation and bread prices,History,Cambridge Assessment International Education,Cambridge International AS & A Level,AS Level,Paper 1 Historical Sources,9489/1,75,40,40
France 1774-1814,What caused the rise and fall of Napoleon Bonaparte?,Religious: the Concordat with the Roman Catholic Church,History,Cambridge Assessment International Education,Cambridge International AS & A Level,AS Level,Paper 1 Historical Sources,9489/1,75,40,40
France 1774-1814,What caused the rise and fall of Napoleon Bonaparte?,Reasons for Napoleon's fall from power including declining popularity at home,History,Cambridge Assessment International Education,Cambridge International AS & A Level,AS Level,Paper 1 Historical Sources,9489/1,75,40,40
France 1774-1814,What caused the rise and fall of Napoleon Bonaparte?,Conscription and deteriorating economy,History,Cambridge Assessment International Education,Cambridge International AS & A Level,AS Level,Paper 1 Historical Sources,9489/1,75,40,40
France 1774-1814,What caused the rise and fall of Napoleon Bonaparte?,Effects of Napoleon's failure to defeat Britain including the failure of the Continental System,History,Cambridge Assessment International Education,Cambridge International AS & A Level,AS Level,Paper 1 Historical Sources,9489/1,75,40,40
France 1774-1814,What caused the rise and fall of Napoleon Bonaparte?,Outcome of the Peninsular War 1808-14,History,Cambridge Assessment International Education,Cambridge International AS & A Level,AS Level,Paper 1 Historical Sources,9489/1,75,40,40
France 1774-1814,What caused the rise and fall of Napoleon Bonaparte?,Growth of nationalism in the Empire,History,Cambridge Assessment International Education,Cambridge International AS & A Level,AS Level,Paper 1 Historical Sources,9489/1,75,40,40
France 1774-1814,What caused the rise and fall of Napoleon Bonaparte?,The extent of his Empire by 1812,History,Cambridge Assessment International Education,Cambridge International AS & A Level,AS Level,Paper 1 Historical Sources,9489/1,75,40,40
France 1774-1814,What caused the rise and fall of Napoleon Bonaparte?,Outcome of the failure of the campaign against Russia,History,Cambridge Assessment International Education,Cambridge International AS & A Level,AS Level,Paper 1 Historical Sources,9489/1,75,40,40
France 1774-1814,What caused the rise and fall of Napoleon Bonaparte?,Impact of the defeat at Leipzig 1813,History,Cambridge Assessment International Education,Cambridge International AS & A Level,AS Level,Paper 1 Historical Sources,9489/1,75,40,40
France 1774-1814,What caused the rise and fall of Napoleon Bonaparte?,Allies capture of Paris including abdication 1814,History,Cambridge Assessment International Education,Cambridge International AS & A Level,AS Level,Paper 1 Historical Sources,9489/1,75,40,40
Liberalism and nationalism in Germany 1815-71,What were the causes of the Revolutions of 1848?,The Congress of Vienna and the formation of the Confederation,History,Cambridge Assessment International Education,Cambridge International AS & A Level,AS Level,Paper 2 Outline Study,9489/2,105,60,60
Liberalism and nationalism in Germany 1815-71,What were the causes of the Revolutions of 1848?,Strengths and weaknesses of the Confederation,History,Cambridge Assessment International Education,Cambridge International AS & A Level,AS Level,Paper 2 Outline Study,9489/2,105,60,60
Liberalism and nationalism in Germany 1815-71,What were the causes of the Revolutions of 1848?,The impact of Metternich's system on the States of Germany including the Carlsbad Decrees,History,Cambridge Assessment International Education,Cambridge International AS & A Level,AS Level,Paper 2 Outline Study,9489/2,105,60,60
Liberalism and nationalism in Germany 1815-71,What were the causes of the Revolutions of 1848?,The influence of Liberal ideas including the aims of the Liberals,History,Cambridge Assessment International Education,Cambridge International AS & A Level,AS Level,Paper 2 Outline Study,9489/2,105,60,60
Liberalism and nationalism in Germany 1815-71,What were the causes of the Revolutions of 1848?,The emergence of the middle class,History,Cambridge Assessment International Education,Cambridge International AS & A Level,AS Level,Paper 2 Outline Study,9489/2,105,60,60
Liberalism and nationalism in Germany 1815-71,What were the causes of the Revolutions of 1848?,The extent of support for liberalism in Prussia,History,Cambridge Assessment International Education,Cambridge International AS & A Level,AS Level,Paper 2 Outline Study,9489/2,105,60,60
Liberalism and nationalism in Germany 1815-71,What were the causes of the Revolutions of 1848?,The growth of nationalist ideas including the impact of the 1830 revolutions on German states,History,Cambridge Assessment International Education,Cambridge International AS & A Level,AS Level,Paper 2 Outline Study,9489/2,105,60,60
Liberalism and nationalism in Germany 1815-71,What were the causes of the Revolutions of 1848?,Support for nationalist ideas in the universities,History,Cambridge Assessment International Education,Cambridge International AS & A Level,AS Level,Paper 2 Outline Study,9489/2,105,60,60
Liberalism and nationalism in Germany 1815-71,What were the causes of the Revolutions of 1848?,Reactions to the growth of nationalist ideas,History,Cambridge Assessment International Education,Cambridge International AS & A Level,AS Level,Paper 2 Outline Study,9489/2,105,60,60
Liberalism and nationalism in Germany 1815-71,What were the causes of the Revolutions of 1848?,The Six Articles and Ten Articles 1832,History,Cambridge Assessment International Education,Cambridge International AS & A Level,AS Level,Paper 2 Outline Study,9489/2,105,60,60
Liberalism and nationalism in Germany 1815-71,What were the causes of the Revolutions of 1848?,Reasons for the growth of nationalism in the 1840s,History,Cambridge Assessment International Education,Cambridge International AS & A Level,AS Level,Paper 2 Outline Study,9489/2,105,60,60
Liberalism and nationalism in Germany 1815-71,What were the causes of the Revolutions of 1848?,The economic and political impact of Prussian Customs Union and the Zollverein,History,Cambridge Assessment International Education,Cambridge International AS & A Level,AS Level,Paper 2 Outline Study,9489/2,105,60,60
Liberalism and nationalism in Germany 1815-71,What were the causes of the Revolutions of 1848?,Railway development,History,Cambridge Assessment International Education,Cambridge International AS & A Level,AS Level,Paper 2 Outline Study,9489/2,105,60,60
Liberalism and nationalism in Germany 1815-71,What were the causes of the Revolutions of 1848?,Problems facing the German States in the 1840s including economic and social problems,History,Cambridge Assessment International Education,Cambridge International AS & A Level,AS Level,Paper 2 Outline Study,9489/2,105,60,60
Liberalism and nationalism in Germany 1815-71,What were the causes of the Revolutions of 1848?,The economic crisis of 1846-47,History,Cambridge Assessment International Education,Cambridge International AS & A Level,AS Level,Paper 2 Outline Study,9489/2,105,60,60
Liberalism and nationalism in Germany 1815-71,What were the causes of the Revolutions of 1848?,Impact of industrialisation on skilled workers,History,Cambridge Assessment International Education,Cambridge International AS & A Level,AS Level,Paper 2 Outline Study,9489/2,105,60,60
Liberalism and nationalism in Germany 1815-71,What happened during the 1848-49 revolutions and what were their consequences?,The spread of revolution in the German states,History,Cambridge Assessment International Education,Cambridge International AS & A Level,AS Level,Paper 2 Outline Study,9489/2,105,60,60
Liberalism and nationalism in Germany 1815-71,What happened during the 1848-49 revolutions and what were their consequences?,The fall of Metternich,History,Cambridge Assessment International Education,Cambridge International AS & A Level,AS Level,Paper 2 Outline Study,9489/2,105,60,60
Liberalism and nationalism in Germany 1815-71,What happened during the 1848-49 revolutions and what were their consequences?,Revolution in Prussia and the role of Friedrich Wilhelm IV of Prussia,History,Cambridge Assessment International Education,Cambridge International AS & A Level,AS Level,Paper 2 Outline Study,9489/2,105,60,60
Liberalism and nationalism in Germany 1815-71,What happened during the 1848-49 revolutions and what were their consequences?,The Frankfurt Parliament including formation and actions,History,Cambridge Assessment International Education,Cambridge International AS & A Level,AS Level,Paper 2 Outline Study,9489/2,105,60,60
Liberalism and nationalism in Germany 1815-71,What happened during the 1848-49 revolutions and what were their consequences?,Reasons for the collapse of the Frankfurt Parliament,History,Cambridge Assessment International Education,Cambridge International AS & A Level,AS Level,Paper 2 Outline Study,9489/2,105,60,60
Liberalism and nationalism in Germany 1815-71,What happened during the 1848-49 revolutions and what were their consequences?,Impact of the 1848 revolutions,History,Cambridge Assessment International Education,Cambridge International AS & A Level,AS Level,Paper 2 Outline Study,9489/2,105,60,60
Liberalism and nationalism in Germany 1815-71,What happened during the 1848-49 revolutions and what were their consequences?,Reasons for the reassertion of Austrian control including the strength of the conservatives,History,Cambridge Assessment International Education,Cambridge International AS & A Level,AS Level,Paper 2 Outline Study,9489/2,105,60,60
Liberalism and nationalism in Germany 1815-71,What happened during the 1848-49 revolutions and what were their consequences?,Divisions between the revolutionaries,History,Cambridge Assessment International Education,Cambridge International AS & A Level,AS Level,Paper 2 Outline Study,9489/2,105,60,60
Liberalism and nationalism in Germany 1815-71,What happened during the 1848-49 revolutions and what were their consequences?,Changing relations between Austria and Prussia after 1848 including the humiliation of Olmutz,History,Cambridge Assessment International Education,Cambridge International AS & A Level,AS Level,Paper 2 Outline Study,9489/2,105,60,60
Liberalism and nationalism in Germany 1815-71,What happened during the 1848-49 revolutions and what were their consequences?,Economic issues including disagreements over the Zollverein,History,Cambridge Assessment International Education,Cambridge International AS & A Level,AS Level,Paper 2 Outline Study,9489/2,105,60,60
Liberalism and nationalism in Germany 1815-71,What happened during the 1848-49 revolutions and what were their consequences?,Economic development and growth in Prussia,History,Cambridge Assessment International Education,Cambridge International AS & A Level,AS Level,Paper 2 Outline Study,9489/2,105,60,60
Liberalism and nationalism in Germany 1815-71,What happened during the 1848-49 revolutions and what were their consequences?,Economic and financial problems facing Austria,History,Cambridge Assessment International Education,Cambridge International AS & A Level,AS Level,Paper 2 Outline Study,9489/2,105,60,60
Liberalism and nationalism in Germany 1815-71,What happened during the 1848-49 revolutions and what were their consequences?,Political issues including the growth of liberalism and Prussia's international position,History,Cambridge Assessment International Education,Cambridge International AS & A Level,AS Level,Paper 2 Outline Study,9489/2,105,60,60
Liberalism and nationalism in Germany 1815-71,What happened during the 1848-49 revolutions and what were their consequences?,Bismarck's role up to 1859 including his attitude towards Austria,History,Cambridge Assessment International Education,Cambridge International AS & A Level,AS Level,Paper 2 Outline Study,9489/2,105,60,60
Liberalism and nationalism in Germany 1815-71,Why was Bismarck appointed as Minister-President and what were his aims in the period up to 1866?,The Constitutional Crisis including the accession of Wilhelm I,History,Cambridge Assessment International Education,Cambridge International AS & A Level,AS Level,Paper 2 Outline Study,9489/2,105,60,60
Liberalism and nationalism in Germany 1815-71,Why was Bismarck appointed as Minister-President and what were his aims in the period up to 1866?,Proposals for army reforms and the reaction of the Liberals,History,Cambridge Assessment International Education,Cambridge International AS & A Level,AS Level,Paper 2 Outline Study,9489/2,105,60,60
Liberalism and nationalism in Germany 1815-71,Why was Bismarck appointed as Minister-President and what were his aims in the period up to 1866?,The formation of the German Progressive Party,History,Cambridge Assessment International Education,Cambridge International AS & A Level,AS Level,Paper 2 Outline Study,9489/2,105,60,60
Liberalism and nationalism in Germany 1815-71,Why was Bismarck appointed as Minister-President and what were his aims in the period up to 1866?,Bismarck's appointment and how he resolved the crisis,History,Cambridge Assessment International Education,Cambridge International AS & A Level,AS Level,Paper 2 Outline Study,9489/2,105,60,60
Liberalism and nationalism in Germany 1815-71,Why was Bismarck appointed as Minister-President and what were his aims in the period up to 1866?,The Congress of Princes August 1863 and relations with Austria,History,Cambridge Assessment International Education,Cambridge International AS & A Level,AS Level,Paper 2 Outline Study,9489/2,105,60,60
Liberalism and nationalism in Germany 1815-71,Why was Bismarck appointed as Minister-President and what were his aims in the period up to 1866?,War with Denmark 1864 including causes and reasons for Bismarck's involvement,History,Cambridge Assessment International Education,Cambridge International AS & A Level,AS Level,Paper 2 Outline Study,9489/2,105,60,60
Liberalism and nationalism in Germany 1815-71,Why was Bismarck appointed as Minister-President and what were his aims in the period up to 1866?,The outcome including increased tensions between Germany and Austria,History,Cambridge Assessment International Education,Cambridge International AS & A Level,AS Level,Paper 2 Outline Study,9489/2,105,60,60
Liberalism and nationalism in Germany 1815-71,Why was Bismarck appointed as Minister-President and what were his aims in the period up to 1866?,The Convention of Gastein,History,Cambridge Assessment International Education,Cambridge International AS & A Level,AS Level,Paper 2 Outline Study,9489/2,105,60,60
Liberalism and nationalism in Germany 1815-71,Why was Bismarck appointed as Minister-President and what were his aims in the period up to 1866?,Preparation for war with Austria including meeting with Napoleon III at Biarritz,History,Cambridge Assessment International Education,Cambridge International AS & A Level,AS Level,Paper 2 Outline Study,9489/2,105,60,60
Liberalism and nationalism in Germany 1815-71,Why was Bismarck appointed as Minister-President and what were his aims in the period up to 1866?,Secret alliance with Italy,History,Cambridge Assessment International Education,Cambridge International AS & A Level,AS Level,Paper 2 Outline Study,9489/2,105,60,60
Liberalism and nationalism in Germany 1815-71,Why was Bismarck appointed as Minister-President and what were his aims in the period up to 1866?,Reasons why war broke out including Bismarck's proposal to the Federal Diet for a new constitution,History,Cambridge Assessment International Education,Cambridge International AS & A Level,AS Level,Paper 2 Outline Study,9489/2,105,60,60
Liberalism and nationalism in Germany 1815-71,Why was Bismarck appointed as Minister-President and what were his aims in the period up to 1866?,Austria's violation of the Convention of Gastein,History,Cambridge Assessment International Education,Cambridge International AS & A Level,AS Level,Paper 2 Outline Study,9489/2,105,60,60
Liberalism and nationalism in Germany 1815-71,Why was Bismarck appointed as Minister-President and what were his aims in the period up to 1866?,The outcome of the Seven Weeks' War including the Treaty of Prague,History,Cambridge Assessment International Education,Cambridge International AS & A Level,AS Level,Paper 2 Outline Study,9489/2,105,60,60
Liberalism and nationalism in Germany 1815-71,Why was Bismarck appointed as Minister-President and what were his aims in the period up to 1866?,The formation of the North German Confederation,History,Cambridge Assessment International Education,Cambridge International AS & A Level,AS Level,Paper 2 Outline Study,9489/2,105,60,60
Liberalism and nationalism in Germany 1815-71,Why was Bismarck appointed as Minister-President and what were his aims in the period up to 1866?,The Liberals change in attitude toward Bismarck and the Indemnity Bill 1866,History,Cambridge Assessment International Education,Cambridge International AS & A Level,AS Level,Paper 2 Outline Study,9489/2,105,60,60
Liberalism and nationalism in Germany 1815-71,How and why was German unification achieved by 1871?,Pressure from nationalists to complete the unification process,History,Cambridge Assessment International Education,Cambridge International AS & A Level,AS Level,Paper 2 Outline Study,9489/2,105,60,60
Liberalism and nationalism in Germany 1815-71,How and why was German unification achieved by 1871?,Problem with the southern states including the Zollparlament,History,Cambridge Assessment International Education,Cambridge International AS & A Level,AS Level,Paper 2 Outline Study,9489/2,105,60,60
Liberalism and nationalism in Germany 1815-71,How and why was German unification achieved by 1871?,Lack of political unity,History,Cambridge Assessment International Education,Cambridge International AS & A Level,AS Level,Paper 2 Outline Study,9489/2,105,60,60
Liberalism and nationalism in Germany 1815-71,How and why was German unification achieved by 1871?,Napoleon III's ambitions,History,Cambridge Assessment International Education,Cambridge International AS & A Level,AS Level,Paper 2 Outline Study,9489/2,105,60,60
Liberalism and nationalism in Germany 1815-71,How and why was German unification achieved by 1871?,The Luxemburg Crisis including causes and why Bismarck encouraged it,History,Cambridge Assessment International Education,Cambridge International AS & A Level,AS Level,Paper 2 Outline Study,9489/2,105,60,60
Liberalism and nationalism in Germany 1815-71,How and why was German unification achieved by 1871?,Outcome and effects on relations with France,History,Cambridge Assessment International Education,Cambridge International AS & A Level,AS Level,Paper 2 Outline Study,9489/2,105,60,60
Liberalism and nationalism in Germany 1815-71,How and why was German unification achieved by 1871?,The Hohenzollern candidature including Spanish crown accepted by Prince Leopold,History,Cambridge Assessment International Education,Cambridge International AS & A Level,AS Level,Paper 2 Outline Study,9489/2,105,60,60
Liberalism and nationalism in Germany 1815-71,How and why was German unification achieved by 1871?,Reaction of Napoleon III,History,Cambridge Assessment International Education,Cambridge International AS & A Level,AS Level,Paper 2 Outline Study,9489/2,105,60,60
Liberalism and nationalism in Germany 1815-71,How and why was German unification achieved by 1871?,The Ems Telegram,History,Cambridge Assessment International Education,Cambridge International AS & A Level,AS Level,Paper 2 Outline Study,9489/2,105,60,60
Liberalism and nationalism in Germany 1815-71,How and why was German unification achieved by 1871?,Declaration of war by France,History,Cambridge Assessment International Education,Cambridge International AS & A Level,AS Level,Paper 2 Outline Study,9489/2,105,60,60
Liberalism and nationalism in Germany 1815-71,How and why was German unification achieved by 1871?,The Franco-Prussian War 1870-71 including why Bismarck was in a strong position,History,Cambridge Assessment International Education,Cambridge International AS & A Level,AS Level,Paper 2 Outline Study,9489/2,105,60,60
Liberalism and nationalism in Germany 1815-71,How and why was German unification achieved by 1871?,Lack of international support for France and the weakness of the French army,History,Cambridge Assessment International Education,Cambridge International AS & A Level,AS Level,Paper 2 Outline Study,9489/2,105,60,60
Liberalism and nationalism in Germany 1815-71,How and why was German unification achieved by 1871?,The strength of the Prussian Army under General Moltke,History,Cambridge Assessment International Education,Cambridge International AS & A Level,AS Level,Paper 2 Outline Study,9489/2,105,60,60
Liberalism and nationalism in Germany 1815-71,How and why was German unification achieved by 1871?,Impact of the German victory at Sedan,History,Cambridge Assessment International Education,Cambridge International AS & A Level,AS Level,Paper 2 Outline Study,9489/2,105,60,60
Liberalism and nationalism in Germany 1815-71,How and why was German unification achieved by 1871?,Armistice agreed 28 January 1871,History,Cambridge Assessment International Education,Cambridge International AS & A Level,AS Level,Paper 2 Outline Study,9489/2,105,60,60
Liberalism and nationalism in Germany 1815-71,How and why was German unification achieved by 1871?,Treaty of Frankfurt 1871,History,Cambridge Assessment International Education,Cambridge International AS & A Level,AS Level,Paper 2 Outline Study,9489/2,105,60,60
Liberalism and nationalism in Germany 1815-71,How and why was German unification achieved by 1871?,Creation of the German Empire 1871 including concessions to the southern states,History,Cambridge Assessment International Education,Cambridge International AS & A Level,AS Level,Paper 2 Outline Study,9489/2,105,60,60
Liberalism and nationalism in Germany 1815-71,How and why was German unification achieved by 1871?,Wilhelm proclaimed Kaiser,History,Cambridge Assessment International Education,Cambridge International AS & A Level,AS Level,Paper 2 Outline Study,9489/2,105,60,60
Liberalism and nationalism in Germany 1815-71,How and why was German unification achieved by 1871?,Constitution of the new Reich,History,Cambridge Assessment International Education,Cambridge International AS & A Level,AS Level,Paper 2 Outline Study,9489/2,105,60,60
Russia from autocracy to revolution 1881-1924,What challenges faced the Tsarist regime in the years 1881-94?,Autocracy: the role of the Tsar State Council and key ministries the army and the Church,History,Cambridge Assessment International Education,Cambridge International AS & A Level,AS Level,Paper 2 Outline Study,9489/2,105,60,60
Russia from autocracy to revolution 1881-1924,What challenges faced the Tsarist regime in the years 1881-94?,Reform and repression including Alexander III's policies,History,Cambridge Assessment International Education,Cambridge International AS & A Level,AS Level,Paper 2 Outline Study,9489/2,105,60,60
Russia from autocracy to revolution 1881-1924,What challenges faced the Tsarist regime in the years 1881-94?,Russification,History,Cambridge Assessment International Education,Cambridge International AS & A Level,AS Level,Paper 2 Outline Study,9489/2,105,60,60
Russia from autocracy to revolution 1881-1924,What challenges faced the Tsarist regime in the years 1881-94?,Repression,History,Cambridge Assessment International Education,Cambridge International AS & A Level,AS Level,Paper 2 Outline Study,9489/2,105,60,60
Russia from autocracy to revolution 1881-1924,What challenges faced the Tsarist regime in the years 1881-94?,The development of the Russian economy in the period 1881-94 including Bunge's policies,History,Cambridge Assessment International Education,Cambridge International AS & A Level,AS Level,Paper 2 Outline Study,9489/2,105,60,60
Russia from autocracy to revolution 1881-1924,What challenges faced the Tsarist regime in the years 1881-94?,Industrialisation,History,Cambridge Assessment International Education,Cambridge International AS & A Level,AS Level,Paper 2 Outline Study,9489/2,105,60,60
Russia from autocracy to revolution 1881-1924,What challenges faced the Tsarist regime in the years 1881-94?,Economic problems including taxation and famines,History,Cambridge Assessment International Education,Cambridge International AS & A Level,AS Level,Paper 2 Outline Study,9489/2,105,60,60
Russia from autocracy to revolution 1881-1924,What challenges faced the Tsarist regime in the years 1881-94?,Social change in the period 1881-94 including social development urban growth and development of the middle class,History,Cambridge Assessment International Education,Cambridge International AS & A Level,AS Level,Paper 2 Outline Study,9489/2,105,60,60
Russia from autocracy to revolution 1881-1924,What challenges faced the Tsarist regime in the years 1881-94?,The role of opposition,History,Cambridge Assessment International Education,Cambridge International AS & A Level,AS Level,Paper 2 Outline Study,9489/2,105,60,60
Russia from autocracy to revolution 1881-1924,What challenges faced the Tsarist regime in the years 1881-94?,The development of opposition from the peasants and urban workers,History,Cambridge Assessment International Education,Cambridge International AS & A Level,AS Level,Paper 2 Outline Study,9489/2,105,60,60
Russia from autocracy to revolution 1881-1924,What challenges faced the Tsarist regime in the years 1881-94?,Growth of Marxism,History,Cambridge Assessment International Education,Cambridge International AS & A Level,AS Level,Paper 2 Outline Study,9489/2,105,60,60
Russia from autocracy to revolution 1881-1924,What were the causes and outcomes of the 1905 Revolution up to 1914?,The causes of the 1905 Revolution including discontent with the regime of Nicholas II,History,Cambridge Assessment International Education,Cambridge International AS & A Level,AS Level,Paper 2 Outline Study,9489/2,105,60,60
Russia from autocracy to revolution 1881-1924,What were the causes and outcomes of the 1905 Revolution up to 1914?,Resentment caused by the lack of political reform,History,Cambridge Assessment International Education,Cambridge International AS & A Level,AS Level,Paper 2 Outline Study,9489/2,105,60,60
Russia from autocracy to revolution 1881-1924,What were the causes and outcomes of the 1905 Revolution up to 1914?,Political opposition including the Socialist Revolutionaries,History,Cambridge Assessment International Education,Cambridge International AS & A Level,AS Level,Paper 2 Outline Study,9489/2,105,60,60
Russia from autocracy to revolution 1881-1924,What were the causes and outcomes of the 1905 Revolution up to 1914?,The Social Democrats,History,Cambridge Assessment International Education,Cambridge International AS & A Level,AS Level,Paper 2 Outline Study,9489/2,105,60,60
Russia from autocracy to revolution 1881-1924,What were the causes and outcomes of the 1905 Revolution up to 1914?,Economic problems including bad harvests unemployment and Witte's policies,History,Cambridge Assessment International Education,Cambridge International AS & A Level,AS Level,Paper 2 Outline Study,9489/2,105,60,60
Russia from autocracy to revolution 1881-1924,What were the causes and outcomes of the 1905 Revolution up to 1914?,Taxation,History,Cambridge Assessment International Education,Cambridge International AS & A Level,AS Level,Paper 2 Outline Study,9489/2,105,60,60
Russia from autocracy to revolution 1881-1924,What were the causes and outcomes of the 1905 Revolution up to 1914?,Defeat in the Russo-Japanese War,History,Cambridge Assessment International Education,Cambridge International AS & A Level,AS Level,Paper 2 Outline Study,9489/2,105,60,60
Russia from autocracy to revolution 1881-1924,What were the causes and outcomes of the 1905 Revolution up to 1914?,The events and consequences of the 1905 Revolution including Bloody Sunday strikes and unrest in 1905,History,Cambridge Assessment International Education,Cambridge International AS & A Level,AS Level,Paper 2 Outline Study,9489/2,105,60,60
Russia from autocracy to revolution 1881-1924,What were the causes and outcomes of the 1905 Revolution up to 1914?,The reactions of Nicholas II to the 1905 revolution including October Manifesto,History,Cambridge Assessment International Education,Cambridge International AS & A Level,AS Level,Paper 2 Outline Study,9489/2,105,60,60
Russia from autocracy to revolution 1881-1924,What were the causes and outcomes of the 1905 Revolution up to 1914?,The formation of the Duma,History,Cambridge Assessment International Education,Cambridge International AS & A Level,AS Level,Paper 2 Outline Study,9489/2,105,60,60
Russia from autocracy to revolution 1881-1924,What were the causes and outcomes of the 1905 Revolution up to 1914?,Reasons for the survival of the Tsarist regime including nature and extent of opposition,History,Cambridge Assessment International Education,Cambridge International AS & A Level,AS Level,Paper 2 Outline Study,9489/2,105,60,60
Russia from autocracy to revolution 1881-1924,What were the causes and outcomes of the 1905 Revolution up to 1914?,The Fundamental Laws and the Dumas,History,Cambridge Assessment International Education,Cambridge International AS & A Level,AS Level,Paper 2 Outline Study,9489/2,105,60,60
Russia from autocracy to revolution 1881-1924,What were the causes and outcomes of the 1905 Revolution up to 1914?,Repression,History,Cambridge Assessment International Education,Cambridge International AS & A Level,AS Level,Paper 2 Outline Study,9489/2,105,60,60
Russia from autocracy to revolution 1881-1924,What were the causes and outcomes of the 1905 Revolution up to 1914?,The extent of changes in Russia between 1905 and the start of the First World War including Stolypin's agrarian reforms and their impact,History,Cambridge Assessment International Education,Cambridge International AS & A Level,AS Level,Paper 2 Outline Study,9489/2,105,60,60
Russia from autocracy to revolution 1881-1924,What were the causes and outcomes of the 1905 Revolution up to 1914?,Developments in industry and their impact,History,Cambridge Assessment International Education,Cambridge International AS & A Level,AS Level,Paper 2 Outline Study,9489/2,105,60,60
Russia from autocracy to revolution 1881-1924,How and why did the Bolsheviks seize power in October 1917?,The impact of the First World War on Tsarist rule including the impact of defeats during the First World War on the Tsar's position,History,Cambridge Assessment International Education,Cambridge International AS & A Level,AS Level,Paper 2 Outline Study,9489/2,105,60,60
Russia from autocracy to revolution 1881-1924,How and why did the Bolsheviks seize power in October 1917?,Weaknesses in the government during the war,History,Cambridge Assessment International Education,Cambridge International AS & A Level,AS Level,Paper 2 Outline Study,9489/2,105,60,60
Russia from autocracy to revolution 1881-1924,How and why did the Bolsheviks seize power in October 1917?,The causes and effects of the February Revolution including economic and social problems on the home front,History,Cambridge Assessment International Education,Cambridge International AS & A Level,AS Level,Paper 2 Outline Study,9489/2,105,60,60
Russia from autocracy to revolution 1881-1924,How and why did the Bolsheviks seize power in October 1917?,Inflation food shortages and land seizures,History,Cambridge Assessment International Education,Cambridge International AS & A Level,AS Level,Paper 2 Outline Study,9489/2,105,60,60
Russia from autocracy to revolution 1881-1924,How and why did the Bolsheviks seize power in October 1917?,Events of February 1917 leading to the abdication of the Tsar,History,Cambridge Assessment International Education,Cambridge International AS & A Level,AS Level,Paper 2 Outline Study,9489/2,105,60,60
Russia from autocracy to revolution 1881-1924,How and why did the Bolsheviks seize power in October 1917?,Formation and aims of the Provisional Government,History,Cambridge Assessment International Education,Cambridge International AS & A Level,AS Level,Paper 2 Outline Study,9489/2,105,60,60
Russia from autocracy to revolution 1881-1924,How and why did the Bolsheviks seize power in October 1917?,Reasons for the failure of the Provisional Government including challenges facing it,History,Cambridge Assessment International Education,Cambridge International AS & A Level,AS Level,Paper 2 Outline Study,9489/2,105,60,60
Russia from autocracy to revolution 1881-1924,How and why did the Bolsheviks seize power in October 1917?,Failure to end the war,History,Cambridge Assessment International Education,Cambridge International AS & A Level,AS Level,Paper 2 Outline Study,9489/2,105,60,60
Russia from autocracy to revolution 1881-1924,How and why did the Bolsheviks seize power in October 1917?,Need for land reform,History,Cambridge Assessment International Education,Cambridge International AS & A Level,AS Level,Paper 2 Outline Study,9489/2,105,60,60
Russia from autocracy to revolution 1881-1924,How and why did the Bolsheviks seize power in October 1917?,The July Days,History,Cambridge Assessment International Education,Cambridge International AS & A Level,AS Level,Paper 2 Outline Study,9489/2,105,60,60
Russia from autocracy to revolution 1881-1924,How and why did the Bolsheviks seize power in October 1917?,Kornilov Revolt,History,Cambridge Assessment International Education,Cambridge International AS & A Level,AS Level,Paper 2 Outline Study,9489/2,105,60,60
Russia from autocracy to revolution 1881-1924,How and why did the Bolsheviks seize power in October 1917?,Methods used by the Bolsheviks to seize power in October 1917 including Bolshevik promises,History,Cambridge Assessment International Education,Cambridge International AS & A Level,AS Level,Paper 2 Outline Study,9489/2,105,60,60
Russia from autocracy to revolution 1881-1924,How and why did the Bolsheviks seize power in October 1917?,Lenin's leadership,History,Cambridge Assessment International Education,Cambridge International AS & A Level,AS Level,Paper 2 Outline Study,9489/2,105,60,60
Russia from autocracy to revolution 1881-1924,How and why did the Bolsheviks seize power in October 1917?,The role of the Petrograd Soviet and Trotsky,History,Cambridge Assessment International Education,Cambridge International AS & A Level,AS Level,Paper 2 Outline Study,9489/2,105,60,60
Russia from autocracy to revolution 1881-1924,How and why did the Bolsheviks seize power in October 1917?,Military Revolutionary Committee,History,Cambridge Assessment International Education,Cambridge International AS & A Level,AS Level,Paper 2 Outline Study,9489/2,105,60,60
Russia from autocracy to revolution 1881-1924,How and why did the Bolsheviks seize power in October 1917?,The events of the October Revolution,History,Cambridge Assessment International Education,Cambridge International AS & A Level,AS Level,Paper 2 Outline Study,9489/2,105,60,60
Russia from autocracy to revolution 1881-1924,How were the Bolsheviks able to consolidate their power up to 1924?,Bolshevik policies including establishment of Sovnarkom,History,Cambridge Assessment International Education,Cambridge International AS & A Level,AS Level,Paper 2 Outline Study,9489/2,105,60,60
Russia from autocracy to revolution 1881-1924,How were the Bolsheviks able to consolidate their power up to 1924?,Decrees on rights workers' control peace and land,History,Cambridge Assessment International Education,Cambridge International AS & A Level,AS Level,Paper 2 Outline Study,9489/2,105,60,60
Russia from autocracy to revolution 1881-1924,How were the Bolsheviks able to consolidate their power up to 1924?,Treaty of Brest-Litovsk,History,Cambridge Assessment International Education,Cambridge International AS & A Level,AS Level,Paper 2 Outline Study,9489/2,105,60,60
Russia from autocracy to revolution 1881-1924,How were the Bolsheviks able to consolidate their power up to 1924?,The establishment of a dictatorship including the Cheka,History,Cambridge Assessment International Education,Cambridge International AS & A Level,AS Level,Paper 2 Outline Study,9489/2,105,60,60
Russia from autocracy to revolution 1881-1924,How were the Bolsheviks able to consolidate their power up to 1924?,The closure of the Constituent Assembly,History,Cambridge Assessment International Education,Cambridge International AS & A Level,AS Level,Paper 2 Outline Study,9489/2,105,60,60
Russia from autocracy to revolution 1881-1924,How were the Bolsheviks able to consolidate their power up to 1924?,Reasons for the Bolshevik victory in the Civil War including strengths of the Bolsheviks,History,Cambridge Assessment International Education,Cambridge International AS & A Level,AS Level,Paper 2 Outline Study,9489/2,105,60,60
Russia from autocracy to revolution 1881-1924,How were the Bolsheviks able to consolidate their power up to 1924?,Leadership popular support geographical factors unity and organisation,History,Cambridge Assessment International Education,Cambridge International AS & A Level,AS Level,Paper 2 Outline Study,9489/2,105,60,60
Russia from autocracy to revolution 1881-1924,How were the Bolsheviks able to consolidate their power up to 1924?,The introduction and impact of War Communism,History,Cambridge Assessment International Education,Cambridge International AS & A Level,AS Level,Paper 2 Outline Study,9489/2,105,60,60
Russia from autocracy to revolution 1881-1924,How were the Bolsheviks able to consolidate their power up to 1924?,Weaknesses of the Whites including leadership use of conscription issues of supply and foreign intervention,History,Cambridge Assessment International Education,Cambridge International AS & A Level,AS Level,Paper 2 Outline Study,9489/2,105,60,60
Russia from autocracy to revolution 1881-1924,How were the Bolsheviks able to consolidate their power up to 1924?,The importance of the Kronstadt Mutiny including causes events and impact,History,Cambridge Assessment International Education,Cambridge International AS & A Level,AS Level,Paper 2 Outline Study,9489/2,105,60,60
Russia from autocracy to revolution 1881-1924,How were the Bolsheviks able to consolidate their power up to 1924?,The introduction and impact of the New Economic Policy,History,Cambridge Assessment International Education,Cambridge International AS & A Level,AS Level,Paper 2 Outline Study,9489/2,105,60,60
The Civil War and Reconstruction 1820-77,Why was there increasing tension between the North and the South before 1860?,The differing social and economic structures of the South and North including industry versus agriculture,History,Cambridge Assessment International Education,Cambridge International AS & A Level,AS Level,Paper 2 Outline Study,9489/2,105,60,60
The Civil War and Reconstruction 1820-77,Why was there increasing tension between the North and the South before 1860?,Tariff issues,History,Cambridge Assessment International Education,Cambridge International AS & A Level,AS Level,Paper 2 Outline Study,9489/2,105,60,60
The Civil War and Reconstruction 1820-77,Why was there increasing tension between the North and the South before 1860?,Missouri Compromise 1820,History,Cambridge Assessment International Education,Cambridge International AS & A Level,AS Level,Paper 2 Outline Study,9489/2,105,60,60
The Civil War and Reconstruction 1820-77,Why was there increasing tension between the North and the South before 1860?,Impact of territorial expansion including westward expansion,History,Cambridge Assessment International Education,Cambridge International AS & A Level,AS Level,Paper 2 Outline Study,9489/2,105,60,60
The Civil War and Reconstruction 1820-77,Why was there increasing tension between the North and the South before 1860?,The absorption of Texas and the Mexican War 1846-48,History,Cambridge Assessment International Education,Cambridge International AS & A Level,AS Level,Paper 2 Outline Study,9489/2,105,60,60
The Civil War and Reconstruction 1820-77,Why was there increasing tension between the North and the South before 1860?,The Wilmot Proviso,History,Cambridge Assessment International Education,Cambridge International AS & A Level,AS Level,Paper 2 Outline Study,9489/2,105,60,60
The Civil War and Reconstruction 1820-77,Why was there increasing tension between the North and the South before 1860?,Emergence of Free Soil ideology,History,Cambridge Assessment International Education,Cambridge International AS & A Level,AS Level,Paper 2 Outline Study,9489/2,105,60,60
The Civil War and Reconstruction 1820-77,Why was there increasing tension between the North and the South before 1860?,Problems arising from the implementation of the Compromise of 1850,History,Cambridge Assessment International Education,Cambridge International AS & A Level,AS Level,Paper 2 Outline Study,9489/2,105,60,60
The Civil War and Reconstruction 1820-77,Why was there increasing tension between the North and the South before 1860?,Fugitive Slave Act,History,Cambridge Assessment International Education,Cambridge International AS & A Level,AS Level,Paper 2 Outline Study,9489/2,105,60,60
The Civil War and Reconstruction 1820-77,Why was there increasing tension between the North and the South before 1860?,Kansas-Nebraska Act,History,Cambridge Assessment International Education,Cambridge International AS & A Level,AS Level,Paper 2 Outline Study,9489/2,105,60,60
The Civil War and Reconstruction 1820-77,Why was there increasing tension between the North and the South before 1860?,"Bleeding Kansas, Brooks-Sumner incident, and Lecompton Constitution",History,Cambridge Assessment International Education,Cambridge International AS & A Level,AS Level,Paper 2 Outline Study,9489/2,105,60,60
The Civil War and Reconstruction 1820-77,Why was there increasing tension between the North and the South before 1860?,Changes in the party-political system including the decline of the Whig Party,History,Cambridge Assessment International Education,Cambridge International AS & A Level,AS Level,Paper 2 Outline Study,9489/2,105,60,60
The Civil War and Reconstruction 1820-77,Why was there increasing tension between the North and the South before 1860?,The rise of the Republican Party,History,Cambridge Assessment International Education,Cambridge International AS & A Level,AS Level,Paper 2 Outline Study,9489/2,105,60,60
The Civil War and Reconstruction 1820-77,Why was there increasing tension between the North and the South before 1860?,The Lincoln-Douglas debates,History,Cambridge Assessment International Education,Cambridge International AS & A Level,AS Level,Paper 2 Outline Study,9489/2,105,60,60
The Civil War and Reconstruction 1820-77,Why was there increasing tension between the North and the South before 1860?,Splits within the Democratic Party,History,Cambridge Assessment International Education,Cambridge International AS & A Level,AS Level,Paper 2 Outline Study,9489/2,105,60,60
The Civil War and Reconstruction 1820-77,Why did the Civil War break out in April 1861?,Growing strength of abolitionism and support for secession including the impact of Uncle Tom's Cabin,History,Cambridge Assessment International Education,Cambridge International AS & A Level,AS Level,Paper 2 Outline Study,9489/2,105,60,60
The Civil War and Reconstruction 1820-77,Why did the Civil War break out in April 1861?,John Brown and Harper's Ferry,History,Cambridge Assessment International Education,Cambridge International AS & A Level,AS Level,Paper 2 Outline Study,9489/2,105,60,60
The Civil War and Reconstruction 1820-77,Why did the Civil War break out in April 1861?,Emerging notions of states' rights and slave power including the Dred Scott judgement,History,Cambridge Assessment International Education,Cambridge International AS & A Level,AS Level,Paper 2 Outline Study,9489/2,105,60,60
The Civil War and Reconstruction 1820-77,Why did the Civil War break out in April 1861?,The election campaigns of 1860 and reactions to the election results,History,Cambridge Assessment International Education,Cambridge International AS & A Level,AS Level,Paper 2 Outline Study,9489/2,105,60,60
The Civil War and Reconstruction 1820-77,Why did the Civil War break out in April 1861?,The failure of compromise and the attack on Fort Sumter including the stages of secession before and after Lincoln's inauguration,History,Cambridge Assessment International Education,Cambridge International AS & A Level,AS Level,Paper 2 Outline Study,9489/2,105,60,60
The Civil War and Reconstruction 1820-77,Why did the Civil War last four years?,The military strategies and military leadership of the two sides including the Anaconda Plan of the North,History,Cambridge Assessment International Education,Cambridge International AS & A Level,AS Level,Paper 2 Outline Study,9489/2,105,60,60
The Civil War and Reconstruction 1820-77,Why did the Civil War last four years?,Defensive and offensive strategy of the South,History,Cambridge Assessment International Education,Cambridge International AS & A Level,AS Level,Paper 2 Outline Study,9489/2,105,60,60
The Civil War and Reconstruction 1820-77,Why did the Civil War last four years?,The strengths and weaknesses of the military leadership of both sides,History,Cambridge Assessment International Education,Cambridge International AS & A Level,AS Level,Paper 2 Outline Study,9489/2,105,60,60
The Civil War and Reconstruction 1820-77,Why did the Civil War last four years?,The resources available to the two sides including industry,History,Cambridge Assessment International Education,Cambridge International AS & A Level,AS Level,Paper 2 Outline Study,9489/2,105,60,60
The Civil War and Reconstruction 1820-77,Why did the Civil War last four years?,Population,History,Cambridge Assessment International Education,Cambridge International AS & A Level,AS Level,Paper 2 Outline Study,9489/2,105,60,60
The Civil War and Reconstruction 1820-77,Why did the Civil War last four years?,Infrastructure,History,Cambridge Assessment International Education,Cambridge International AS & A Level,AS Level,Paper 2 Outline Study,9489/2,105,60,60
The Civil War and Reconstruction 1820-77,Why did the Civil War last four years?,The political leadership of the two sides including the roles of Lincoln and Davis,History,Cambridge Assessment International Education,Cambridge International AS & A Level,AS Level,Paper 2 Outline Study,9489/2,105,60,60
The Civil War and Reconstruction 1820-77,Why did the Civil War last four years?,Conscription taxation and the management of resources,History,Cambridge Assessment International Education,Cambridge International AS & A Level,AS Level,Paper 2 Outline Study,9489/2,105,60,60
The Civil War and Reconstruction 1820-77,Why did the Civil War last four years?,Retaining the support of the Border States,History,Cambridge Assessment International Education,Cambridge International AS & A Level,AS Level,Paper 2 Outline Study,9489/2,105,60,60
The Civil War and Reconstruction 1820-77,Why did the Civil War last four years?,Reasons for and consequences of the Emancipation Proclamation,History,Cambridge Assessment International Education,Cambridge International AS & A Level,AS Level,Paper 2 Outline Study,9489/2,105,60,60
The Civil War and Reconstruction 1820-77,Why did the Civil War last four years?,Limitations on civil liberties,History,Cambridge Assessment International Education,Cambridge International AS & A Level,AS Level,Paper 2 Outline Study,9489/2,105,60,60
The Civil War and Reconstruction 1820-77,Why did the Civil War last four years?,The role of foreign powers including Great Britain France and Russia,History,Cambridge Assessment International Education,Cambridge International AS & A Level,AS Level,Paper 2 Outline Study,9489/2,105,60,60
The Civil War and Reconstruction 1820-77,What were the aims of Reconstruction and how successful was it?,The problems facing the United States at the end of the Civil War including the conflicting views of the Radicals Conservatives and Copperheads,History,Cambridge Assessment International Education,Cambridge International AS & A Level,AS Level,Paper 2 Outline Study,9489/2,105,60,60
The Civil War and Reconstruction 1820-77,What were the aims of Reconstruction and how successful was it?,Economic recovery and the management and reintegration of the South,History,Cambridge Assessment International Education,Cambridge International AS & A Level,AS Level,Paper 2 Outline Study,9489/2,105,60,60
The Civil War and Reconstruction 1820-77,What were the aims of Reconstruction and how successful was it?,The roles of Lincoln Johnson and Congress including Lincoln the Wade-Davis Bill and his legacy,History,Cambridge Assessment International Education,Cambridge International AS & A Level,AS Level,Paper 2 Outline Study,9489/2,105,60,60
The Civil War and Reconstruction 1820-77,What were the aims of Reconstruction and how successful was it?,The policies of Johnson between 1865 and 1869,History,Cambridge Assessment International Education,Cambridge International AS & A Level,AS Level,Paper 2 Outline Study,9489/2,105,60,60
The Civil War and Reconstruction 1820-77,What were the aims of Reconstruction and how successful was it?,Congress and Radical Reconstruction,History,Cambridge Assessment International Education,Cambridge International AS & A Level,AS Level,Paper 2 Outline Study,9489/2,105,60,60
The Civil War and Reconstruction 1820-77,What were the aims of Reconstruction and how successful was it?,The reasons for and impact of the 13th 14th and 15th Constitutional Amendments,History,Cambridge Assessment International Education,Cambridge International AS & A Level,AS Level,Paper 2 Outline Study,9489/2,105,60,60
The Civil War and Reconstruction 1820-77,What were the aims of Reconstruction and how successful was it?,The changing position of former slaves and responses of the White South including the Freedmen's Bureau and sharecropping,History,Cambridge Assessment International Education,Cambridge International AS & A Level,AS Level,Paper 2 Outline Study,9489/2,105,60,60
The Civil War and Reconstruction 1820-77,What were the aims of Reconstruction and how successful was it?,Carpetbaggers the Black Codes and the rise of the Ku Klux Klan,History,Cambridge Assessment International Education,Cambridge International AS & A Level,AS Level,Paper 2 Outline Study,9489/2,105,60,60
The Civil War and Reconstruction 1820-77,What were the aims of Reconstruction and how successful was it?,The rise in violence,History,Cambridge Assessment International Education,Cambridge International AS & A Level,AS Level,Paper 2 Outline Study,9489/2,105,60,60
The Civil War and Reconstruction 1820-77,What were the aims of Reconstruction and how successful was it?,The growing dominance of whites in the governments and legislatures of the South,History,Cambridge Assessment International Education,Cambridge International AS & A Level,AS Level,Paper 2 Outline Study,9489/2,105,60,60
The Civil War and Reconstruction 1820-77,What were the aims of Reconstruction and how successful was it?,Grant's Reconstruction policies the Compromise of 1877 and the end of Reconstruction including the Force Acts,History,Cambridge Assessment International Education,Cambridge International AS & A Level,AS Level,Paper 2 Outline Study,9489/2,105,60,60
The Civil War and Reconstruction 1820-77,What were the aims of Reconstruction and how successful was it?,The Amnesty Act the Civil Rights Act and Grant's support for them,History,Cambridge Assessment International Education,Cambridge International AS & A Level,AS Level,Paper 2 Outline Study,9489/2,105,60,60
The Civil War and Reconstruction 1820-77,What were the aims of Reconstruction and how successful was it?,The reasons for and the results of the Compromise of 1877,History,Cambridge Assessment International Education,Cambridge International AS & A Level,AS Level,Paper 2 Outline Study,9489/2,105,60,60
The Civil War and Reconstruction 1820-77,What were the aims of Reconstruction and how successful was it?,The extent to which Reconstruction should be seen as a success or a failure,History,Cambridge Assessment International Education,Cambridge International AS & A Level,AS Level,Paper 2 Outline Study,9489/2,105,60,60
The Gilded Age and the Progressive Era 1870-1920,Why was there rapid industrialisation after 1870?,The impact of the Civil War on industrialisation including opening of the West,History,Cambridge Assessment International Education,Cambridge International AS & A Level,AS Level,Paper 2 Outline Study,9489/2,105,60,60
The Gilded Age and the Progressive Era 1870-1920,Why was there rapid industrialisation after 1870?,Railroad expansion,History,Cambridge Assessment International Education,Cambridge International AS & A Level,AS Level,Paper 2 Outline Study,9489/2,105,60,60
The Gilded Age and the Progressive Era 1870-1920,Why was there rapid industrialisation after 1870?,Industrial expansion,History,Cambridge Assessment International Education,Cambridge International AS & A Level,AS Level,Paper 2 Outline Study,9489/2,105,60,60
The Gilded Age and the Progressive Era 1870-1920,Why was there rapid industrialisation after 1870?,Population growth including migration of emancipated slaves North and West,History,Cambridge Assessment International Education,Cambridge International AS & A Level,AS Level,Paper 2 Outline Study,9489/2,105,60,60
The Gilded Age and the Progressive Era 1870-1920,Why was there rapid industrialisation after 1870?,Mass immigration into the United States,History,Cambridge Assessment International Education,Cambridge International AS & A Level,AS Level,Paper 2 Outline Study,9489/2,105,60,60
The Gilded Age and the Progressive Era 1870-1920,Why was there rapid industrialisation after 1870?,Availability of natural resources including raw materials and food,History,Cambridge Assessment International Education,Cambridge International AS & A Level,AS Level,Paper 2 Outline Study,9489/2,105,60,60
The Gilded Age and the Progressive Era 1870-1920,Why was there rapid industrialisation after 1870?,Energy resources,History,Cambridge Assessment International Education,Cambridge International AS & A Level,AS Level,Paper 2 Outline Study,9489/2,105,60,60
The Gilded Age and the Progressive Era 1870-1920,Why was there rapid industrialisation after 1870?,Access to export markets,History,Cambridge Assessment International Education,Cambridge International AS & A Level,AS Level,Paper 2 Outline Study,9489/2,105,60,60
The Gilded Age and the Progressive Era 1870-1920,Why was there rapid industrialisation after 1870?,Lack of regulation and support from State and Federal Governments including tariffs,History,Cambridge Assessment International Education,Cambridge International AS & A Level,AS Level,Paper 2 Outline Study,9489/2,105,60,60
The Gilded Age and the Progressive Era 1870-1920,Why was there rapid industrialisation after 1870?,Money supply and availability of capital,History,Cambridge Assessment International Education,Cambridge International AS & A Level,AS Level,Paper 2 Outline Study,9489/2,105,60,60
The Gilded Age and the Progressive Era 1870-1920,Why was there rapid industrialisation after 1870?,Banking systems,History,Cambridge Assessment International Education,Cambridge International AS & A Level,AS Level,Paper 2 Outline Study,9489/2,105,60,60
The Gilded Age and the Progressive Era 1870-1920,Why was there rapid industrialisation after 1870?,Technological innovation including electrical power and the internal combustion engine,History,Cambridge Assessment International Education,Cambridge International AS & A Level,AS Level,Paper 2 Outline Study,9489/2,105,60,60
The Gilded Age and the Progressive Era 1870-1920,Why was there rapid industrialisation after 1870?,The typewriter and the telephone,History,Cambridge Assessment International Education,Cambridge International AS & A Level,AS Level,Paper 2 Outline Study,9489/2,105,60,60
The Gilded Age and the Progressive Era 1870-1920,Why was there rapid industrialisation after 1870?,US system of patents,History,Cambridge Assessment International Education,Cambridge International AS & A Level,AS Level,Paper 2 Outline Study,9489/2,105,60,60
The Gilded Age and the Progressive Era 1870-1920,Why was there rapid industrialisation after 1870?,Developments in steel production,History,Cambridge Assessment International Education,Cambridge International AS & A Level,AS Level,Paper 2 Outline Study,9489/2,105,60,60
The Gilded Age and the Progressive Era 1870-1920,Why was there rapid industrialisation after 1870?,Contemporary social attitudes towards commercial growth and success,History,Cambridge Assessment International Education,Cambridge International AS & A Level,AS Level,Paper 2 Outline Study,9489/2,105,60,60
The Gilded Age and the Progressive Era 1870-1920,What were the consequences of the rapid economic growth after 1870?,Industrial expansion and economic recessions including the nature and extent of industrial growth,History,Cambridge Assessment International Education,Cambridge International AS & A Level,AS Level,Paper 2 Outline Study,9489/2,105,60,60
The Gilded Age and the Progressive Era 1870-1920,What were the consequences of the rapid economic growth after 1870?,The reasons for and consequences of the Panics,History,Cambridge Assessment International Education,Cambridge International AS & A Level,AS Level,Paper 2 Outline Study,9489/2,105,60,60
The Gilded Age and the Progressive Era 1870-1920,What were the consequences of the rapid economic growth after 1870?,The social impact of industrialisation and urbanisation including living and working conditions,History,Cambridge Assessment International Education,Cambridge International AS & A Level,AS Level,Paper 2 Outline Study,9489/2,105,60,60
The Gilded Age and the Progressive Era 1870-1920,What were the consequences of the rapid economic growth after 1870?,Housing,History,Cambridge Assessment International Education,Cambridge International AS & A Level,AS Level,Paper 2 Outline Study,9489/2,105,60,60
The Gilded Age and the Progressive Era 1870-1920,What were the consequences of the rapid economic growth after 1870?,Health,History,Cambridge Assessment International Education,Cambridge International AS & A Level,AS Level,Paper 2 Outline Study,9489/2,105,60,60
The Gilded Age and the Progressive Era 1870-1920,What were the consequences of the rapid economic growth after 1870?,The Boss' system,History,Cambridge Assessment International Education,Cambridge International AS & A Level,AS Level,Paper 2 Outline Study,9489/2,105,60,60
The Gilded Age and the Progressive Era 1870-1920,What were the consequences of the rapid economic growth after 1870?,The growth of trusts and monopolies including impact on political parties states and legislatures,History,Cambridge Assessment International Education,Cambridge International AS & A Level,AS Level,Paper 2 Outline Study,9489/2,105,60,60
The Gilded Age and the Progressive Era 1870-1920,What were the consequences of the rapid economic growth after 1870?,Impact on the Federal government and the economy,History,Cambridge Assessment International Education,Cambridge International AS & A Level,AS Level,Paper 2 Outline Study,9489/2,105,60,60
The Gilded Age and the Progressive Era 1870-1920,What were the consequences of the rapid economic growth after 1870?,The Robber Barons,History,Cambridge Assessment International Education,Cambridge International AS & A Level,AS Level,Paper 2 Outline Study,9489/2,105,60,60
The Gilded Age and the Progressive Era 1870-1920,What were the consequences of the rapid economic growth after 1870?,The rise of organised labour and the growth of populist movements including the National Labor movement,History,Cambridge Assessment International Education,Cambridge International AS & A Level,AS Level,Paper 2 Outline Study,9489/2,105,60,60
The Gilded Age and the Progressive Era 1870-1920,What were the consequences of the rapid economic growth after 1870?,The Knights of Labor and the American Federation of Labor,History,Cambridge Assessment International Education,Cambridge International AS & A Level,AS Level,Paper 2 Outline Study,9489/2,105,60,60
The Gilded Age and the Progressive Era 1870-1920,What were the consequences of the rapid economic growth after 1870?,Farm organisations and the Granger Movement,History,Cambridge Assessment International Education,Cambridge International AS & A Level,AS Level,Paper 2 Outline Study,9489/2,105,60,60
The Gilded Age and the Progressive Era 1870-1920,What were the consequences of the rapid economic growth after 1870?,The Greenback Party,History,Cambridge Assessment International Education,Cambridge International AS & A Level,AS Level,Paper 2 Outline Study,9489/2,105,60,60
The Gilded Age and the Progressive Era 1870-1920,Why did the Progressive Movement develop and what were its aims and policies?,The reasons for the growth of the reform movement including the work of the muckrakers,History,Cambridge Assessment International Education,Cambridge International AS & A Level,AS Level,Paper 2 Outline Study,9489/2,105,60,60
The Gilded Age and the Progressive Era 1870-1920,Why did the Progressive Movement develop and what were its aims and policies?,Temperance movement,History,Cambridge Assessment International Education,Cambridge International AS & A Level,AS Level,Paper 2 Outline Study,9489/2,105,60,60
The Gilded Age and the Progressive Era 1870-1920,Why did the Progressive Movement develop and what were its aims and policies?,The frequency of banking panics and the concentration of wealth in the hands of the few,History,Cambridge Assessment International Education,Cambridge International AS & A Level,AS Level,Paper 2 Outline Study,9489/2,105,60,60
The Gilded Age and the Progressive Era 1870-1920,Why did the Progressive Movement develop and what were its aims and policies?,The impact of rapid and uncontrolled urbanisation and endemic corruption,History,Cambridge Assessment International Education,Cambridge International AS & A Level,AS Level,Paper 2 Outline Study,9489/2,105,60,60
The Gilded Age and the Progressive Era 1870-1920,Why did the Progressive Movement develop and what were its aims and policies?,The demand by women's groups for radical social change and their participation in society and government,History,Cambridge Assessment International Education,Cambridge International AS & A Level,AS Level,Paper 2 Outline Study,9489/2,105,60,60
The Gilded Age and the Progressive Era 1870-1920,Why did the Progressive Movement develop and what were its aims and policies?,Reforms in cities states Congress Federal Government and political parties including widening the franchise and reforming elections,History,Cambridge Assessment International Education,Cambridge International AS & A Level,AS Level,Paper 2 Outline Study,9489/2,105,60,60
The Gilded Age and the Progressive Era 1870-1920,Why did the Progressive Movement develop and what were its aims and policies?,Primary elections and the direct election of Senators,History,Cambridge Assessment International Education,Cambridge International AS & A Level,AS Level,Paper 2 Outline Study,9489/2,105,60,60
The Gilded Age and the Progressive Era 1870-1920,Why did the Progressive Movement develop and what were its aims and policies?,Civil Service reform,History,Cambridge Assessment International Education,Cambridge International AS & A Level,AS Level,Paper 2 Outline Study,9489/2,105,60,60
The Gilded Age and the Progressive Era 1870-1920,Why did the Progressive Movement develop and what were its aims and policies?,The regulation of banking business and industry including the recognition of labor unions,History,Cambridge Assessment International Education,Cambridge International AS & A Level,AS Level,Paper 2 Outline Study,9489/2,105,60,60
The Gilded Age and the Progressive Era 1870-1920,Why did the Progressive Movement develop and what were its aims and policies?,Regulation of working conditions,History,Cambridge Assessment International Education,Cambridge International AS & A Level,AS Level,Paper 2 Outline Study,9489/2,105,60,60
The Gilded Age and the Progressive Era 1870-1920,Why did the Progressive Movement develop and what were its aims and policies?,New controls over banks insurance companies trusts and the Stock Market,History,Cambridge Assessment International Education,Cambridge International AS & A Level,AS Level,Paper 2 Outline Study,9489/2,105,60,60
The Gilded Age and the Progressive Era 1870-1920,How successful was the Progressive Movement from 1890 to 1920?,The role of the Presidents Roosevelt Taft and Wilson including the changing role of the presidency,History,Cambridge Assessment International Education,Cambridge International AS & A Level,AS Level,Paper 2 Outline Study,9489/2,105,60,60
The Gilded Age and the Progressive Era 1870-1920,How successful was the Progressive Movement from 1890 to 1920?,The increasing intervention by the Federal Government in social and economic affairs,History,Cambridge Assessment International Education,Cambridge International AS & A Level,AS Level,Paper 2 Outline Study,9489/2,105,60,60
The Gilded Age and the Progressive Era 1870-1920,How successful was the Progressive Movement from 1890 to 1920?,The growth of regulation by city state and federal governments including transport food and drugs and environmental protection,History,Cambridge Assessment International Education,Cambridge International AS & A Level,AS Level,Paper 2 Outline Study,9489/2,105,60,60
The Gilded Age and the Progressive Era 1870-1920,How successful was the Progressive Movement from 1890 to 1920?,Working and living conditions,History,Cambridge Assessment International Education,Cambridge International AS & A Level,AS Level,Paper 2 Outline Study,9489/2,105,60,60
The Gilded Age and the Progressive Era 1870-1920,How successful was the Progressive Movement from 1890 to 1920?,Banks businesses the stock market monopolies and trusts,History,Cambridge Assessment International Education,Cambridge International AS & A Level,AS Level,Paper 2 Outline Study,9489/2,105,60,60
The Gilded Age and the Progressive Era 1870-1920,How successful was the Progressive Movement from 1890 to 1920?,Anti-corruption measures,History,Cambridge Assessment International Education,Cambridge International AS & A Level,AS Level,Paper 2 Outline Study,9489/2,105,60,60
The Gilded Age and the Progressive Era 1870-1920,How successful was the Progressive Movement from 1890 to 1920?,The amendments to the Constitution: 16th amendment,History,Cambridge Assessment International Education,Cambridge International AS & A Level,AS Level,Paper 2 Outline Study,9489/2,105,60,60
The Gilded Age and the Progressive Era 1870-1920,How successful was the Progressive Movement from 1890 to 1920?,17th amendment,History,Cambridge Assessment International Education,Cambridge International AS & A Level,AS Level,Paper 2 Outline Study,9489/2,105,60,60
The Gilded Age and the Progressive Era 1870-1920,How successful was the Progressive Movement from 1890 to 1920?,18th amendment,History,Cambridge Assessment International Education,Cambridge International AS & A Level,AS Level,Paper 2 Outline Study,9489/2,105,60,60
The Gilded Age and the Progressive Era 1870-1920,How successful was the Progressive Movement from 1890 to 1920?,19th amendment,History,Cambridge Assessment International Education,Cambridge International AS & A Level,AS Level,Paper 2 Outline Study,9489/2,105,60,60
The Gilded Age and the Progressive Era 1870-1920,How successful was the Progressive Movement from 1890 to 1920?,The impact of pressure groups and the role played by women,History,Cambridge Assessment International Education,Cambridge International AS & A Level,AS Level,Paper 2 Outline Study,9489/2,105,60,60
The Gilded Age and the Progressive Era 1870-1920,How successful was the Progressive Movement from 1890 to 1920?,The remaining problems of the Progressive movement including the nature and extent of the legislation,History,Cambridge Assessment International Education,Cambridge International AS & A Level,AS Level,Paper 2 Outline Study,9489/2,105,60,60
The Gilded Age and the Progressive Era 1870-1920,How successful was the Progressive Movement from 1890 to 1920?,Minorities,History,Cambridge Assessment International Education,Cambridge International AS & A Level,AS Level,Paper 2 Outline Study,9489/2,105,60,60
The Gilded Age and the Progressive Era 1870-1920,How successful was the Progressive Movement from 1890 to 1920?,Gender inequality,History,Cambridge Assessment International Education,Cambridge International AS & A Level,AS Level,Paper 2 Outline Study,9489/2,105,60,60
The Gilded Age and the Progressive Era 1870-1920,How successful was the Progressive Movement from 1890 to 1920?,Rural deprivation,History,Cambridge Assessment International Education,Cambridge International AS & A Level,AS Level,Paper 2 Outline Study,9489/2,105,60,60
The Great Crash the Great Depression and the New Deal 1920-41,What were the causes of the Great Crash and the Great Depression?,The Republican administrations of 1921-29 including economic policy under the Harding and Coolidge administrations,History,Cambridge Assessment International Education,Cambridge International AS & A Level,AS Level,Paper 2 Outline Study,9489/2,105,60,60
The Great Crash the Great Depression and the New Deal 1920-41,What were the causes of the Great Crash and the Great Depression?,The post-war economic boom,History,Cambridge Assessment International Education,Cambridge International AS & A Level,AS Level,Paper 2 Outline Study,9489/2,105,60,60
The Great Crash the Great Depression and the New Deal 1920-41,What were the causes of the Great Crash and the Great Depression?,Unequal distribution of wealth,History,Cambridge Assessment International Education,Cambridge International AS & A Level,AS Level,Paper 2 Outline Study,9489/2,105,60,60
The Great Crash the Great Depression and the New Deal 1920-41,What were the causes of the Great Crash and the Great Depression?,Urban/rural divide,History,Cambridge Assessment International Education,Cambridge International AS & A Level,AS Level,Paper 2 Outline Study,9489/2,105,60,60
The Great Crash the Great Depression and the New Deal 1920-41,What were the causes of the Great Crash and the Great Depression?,The causes of the Great Crash including a decline in confidence in the American economy,History,Cambridge Assessment International Education,Cambridge International AS & A Level,AS Level,Paper 2 Outline Study,9489/2,105,60,60
The Great Crash the Great Depression and the New Deal 1920-41,What were the causes of the Great Crash and the Great Depression?,The stock market boom and lack of regulation,History,Cambridge Assessment International Education,Cambridge International AS & A Level,AS Level,Paper 2 Outline Study,9489/2,105,60,60
The Great Crash the Great Depression and the New Deal 1920-41,What were the causes of the Great Crash and the Great Depression?,Speculation and the overvaluation of stocks,History,Cambridge Assessment International Education,Cambridge International AS & A Level,AS Level,Paper 2 Outline Study,9489/2,105,60,60
The Great Crash the Great Depression and the New Deal 1920-41,What were the causes of the Great Crash and the Great Depression?,The causes of the Great Depression including the impact of the First World War on the US and international trade,History,Cambridge Assessment International Education,Cambridge International AS & A Level,AS Level,Paper 2 Outline Study,9489/2,105,60,60
The Great Crash the Great Depression and the New Deal 1920-41,What were the causes of the Great Crash and the Great Depression?,Structural weaknesses in the US economy and the banking system and the role of the Federal Reserve,History,Cambridge Assessment International Education,Cambridge International AS & A Level,AS Level,Paper 2 Outline Study,9489/2,105,60,60
The Great Crash the Great Depression and the New Deal 1920-41,What were the causes of the Great Crash and the Great Depression?,Agriculture the old and new industries mass production and oversupply,History,Cambridge Assessment International Education,Cambridge International AS & A Level,AS Level,Paper 2 Outline Study,9489/2,105,60,60
The Great Crash the Great Depression and the New Deal 1920-41,What was the impact of the Great Crash and the Great Depression in the United States?,The impact of the Great Crash including the drop in the value of shares and the crisis of confidence,History,Cambridge Assessment International Education,Cambridge International AS & A Level,AS Level,Paper 2 Outline Study,9489/2,105,60,60
The Great Crash the Great Depression and the New Deal 1920-41,What was the impact of the Great Crash and the Great Depression in the United States?,Bankruptcy for banks insurance companies and individuals,History,Cambridge Assessment International Education,Cambridge International AS & A Level,AS Level,Paper 2 Outline Study,9489/2,105,60,60
The Great Crash the Great Depression and the New Deal 1920-41,What was the impact of the Great Crash and the Great Depression in the United States?,The demand for greater regulation,History,Cambridge Assessment International Education,Cambridge International AS & A Level,AS Level,Paper 2 Outline Study,9489/2,105,60,60
The Great Crash the Great Depression and the New Deal 1920-41,What was the impact of the Great Crash and the Great Depression in the United States?,The impact of the Great Depression including mass unemployment agricultural depression and the collapse of industry,History,Cambridge Assessment International Education,Cambridge International AS & A Level,AS Level,Paper 2 Outline Study,9489/2,105,60,60
The Great Crash the Great Depression and the New Deal 1920-41,What was the impact of the Great Crash and the Great Depression in the United States?,Deflation,History,Cambridge Assessment International Education,Cambridge International AS & A Level,AS Level,Paper 2 Outline Study,9489/2,105,60,60
The Great Crash the Great Depression and the New Deal 1920-41,What was the impact of the Great Crash and the Great Depression in the United States?,The lack of welfare Hoovervilles employment discrimination and the impact on families and minorities,History,Cambridge Assessment International Education,Cambridge International AS & A Level,AS Level,Paper 2 Outline Study,9489/2,105,60,60
The Great Crash the Great Depression and the New Deal 1920-41,What was the impact of the Great Crash and the Great Depression in the United States?,The response of the Hoover Administration to the Great Depression including the conflicting views over solutions,History,Cambridge Assessment International Education,Cambridge International AS & A Level,AS Level,Paper 2 Outline Study,9489/2,105,60,60
The Great Crash the Great Depression and the New Deal 1920-41,What was the impact of the Great Crash and the Great Depression in the United States?,The support for agriculture home loans the Reconstruction Finance Corporation RFC and the Relief and Reconstruction Act,History,Cambridge Assessment International Education,Cambridge International AS & A Level,AS Level,Paper 2 Outline Study,9489/2,105,60,60
The Great Crash the Great Depression and the New Deal 1920-41,What was the impact of the Great Crash and the Great Depression in the United States?,The treatment of the Bonus Marchers and degree of support for welfare,History,Cambridge Assessment International Education,Cambridge International AS & A Level,AS Level,Paper 2 Outline Study,9489/2,105,60,60
The Great Crash the Great Depression and the New Deal 1920-41,What was the impact of the Great Crash and the Great Depression in the United States?,The election of 1932 and creation of the New Deal coalition,History,Cambridge Assessment International Education,Cambridge International AS & A Level,AS Level,Paper 2 Outline Study,9489/2,105,60,60
The Great Crash the Great Depression and the New Deal 1920-41,How successful was Roosevelt's first New Deal?,The situation in March 1933 and the new administration including the growing crisis between January and March 1933,History,Cambridge Assessment International Education,Cambridge International AS & A Level,AS Level,Paper 2 Outline Study,9489/2,105,60,60
The Great Crash the Great Depression and the New Deal 1920-41,How successful was Roosevelt's first New Deal?,The new administration and the Brains Trust,History,Cambridge Assessment International Education,Cambridge International AS & A Level,AS Level,Paper 2 Outline Study,9489/2,105,60,60
The Great Crash the Great Depression and the New Deal 1920-41,How successful was Roosevelt's first New Deal?,The Democratic majority in Congress,History,Cambridge Assessment International Education,Cambridge International AS & A Level,AS Level,Paper 2 Outline Study,9489/2,105,60,60
The Great Crash the Great Depression and the New Deal 1920-41,How successful was Roosevelt's first New Deal?,The First 100 Days including Congressional legislation,History,Cambridge Assessment International Education,Cambridge International AS & A Level,AS Level,Paper 2 Outline Study,9489/2,105,60,60
The Great Crash the Great Depression and the New Deal 1920-41,How successful was Roosevelt's first New Deal?,Executive actions,History,Cambridge Assessment International Education,Cambridge International AS & A Level,AS Level,Paper 2 Outline Study,9489/2,105,60,60
The Great Crash the Great Depression and the New Deal 1920-41,How successful was Roosevelt's first New Deal?,The new Administrations,History,Cambridge Assessment International Education,Cambridge International AS & A Level,AS Level,Paper 2 Outline Study,9489/2,105,60,60
The Great Crash the Great Depression and the New Deal 1920-41,How successful was Roosevelt's first New Deal?,The Impact of the New Deal and the Alphabet Administrations including the support for agriculture business and industry,History,Cambridge Assessment International Education,Cambridge International AS & A Level,AS Level,Paper 2 Outline Study,9489/2,105,60,60
The Great Crash the Great Depression and the New Deal 1920-41,How successful was Roosevelt's first New Deal?,The regulation of banking finance the stock market agriculture and industry,History,Cambridge Assessment International Education,Cambridge International AS & A Level,AS Level,Paper 2 Outline Study,9489/2,105,60,60
The Great Crash the Great Depression and the New Deal 1920-41,How successful was Roosevelt's first New Deal?,The creation of jobs the support for families and the destitute,History,Cambridge Assessment International Education,Cambridge International AS & A Level,AS Level,Paper 2 Outline Study,9489/2,105,60,60
The Great Crash the Great Depression and the New Deal 1920-41,How successful was Roosevelt's first New Deal?,Critics and opponents of the New Deal and the impact of the Supreme Court decisions,History,Cambridge Assessment International Education,Cambridge International AS & A Level,AS Level,Paper 2 Outline Study,9489/2,105,60,60
The Great Crash the Great Depression and the New Deal 1920-41,How successful was Roosevelt's first New Deal?,Critics from the Left including socialists and communists Townsend Coughlin and Long,History,Cambridge Assessment International Education,Cambridge International AS & A Level,AS Level,Paper 2 Outline Study,9489/2,105,60,60
The Great Crash the Great Depression and the New Deal 1920-41,How successful was Roosevelt's first New Deal?,Critics from the Right including Republicans Southern Democrats industry business and the press,History,Cambridge Assessment International Education,Cambridge International AS & A Level,AS Level,Paper 2 Outline Study,9489/2,105,60,60
The Great Crash the Great Depression and the New Deal 1920-41,How successful was Roosevelt's first New Deal?,The Supreme Court's rulings on the New Deal,History,Cambridge Assessment International Education,Cambridge International AS & A Level,AS Level,Paper 2 Outline Study,9489/2,105,60,60
The Great Crash the Great Depression and the New Deal 1920-41,How successful was Roosevelt's first New Deal?,Roosevelt's Court packing plan and his new appointments to the Court,History,Cambridge Assessment International Education,Cambridge International AS & A Level,AS Level,Paper 2 Outline Study,9489/2,105,60,60
The Great Crash the Great Depression and the New Deal 1920-41,Why was there a second New Deal and how successful was it?,The election of 1936 and Roosevelt's political skills including maintaining the New Deal coalition,History,Cambridge Assessment International Education,Cambridge International AS & A Level,AS Level,Paper 2 Outline Study,9489/2,105,60,60
The Great Crash the Great Depression and the New Deal 1920-41,Why was there a second New Deal and how successful was it?,The popularity of the New Deal and the nature of Democratic support,History,Cambridge Assessment International Education,Cambridge International AS & A Level,AS Level,Paper 2 Outline Study,9489/2,105,60,60
The Great Crash the Great Depression and the New Deal 1920-41,Why was there a second New Deal and how successful was it?,Roosevelt's communication skills and use of patronage,History,Cambridge Assessment International Education,Cambridge International AS & A Level,AS Level,Paper 2 Outline Study,9489/2,105,60,60
The Great Crash the Great Depression and the New Deal 1920-41,Why was there a second New Deal and how successful was it?,The reasons for a second New Deal and its development including Roosevelt's motives for the legislation of 1935-37,History,Cambridge Assessment International Education,Cambridge International AS & A Level,AS Level,Paper 2 Outline Study,9489/2,105,60,60
The Great Crash the Great Depression and the New Deal 1920-41,Why was there a second New Deal and how successful was it?,The principal legislation of 1935-37,History,Cambridge Assessment International Education,Cambridge International AS & A Level,AS Level,Paper 2 Outline Study,9489/2,105,60,60
The Great Crash the Great Depression and the New Deal 1920-41,Why was there a second New Deal and how successful was it?,The impact and importance of the Second New Deal,History,Cambridge Assessment International Education,Cambridge International AS & A Level,AS Level,Paper 2 Outline Study,9489/2,105,60,60
The Great Crash the Great Depression and the New Deal 1920-41,Why was there a second New Deal and how successful was it?,The recession of 1937-38 including the causes of the recession,History,Cambridge Assessment International Education,Cambridge International AS & A Level,AS Level,Paper 2 Outline Study,9489/2,105,60,60
The Great Crash the Great Depression and the New Deal 1920-41,Why was there a second New Deal and how successful was it?,The impact on employment business and society,History,Cambridge Assessment International Education,Cambridge International AS & A Level,AS Level,Paper 2 Outline Study,9489/2,105,60,60
The Great Crash the Great Depression and the New Deal 1920-41,Why was there a second New Deal and how successful was it?,The reasons for its decline,History,Cambridge Assessment International Education,Cambridge International AS & A Level,AS Level,Paper 2 Outline Study,9489/2,105,60,60
The Great Crash the Great Depression and the New Deal 1920-41,Why was there a second New Deal and how successful was it?,The impact of the Second New Deal by 1941 including groups that benefitted from the New Deal,History,Cambridge Assessment International Education,Cambridge International AS & A Level,AS Level,Paper 2 Outline Study,9489/2,105,60,60
The Great Crash the Great Depression and the New Deal 1920-41,Why was there a second New Deal and how successful was it?,Groups who did not benefit from the New Deal,History,Cambridge Assessment International Education,Cambridge International AS & A Level,AS Level,Paper 2 Outline Study,9489/2,105,60,60
The Great Crash the Great Depression and the New Deal 1920-41,Why was there a second New Deal and how successful was it?,Changes to the role of the American government,History,Cambridge Assessment International Education,Cambridge International AS & A Level,AS Level,Paper 2 Outline Study,9489/2,105,60,60
The Great Crash the Great Depression and the New Deal 1920-41,Why was there a second New Deal and how successful was it?,Economic recovery,History,Cambridge Assessment International Education,Cambridge International AS & A Level,AS Level,Paper 2 Outline Study,9489/2,105,60,60
Imperialism and the emergence of world powers c.1870-1918,Why was imperialism a significant force in Africa from 1870?,Motives for the Scramble for Africa by European countries including economic motives,History,Cambridge Assessment International Education,Cambridge International AS & A Level,AS Level,Paper 2 Outline Study,9489/2,105,60,60
Imperialism and the emergence of world powers c.1870-1918,Why was imperialism a significant force in Africa from 1870?,Religious and cultural the civilising mission,History,Cambridge Assessment International Education,Cambridge International AS & A Level,AS Level,Paper 2 Outline Study,9489/2,105,60,60
Imperialism and the emergence of world powers c.1870-1918,Why was imperialism a significant force in Africa from 1870?,National and strategic rivalry,History,Cambridge Assessment International Education,Cambridge International AS & A Level,AS Level,Paper 2 Outline Study,9489/2,105,60,60
Imperialism and the emergence of world powers c.1870-1918,Why was imperialism a significant force in Africa from 1870?,Process of colonisation of Africa including expansion and government of colonies: direct and indirect,History,Cambridge Assessment International Education,Cambridge International AS & A Level,AS Level,Paper 2 Outline Study,9489/2,105,60,60
Imperialism and the emergence of world powers c.1870-1918,Why was imperialism a significant force in Africa from 1870?,Activities of European explorers including Barth Livingstone and Stanley,History,Cambridge Assessment International Education,Cambridge International AS & A Level,AS Level,Paper 2 Outline Study,9489/2,105,60,60
Imperialism and the emergence of world powers c.1870-1918,Why was imperialism a significant force in Africa from 1870?,Influence of the advance of technology/science,History,Cambridge Assessment International Education,Cambridge International AS & A Level,AS Level,Paper 2 Outline Study,9489/2,105,60,60
Imperialism and the emergence of world powers c.1870-1918,Why was imperialism a significant force in Africa from 1870?,Development of the Suez Canal,History,Cambridge Assessment International Education,Cambridge International AS & A Level,AS Level,Paper 2 Outline Study,9489/2,105,60,60
Imperialism and the emergence of world powers c.1870-1918,Why was imperialism a significant force in Africa from 1870?,Impact of colonialism on Africa including imposition of arbitrary boundaries by colonising powers,History,Cambridge Assessment International Education,Cambridge International AS & A Level,AS Level,Paper 2 Outline Study,9489/2,105,60,60
Imperialism and the emergence of world powers c.1870-1918,Why was imperialism a significant force in Africa from 1870?,Human exploitation and abuse: the Belgian Congo,History,Cambridge Assessment International Education,Cambridge International AS & A Level,AS Level,Paper 2 Outline Study,9489/2,105,60,60
Imperialism and the emergence of world powers c.1870-1918,Why was imperialism a significant force in Africa from 1870?,Conversion to Christianity healthcare and education,History,Cambridge Assessment International Education,Cambridge International AS & A Level,AS Level,Paper 2 Outline Study,9489/2,105,60,60
Imperialism and the emergence of world powers c.1870-1918,Why was imperialism a significant force in Africa from 1870?,Infrastructure development,History,Cambridge Assessment International Education,Cambridge International AS & A Level,AS Level,Paper 2 Outline Study,9489/2,105,60,60
Imperialism and the emergence of world powers c.1870-1918,Why was imperialism a significant force in Africa from 1870?,Causes and impact of African resistance including the Anglo-Zulu war of 1879,History,Cambridge Assessment International Education,Cambridge International AS & A Level,AS Level,Paper 2 Outline Study,9489/2,105,60,60
Imperialism and the emergence of world powers c.1870-1918,Why was imperialism a significant force in Africa from 1870?,Ndebele rebellion,History,Cambridge Assessment International Education,Cambridge International AS & A Level,AS Level,Paper 2 Outline Study,9489/2,105,60,60
Imperialism and the emergence of world powers c.1870-1918,Why was imperialism a significant force in Africa from 1870?,The Battle of Adwa,History,Cambridge Assessment International Education,Cambridge International AS & A Level,AS Level,Paper 2 Outline Study,9489/2,105,60,60
Imperialism and the emergence of world powers c.1870-1918,Why was imperialism a significant force in Africa from 1870?,Herero War,History,Cambridge Assessment International Education,Cambridge International AS & A Level,AS Level,Paper 2 Outline Study,9489/2,105,60,60
Imperialism and the emergence of world powers c.1870-1918,What was the impact of imperial expansion on international relations?,The Berlin Conference 1884-85 including purpose and pressures on Bismarck,History,Cambridge Assessment International Education,Cambridge International AS & A Level,AS Level,Paper 2 Outline Study,9489/2,105,60,60
Imperialism and the emergence of world powers c.1870-1918,What was the impact of imperial expansion on international relations?,Intentions of different powers,History,Cambridge Assessment International Education,Cambridge International AS & A Level,AS Level,Paper 2 Outline Study,9489/2,105,60,60
Imperialism and the emergence of world powers c.1870-1918,What was the impact of imperial expansion on international relations?,Outcome including principle of effective occupation,History,Cambridge Assessment International Education,Cambridge International AS & A Level,AS Level,Paper 2 Outline Study,9489/2,105,60,60
Imperialism and the emergence of world powers c.1870-1918,What was the impact of imperial expansion on international relations?,Recognising King Leopold's Congo claim,History,Cambridge Assessment International Education,Cambridge International AS & A Level,AS Level,Paper 2 Outline Study,9489/2,105,60,60
Imperialism and the emergence of world powers c.1870-1918,What was the impact of imperial expansion on international relations?,End of slavery,History,Cambridge Assessment International Education,Cambridge International AS & A Level,AS Level,Paper 2 Outline Study,9489/2,105,60,60
Imperialism and the emergence of world powers c.1870-1918,What was the impact of imperial expansion on international relations?,Free trade and navigation,History,Cambridge Assessment International Education,Cambridge International AS & A Level,AS Level,Paper 2 Outline Study,9489/2,105,60,60
Imperialism and the emergence of world powers c.1870-1918,What was the impact of imperial expansion on international relations?,Rivalries between colonial powers including between Britain and Germany Weltpolitik and naval rivalry and tension over South Africa,History,Cambridge Assessment International Education,Cambridge International AS & A Level,AS Level,Paper 2 Outline Study,9489/2,105,60,60
Imperialism and the emergence of world powers c.1870-1918,What was the impact of imperial expansion on international relations?,Between France and Britain over the Sudan: the Fashoda Incident,History,Cambridge Assessment International Education,Cambridge International AS & A Level,AS Level,Paper 2 Outline Study,9489/2,105,60,60
Imperialism and the emergence of world powers c.1870-1918,What was the impact of imperial expansion on international relations?,Between France and Germany over Morocco,History,Cambridge Assessment International Education,Cambridge International AS & A Level,AS Level,Paper 2 Outline Study,9489/2,105,60,60
Imperialism and the emergence of world powers c.1870-1918,What was the impact of imperial expansion on international relations?,Attempts to resolve tensions between imperial nations after 1900 including the end of Britain's splendid isolation and the Anglo-French Entente,History,Cambridge Assessment International Education,Cambridge International AS & A Level,AS Level,Paper 2 Outline Study,9489/2,105,60,60
Imperialism and the emergence of world powers c.1870-1918,What was the impact of imperial expansion on international relations?,The Algeciras conference,History,Cambridge Assessment International Education,Cambridge International AS & A Level,AS Level,Paper 2 Outline Study,9489/2,105,60,60
Imperialism and the emergence of world powers c.1870-1918,What was the impact of imperial expansion on international relations?,The convention of November 1911 that ended the Agadir crisis,History,Cambridge Assessment International Education,Cambridge International AS & A Level,AS Level,Paper 2 Outline Study,9489/2,105,60,60
Imperialism and the emergence of world powers c.1870-1918,What was the impact of imperial expansion on international relations?,The situation in 1914 including the extent of European empires,History,Cambridge Assessment International Education,Cambridge International AS & A Level,AS Level,Paper 2 Outline Study,9489/2,105,60,60
Imperialism and the emergence of world powers c.1870-1918,What was the impact of imperial expansion on international relations?,Influence on European alliances,History,Cambridge Assessment International Education,Cambridge International AS & A Level,AS Level,Paper 2 Outline Study,9489/2,105,60,60
Imperialism and the emergence of world powers c.1870-1918,What was the impact of imperial expansion on international relations?,Contemporary views and verdicts,History,Cambridge Assessment International Education,Cambridge International AS & A Level,AS Level,Paper 2 Outline Study,9489/2,105,60,60
Imperialism and the emergence of world powers c.1870-1918,Why did Japan emerge as a world power and what was the impact on international relations?,Japanese relations with western powers in the nineteenth century including Commodore Perry's mission,History,Cambridge Assessment International Education,Cambridge International AS & A Level,AS Level,Paper 2 Outline Study,9489/2,105,60,60
Imperialism and the emergence of world powers c.1870-1918,Why did Japan emerge as a world power and what was the impact on international relations?,Unequal treaties,History,Cambridge Assessment International Education,Cambridge International AS & A Level,AS Level,Paper 2 Outline Study,9489/2,105,60,60
Imperialism and the emergence of world powers c.1870-1918,Why did Japan emerge as a world power and what was the impact on international relations?,Reasons for rapid modernisation and military development including Meiji Restoration,History,Cambridge Assessment International Education,Cambridge International AS & A Level,AS Level,Paper 2 Outline Study,9489/2,105,60,60
Imperialism and the emergence of world powers c.1870-1918,Why did Japan emerge as a world power and what was the impact on international relations?,Industrialisation,History,Cambridge Assessment International Education,Cambridge International AS & A Level,AS Level,Paper 2 Outline Study,9489/2,105,60,60
Imperialism and the emergence of world powers c.1870-1918,Why did Japan emerge as a world power and what was the impact on international relations?,Adoption of western technology,History,Cambridge Assessment International Education,Cambridge International AS & A Level,AS Level,Paper 2 Outline Study,9489/2,105,60,60
Imperialism and the emergence of world powers c.1870-1918,Why did Japan emerge as a world power and what was the impact on international relations?,Education,History,Cambridge Assessment International Education,Cambridge International AS & A Level,AS Level,Paper 2 Outline Study,9489/2,105,60,60
Imperialism and the emergence of world powers c.1870-1918,Why did Japan emerge as a world power and what was the impact on international relations?,International recognition of Japan as a world power including Japanese foreign policy objectives: relations with Korea,History,Cambridge Assessment International Education,Cambridge International AS & A Level,AS Level,Paper 2 Outline Study,9489/2,105,60,60
Imperialism and the emergence of world powers c.1870-1918,Why did Japan emerge as a world power and what was the impact on international relations?,Anglo Japanese Treaty 1902: causes and consequences,History,Cambridge Assessment International Education,Cambridge International AS & A Level,AS Level,Paper 2 Outline Study,9489/2,105,60,60
Imperialism and the emergence of world powers c.1870-1918,Why did Japan emerge as a world power and what was the impact on international relations?,Russo-Japanese War 1904-05 and reason for Japan's victory,History,Cambridge Assessment International Education,Cambridge International AS & A Level,AS Level,Paper 2 Outline Study,9489/2,105,60,60
Imperialism and the emergence of world powers c.1870-1918,Why did Japan emerge as a world power and what was the impact on international relations?,Japan's role in the First World War and global position by 1918 including contribution to global war,History,Cambridge Assessment International Education,Cambridge International AS & A Level,AS Level,Paper 2 Outline Study,9489/2,105,60,60
Imperialism and the emergence of world powers c.1870-1918,Why did Japan emerge as a world power and what was the impact on international relations?,Role in the Pacific including seizure of German possessions,History,Cambridge Assessment International Education,Cambridge International AS & A Level,AS Level,Paper 2 Outline Study,9489/2,105,60,60
Imperialism and the emergence of world powers c.1870-1918,Why did Japan emerge as a world power and what was the impact on international relations?,Intervention in Russian Civil War,History,Cambridge Assessment International Education,Cambridge International AS & A Level,AS Level,Paper 2 Outline Study,9489/2,105,60,60
Imperialism and the emergence of world powers c.1870-1918,Why did the USA emerge as a world power and what was the impact on international relations?,Changing attitudes to overseas expansion including impact of the closing of the frontier on US foreign policy,History,Cambridge Assessment International Education,Cambridge International AS & A Level,AS Level,Paper 2 Outline Study,9489/2,105,60,60
Imperialism and the emergence of world powers c.1870-1918,Why did the USA emerge as a world power and what was the impact on international relations?,Development of naval power: Mahan's The Influence of Sea Power upon History building of the Great White Fleet,History,Cambridge Assessment International Education,Cambridge International AS & A Level,AS Level,Paper 2 Outline Study,9489/2,105,60,60
Imperialism and the emergence of world powers c.1870-1918,Why did the USA emerge as a world power and what was the impact on international relations?,Rapid economic growth,History,Cambridge Assessment International Education,Cambridge International AS & A Level,AS Level,Paper 2 Outline Study,9489/2,105,60,60
Imperialism and the emergence of world powers c.1870-1918,Why did the USA emerge as a world power and what was the impact on international relations?,Economic cycle and the Panic of 1893,History,Cambridge Assessment International Education,Cambridge International AS & A Level,AS Level,Paper 2 Outline Study,9489/2,105,60,60
Imperialism and the emergence of world powers c.1870-1918,Why did the USA emerge as a world power and what was the impact on international relations?,Building of the Panama Canal,History,Cambridge Assessment International Education,Cambridge International AS & A Level,AS Level,Paper 2 Outline Study,9489/2,105,60,60
Imperialism and the emergence of world powers c.1870-1918,Why did the USA emerge as a world power and what was the impact on international relations?,Reasons for and impact of the Spanish-American War 1898 including increasing US interest in Central and Latin America,History,Cambridge Assessment International Education,Cambridge International AS & A Level,AS Level,Paper 2 Outline Study,9489/2,105,60,60
Imperialism and the emergence of world powers c.1870-1918,Why did the USA emerge as a world power and what was the impact on international relations?,Yellow journalism,History,Cambridge Assessment International Education,Cambridge International AS & A Level,AS Level,Paper 2 Outline Study,9489/2,105,60,60
Imperialism and the emergence of world powers c.1870-1918,Why did the USA emerge as a world power and what was the impact on international relations?,Sinking of the Maine,History,Cambridge Assessment International Education,Cambridge International AS & A Level,AS Level,Paper 2 Outline Study,9489/2,105,60,60
Imperialism and the emergence of world powers c.1870-1918,Why did the USA emerge as a world power and what was the impact on international relations?,Taft and Dollar Diplomacy,History,Cambridge Assessment International Education,Cambridge International AS & A Level,AS Level,Paper 2 Outline Study,9489/2,105,60,60
Imperialism and the emergence of world powers c.1870-1918,Why did the USA emerge as a world power and what was the impact on international relations?,Reasons for and impact of the Philippine-American War 1899-1902 including US expansion into the Pacific,History,Cambridge Assessment International Education,Cambridge International AS & A Level,AS Level,Paper 2 Outline Study,9489/2,105,60,60
Imperialism and the emergence of world powers c.1870-1918,Why did the USA emerge as a world power and what was the impact on international relations?,Controversy over US motives and actions,History,Cambridge Assessment International Education,Cambridge International AS & A Level,AS Level,Paper 2 Outline Study,9489/2,105,60,60
Imperialism and the emergence of world powers c.1870-1918,Why did the USA emerge as a world power and what was the impact on international relations?,Filipino resistance,History,Cambridge Assessment International Education,Cambridge International AS & A Level,AS Level,Paper 2 Outline Study,9489/2,105,60,60
Imperialism and the emergence of world powers c.1870-1918,Why did the USA emerge as a world power and what was the impact on international relations?,Reasons for and impact of the USA's entry into the First World War including US relations with Germany Britain and France,History,Cambridge Assessment International Education,Cambridge International AS & A Level,AS Level,Paper 2 Outline Study,9489/2,105,60,60
Imperialism and the emergence of world powers c.1870-1918,Why did the USA emerge as a world power and what was the impact on international relations?,Wilson's policy and anti-war pressure groups,History,Cambridge Assessment International Education,Cambridge International AS & A Level,AS Level,Paper 2 Outline Study,9489/2,105,60,60
Imperialism and the emergence of world powers c.1870-1918,Why did the USA emerge as a world power and what was the impact on international relations?,Actions of German U-boats and the sinking of the Lusitania,History,Cambridge Assessment International Education,Cambridge International AS & A Level,AS Level,Paper 2 Outline Study,9489/2,105,60,60
Imperialism and the emergence of world powers c.1870-1918,Why did the USA emerge as a world power and what was the impact on international relations?,Zimmerman telegram,History,Cambridge Assessment International Education,Cambridge International AS & A Level,AS Level,Paper 2 Outline Study,9489/2,105,60,60
Imperialism and the emergence of world powers c.1870-1918,Why did the USA emerge as a world power and what was the impact on international relations?,Impact of US intervention,History,Cambridge Assessment International Education,Cambridge International AS & A Level,AS Level,Paper 2 Outline Study,9489/2,105,60,60
International relations 1919-29,Why was there such extensive dissatisfaction with the peace settlements of 1919-20?,The negotiations at Versailles including key issues in agreeing the Treaties,History,Cambridge Assessment International Education,Cambridge International AS & A Level,AS Level,Paper 2 Outline Study,9489/2,105,60,60
International relations 1919-29,Why was there such extensive dissatisfaction with the peace settlements of 1919-20?,The aims of the Big Three,History,Cambridge Assessment International Education,Cambridge International AS & A Level,AS Level,Paper 2 Outline Study,9489/2,105,60,60
International relations 1919-29,Why was there such extensive dissatisfaction with the peace settlements of 1919-20?,Representation of other powers,History,Cambridge Assessment International Education,Cambridge International AS & A Level,AS Level,Paper 2 Outline Study,9489/2,105,60,60
International relations 1919-29,Why was there such extensive dissatisfaction with the peace settlements of 1919-20?,Key terms of the Treaties of Versailles Trianon Neuilly Saint Germain and Sevres,History,Cambridge Assessment International Education,Cambridge International AS & A Level,AS Level,Paper 2 Outline Study,9489/2,105,60,60
International relations 1919-29,Why was there such extensive dissatisfaction with the peace settlements of 1919-20?,Difficulties created by the treaties including boundaries created by the settlements,History,Cambridge Assessment International Education,Cambridge International AS & A Level,AS Level,Paper 2 Outline Study,9489/2,105,60,60
International relations 1919-29,Why was there such extensive dissatisfaction with the peace settlements of 1919-20?,Inconsistent application of national self-determination,History,Cambridge Assessment International Education,Cambridge International AS & A Level,AS Level,Paper 2 Outline Study,9489/2,105,60,60
International relations 1919-29,Why was there such extensive dissatisfaction with the peace settlements of 1919-20?,Reactions of victors and defeated powers: France Britain USA Italy Japan and Germany,History,Cambridge Assessment International Education,Cambridge International AS & A Level,AS Level,Paper 2 Outline Study,9489/2,105,60,60
International relations 1919-29,Why was there such extensive dissatisfaction with the peace settlements of 1919-20?,Position of Russia,History,Cambridge Assessment International Education,Cambridge International AS & A Level,AS Level,Paper 2 Outline Study,9489/2,105,60,60
International relations 1919-29,Why was there such extensive dissatisfaction with the peace settlements of 1919-20?,The question of war guilt,History,Cambridge Assessment International Education,Cambridge International AS & A Level,AS Level,Paper 2 Outline Study,9489/2,105,60,60
International relations 1919-29,Why was there such extensive dissatisfaction with the peace settlements of 1919-20?,The issue of size and payment,History,Cambridge Assessment International Education,Cambridge International AS & A Level,AS Level,Paper 2 Outline Study,9489/2,105,60,60
International relations 1919-29,Why was the League of Nations created and what challenges did it face in the 1920s?,Creation of the League including Wilson's 14 points,History,Cambridge Assessment International Education,Cambridge International AS & A Level,AS Level,Paper 2 Outline Study,9489/2,105,60,60
International relations 1919-29,Why was the League of Nations created and what challenges did it face in the 1920s?,Inclusion in all the Treaties,History,Cambridge Assessment International Education,Cambridge International AS & A Level,AS Level,Paper 2 Outline Study,9489/2,105,60,60
International relations 1919-29,Why was the League of Nations created and what challenges did it face in the 1920s?,Aims and structure,History,Cambridge Assessment International Education,Cambridge International AS & A Level,AS Level,Paper 2 Outline Study,9489/2,105,60,60
International relations 1919-29,Why was the League of Nations created and what challenges did it face in the 1920s?,Weaknesses of the League including restricted membership,History,Cambridge Assessment International Education,Cambridge International AS & A Level,AS Level,Paper 2 Outline Study,9489/2,105,60,60
International relations 1919-29,Why was the League of Nations created and what challenges did it face in the 1920s?,Leadership,History,Cambridge Assessment International Education,Cambridge International AS & A Level,AS Level,Paper 2 Outline Study,9489/2,105,60,60
International relations 1919-29,Why was the League of Nations created and what challenges did it face in the 1920s?,Voting processes,History,Cambridge Assessment International Education,Cambridge International AS & A Level,AS Level,Paper 2 Outline Study,9489/2,105,60,60
International relations 1919-29,Why was the League of Nations created and what challenges did it face in the 1920s?,Enforcement difficulties,History,Cambridge Assessment International Education,Cambridge International AS & A Level,AS Level,Paper 2 Outline Study,9489/2,105,60,60
International relations 1919-29,Why was the League of Nations created and what challenges did it face in the 1920s?,Collective security and the League's involvement in the resolution of post-war disputes including the Aaland Islands,History,Cambridge Assessment International Education,Cambridge International AS & A Level,AS Level,Paper 2 Outline Study,9489/2,105,60,60
International relations 1919-29,Why was the League of Nations created and what challenges did it face in the 1920s?,Teschen,History,Cambridge Assessment International Education,Cambridge International AS & A Level,AS Level,Paper 2 Outline Study,9489/2,105,60,60
International relations 1919-29,Why was the League of Nations created and what challenges did it face in the 1920s?,Polish seizure of Vilna,History,Cambridge Assessment International Education,Cambridge International AS & A Level,AS Level,Paper 2 Outline Study,9489/2,105,60,60
International relations 1919-29,Why was the League of Nations created and what challenges did it face in the 1920s?,The Upper Silesian Coalfields dispute,History,Cambridge Assessment International Education,Cambridge International AS & A Level,AS Level,Paper 2 Outline Study,9489/2,105,60,60
International relations 1919-29,Why was the League of Nations created and what challenges did it face in the 1920s?,Memel,History,Cambridge Assessment International Education,Cambridge International AS & A Level,AS Level,Paper 2 Outline Study,9489/2,105,60,60
International relations 1919-29,Why was the League of Nations created and what challenges did it face in the 1920s?,Greco-Bulgarian border dispute,History,Cambridge Assessment International Education,Cambridge International AS & A Level,AS Level,Paper 2 Outline Study,9489/2,105,60,60
International relations 1919-29,Why was the League of Nations created and what challenges did it face in the 1920s?,Role and impact of the Agencies including Commission for Refugees,History,Cambridge Assessment International Education,Cambridge International AS & A Level,AS Level,Paper 2 Outline Study,9489/2,105,60,60
International relations 1919-29,Why was the League of Nations created and what challenges did it face in the 1920s?,International Labour Organisation ILO,History,Cambridge Assessment International Education,Cambridge International AS & A Level,AS Level,Paper 2 Outline Study,9489/2,105,60,60
International relations 1919-29,Why was the League of Nations created and what challenges did it face in the 1920s?,Slavery Commission,History,Cambridge Assessment International Education,Cambridge International AS & A Level,AS Level,Paper 2 Outline Study,9489/2,105,60,60
International relations 1919-29,Why was the League of Nations created and what challenges did it face in the 1920s?,Disarmament Commission,History,Cambridge Assessment International Education,Cambridge International AS & A Level,AS Level,Paper 2 Outline Study,9489/2,105,60,60
International relations 1919-29,Why was the League of Nations created and what challenges did it face in the 1920s?,Mandates Commission,History,Cambridge Assessment International Education,Cambridge International AS & A Level,AS Level,Paper 2 Outline Study,9489/2,105,60,60
International relations 1919-29,How and why did international tensions remain high after the Versailles settlement?,Crises and tensions including Fiume,History,Cambridge Assessment International Education,Cambridge International AS & A Level,AS Level,Paper 2 Outline Study,9489/2,105,60,60
International relations 1919-29,How and why did international tensions remain high after the Versailles settlement?,Corfu,History,Cambridge Assessment International Education,Cambridge International AS & A Level,AS Level,Paper 2 Outline Study,9489/2,105,60,60
International relations 1919-29,How and why did international tensions remain high after the Versailles settlement?,The Ruhr crisis,History,Cambridge Assessment International Education,Cambridge International AS & A Level,AS Level,Paper 2 Outline Study,9489/2,105,60,60
International relations 1919-29,How and why did international tensions remain high after the Versailles settlement?,German hyperinflation and the reparations issue,History,Cambridge Assessment International Education,Cambridge International AS & A Level,AS Level,Paper 2 Outline Study,9489/2,105,60,60
International relations 1919-29,How and why did international tensions remain high after the Versailles settlement?,Ethnic political and economic problems in the successor states,History,Cambridge Assessment International Education,Cambridge International AS & A Level,AS Level,Paper 2 Outline Study,9489/2,105,60,60
International relations 1919-29,How and why did international tensions remain high after the Versailles settlement?,Aims and impact of international treaties and conferences including Little Entente 1921,History,Cambridge Assessment International Education,Cambridge International AS & A Level,AS Level,Paper 2 Outline Study,9489/2,105,60,60
International relations 1919-29,How and why did international tensions remain high after the Versailles settlement?,Washington Conference 1921-22,History,Cambridge Assessment International Education,Cambridge International AS & A Level,AS Level,Paper 2 Outline Study,9489/2,105,60,60
International relations 1919-29,How and why did international tensions remain high after the Versailles settlement?,Genoa Conference 1922,History,Cambridge Assessment International Education,Cambridge International AS & A Level,AS Level,Paper 2 Outline Study,9489/2,105,60,60
International relations 1919-29,How and why did international tensions remain high after the Versailles settlement?,Rapallo Pact 1922,History,Cambridge Assessment International Education,Cambridge International AS & A Level,AS Level,Paper 2 Outline Study,9489/2,105,60,60
International relations 1919-29,How and why did international tensions remain high after the Versailles settlement?,Treaty of Lausanne 1923,History,Cambridge Assessment International Education,Cambridge International AS & A Level,AS Level,Paper 2 Outline Study,9489/2,105,60,60
International relations 1919-29,How and why did international tensions remain high after the Versailles settlement?,Changing relations between the major powers including European nations: Britain France Germany and Italy,History,Cambridge Assessment International Education,Cambridge International AS & A Level,AS Level,Paper 2 Outline Study,9489/2,105,60,60
International relations 1919-29,How and why did international tensions remain high after the Versailles settlement?,The Soviet Union and the challenge of Communism,History,Cambridge Assessment International Education,Cambridge International AS & A Level,AS Level,Paper 2 Outline Study,9489/2,105,60,60
International relations 1919-29,How and why did international tensions remain high after the Versailles settlement?,The USA: isolation or involvement,History,Cambridge Assessment International Education,Cambridge International AS & A Level,AS Level,Paper 2 Outline Study,9489/2,105,60,60
International relations 1919-29,How and why did international tensions remain high after the Versailles settlement?,Emergence of Japan: internal issues and the effect on international relations,History,Cambridge Assessment International Education,Cambridge International AS & A Level,AS Level,Paper 2 Outline Study,9489/2,105,60,60
International relations 1919-29,How and why did international relations improve 1924-29?,Economic recovery and improved relations including Dawes Plan: proposals and effect on international relations,History,Cambridge Assessment International Education,Cambridge International AS & A Level,AS Level,Paper 2 Outline Study,9489/2,105,60,60
International relations 1919-29,How and why did international relations improve 1924-29?,Stresemann and German recovery,History,Cambridge Assessment International Education,Cambridge International AS & A Level,AS Level,Paper 2 Outline Study,9489/2,105,60,60
International relations 1919-29,How and why did international relations improve 1924-29?,German entry into the League of Nations,History,Cambridge Assessment International Education,Cambridge International AS & A Level,AS Level,Paper 2 Outline Study,9489/2,105,60,60
International relations 1919-29,How and why did international relations improve 1924-29?,Young Plan,History,Cambridge Assessment International Education,Cambridge International AS & A Level,AS Level,Paper 2 Outline Study,9489/2,105,60,60
International relations 1919-29,How and why did international relations improve 1924-29?,Aims and impact of international proposals treaties and conferences including Geneva Protocol 1924: support and opposition,History,Cambridge Assessment International Education,Cambridge International AS & A Level,AS Level,Paper 2 Outline Study,9489/2,105,60,60
International relations 1919-29,How and why did international relations improve 1924-29?,Locarno Treaties 1925: achievements and failures,History,Cambridge Assessment International Education,Cambridge International AS & A Level,AS Level,Paper 2 Outline Study,9489/2,105,60,60
International relations 1919-29,How and why did international relations improve 1924-29?,Kellogg-Briand Pact 1928: purpose and limitations,History,Cambridge Assessment International Education,Cambridge International AS & A Level,AS Level,Paper 2 Outline Study,9489/2,105,60,60
International relations 1919-29,How and why did international relations improve 1924-29?,Hague Conference 1929 and the dispute over evacuation of the Rhineland,History,Cambridge Assessment International Education,Cambridge International AS & A Level,AS Level,Paper 2 Outline Study,9489/2,105,60,60
International relations 1919-29,How and why did international relations improve 1924-29?,Developing relations between the major powers including France and Germany: the role of Stresemann and Briand,History,Cambridge Assessment International Education,Cambridge International AS & A Level,AS Level,Paper 2 Outline Study,9489/2,105,60,60
International relations 1919-29,How and why did international relations improve 1924-29?,Italy and the impact of Mussolini's ambitions on international relations,History,Cambridge Assessment International Education,Cambridge International AS & A Level,AS Level,Paper 2 Outline Study,9489/2,105,60,60
International relations 1919-29,How and why did international relations improve 1924-29?,Shifting relations with the Soviet Union,History,Cambridge Assessment International Education,Cambridge International AS & A Level,AS Level,Paper 2 Outline Study,9489/2,105,60,60
International relations 1919-29,How and why did international relations improve 1924-29?,Improved relations: reality or illusion including European powers,History,Cambridge Assessment International Education,Cambridge International AS & A Level,AS Level,Paper 2 Outline Study,9489/2,105,60,60
International relations 1919-29,How and why did international relations improve 1924-29?,Japan and USA,History,Cambridge Assessment International Education,Cambridge International AS & A Level,AS Level,Paper 2 Outline Study,9489/2,105,60,60
International relations 1919-29,How and why did international relations improve 1924-29?,Immediate impact of the Wall Street Crash,History,Cambridge Assessment International Education,Cambridge International AS & A Level,AS Level,Paper 2 Outline Study,9489/2,105,60,60
International history 1929-39,How did the rise of extremism affect international relations?,Impact of the Great Depression on political ideologies and intentions including the collapse of support for democracy and rise of Nazism in Germany,History,Cambridge Assessment International Education,Cambridge International AS & A Level,AS Level,Paper 2 Outline Study,9489/2,105,60,60
International history 1929-39,How did the rise of extremism affect international relations?,The collapse of democratic government and rise of militarism in Japan,History,Cambridge Assessment International Education,Cambridge International AS & A Level,AS Level,Paper 2 Outline Study,9489/2,105,60,60
International history 1929-39,How did the rise of extremism affect international relations?,Pressure on Mussolini for a change of policy in Italy,History,Cambridge Assessment International Education,Cambridge International AS & A Level,AS Level,Paper 2 Outline Study,9489/2,105,60,60
International history 1929-39,How did the rise of extremism affect international relations?,Isolationist pressures on the USA,History,Cambridge Assessment International Education,Cambridge International AS & A Level,AS Level,Paper 2 Outline Study,9489/2,105,60,60
International history 1929-39,How did the rise of extremism affect international relations?,Failure of the World Disarmament Conference 1932-34 including reasons for the Conference,History,Cambridge Assessment International Education,Cambridge International AS & A Level,AS Level,Paper 2 Outline Study,9489/2,105,60,60
International history 1929-39,How did the rise of extremism affect international relations?,Effect of international events,History,Cambridge Assessment International Education,Cambridge International AS & A Level,AS Level,Paper 2 Outline Study,9489/2,105,60,60
International history 1929-39,How did the rise of extremism affect international relations?,Attitude of major powers especially France and Germany,History,Cambridge Assessment International Education,Cambridge International AS & A Level,AS Level,Paper 2 Outline Study,9489/2,105,60,60
International history 1929-39,How did the rise of extremism affect international relations?,Changing relationship between the powers including London Naval Conference 1930,History,Cambridge Assessment International Education,Cambridge International AS & A Level,AS Level,Paper 2 Outline Study,9489/2,105,60,60
International history 1929-39,How did the rise of extremism affect international relations?,Stresa Front 1935: membership and purpose,History,Cambridge Assessment International Education,Cambridge International AS & A Level,AS Level,Paper 2 Outline Study,9489/2,105,60,60
International history 1929-39,How did the rise of extremism affect international relations?,Rome-Berlin Axis 1936,History,Cambridge Assessment International Education,Cambridge International AS & A Level,AS Level,Paper 2 Outline Study,9489/2,105,60,60
International history 1929-39,How did the rise of extremism affect international relations?,Anti-Comintern Pact 1936-37,History,Cambridge Assessment International Education,Cambridge International AS & A Level,AS Level,Paper 2 Outline Study,9489/2,105,60,60
International history 1929-39,How did the rise of extremism affect international relations?,Changing nature of relations with the USSR and impact on foreign policy including Soviet response to the rise of Nazism,History,Cambridge Assessment International Education,Cambridge International AS & A Level,AS Level,Paper 2 Outline Study,9489/2,105,60,60
International history 1929-39,How did the rise of extremism affect international relations?,Comintern and fear of Communism,History,Cambridge Assessment International Education,Cambridge International AS & A Level,AS Level,Paper 2 Outline Study,9489/2,105,60,60
International history 1929-39,Why did the League of Nations fail to keep the peace in the 1930s?,Response of the League to major crises including Manchuria 1931-33,History,Cambridge Assessment International Education,Cambridge International AS & A Level,AS Level,Paper 2 Outline Study,9489/2,105,60,60
International history 1929-39,Why did the League of Nations fail to keep the peace in the 1930s?,Abyssinia 1935-36,History,Cambridge Assessment International Education,Cambridge International AS & A Level,AS Level,Paper 2 Outline Study,9489/2,105,60,60
International history 1929-39,Why did the League of Nations fail to keep the peace in the 1930s?,Changing attitudes of major powers towards the League of Nations including withdrawal from membership of Japan March 1933,History,Cambridge Assessment International Education,Cambridge International AS & A Level,AS Level,Paper 2 Outline Study,9489/2,105,60,60
International history 1929-39,Why did the League of Nations fail to keep the peace in the 1930s?,Germany October 1933 and Italy 1936,History,Cambridge Assessment International Education,Cambridge International AS & A Level,AS Level,Paper 2 Outline Study,9489/2,105,60,60
International history 1929-39,Why did the League of Nations fail to keep the peace in the 1930s?,Admission of the USSR 1934,History,Cambridge Assessment International Education,Cambridge International AS & A Level,AS Level,Paper 2 Outline Study,9489/2,105,60,60
International history 1929-39,Why did the League of Nations fail to keep the peace in the 1930s?,Negotiations taking place outside the League of Nations,History,Cambridge Assessment International Education,Cambridge International AS & A Level,AS Level,Paper 2 Outline Study,9489/2,105,60,60
International history 1929-39,Why did the League of Nations fail to keep the peace in the 1930s?,Responses to the Spanish Civil War including why the League of Nations did not respond,History,Cambridge Assessment International Education,Cambridge International AS & A Level,AS Level,Paper 2 Outline Study,9489/2,105,60,60
International history 1929-39,Why did the League of Nations fail to keep the peace in the 1930s?,The creation of the Non-intervention Agreement 1936,History,Cambridge Assessment International Education,Cambridge International AS & A Level,AS Level,Paper 2 Outline Study,9489/2,105,60,60
International history 1929-39,Why did the League of Nations fail to keep the peace in the 1930s?,Reason for failure of the agreement including intervention of Germany Italy and the USSR,History,Cambridge Assessment International Education,Cambridge International AS & A Level,AS Level,Paper 2 Outline Study,9489/2,105,60,60
International history 1929-39,Why did the League of Nations fail to keep the peace in the 1930s?,Lack of commitment of France and Britain,History,Cambridge Assessment International Education,Cambridge International AS & A Level,AS Level,Paper 2 Outline Study,9489/2,105,60,60
International history 1929-39,Why did the League of Nations fail to keep the peace in the 1930s?,The International Brigades and other volunteers,History,Cambridge Assessment International Education,Cambridge International AS & A Level,AS Level,Paper 2 Outline Study,9489/2,105,60,60
International history 1929-39,Why did the League of Nations fail to keep the peace in the 1930s?,Causes of the failure of the League of Nations including unable to achieve widespread disarmament,History,Cambridge Assessment International Education,Cambridge International AS & A Level,AS Level,Paper 2 Outline Study,9489/2,105,60,60
International history 1929-39,Why did the League of Nations fail to keep the peace in the 1930s?,Absence of major powers,History,Cambridge Assessment International Education,Cambridge International AS & A Level,AS Level,Paper 2 Outline Study,9489/2,105,60,60
International history 1929-39,Why did the League of Nations fail to keep the peace in the 1930s?,Reliance on Britain and France,History,Cambridge Assessment International Education,Cambridge International AS & A Level,AS Level,Paper 2 Outline Study,9489/2,105,60,60
International history 1929-39,Why did the League of Nations fail to keep the peace in the 1930s?,Effects of Great Depression,History,Cambridge Assessment International Education,Cambridge International AS & A Level,AS Level,Paper 2 Outline Study,9489/2,105,60,60
International history 1929-39,Why did the League of Nations fail to keep the peace in the 1930s?,Increasing nationalism,History,Cambridge Assessment International Education,Cambridge International AS & A Level,AS Level,Paper 2 Outline Study,9489/2,105,60,60
International history 1929-39,Why and with what effects did Britain and France pursue a policy of appeasement?,Impact of economic military and social considerations on foreign policy including Britain: effects of Great Depression,History,Cambridge Assessment International Education,Cambridge International AS & A Level,AS Level,Paper 2 Outline Study,9489/2,105,60,60
International history 1929-39,Why and with what effects did Britain and France pursue a policy of appeasement?,10-year rule,History,Cambridge Assessment International Education,Cambridge International AS & A Level,AS Level,Paper 2 Outline Study,9489/2,105,60,60
International history 1929-39,Why and with what effects did Britain and France pursue a policy of appeasement?,Oxford King and Country debate of 1933 and the Peace Ballot 1934-35,History,Cambridge Assessment International Education,Cambridge International AS & A Level,AS Level,Paper 2 Outline Study,9489/2,105,60,60
International history 1929-39,Why and with what effects did Britain and France pursue a policy of appeasement?,Fascism as a bulwark against Bolshevism and sympathy for Nazi policies,History,Cambridge Assessment International Education,Cambridge International AS & A Level,AS Level,Paper 2 Outline Study,9489/2,105,60,60
International history 1929-39,Why and with what effects did Britain and France pursue a policy of appeasement?,France: economic problems political divisions threat of communism and elections of 1936,History,Cambridge Assessment International Education,Cambridge International AS & A Level,AS Level,Paper 2 Outline Study,9489/2,105,60,60
International history 1929-39,Why and with what effects did Britain and France pursue a policy of appeasement?,French Grand Strategy: creation of the Maginot Line,History,Cambridge Assessment International Education,Cambridge International AS & A Level,AS Level,Paper 2 Outline Study,9489/2,105,60,60
International history 1929-39,Why and with what effects did Britain and France pursue a policy of appeasement?,Actions taken to appease Hitler including response to rearmament Anglo-German Naval Agreement 1935,History,Cambridge Assessment International Education,Cambridge International AS & A Level,AS Level,Paper 2 Outline Study,9489/2,105,60,60
International history 1929-39,Why and with what effects did Britain and France pursue a policy of appeasement?,Inaction over the Rhineland,History,Cambridge Assessment International Education,Cambridge International AS & A Level,AS Level,Paper 2 Outline Study,9489/2,105,60,60
International history 1929-39,Why and with what effects did Britain and France pursue a policy of appeasement?,Acceptance of the Anschluss,History,Cambridge Assessment International Education,Cambridge International AS & A Level,AS Level,Paper 2 Outline Study,9489/2,105,60,60
International history 1929-39,Why and with what effects did Britain and France pursue a policy of appeasement?,The Sudetenland Crisis,History,Cambridge Assessment International Education,Cambridge International AS & A Level,AS Level,Paper 2 Outline Study,9489/2,105,60,60
International history 1929-39,Why and with what effects did Britain and France pursue a policy of appeasement?,The Munich conference and its outcome,History,Cambridge Assessment International Education,Cambridge International AS & A Level,AS Level,Paper 2 Outline Study,9489/2,105,60,60
International history 1929-39,Why and with what effects did Britain and France pursue a policy of appeasement?,Responses to Hitler's occupation of Prague,History,Cambridge Assessment International Education,Cambridge International AS & A Level,AS Level,Paper 2 Outline Study,9489/2,105,60,60
International history 1929-39,Why and with what effects did Britain and France pursue a policy of appeasement?,Successes of appeasement including war postponed,History,Cambridge Assessment International Education,Cambridge International AS & A Level,AS Level,Paper 2 Outline Study,9489/2,105,60,60
International history 1929-39,Why and with what effects did Britain and France pursue a policy of appeasement?,Buying time for rearmament,History,Cambridge Assessment International Education,Cambridge International AS & A Level,AS Level,Paper 2 Outline Study,9489/2,105,60,60
International history 1929-39,Why and with what effects did Britain and France pursue a policy of appeasement?,Gaining popular consent,History,Cambridge Assessment International Education,Cambridge International AS & A Level,AS Level,Paper 2 Outline Study,9489/2,105,60,60
International history 1929-39,Why and with what effects did Britain and France pursue a policy of appeasement?,Failure of appeasement including increased resources of dictators,History,Cambridge Assessment International Education,Cambridge International AS & A Level,AS Level,Paper 2 Outline Study,9489/2,105,60,60
International history 1929-39,Why and with what effects did Britain and France pursue a policy of appeasement?,Increased morale of dictators,History,Cambridge Assessment International Education,Cambridge International AS & A Level,AS Level,Paper 2 Outline Study,9489/2,105,60,60
International history 1929-39,Why and with what effects did Britain and France pursue a policy of appeasement?,Growing opposition to the policy,History,Cambridge Assessment International Education,Cambridge International AS & A Level,AS Level,Paper 2 Outline Study,9489/2,105,60,60
International history 1929-39,Why did war break out in 1939?,Aims and impact of Hitler's expansionist policies including underlying aims of Hitler in foreign policy,History,Cambridge Assessment International Education,Cambridge International AS & A Level,AS Level,Paper 2 Outline Study,9489/2,105,60,60
International history 1929-39,Why did war break out in 1939?,Rearmament and Anglo-German Naval Agreement 1935,History,Cambridge Assessment International Education,Cambridge International AS & A Level,AS Level,Paper 2 Outline Study,9489/2,105,60,60
International history 1929-39,Why did war break out in 1939?,Remilitarisation of the Rhineland 1936,History,Cambridge Assessment International Education,Cambridge International AS & A Level,AS Level,Paper 2 Outline Study,9489/2,105,60,60
International history 1929-39,Why did war break out in 1939?,Anschluss 1938,History,Cambridge Assessment International Education,Cambridge International AS & A Level,AS Level,Paper 2 Outline Study,9489/2,105,60,60
International history 1929-39,Why did war break out in 1939?,Sudetenland 1938,History,Cambridge Assessment International Education,Cambridge International AS & A Level,AS Level,Paper 2 Outline Study,9489/2,105,60,60
International history 1929-39,Why did war break out in 1939?,Czechoslovakia 1939,History,Cambridge Assessment International Education,Cambridge International AS & A Level,AS Level,Paper 2 Outline Study,9489/2,105,60,60
International history 1929-39,Why did war break out in 1939?,British rearmament in response to Germany's expansionism including development of aircraft,History,Cambridge Assessment International Education,Cambridge International AS & A Level,AS Level,Paper 2 Outline Study,9489/2,105,60,60
International history 1929-39,Why did war break out in 1939?,Preparation for air raids,History,Cambridge Assessment International Education,Cambridge International AS & A Level,AS Level,Paper 2 Outline Study,9489/2,105,60,60
International history 1929-39,Why did war break out in 1939?,Targets and progress by 1939,History,Cambridge Assessment International Education,Cambridge International AS & A Level,AS Level,Paper 2 Outline Study,9489/2,105,60,60
International history 1929-39,Why did war break out in 1939?,Development of German alliances including Anti-Comintern Pact,History,Cambridge Assessment International Education,Cambridge International AS & A Level,AS Level,Paper 2 Outline Study,9489/2,105,60,60
International history 1929-39,Why did war break out in 1939?,Pact of Steel,History,Cambridge Assessment International Education,Cambridge International AS & A Level,AS Level,Paper 2 Outline Study,9489/2,105,60,60
International history 1929-39,Why did war break out in 1939?,Nazi-Soviet Pact,History,Cambridge Assessment International Education,Cambridge International AS & A Level,AS Level,Paper 2 Outline Study,9489/2,105,60,60
International history 1929-39,Why did war break out in 1939?,Long-term and short-term motives of participants,History,Cambridge Assessment International Education,Cambridge International AS & A Level,AS Level,Paper 2 Outline Study,9489/2,105,60,60
International history 1929-39,Why did war break out in 1939?,Attack on Poland including German-Polish issues including Danzig and the Polish Corridor,History,Cambridge Assessment International Education,Cambridge International AS & A Level,AS Level,Paper 2 Outline Study,9489/2,105,60,60
International history 1929-39,Why did war break out in 1939?,The end of Appeasement and the Anglo-French guarantee to Poland March 1939,History,Cambridge Assessment International Education,Cambridge International AS & A Level,AS Level,Paper 2 Outline Study,9489/2,105,60,60
International history 1929-39,Why did war break out in 1939?,Disagreement between Hitler and the German High Command,History,Cambridge Assessment International Education,Cambridge International AS & A Level,AS Level,Paper 2 Outline Study,9489/2,105,60,60
International history 1929-39,Why did war break out in 1939?,Hitler's intentions,History,Cambridge Assessment International Education,Cambridge International AS & A Level,AS Level,Paper 2 Outline Study,9489/2,105,60,60
The origins of the First World War,Key Question,Who or what was to blame for the First World War?,History,Cambridge Assessment International Education,Cambridge International AS & A Level,A Level,Paper 3 Historical Interpretations,9489/3,75,40,20
The origins of the First World War,Context,"The historical context is the events and developments in the period c.1890-1914 leading to the outbreak of the First World War, including: tensions between the Great Powers, the alliance system, the growth of militarism, the arms race, instability in the Balkans, war plans, the assassination at Sarajevo and the July crisis, and mobilisation and declarations of war.",History,Cambridge Assessment International Education,Cambridge International AS & A Level,A Level,Paper 3 Historical Interpretations,9489/3,75,40,20
The origins of the First World War,Content,"How far was tension between the Great Powers likely to lead to war? How important were the decisions taken by key individuals in leading to war? How did Article 231 of the Treaty of Versailles have an impact on the debate about responsibility for war? How and why did the idea of shared responsibility arise? How did the Second World War affect the debate? The Fischer thesis, The German reaction to Fischer, Challenges to Fischer, Modern interpretations exploring the responsibility of nations other than Germany, Relative importance of long-term and short-term factors, How the centenary of the First World War affected the debate, The importance of contingency over motive",History,Cambridge Assessment International Education,Cambridge International AS & A Level,A Level,Paper 3 Historical Interpretations,9489/3,75,40,20
The Holocaust,Key Question,Who or what was to blame for the Holocaust?,History,Cambridge Assessment International Education,Cambridge International AS & A Level,A Level,Paper 3 Historical Interpretations,9489/3,75,40,20
The Holocaust,Context,"The historical context is the events and developments out of which the Holocaust occurred, including: the background of European and German antisemitism and racist theories, Nazi antisemitism and persecution of the Jews 1933-41, the impact of war on Nazi policy towards the Jews, Ghettoisation and Jewish responses to the Holocaust, the development of Nazi extermination policies towards Jews and other minorities, contemporary reactions to the Holocaust.",History,Cambridge Assessment International Education,Cambridge International AS & A Level,A Level,Paper 3 Historical Interpretations,9489/3,75,40,20
The Holocaust,Content,"How far was the Holocaust a consequence of racist ideas which existed before the Nazis? Intentionalism and the role of Hitler: was the Holocaust planned in advance by Hitler? Structuralism: how far did the nature of the Nazi state determine how the Holocaust developed? Functionalism: how far did contingent factors such as war determine how the Holocaust developed? Synthesis interpretations which aim to reconcile aspects of the Internationalist, Structuralist and Functionalist approaches. Perpetrators: who carried out the Holocaust and why? Was murderous behaviour the exception or were many involved? Why did non-Germans participate in the killings? Victims: How far did Jews resist the Holocaust and how can resistance be defined? Should definitions of the Holocaust include victims other than Jews? Bystanders: How did the USA and Britain respond to the Holocaust at the time?",History,Cambridge Assessment International Education,Cambridge International AS & A Level,A Level,Paper 3 Historical Interpretations,9489/3,75,40,20
The origins and development of the Cold War,Key Question,Who or what was to blame for the Cold War?,History,Cambridge Assessment International Education,Cambridge International AS & A Level,A Level,Paper 3 Historical Interpretations,9489/3,75,40,20
The origins and development of the Cold War,Context,"The historical context is the events and developments in the evolution of the Cold War in Europe 1941-49, including: tensions in the wartime alliance against the Axis powers, problems in peace-making at the end of the Second World War, Yalta and Potsdam conferences, increasing tensions in a divided Europe, the Truman Doctrine and the Marshall Plan, the Berlin Blockade and Airlift, the establishment of North Atlantic Treaty Organisation NATO.",History,Cambridge Assessment International Education,Cambridge International AS & A Level,A Level,Paper 3 Historical Interpretations,9489/3,75,40,20
The origins and development of the Cold War,Content,"How far were inherent tensions between East and West bound to resurface in 1945? How important were the personalities of the leaders of the Great Powers in the evolution of the Cold War? How far were ideology, security and economics the factors which created Cold War tensions? Traditionalism: interpretations blaming the Soviet Union, Revisionism: interpretations blaming the USA, Post-revisionism: interpretations blaming both or neither side, How have the perspectives on the Cold War of Russian historians differed from those in the West? Reinterpretations of the Cold War in the light of new archival sources, The emergence of the New Cold War history: post-post-revisionism",History,Cambridge Assessment International Education,Cambridge International AS & A Level,A Level,Paper 3 Historical Interpretations,9489/3,75,40,20
Mussolini's Italy 1919-41,How did Mussolini gain control of Italy?,"Problems facing Italy after the First World War including impact of war on Italy, Responses to the post-war settlement: the Mutilated Victory, The seizure of Fiume by d'Annunzio, Economic challenges: unemployment and inflation, Government instability and unpopularity, Biennio Rosso",History,Cambridge Assessment International Education,Cambridge International AS & A Level,A Level,Paper 4 Depth Study,9489/4,105,60,30
Mussolini's Italy 1919-41,How did Mussolini gain control of Italy?,"Mussolini's appointment as prime minister in 1922 including the development of policy programmes, Fasci de Combattimento, Squadrismo, Establishment of a dual policy and the March on Rome, The role of Victor Emmanuel III and of the political and economic elites, The nature of the National government",History,Cambridge Assessment International Education,Cambridge International AS & A Level,A Level,Paper 4 Depth Study,9489/4,105,60,30
Mussolini's Italy 1919-41,How did Mussolini gain control of Italy?,"The establishment of a dictatorship 1922-26 including formation of the Fascist Grand Council and Militia, Acerbo Election Law, The murder of Matteotti, The fascist movement and law on powers of Head of Government",History,Cambridge Assessment International Education,Cambridge International AS & A Level,A Level,Paper 4 Depth Study,9489/4,105,60,30
Mussolini's Italy 1919-41,How did Mussolini gain control of Italy?,"Extent of fascist control by 1926 including levels of support, Opposition and dissent",History,Cambridge Assessment International Education,Cambridge International AS & A Level,A Level,Paper 4 Depth Study,9489/4,105,60,30
Mussolini's Italy 1919-41,How effectively did Mussolini govern Italy?,"The terror state and coercion including methods to deal with opposition and dissent: OVRA, MVSN and special tribunals, Antisemitic laws 1938",History,Cambridge Assessment International Education,Cambridge International AS & A Level,A Level,Paper 4 Depth Study,9489/4,105,60,30
Mussolini's Italy 1919-41,How effectively did Mussolini govern Italy?,"Propaganda and censorship including attempts to link fascist Italy with Ancient Rome, Personality cult, Ministry of Popular Culture, Control of mass media: newspapers radio and cinema, Rallies, Use of art and culture, Sporting success, Extent impact and success of propaganda",History,Cambridge Assessment International Education,Cambridge International AS & A Level,A Level,Paper 4 Depth Study,9489/4,105,60,30
Mussolini's Italy 1919-41,How effectively did Mussolini govern Italy?,"The nature of fascist government including fascist institutions: Duce PNF and Fascist Grand Council, Central government: king cabinet parliament police civil service and judiciary, Prefects and podestas",History,Cambridge Assessment International Education,Cambridge International AS & A Level,A Level,Paper 4 Depth Study,9489/4,105,60,30
Mussolini's Italy 1919-41,How effectively did Mussolini govern Italy?,"Mussolini's foreign policy including aims: restoring Italy's international prestige control of the Mediterranean and expansion of empire in Africa, Methods: international diplomacy and alliances Corfu Albania and the invasion of Abyssinia, Extent of success: individual successes and failures and the overall achievement of aims",History,Cambridge Assessment International Education,Cambridge International AS & A Level,A Level,Paper 4 Depth Study,9489/4,105,60,30
Mussolini's Italy 1919-41,How successful were Mussolini's economic policies?,"Attempts to modernise Italian economy including aims and development of economic policy, Di Stefani and orthodox policies, Economic battles: lira grain and marshes, Autarky, Outcomes and extent of success",History,Cambridge Assessment International Education,Cambridge International AS & A Level,A Level,Paper 4 Depth Study,9489/4,105,60,30
Mussolini's Italy 1919-41,How successful were Mussolini's economic policies?,"Responses to the Great Depression including the impact of the Great Depression on Italy's economy, Government intervention: IMI and IRI roles and impact, Public works",History,Cambridge Assessment International Education,Cambridge International AS & A Level,A Level,Paper 4 Depth Study,9489/4,105,60,30
Mussolini's Italy 1919-41,How successful were Mussolini's economic policies?,"Corporate State including aims: the Third Way, Creation through Vidoni Pact Rocco Law Ministry of Corporations Charter of Labour and National Council of Corporations, Outcomes",History,Cambridge Assessment International Education,Cambridge International AS & A Level,A Level,Paper 4 Depth Study,9489/4,105,60,30
Mussolini's Italy 1919-41,How successful were Mussolini's economic policies?,"Living standards including welfare system: health pensions employment levels and childcare, Levels of pay working hours and consumption",History,Cambridge Assessment International Education,Cambridge International AS & A Level,A Level,Paper 4 Depth Study,9489/4,105,60,30
Mussolini's Italy 1919-41,How far did Mussolini transform Italian society?,"Impact on women and young people of fascist policies including fascist attitudes towards women, Aims to increase birth rate and population, Attempts to limit employment of women, Battle for Births: propaganda incentives abortion contraception and divorce and outcomes",History,Cambridge Assessment International Education,Cambridge International AS & A Level,A Level,Paper 4 Depth Study,9489/4,105,60,30
Mussolini's Italy 1919-41,How far did Mussolini transform Italian society?,"Indoctrination of youth through education and youth movements, Gentile's reforms, Curriculum and textbook changes, Control over teachers, Fascism and university education, ONB: aims organisation activities and outcomes",History,Cambridge Assessment International Education,Cambridge International AS & A Level,A Level,Paper 4 Depth Study,9489/4,105,60,30
Mussolini's Italy 1919-41,How far did Mussolini transform Italian society?,"Religious policies including Mussolini's early anti-clericalism and changing policies, Lateran Treaties impact and significance, Examples of church support for the regime, Growing tensions between church and state in 1930s over Catholic Action and antisemitism",History,Cambridge Assessment International Education,Cambridge International AS & A Level,A Level,Paper 4 Depth Study,9489/4,105,60,30
Mussolini's Italy 1919-41,How far did Mussolini transform Italian society?,"Impact of fascist organisations including OND: structure aims organisation and outcomes, Impact of Reform of Customs",History,Cambridge Assessment International Education,Cambridge International AS & A Level,A Level,Paper 4 Depth Study,9489/4,105,60,30
Mussolini's Italy 1919-41,How far did Mussolini transform Italian society?,"Extent of opposition to regime including strikes and demonstrations, Communist Party, Justice and liberty, Non-conformity, Assassination attempts",History,Cambridge Assessment International Education,Cambridge International AS & A Level,A Level,Paper 4 Depth Study,9489/4,105,60,30
Stalin's Russia 1924-41,How did Stalin gain control of the Soviet Union?,"The power vacuum following Lenin's death including the nature of leadership of the party: collective leadership, Lenin's Testament and funeral",History,Cambridge Assessment International Education,Cambridge International AS & A Level,A Level,Paper 4 Depth Study,9489/4,105,60,30
Stalin's Russia 1924-41,How did Stalin gain control of the Soviet Union?,"The strengths and weaknesses of the candidates including respective personalities and appeal of Stalin Trotsky Bukharin Kamenev Rykov Tomsky and Zinoviev, Stalin's use of roles within the party such as General Secretary",History,Cambridge Assessment International Education,Cambridge International AS & A Level,A Level,Paper 4 Depth Study,9489/4,105,60,30
Stalin's Russia 1924-41,How did Stalin gain control of the Soviet Union?,"Ideological differences and the power struggle including arguments relating to economic development: New Economic Policy NEP versus industrialisation, Socialism in One Country versus Permanent Revolution, Changing alliances",History,Cambridge Assessment International Education,Cambridge International AS & A Level,A Level,Paper 4 Depth Study,9489/4,105,60,30
Stalin's Russia 1924-41,How did Stalin gain control of the Soviet Union?,"Repression and propaganda to 1929 including the beginning of the cult of personality: Lenin's disciple, Machinery of repression",History,Cambridge Assessment International Education,Cambridge International AS & A Level,A Level,Paper 4 Depth Study,9489/4,105,60,30
Stalin's Russia 1924-41,How effectively did Stalin govern the Soviet Union?,"Terror and the Purges including reasons for the Terror and Purges, Opposition to Stalin and Kirov's murder, Role of NKVD, Show trials, Yezhovshchina: forced labour and gulags and purge of the armed forces",History,Cambridge Assessment International Education,Cambridge International AS & A Level,A Level,Paper 4 Depth Study,9489/4,105,60,30
Stalin's Russia 1924-41,How effectively did Stalin govern the Soviet Union?,"The Cult of Personality including the development of the Stalin cult, Propaganda methods: aims and impact",History,Cambridge Assessment International Education,Cambridge International AS & A Level,A Level,Paper 4 Depth Study,9489/4,105,60,30
Stalin's Russia 1924-41,How effectively did Stalin govern the Soviet Union?,Stalin's leadership including the nature of Stalin's leadership and the Stalin Constitution,History,Cambridge Assessment International Education,Cambridge International AS & A Level,A Level,Paper 4 Depth Study,9489/4,105,60,30
Stalin's Russia 1924-41,How effectively did Stalin govern the Soviet Union?,"Aims and impact of foreign policy including relations with Germany, Search for collective security: Comintern League of Nations France and Czechoslovakia, Intervention in Spanish Civil War, Policies towards China and Japan, Nazi-Soviet Pact",History,Cambridge Assessment International Education,Cambridge International AS & A Level,A Level,Paper 4 Depth Study,9489/4,105,60,30
Stalin's Russia 1924-41,How successful were Stalin's economic policies?,"Reasons for the Great Turn including security from invasion, Achievement of self-sufficiency, Creation of a fully socialist society and economy, Enhancing Stalin's control",History,Cambridge Assessment International Education,Cambridge International AS & A Level,A Level,Paper 4 Depth Study,9489/4,105,60,30
Stalin's Russia 1924-41,How successful were Stalin's economic policies?,"Agricultural policies including reasons for collectivisation, Voluntary and forced collectivisation, State farms, The impact and extent of success: forced requisitioning famine and agricultural yields",History,Cambridge Assessment International Education,Cambridge International AS & A Level,A Level,Paper 4 Depth Study,9489/4,105,60,30
Stalin's Russia 1924-41,How successful were Stalin's economic policies?,"Industrial policies including reasons for industrialisation, Gospan, The organisation aims and results of the first three Five Year Plans, Constructions industrial centres and major projects, Stakhanovite movement",History,Cambridge Assessment International Education,Cambridge International AS & A Level,A Level,Paper 4 Depth Study,9489/4,105,60,30
Stalin's Russia 1924-41,How successful were Stalin's economic policies?,"Living standards including the living and working conditions of managers and workers in urban areas, Wage differentials and incentives, Workplace discipline, Housing and consumer items",History,Cambridge Assessment International Education,Cambridge International AS & A Level,A Level,Paper 4 Depth Study,9489/4,105,60,30
Stalin's Russia 1924-41,How far did Stalin transform Soviet society?,"Women and the family including the Great Retreat and policies towards marriage divorce and childbirth, Women's role in the workplace: opportunities and limitations, Treatment of national groups within the Soviet Union",History,Cambridge Assessment International Education,Cambridge International AS & A Level,A Level,Paper 4 Depth Study,9489/4,105,60,30
Stalin's Russia 1924-41,How far did Stalin transform Soviet society?,"Youth and education including education reforms and impact relating to primary secondary and higher education, 1936 Great Retreat and reversal of earlier reforms",History,Cambridge Assessment International Education,Cambridge International AS & A Level,A Level,Paper 4 Depth Study,9489/4,105,60,30
Stalin's Russia 1924-41,How far did Stalin transform Soviet society?,"Cultural changes including Cultural Revolution, Socialist Realism in art music literature and cinema and their aims and impact",History,Cambridge Assessment International Education,Cambridge International AS & A Level,A Level,Paper 4 Depth Study,9489/4,105,60,30
Stalin's Russia 1924-41,How far did Stalin transform Soviet society?,"Religious policies including repression towards organised religion, Impact and continued influence of the Church on society",History,Cambridge Assessment International Education,Cambridge International AS & A Level,A Level,Paper 4 Depth Study,9489/4,105,60,30
Hitler's Germany 1929-41,How did Hitler gain control of Germany?,"Problems facing Weimar governments including impact of the Great Depression on Germany, Unpopularity of Muller and Bruning's Weimar governments, Rise of communism",History,Cambridge Assessment International Education,Cambridge International AS & A Level,A Level,Paper 4 Depth Study,9489/4,105,60,30
Hitler's Germany 1929-41,How did Hitler gain control of Germany?,"Reasons for the growth of support for the Nazis 1929-32 including the appeal of Hitler, The role of the SA, Nazi propaganda and promises, Elite support",History,Cambridge Assessment International Education,Cambridge International AS & A Level,A Level,Paper 4 Depth Study,9489/4,105,60,30
Hitler's Germany 1929-41,How did Hitler gain control of Germany?,"Hitler's appointment as Chancellor 1933 including the elections of 1932, Von Schleicher's government, Hindenburg and von Papen's actions in 1933",History,Cambridge Assessment International Education,Cambridge International AS & A Level,A Level,Paper 4 Depth Study,9489/4,105,60,30
Hitler's Germany 1929-41,How did Hitler gain control of Germany?,"Hitler's consolidation of power and creation of a dictatorship 1933-34 including the Reichstag Fire and subsequent repression, March 1933 election, Enabling Act, Night of the Long Knives, Hindenburg's death and the army oath of loyalty",History,Cambridge Assessment International Education,Cambridge International AS & A Level,A Level,Paper 4 Depth Study,9489/4,105,60,30
Hitler's Germany 1929-41,How effectively did the Nazis govern Germany?,"The terror state including examples of repression such as the Gestapo, Block wardens, Police and SD, Judiciary and courts, SS, Concentration camps",History,Cambridge Assessment International Education,Cambridge International AS & A Level,A Level,Paper 4 Depth Study,9489/4,105,60,30
Hitler's Germany 1929-41,How effectively did the Nazis govern Germany?,"Propaganda including Goebbels and Ministry of Propaganda and Enlightenment, Control of the media: radio newspapers film art and culture, Nuremberg Rallies, 1936 Olympics",History,Cambridge Assessment International Education,Cambridge International AS & A Level,A Level,Paper 4 Depth Study,9489/4,105,60,30
Hitler's Germany 1929-41,How effectively did the Nazis govern Germany?,"Extent of opposition to regime including opposition from youth including Swing movement and Edelweiss Pirates, Church including the Confessing Church the Pastors Emergency League and Galen, Political opposition from the left-wing, Passive resistance",History,Cambridge Assessment International Education,Cambridge International AS & A Level,A Level,Paper 4 Depth Study,9489/4,105,60,30
Hitler's Germany 1929-41,How effectively did the Nazis govern Germany?,"Nazi foreign policy including aims: reversal of Treaty of Versailles pan-Germanism Lebensraum and defeating communism, Methods: leaving the League of Nations, The remilitarisation of the Rhineland, Anti-Commintent Pact, Anschluss, Sudetenland and Czechoslovakia, Nazi-Soviet Pact, invasion of Poland and Operation Barbarossa, Extent of planning and consistency in policies",History,Cambridge Assessment International Education,Cambridge International AS & A Level,A Level,Paper 4 Depth Study,9489/4,105,60,30
Hitler's Germany 1929-41,How successful were Nazi economic policies?,"Responses to the Great Depression including Schacht's deficit financing schemes and Mefo Bills, Public works programmes such as the autobahn network, Reich Labour Service, Law for Reduction of Unemployment",History,Cambridge Assessment International Education,Cambridge International AS & A Level,A Level,Paper 4 Depth Study,9489/4,105,60,30
Hitler's Germany 1929-41,How successful were Nazi economic policies?,"Agricultural policies including the use of and impact of tariffs, Reich Food Estate, Reich Entailed Farm Law",History,Cambridge Assessment International Education,Cambridge International AS & A Level,A Level,Paper 4 Depth Study,9489/4,105,60,30
Hitler's Germany 1929-41,How successful were Nazi economic policies?,"Rearmament and autarky including Schacht's New Plan 1934, Goering's Four Year Plan and the creation of a war economy, Development of key war industries, The debate about guns or butter",History,Cambridge Assessment International Education,Cambridge International AS & A Level,A Level,Paper 4 Depth Study,9489/4,105,60,30
Hitler's Germany 1929-41,How successful were Nazi economic policies?,"Living standards including employment rates, Working hours, Rates of pay, Labour Front DAF and loss of trade union representation, Strength through Joy KdF and Beauty of Work",History,Cambridge Assessment International Education,Cambridge International AS & A Level,A Level,Paper 4 Depth Study,9489/4,105,60,30
Hitler's Germany 1929-41,How far did the Nazis transform German society?,"Impact on women of Nazi policies including views on women's domestic roles: Kinder Küche Kirche, Attempts to reduce women's involvement in the workplace, Efforts to increase the birthrate such as Motherhood Cross and Marriage Loans, Changes to attitudes to women in work from 1937",History,Cambridge Assessment International Education,Cambridge International AS & A Level,A Level,Paper 4 Depth Study,9489/4,105,60,30
Hitler's Germany 1929-41,How far did the Nazis transform German society?,"Impact on young people of Nazi policies including education: syllabus and textbook changes control of teachers creation of new schools and university education, Youth groups: Hitler Youth BDM indoctrination military training levels of attendance and compulsion",History,Cambridge Assessment International Education,Cambridge International AS & A Level,A Level,Paper 4 Depth Study,9489/4,105,60,30
Hitler's Germany 1929-41,How far did the Nazis transform German society?,"Religious policies including Concordat with Catholic Church, Reich Church Bishop Müller and German Christians, German Faith Movement",History,Cambridge Assessment International Education,Cambridge International AS & A Level,A Level,Paper 4 Depth Study,9489/4,105,60,30
Hitler's Germany 1929-41,How far did the Nazis transform German society?,"Persecution of Jews and other minorities including Nazi race theories: Social Darwinism and eugenics, Other reasons for persecution of Jews such as The First World War and the Great Depression, Ways in which Jews were persecuted: boycotts Nuremberg Laws and Kristallnacht, Other minorities: homosexuals Jehovah's Witnesses Roma mentally and physically disabled reasons for persecution and examples of persecution",History,Cambridge Assessment International Education,Cambridge International AS & A Level,A Level,Paper 4 Depth Study,9489/4,105,60,30
Truman Eisenhower and post-war USA 1945-61,How well did Truman deal with the internal issues facing post-war US?,"The impact of Truman's Fair Deal policies including welfare and social reforms: healthcare education housing, Economic policies, Employment policy: minimum wage price controls support for farmers, Infrastructure: land reclamation hydro electric power slum clearance",History,Cambridge Assessment International Education,Cambridge International AS & A Level,A Level,Paper 4 Depth Study,9489/4,105,60,30
Truman Eisenhower and post-war USA 1945-61,How well did Truman deal with the internal issues facing post-war US?,"The challenges of McCarthyism and the Red Scare including reasons for fear of Communism: concerns about infiltration and spying external factors such as Soviet expansion, Party politics and the support for McCarthy House Un-American Activities committee hearings and their effect, Reasons for decline of McCarthy's influence",History,Cambridge Assessment International Education,Cambridge International AS & A Level,A Level,Paper 4 Depth Study,9489/4,105,60,30
Truman Eisenhower and post-war USA 1945-61,How well did Truman deal with the internal issues facing post-war US?,"The reasons for Truman's election victory in 1948 including Truman's personality and campaigning, Winning over key elements in New Deal coalition by measures to help African Americans and farmers, Conservative approval for Cold War policies and anti-Communism, Dewey's personality and nature of Republican campaign",History,Cambridge Assessment International Education,Cambridge International AS & A Level,A Level,Paper 4 Depth Study,9489/4,105,60,30
Truman Eisenhower and post-war USA 1945-61,How well did Truman deal with the internal issues facing post-war US?,"Truman's promises and actions on Civil Rights including problems facing African Americans in post-war period, Opposition among Southern Democrats, Truman's measure to end discrimination, Truman's relationship with Civil Rights groups",History,Cambridge Assessment International Education,Cambridge International AS & A Level,A Level,Paper 4 Depth Study,9489/4,105,60,30
Truman Eisenhower and post-war USA 1945-61,How effective was Eisenhower as President?,"The reasons for Eisenhower's election victories including presidential election of 1952: personal appeal use of TV anti-Communism promise to resolve Korean War limitations of Democrats, Presidential election 1956: impact of handling of Suez and Hungary support from African Americans personal appeal prosperity of 1950s Democrat opposition",History,Cambridge Assessment International Education,Cambridge International AS & A Level,A Level,Paper 4 Depth Study,9489/4,105,60,30
Truman Eisenhower and post-war USA 1945-61,How effective was Eisenhower as President?,"Eisenhower's domestic policies including Modern Republicanism: increases in social security low-cost housing minimum wage, Department of Health Education and Welfare, Infrastructure: Interstate Highway program, Balanced budget and fiscal policy, Concerns about the military-industrial complex",History,Cambridge Assessment International Education,Cambridge International AS & A Level,A Level,Paper 4 Depth Study,9489/4,105,60,30
Truman Eisenhower and post-war USA 1945-61,How effective was Eisenhower as President?,"The developments of Civil Rights movement and the response of Federal Government including impact of civil rights organisations and individuals including NAACP Rosa Parks and the Montgomery Bus Boycott Sit-ins and SNCC, Martin Luther King Jr and SCLC, Supreme Court Decisions including Brown versus Topeka Board of Education, Federal Government responses to attempts to block desegregation Little Rock, Civil Rights legislation 1957",History,Cambridge Assessment International Education,Cambridge International AS & A Level,A Level,Paper 4 Depth Study,9489/4,105,60,30
Truman Eisenhower and post-war USA 1945-61,How far were the years 1945-61 ones of economic and social change?,"The impact of consumerism and urbanisation including economic impact of growth in demand for consumer products growth of domestic market and services, Technological developments, Impact on credit and debt, Social impacts of consumer culture, Urban growth: rural urban divide inner city problems suburban growth",History,Cambridge Assessment International Education,Cambridge International AS & A Level,A Level,Paper 4 Depth Study,9489/4,105,60,30
Truman Eisenhower and post-war USA 1945-61,How far were the years 1945-61 ones of economic and social change?,"Changing role and status of women including impact of economic growth and demand for labour, Impact of more education, Impact of suburban culture and desire for return to pre-war normal, Role of feminism",History,Cambridge Assessment International Education,Cambridge International AS & A Level,A Level,Paper 4 Depth Study,9489/4,105,60,30
Truman Eisenhower and post-war USA 1945-61,How far were the years 1945-61 ones of economic and social change?,"The development of a youth culture including role of wartime impact on family life and more parents working in 1950s, Role of development of consumerism and products and marketing directed at the young, Role of media - TV and movies, Role of popular music",History,Cambridge Assessment International Education,Cambridge International AS & A Level,A Level,Paper 4 Depth Study,9489/4,105,60,30
Truman Eisenhower and post-war USA 1945-61,How far were the years 1945-61 ones of economic and social change?,"Prosperity and poverty in the 1950s including reasons for greater prosperity in 1950s - GI Bill defence spending rising demand technology infrastructure spending, Reasons for continuing poverty: differential between unionised industries rural poverty in south and southwest inner city decline as suburban growth developed unskilled workers and discrimination in pay for women and ethnic minorities",History,Cambridge Assessment International Education,Cambridge International AS & A Level,A Level,Paper 4 Depth Study,9489/4,105,60,30
Truman Eisenhower and post-war USA 1945-61,How different were the foreign policies of Truman and Eisenhower?,"Truman and the policy of containment including Truman's concerns about Soviet expansion, Potsdam Conference, State of post war Western Europe and Marshall Aid, Greece and Truman Doctrine, The issue of Germany, Post-war division of Germany and tensions between victor powers, Berlin Blockade causes course and consequences, Creation of two Germanies, Berlin Crisis 1958-59",History,Cambridge Assessment International Education,Cambridge International AS & A Level,A Level,Paper 4 Depth Study,9489/4,105,60,30
Truman Eisenhower and post-war USA 1945-61,How different were the foreign policies of Truman and Eisenhower?,"The significance of US involvement in Korea including division of Korea 1945 and US policy towards South Korea, US reaction to invasion of South Korea 1950, US participation in Korean War and decision to invade North Korea, Impact of Korean War on US policy in Asia",History,Cambridge Assessment International Education,Cambridge International AS & A Level,A Level,Paper 4 Depth Study,9489/4,105,60,30
Truman Eisenhower and post-war USA 1945-61,How different were the foreign policies of Truman and Eisenhower?,"Eisenhower's foreign policy - a change in direction? Policy in South Asia - Korea Vietnam, Policy towards USSR - defence policy and dependence on nuclear deterrent relations after 1953 peaceful co-existence Geneva Summit meeting with Khrushchev U2 affair Hungary, Policy towards Middle East - Iran and Suez, Latin America - Guatemala and Cuba",History,Cambridge Assessment International Education,Cambridge International AS & A Level,A Level,Paper 4 Depth Study,9489/4,105,60,30
A time of challenges: the USA 1961-74,How significant were the presidencies of Kennedy Johnson and Nixon for the USA?,"The reasons for Kennedy's election victory in 1960 including Kennedy's New Frontier, Kennedy's youth, Kennedy's campaigning tactics and skills, The importance of Johnson, Nixon's campaign and the importance of the African American vote",History,Cambridge Assessment International Education,Cambridge International AS & A Level,A Level,Paper 4 Depth Study,9489/4,105,60,30
A time of challenges: the USA 1961-74,How significant were the presidencies of Kennedy Johnson and Nixon for the USA?,"Kennedy's domestic policies and the New Frontier including measures to stimulate the economy, Support for the poor, Housing and welfare reforms, Healthcare, Education, Equal rights for women, Support for farmers, Civil rights",History,Cambridge Assessment International Education,Cambridge International AS & A Level,A Level,Paper 4 Depth Study,9489/4,105,60,30
A time of challenges: the USA 1961-74,How significant were the presidencies of Kennedy Johnson and Nixon for the USA?,"Johnson and the policies of the Great Society including Johnson's vision of a Great Society, The war on poverty, Medical care, Civil rights, Education reform, Urban renewal rural development environmental initiatives, Reasons for opposition to the reforms, The impact of the reforms",History,Cambridge Assessment International Education,Cambridge International AS & A Level,A Level,Paper 4 Depth Study,9489/4,105,60,30
A time of challenges: the USA 1961-74,How significant were the presidencies of Kennedy Johnson and Nixon for the USA?,"The domestic policies of Nixon and his fall from power including reasons for Nixon's election victory in 1968, the New Economic Policy and New Federalism, Environmental reforms, Civil Rights, Watergate and Nixon's resignation in 1974",History,Cambridge Assessment International Education,Cambridge International AS & A Level,A Level,Paper 4 Depth Study,9489/4,105,60,30
A time of challenges: the USA 1961-74,How well did US governments deal with Cuba and Vietnam?,"Kennedy and the Cuban Missile Crisis including Kennedy's view of the Castro regime, the importance of the Bay of Pigs, Discovery of Soviet missiles in Cuba and Kennedy's options, The exchanges between Kennedy and Khrushchev, The outcomes for the US relations with the USSR",History,Cambridge Assessment International Education,Cambridge International AS & A Level,A Level,Paper 4 Depth Study,9489/4,105,60,30
A time of challenges: the USA 1961-74,How well did US governments deal with Cuba and Vietnam?,"Reasons for US involvement in Vietnam including the Geneva Accords 1954 and the situation in Vietnam, Fears of Communism - Eisenhower and the Domino Theory, US support for Ngo Dinh Diem's regime and its fall, Reasons for increased US military involvement under Kennedy",History,Cambridge Assessment International Education,Cambridge International AS & A Level,A Level,Paper 4 Depth Study,9489/4,105,60,30
A time of challenges: the USA 1961-74,How well did US governments deal with Cuba and Vietnam?,"Escalation under Johnson and US strategy in Vietnam including the Gulf of Tonkin Incident 1964, Escalation in 1965: increase in troops numbers, The effectiveness of US tactics in South Vietnam 1965-68, Bombing and Operation Rolling Thunder",History,Cambridge Assessment International Education,Cambridge International AS & A Level,A Level,Paper 4 Depth Study,9489/4,105,60,30
A time of challenges: the USA 1961-74,How well did US governments deal with Cuba and Vietnam?,"US withdrawal and the ending of the war including the role of the US media My Lai different attitudes in the US towards the war, The importance of the Tet Offensive, Nixon's policy and promise of peace with honour, Increase in bombing invasion of Cambodia, Vietnamisation and the withdrawal of US troops, The Paris peace talks, The fall of Saigon",History,Cambridge Assessment International Education,Cambridge International AS & A Level,A Level,Paper 4 Depth Study,9489/4,105,60,30
A time of challenges: the USA 1961-74,How much progress was made in achieving civil rights for African Americans?,"The methods and achievements of civil rights organisations including the ideas and methods of Martin Luther King and civil rights organisations, The Birmingham Campaign 1963 and its consequences, The Washington March, The Freedom Riders, The Mississippi Freedom Summer Project and the reaction to it, Bloody Sunday and the Selma to Montgomery March 1965",History,Cambridge Assessment International Education,Cambridge International AS & A Level,A Level,Paper 4 Depth Study,9489/4,105,60,30
A time of challenges: the USA 1961-74,How much progress was made in achieving civil rights for African Americans?,"Opposition to civil rights including attempts by state officials in the South to stop African Americans from registering to vote, The actions of local authorities against civil rights including Bull Connor and Governor Wallace in Alabama, Opposition of Southern Congressmen, Local citizens groups and reasons for popular opposition, The activities of the Ku Klux Klan in the 1960s",History,Cambridge Assessment International Education,Cambridge International AS & A Level,A Level,Paper 4 Depth Study,9489/4,105,60,30
A time of challenges: the USA 1961-74,How much progress was made in achieving civil rights for African Americans?,"The role of federal institutions in improving civil rights including the importance of actions by the executive before 1964, Political change: the Civil Rights Acts 1964 and 1968 the Voting Rights Act 1965, Social policies: the Fair Housing Act 1968 the Equal Employment Opportunity Act 1972, Rulings of the Supreme Court including that against laws banning interracial marriage 1967",History,Cambridge Assessment International Education,Cambridge International AS & A Level,A Level,Paper 4 Depth Study,9489/4,105,60,30
A time of challenges: the USA 1961-74,Why were there challenges to authority?,"The aims methods and achievements of the Feminist Movement including the influence of leading campaigners including Betty Friedan the formation and aims of NOW, The activities and impact of the women's liberation movement, The Roe versus Wade judgement 1973, Opposition to the women's movement",History,Cambridge Assessment International Education,Cambridge International AS & A Level,A Level,Paper 4 Depth Study,9489/4,105,60,30
A time of challenges: the USA 1961-74,Why were there challenges to authority?,"Alternative approaches by African Americans including Malcom X and the Nation of Islam, Stokely Carmichael and the growth and impact of the Black Power movement, Bobby Seale and Huey Newton and the Black Panther Movement: its political activities and social programmes, Opposition to Black Power",History,Cambridge Assessment International Education,Cambridge International AS & A Level,A Level,Paper 4 Depth Study,9489/4,105,60,30
A time of challenges: the USA 1961-74,Why were there challenges to authority?,"The emergence of identity politics including discrimination and the struggle for lesbian gay and transgender rights Stonewall 1969 the formation and impact of the Gay Liberation Front and the Gay Activist Alliance, Problems facing Native Americans, The American Indian Movement",History,Cambridge Assessment International Education,Cambridge International AS & A Level,A Level,Paper 4 Depth Study,9489/4,105,60,30
A time of challenges: the USA 1961-74,Why were there challenges to authority?,"Popular protests and the reaction of the authorities including the anti-Vietnam demonstrations including the Democratic National Convention 1968 and the reaction of Mayor Daley, The impact of the Kent State killings, Inner city riots including the Watts riots and the 1968 riots following Martin Luther King's assassination",History,Cambridge Assessment International Education,Cambridge International AS & A Level,A Level,Paper 4 Depth Study,9489/4,105,60,30
The USA 1974-93,How significant were the problems facing the US in the late 1970s?,"Ford's response to the problems facing the US including responses to problems of stagflation unemployment fiscal policy policies towards energy, Responses to social divisions such as opposition to busing, Responses to post-Watergate loss of trust in politics",History,Cambridge Assessment International Education,Cambridge International AS & A Level,A Level,Paper 4 Depth Study,9489/4,105,60,30
The USA 1974-93,How significant were the problems facing the US in the late 1970s?,"Reasons for Carter's victory in 1976 and his domestic policies including Carter's personal appeal and disillusion with Republicans, Presidential style fiscal policy energy problems and responses including Energy Security Act, Relations with Congress decline of reputation",History,Cambridge Assessment International Education,Cambridge International AS & A Level,A Level,Paper 4 Depth Study,9489/4,105,60,30
The USA 1974-93,How significant were the problems facing the US in the late 1970s?,"The rise of the New Right including influence of religious groups including evangelical Christians, Reaction against social change including abortion gay rights, Opposition to the counter culture, Ending of consensus on role of state in economic policy",History,Cambridge Assessment International Education,Cambridge International AS & A Level,A Level,Paper 4 Depth Study,9489/4,105,60,30
The USA 1974-93,How significant were the problems facing the US in the late 1970s?,"Reasons for Reagan's election victory in 1980 including Reagan's personal appeal, Economic issues and spreads of alternative supply side economic doctrines, Perceived failures of Carter at home and abroad, Social change and impact of the rise of New Right",History,Cambridge Assessment International Education,Cambridge International AS & A Level,A Level,Paper 4 Depth Study,9489/4,105,60,30
The USA 1974-93,How great was the impact of the New Conservatism 1981-92?,"Reaganomics in theory and practice including key features of Reaganomics and neo liberal economic theory, Reasons for the end of Keynesian consensus, impact of tax cuts and deregulation, Extent of reduction of federal spending",History,Cambridge Assessment International Education,Cambridge International AS & A Level,A Level,Paper 4 Depth Study,9489/4,105,60,30
The USA 1974-93,How great was the impact of the New Conservatism 1981-92?,"The impact of Reagan's domestic policies on the American people including impact of tax policies and budget cuts, Policy to Trade Unions and Air Traffic Controllers' Strike, Social issues - policy towards Civil Rights and AIDS, Deregulation and role and scope of the Federal Government",History,Cambridge Assessment International Education,Cambridge International AS & A Level,A Level,Paper 4 Depth Study,9489/4,105,60,30
The USA 1974-93,How great was the impact of the New Conservatism 1981-92?,"Bush's domestic policies and the 1992 election including fiscal policies and reaction to high levels of federal debt, Social reforms including Disabilities Act 1990 and Clean Air Act 1990",History,Cambridge Assessment International Education,Cambridge International AS & A Level,A Level,Paper 4 Depth Study,9489/4,105,60,30
The USA 1974-93,How great was the impact of the New Conservatism 1981-92?,Relations with Congress including election of 1992 - including: recession impact of candidacy of Ross Perot Dan Quayle Clinton's appeal,History,Cambridge Assessment International Education,Cambridge International AS & A Level,A Level,Paper 4 Depth Study,9489/4,105,60,30
The USA 1974-93,How great was the impact of the New Conservatism 1981-92?,"The failure of the Democrats in the 1980s including Civil War between Carter and Kennedy, Divisions in the 1980s between radicals and more conservative elements, Problems faced by Mondale in modernising the party, Ongoing electoral weaknesses in the South",History,Cambridge Assessment International Education,Cambridge International AS & A Level,A Level,Paper 4 Depth Study,9489/4,105,60,30
The USA 1974-93,How effective were Carter's foreign policies 1977-81?,"Carter's attempts to use foreign policy to promote human rights including Carter's view of human rights as an issue in foreign policy, Relations with the Somoza regime in Nicaragua, Relations with the Pinochet Regime in Chile, Relations with Brazil and Argentina",History,Cambridge Assessment International Education,Cambridge International AS & A Level,A Level,Paper 4 Depth Study,9489/4,105,60,30
The USA 1974-93,How effective were Carter's foreign policies 1977-81?,"Carter and the Middle East - the Camp David Accords including US aims in the Middle East and Geneva Peace Conference, Change in policy from Kissinger's shuttle diplomacy, Reactions to Sadat's diplomacy, Nature and outcome of Camp David meeting",History,Cambridge Assessment International Education,Cambridge International AS & A Level,A Level,Paper 4 Depth Study,9489/4,105,60,30
The USA 1974-93,How effective were Carter's foreign policies 1977-81?,"Iran and the hostage crisis including US relations with Iran since 1975, Nature and significance of hostage crisis, Carter's policy and outcome",History,Cambridge Assessment International Education,Cambridge International AS & A Level,A Level,Paper 4 Depth Study,9489/4,105,60,30
The USA 1974-93,Why did relations between the US and the USSR change?,"Attempts at detente 1972-79 including US motives for detente, Origins and nature of SALT I 1972, Nature and importance of Helsinki Accords 1975, Extent and importance of technical and economic cooperation 1975-79",History,Cambridge Assessment International Education,Cambridge International AS & A Level,A Level,Paper 4 Depth Study,9489/4,105,60,30
The USA 1974-93,Why did relations between the US and the USSR change?,"Reasons for the failure of detente including importance of ideology in the Second Cold War, Impact of Afghanistan invasion, Change of leadership, New defence policy, Failure of ratification of SALT II",History,Cambridge Assessment International Education,Cambridge International AS & A Level,A Level,Paper 4 Depth Study,9489/4,105,60,30
The USA 1974-93,Why did relations between the US and the USSR change?,"The Reagan Doctrine and rollback including reasons for and aims of Reagan Doctrine and rollback interventions, US policy in Nicaragua - causes nature and consequences, US intervention in Afghanistan - causes nature and consequences, US intervention in Angola - causes nature and consequences",History,Cambridge Assessment International Education,Cambridge International AS & A Level,A Level,Paper 4 Depth Study,9489/4,105,60,30
The USA 1974-93,Why did relations between the US and the USSR change?,"Reagan and Gorbachev including significance of Gorbachev's policies for relations with US, Influence of Reagan's policies in bringing about change in Soviet regime, Changing policy of US towards the Soviet regime",History,Cambridge Assessment International Education,Cambridge International AS & A Level,A Level,Paper 4 Depth Study,9489/4,105,60,30
The Soviet Empire in Eastern Europe 1953-91,How did the Soviet Union's relationship with the satellite states develop in the period up to 1968?,"The formation of the Warsaw Pact including reasons for formation, The nature of government in the satellite states including Czechoslovakia Poland East Germany Hungary",History,Cambridge Assessment International Education,Cambridge International AS & A Level,A Level,Paper 4 Depth Study,9489/4,105,60,30
The Soviet Empire in Eastern Europe 1953-91,How did the Soviet Union's relationship with the satellite states develop in the period up to 1968?,"The political influence of the Communist Party including repressive measures such as censorship, State security forces such as the Stasi, Policies towards the Church, Restrictions on emigration",History,Cambridge Assessment International Education,Cambridge International AS & A Level,A Level,Paper 4 Depth Study,9489/4,105,60,30
The Soviet Empire in Eastern Europe 1953-91,How did the Soviet Union's relationship with the satellite states develop in the period up to 1968?,"Social and economic conditions in the satellite states including the impacts of economic centralisation, Changes in living standards",History,Cambridge Assessment International Education,Cambridge International AS & A Level,A Level,Paper 4 Depth Study,9489/4,105,60,30
The Soviet Empire in Eastern Europe 1953-91,How did the Soviet Union's relationship with the satellite states develop in the period up to 1968?,"Threats to the stability of Soviet control including uprisings in the 1950s in Poland and Germany, Hungarian uprising in 1956: causes course and impact, Problems in Berlin and the building of the Berlin Wall, Prague Spring in 1968: causes course and impact",History,Cambridge Assessment International Education,Cambridge International AS & A Level,A Level,Paper 4 Depth Study,9489/4,105,60,30
The Soviet Empire in Eastern Europe 1953-91,How did the Soviet Union's relationship with the satellite states develop in the period up to 1968?,"Soviet reactions to dissent including political change and repression, Military actions, Introduction of the Brezhnev Doctrine 1968",History,Cambridge Assessment International Education,Cambridge International AS & A Level,A Level,Paper 4 Depth Study,9489/4,105,60,30
The Soviet Empire in Eastern Europe 1953-91,Why did the period 1964-85 become characterised by political and economic stagnation?,"Political leadership in the period from 1964-85 including Brezhnev's aims Andropov and Chernenko, Corruption and the nomenklatura system, Development of the gerontocracy",History,Cambridge Assessment International Education,Cambridge International AS & A Level,A Level,Paper 4 Depth Study,9489/4,105,60,30
The Soviet Empire in Eastern Europe 1953-91,Why did the period 1964-85 become characterised by political and economic stagnation?,"The nature and extent of the problems facing the Soviet economy including attempts to reform and the 10th Five Year Plan, Impact of defence spending, Development of stagnation",History,Cambridge Assessment International Education,Cambridge International AS & A Level,A Level,Paper 4 Depth Study,9489/4,105,60,30
The Soviet Empire in Eastern Europe 1953-91,Why did the period 1964-85 become characterised by political and economic stagnation?,"Foreign relations including Detente with the West, The invasion of Afghanistan and its impact on the Soviet Union, The Second Cold War",History,Cambridge Assessment International Education,Cambridge International AS & A Level,A Level,Paper 4 Depth Study,9489/4,105,60,30
The Soviet Empire in Eastern Europe 1953-91,Why did the period 1964-85 become characterised by political and economic stagnation?,"Developments in the satellite states including economic reforms, Social policies and developments",History,Cambridge Assessment International Education,Cambridge International AS & A Level,A Level,Paper 4 Depth Study,9489/4,105,60,30
The Soviet Empire in Eastern Europe 1953-91,Why did the period 1964-85 become characterised by political and economic stagnation?,"Challenges to Soviet control including influence of the West, Political activism, Influence of the Church",History,Cambridge Assessment International Education,Cambridge International AS & A Level,A Level,Paper 4 Depth Study,9489/4,105,60,30
The Soviet Empire in Eastern Europe 1953-91,How did Gorbachev try to respond to the crisis in the Soviet Union?,"The situation facing Gorbachev in 1985 including the state of the economy, Food shortages and rationing, The budget deficit, Absenteeism, Living and working conditions, Pressure for change from within and outside the Soviet Union",History,Cambridge Assessment International Education,Cambridge International AS & A Level,A Level,Paper 4 Depth Study,9489/4,105,60,30
The Soviet Empire in Eastern Europe 1953-91,How did Gorbachev try to respond to the crisis in the Soviet Union?,Gorbachev's new thinking: the reasons for nature of and consequences of Glasnost Perestroika Demokratizatsiya,History,Cambridge Assessment International Education,Cambridge International AS & A Level,A Level,Paper 4 Depth Study,9489/4,105,60,30
The Soviet Empire in Eastern Europe 1953-91,How did Gorbachev try to respond to the crisis in the Soviet Union?,"Economic political and social change under Gorbachev including restructuring the economy, 12th Five Year Plan, Fragmentation, Declining foreign trade, Chernobyl",History,Cambridge Assessment International Education,Cambridge International AS & A Level,A Level,Paper 4 Depth Study,9489/4,105,60,30
The Soviet Empire in Eastern Europe 1953-91,How did Gorbachev try to respond to the crisis in the Soviet Union?,"Impact of Gorbachev's policies on foreign relations including changing relationship with the United States, Summit meetings and Geneva Reykjavik and Washington",History,Cambridge Assessment International Education,Cambridge International AS & A Level,A Level,Paper 4 Depth Study,9489/4,105,60,30
The Soviet Empire in Eastern Europe 1953-91,How and why did Soviet control of Eastern Europe collapse in 1991?,"Reasons for the development and growth of Solidarity in Poland including economic problems facing Poland, Events of August 1980 in Gdansk, 21 Demands",History,Cambridge Assessment International Education,Cambridge International AS & A Level,A Level,Paper 4 Depth Study,9489/4,105,60,30
The Soviet Empire in Eastern Europe 1953-91,How and why did Soviet control of Eastern Europe collapse in 1991?,"Reactions to Solidarity including from the Polish government, From the USSR, Imposition of Martial Law 1981",History,Cambridge Assessment International Education,Cambridge International AS & A Level,A Level,Paper 4 Depth Study,9489/4,105,60,30
The Soviet Empire in Eastern Europe 1953-91,How and why did Soviet control of Eastern Europe collapse in 1991?,"Impact of Gorbachev's policies on Eastern Europe including nationalist movements in Hungary Czechoslovakia and Romania, Rise in dissent and Soviet reactions to uprisings in Kazakhstan and the Baltic States, Sinatra Doctrine, Re-legalising Solidarity in 1989, Fall of the Berlin Wall",History,Cambridge Assessment International Education,Cambridge International AS & A Level,A Level,Paper 4 Depth Study,9489/4,105,60,30
The Soviet Empire in Eastern Europe 1953-91,How and why did Soviet control of Eastern Europe collapse in 1991?,"Reasons for the collapse of the Soviet Union including opposition to Gorbachev's policies, Causes and impact of the coup of August 1991, Gorbachev's resignation, Collapse of Soviet control in the Republics",History,Cambridge Assessment International Education,Cambridge International AS & A Level,A Level,Paper 4 Depth Study,9489/4,105,60,30
End of minority rule in South Africa and Zimbabwe 1948-94,How was the apartheid state established in South Africa and what was its impact from 1948 to 1959?,"Life in South Africa c.1948 including economic development: mining manufacturing and agriculture, The lives and work of Black South Africans: segregation discrimination life in townships and in urban and rural areas",History,Cambridge Assessment International Education,Cambridge International AS & A Level,A Level,Paper 4 Depth Study,9489/4,105,60,30
End of minority rule in South Africa and Zimbabwe 1948-94,How was the apartheid state established in South Africa and what was its impact from 1948 to 1959?,"The reasons for the election victory of the National Party in 1948 including the impact of the Second World War, The National Party's appeal to Afrikaner nationalism, The campaign of Smuts and the United Party, The electoral system",History,Cambridge Assessment International Education,Cambridge International AS & A Level,A Level,Paper 4 Depth Study,9489/4,105,60,30
End of minority rule in South Africa and Zimbabwe 1948-94,How was the apartheid state established in South Africa and what was its impact from 1948 to 1959?,"The introduction and impact of apartheid measures including the apartheid legislation, The pass system, The creation of Bantustans, Changes to education for Black South Africans, The impact of these measures on people's everyday lives",History,Cambridge Assessment International Education,Cambridge International AS & A Level,A Level,Paper 4 Depth Study,9489/4,105,60,30
End of minority rule in South Africa and Zimbabwe 1948-94,How was the apartheid state established in South Africa and what was its impact from 1948 to 1959?,"Opposition to and enforcement of apartheid including the African National Congress ANC and the Pan Africanist Congress PAC, The Defiance Campaign 1952 resistance to the pass laws including women and the anti-pass law march of 1956, The Freedom Charter of 1955, Government suppression and the Treason Trials of the late 1950s",History,Cambridge Assessment International Education,Cambridge International AS & A Level,A Level,Paper 4 Depth Study,9489/4,105,60,30
End of minority rule in South Africa and Zimbabwe 1948-94,How did resistance grow in South Africa and how did the authorities respond in the period 1960-77?,"The development of resistance inside South Africa including the ANC the PAC, The Year of the Pass 1960 - Sharpeville and Langa, Mandela and Umkhonto we Sizwe, The Rivonia Trial, Biko the South African Student Organisation SASO and Black Consciousness Movement BCM, The Soweto uprising",History,Cambridge Assessment International Education,Cambridge International AS & A Level,A Level,Paper 4 Depth Study,9489/4,105,60,30
End of minority rule in South Africa and Zimbabwe 1948-94,How did resistance grow in South Africa and how did the authorities respond in the period 1960-77?,"The impact of international opposition including international reaction to Sharpeville, The activities of the Anti-Apartheid Movement, Divisions in the United Nations UN and the international community over sanctions, UN embargo on arms 1977, Political changes in southern Africa, The Organisation of African Unity's OAU support for the ANC and the PAC including military bases",History,Cambridge Assessment International Education,Cambridge International AS & A Level,A Level,Paper 4 Depth Study,9489/4,105,60,30
End of minority rule in South Africa and Zimbabwe 1948-94,How did resistance grow in South Africa and how did the authorities respond in the period 1960-77?,"The National Party in power: separate development and expansion of the Bantustans - Verwoerd and Vorster and separate development: the Bantu Self-Government Act 1959 the strengthening of the Bantustans, Bantustans and independence, Life in the Bantustans",History,Cambridge Assessment International Education,Cambridge International AS & A Level,A Level,Paper 4 Depth Study,9489/4,105,60,30
End of minority rule in South Africa and Zimbabwe 1948-94,How did resistance grow in South Africa and how did the authorities respond in the period 1960-77?,"The National Party in power: its reaction to resistance including the government's reaction to Sharpeville: the state of emergency banning of the ANC and the PAC, Vorster's use of police powers and defence forces, The persecution of Biko and leaders of the BCM, The government reaction to Soweto",History,Cambridge Assessment International Education,Cambridge International AS & A Level,A Level,Paper 4 Depth Study,9489/4,105,60,30
End of minority rule in South Africa and Zimbabwe 1948-94,Why did apartheid and minority rule in South Africa come to an end 1978-94?,"Botha: resistance reform and suppression 1978-89 including problems facing Botha including the townships the United Democratic Front UDF and continuing resistance economic difficulties and newly independent southern African states, Botha's Total Strategy: reform and repression the state of emergency",History,Cambridge Assessment International Education,Cambridge International AS & A Level,A Level,Paper 4 Depth Study,9489/4,105,60,30
End of minority rule in South Africa and Zimbabwe 1948-94,Why did apartheid and minority rule in South Africa come to an end 1978-94?,"FW de Klerk - a new approach: the dismantling of apartheid including school boycotts and township unrest, De Klerk's reforms, The roles of de Klerk Mandela and other leaders in ending apartheid, Continuing violence: the Third Force white extremists the Inkatha Freedom Party",History,Cambridge Assessment International Education,Cambridge International AS & A Level,A Level,Paper 4 Depth Study,9489/4,105,60,30
End of minority rule in South Africa and Zimbabwe 1948-94,Why did apartheid and minority rule in South Africa come to an end 1978-94?,"The 1994 election and majority rule including negotiations for a new constitution and transition to majority rule 1992-93, The election campaigns and results, The formation of the new government",History,Cambridge Assessment International Education,Cambridge International AS & A Level,A Level,Paper 4 Depth Study,9489/4,105,60,30
End of minority rule in South Africa and Zimbabwe 1948-94,How was the ending of white minority rule in Zimbabwe achieved in the period 1965-80?,"The Declaration of Independence 1965 including demands by the Rhodesian government for independence, Talks between Wilson and Smith and their disagreements, The Unilateral Declaration of Independence UDI and the reactions of the Rhodesian people and Britain",History,Cambridge Assessment International Education,Cambridge International AS & A Level,A Level,Paper 4 Depth Study,9489/4,105,60,30
End of minority rule in South Africa and Zimbabwe 1948-94,How was the ending of white minority rule in Zimbabwe achieved in the period 1965-80?,"The Civil War 1964-79 including the aims and methods of the Rhodesian government, Zimbabwe African People's Union ZAPU the Zimbabwe People's Revolutionary Army ZIPRA and Nkomo, Zimbabwe African National Union ZANU the Zimbabwe African National Liberation Army ZANLA and Mugabe, The nature of the fighting",History,Cambridge Assessment International Education,Cambridge International AS & A Level,A Level,Paper 4 Depth Study,9489/4,105,60,30
End of minority rule in South Africa and Zimbabwe 1948-94,How was the ending of white minority rule in Zimbabwe achieved in the period 1965-80?,"The Internal Settlement and the ending of white minority rule including reasons why Smith agreed to the Internal Settlement, The multiracial elections and the new government under Muzorewa, Rejection by the British government and ZAPU and ZANU",History,Cambridge Assessment International Education,Cambridge International AS & A Level,A Level,Paper 4 Depth Study,9489/4,105,60,30
End of minority rule in South Africa and Zimbabwe 1948-94,How was the ending of white minority rule in Zimbabwe achieved in the period 1965-80?,"The Lancaster House Agreement 1979 and a final settlement including reasons why the fighting ended, Negotiations in London 1979, The Lancaster House Agreement, The 1980 elections, Formation of a new government headed by Mugabe",History,Cambridge Assessment International Education,Cambridge International AS & A Level,A Level,Paper 4 Depth Study,9489/4,105,60,30
The route to independence: Malaysia and Indonesia c.1909-67,How widespread was the growth of nationalism and hostility to colonial rule in Malaya in the period up to 1945?,"The nature of colonial rule including reasons why Britain gained protection of the Unfederated Malay States including the Bangkok Treaty 1909 and its importance, Divide and rule, Immigration and the polarisation of society, Sir Cecil Clementi and the failure of Malaysianisation",History,Cambridge Assessment International Education,Cambridge International AS & A Level,A Level,Paper 4 Depth Study,9489/4,105,60,30
The route to independence: Malaysia and Indonesia c.1909-67,How widespread was the growth of nationalism and hostility to colonial rule in Malaya in the period up to 1945?,"The growth of nationalism including Kesatuan Melayu Muda KMM, Opposition from English-educated Malays, Kaum Muda, Malayan associations and clubs",History,Cambridge Assessment International Education,Cambridge International AS & A Level,A Level,Paper 4 Depth Study,9489/4,105,60,30
The route to independence: Malaysia and Indonesia c.1909-67,How widespread was the growth of nationalism and hostility to colonial rule in Malaya in the period up to 1945?,"Impact of Japanese government on Malaya including treatment of the different races, Malayan Military Administration MMA, The growth of resistance movements including Malayan People's Anti-Japanese Army MPAJA",History,Cambridge Assessment International Education,Cambridge International AS & A Level,A Level,Paper 4 Depth Study,9489/4,105,60,30
The route to independence: Malaysia and Indonesia c.1909-67,How widespread was the growth of nationalism and hostility to colonial rule in Malaya in the period up to 1945?,"Increasing hostility during the Japanese occupation including contribution of the Japanese to the growth of nationalism, The ambitions of the MPAJA, The role of Kesatuan Melayu Muda KMM, Pembela Tanah Air PETA, Kesatuan Rakyat Indonesia Semenanjung KRIS",History,Cambridge Assessment International Education,Cambridge International AS & A Level,A Level,Paper 4 Depth Study,9489/4,105,60,30
The route to independence: Malaysia and Indonesia c.1909-67,What factors led to the formation of Malaysia?,"Re-establishing British rule after the defeat of Japan including failure to form the Malayan Union, The role of Data Onn bin Jaafar and the United Malays National Organisation UMNO, The formation of the Federation of Malaya 1948, Non-Malay opposition to the Federation including the Pan-Malayan Council of Joint Action PMCJA, Pusat Tenaga Rakyat PUTERA",History,Cambridge Assessment International Education,Cambridge International AS & A Level,A Level,Paper 4 Depth Study,9489/4,105,60,30
The route to independence: Malaysia and Indonesia c.1909-67,What factors led to the formation of Malaysia?,"The Emergency including the role of Lai Teck and Chin Peng, The communist terror 1948-49, Britain's reaction to the Emergency and reasons for its success including the Briggs Plan, The role of General Sir Gerald Templar",History,Cambridge Assessment International Education,Cambridge International AS & A Level,A Level,Paper 4 Depth Study,9489/4,105,60,30
The route to independence: Malaysia and Indonesia c.1909-67,What factors led to the formation of Malaysia?,"The growth of political parties and the election of 1955 including UMNO, The Malayan Chinese Association MCA, The Malayan Indian Congress MIC, The UMNO-MCA Alliance",History,Cambridge Assessment International Education,Cambridge International AS & A Level,A Level,Paper 4 Depth Study,9489/4,105,60,30
The route to independence: Malaysia and Indonesia c.1909-67,What factors led to the formation of Malaysia?,"The formation of Malaysia including Britain's role in granting independence to Malaya including the Reid Commission, The Merdeka Constitution, The support of Tunku Abdul Rahman, Political economic and cultural reasons for Singapore's merger with Malaya, The Constitution of the Federation of Malaysia including Political and economic differences that led to Singapore separating from Malaya",History,Cambridge Assessment International Education,Cambridge International AS & A Level,A Level,Paper 4 Depth Study,9489/4,105,60,30
The route to independence: Malaysia and Indonesia c.1909-67,In what ways and for what reasons did the nationalist movement develop in Indonesia up to 1945?,"The nature of colonial rule and effects of foreign influence including impacts of the Ethical Policy and the Volksraad, Domination of trade by Chinese merchants, Impacts of language and religion, Impact of westernised education",History,Cambridge Assessment International Education,Cambridge International AS & A Level,A Level,Paper 4 Depth Study,9489/4,105,60,30
The route to independence: Malaysia and Indonesia c.1909-67,In what ways and for what reasons did the nationalist movement develop in Indonesia up to 1945?,"The growth of nationalism including formation and aims of different nationalist parties including Partai Komunis Indonesia PKI, Partai Nasional Indonesia PNI, Partai Indonesia Partindo and Gerindo Club, Pendidikan Nasional Indonesia, Leadership of Sukarno Hatta and Sartono, The Soetardjo Petition 1936, Formation and aims of Gabungun Politik Indonesia Gapi 1939",History,Cambridge Assessment International Education,Cambridge International AS & A Level,A Level,Paper 4 Depth Study,9489/4,105,60,30
The route to independence: Malaysia and Indonesia c.1909-67,In what ways and for what reasons did the nationalist movement develop in Indonesia up to 1945?,"Economic and social effects of Japanese occupation including impact of joining the Greater East Asia Co-Prosperity Sphere, Impact of conscription, Changes to the administration, Formation of the Triple A movement",History,Cambridge Assessment International Education,Cambridge International AS & A Level,A Level,Paper 4 Depth Study,9489/4,105,60,30
The route to independence: Malaysia and Indonesia c.1909-67,In what ways and for what reasons did the nationalist movement develop in Indonesia up to 1945?,"Reasons for and methods used by Japan to encourage nationalism including anti-western sentiment and support of Indonesians for the war effort, Promises of self-government, Formation and importance of Pusat Tenaga Rakyat Putera, Sukarela Tentera Pembela Tanah Air Peta, Formation and importance of underground resistance",History,Cambridge Assessment International Education,Cambridge International AS & A Level,A Level,Paper 4 Depth Study,9489/4,105,60,30
The route to independence: Malaysia and Indonesia c.1909-67,What factors led to the formation of Indonesia and what challenges did it face up to by the mid-1960s?,"Attempts to secure Indonesian independence by the Japanese including 1944 Preparatory Committee for Indonesian Independence, Role of nationalist leaders including Sukarno and Hatta, Student protest, Sukarno's five principles Pancasila",History,Cambridge Assessment International Education,Cambridge International AS & A Level,A Level,Paper 4 Depth Study,9489/4,105,60,30
The route to independence: Malaysia and Indonesia c.1909-67,What factors led to the formation of Indonesia and what challenges did it face up to by the mid-1960s?,"The Indonesian Revolution and reasons for the failure of the Dutch to re-establish control including reactions to the declaration of independence August 1945, Re-occupation peace talks and the attempted coup 1946, Reasons for the failure of the Linggadjati Agreement, Impact of the involvement of the United Nations and the USA",History,Cambridge Assessment International Education,Cambridge International AS & A Level,A Level,Paper 4 Depth Study,9489/4,105,60,30
The route to independence: Malaysia and Indonesia c.1909-67,What factors led to the formation of Indonesia and what challenges did it face up to by the mid-1960s?,"Challenges facing the newly independent Republic of Indonesia in the 1950s including political challenges: debates about the Constitution and form of government, Leadership of Sukarno, Economic problems, Social issues",History,Cambridge Assessment International Education,Cambridge International AS & A Level,A Level,Paper 4 Depth Study,9489/4,105,60,30
The route to independence: Malaysia and Indonesia c.1909-67,What factors led to the formation of Indonesia and what challenges did it face up to by the mid-1960s?,"Key events and reasons for the transition to the New Order under Suharto including impact of the Konfrontasi with Malaysia in 1963, 30 September Movement, Purge of communists and KAMI demonstration, Order of Eleventh March Supersemar",History,Cambridge Assessment International Education,Cambridge International AS & A Level,A Level,Paper 4 Depth Study,9489/4,105,60,30
