Main Topic,Subtopic,Learning Outcome,Subject,Exam Board,Qualification,Level,Component Name,Paper Code,Duration (min),Total Marks,Weighting (%)
Business and its environment,Enterprise,1.1.1 The nature of business activity: the purpose of business activity,Business,Cambridge Assessment International Education,Cambridge International AS & A Level,AS Level,Paper 1 - Business Concepts 1,9609/1,75,40,40
Business and its environment,Enterprise,1.1.1 The nature of business activity: the purpose of business activity,Business,Cambridge Assessment International Education,Cambridge International AS & A Level,AS Level,Paper 2 - Business Concepts 2,9609/2,90,60,60
Business and its environment,Enterprise,"1.1.1 The nature of business activity: the factors of production needed for business activity: land, labour, capital and enterprise",Business,Cambridge Assessment International Education,Cambridge International AS & A Level,AS Level,Paper 1 - Business Concepts 1,9609/1,75,40,40
Business and its environment,Enterprise,"1.1.1 The nature of business activity: the factors of production needed for business activity: land, labour, capital and enterprise",Business,Cambridge Assessment International Education,Cambridge International AS & A Level,AS Level,Paper 2 - Business Concepts 2,9609/2,90,60,60
Business and its environment,Enterprise,1.1.1 The nature of business activity: the concept of adding value,Business,Cambridge Assessment International Education,Cambridge International AS & A Level,AS Level,Paper 1 - Business Concepts 1,9609/1,75,40,40
Business and its environment,Enterprise,1.1.1 The nature of business activity: the concept of adding value,Business,Cambridge Assessment International Education,Cambridge International AS & A Level,AS Level,Paper 2 - Business Concepts 2,9609/2,90,60,60
Business and its environment,Enterprise,"1.1.1 The nature of business activity: the nature of economic activity, the problem of choice and opportunity cost",Business,Cambridge Assessment International Education,Cambridge International AS & A Level,AS Level,Paper 1 - Business Concepts 1,9609/1,75,40,40
Business and its environment,Enterprise,"1.1.1 The nature of business activity: the nature of economic activity, the problem of choice and opportunity cost",Business,Cambridge Assessment International Education,Cambridge International AS & A Level,AS Level,Paper 2 - Business Concepts 2,9609/2,90,60,60
Business and its environment,Enterprise,1.1.1 The nature of business activity: the dynamic business environment,Business,Cambridge Assessment International Education,Cambridge International AS & A Level,AS Level,Paper 1 - Business Concepts 1,9609/1,75,40,40
Business and its environment,Enterprise,1.1.1 The nature of business activity: the dynamic business environment,Business,Cambridge Assessment International Education,Cambridge International AS & A Level,AS Level,Paper 2 - Business Concepts 2,9609/2,90,60,60
Business and its environment,Enterprise,1.1.1 The nature of business activity: why businesses succeed or fail,Business,Cambridge Assessment International Education,Cambridge International AS & A Level,AS Level,Paper 1 - Business Concepts 1,9609/1,75,40,40
Business and its environment,Enterprise,1.1.1 The nature of business activity: why businesses succeed or fail,Business,Cambridge Assessment International Education,Cambridge International AS & A Level,AS Level,Paper 2 - Business Concepts 2,9609/2,90,60,60
Business and its environment,Enterprise,"1.1.1 The nature of business activity: differences between local, national, international and multinational businesses",Business,Cambridge Assessment International Education,Cambridge International AS & A Level,AS Level,Paper 1 - Business Concepts 1,9609/1,75,40,40
Business and its environment,Enterprise,"1.1.1 The nature of business activity: differences between local, national, international and multinational businesses",Business,Cambridge Assessment International Education,Cambridge International AS & A Level,AS Level,Paper 2 - Business Concepts 2,9609/2,90,60,60
Business and its environment,Enterprise,1.1.2 The role of entrepreneurs and intrapreneurs: the qualities entrepreneurs and intrapreneurs need for success,Business,Cambridge Assessment International Education,Cambridge International AS & A Level,AS Level,Paper 1 - Business Concepts 1,9609/1,75,40,40
Business and its environment,Enterprise,1.1.2 The role of entrepreneurs and intrapreneurs: the qualities entrepreneurs and intrapreneurs need for success,Business,Cambridge Assessment International Education,Cambridge International AS & A Level,AS Level,Paper 2 - Business Concepts 2,9609/2,90,60,60
Business and its environment,Enterprise,1.1.2 The role of entrepreneurs and intrapreneurs: the role of entrepreneurship in creating and starting up a business,Business,Cambridge Assessment International Education,Cambridge International AS & A Level,AS Level,Paper 1 - Business Concepts 1,9609/1,75,40,40
Business and its environment,Enterprise,1.1.2 The role of entrepreneurs and intrapreneurs: the role of entrepreneurship in creating and starting up a business,Business,Cambridge Assessment International Education,Cambridge International AS & A Level,AS Level,Paper 2 - Business Concepts 2,9609/2,90,60,60
Business and its environment,Enterprise,1.1.2 The role of entrepreneurs and intrapreneurs: the role of intrapreneurship in the ongoing success of a business,Business,Cambridge Assessment International Education,Cambridge International AS & A Level,AS Level,Paper 1 - Business Concepts 1,9609/1,75,40,40
Business and its environment,Enterprise,1.1.2 The role of entrepreneurs and intrapreneurs: the role of intrapreneurship in the ongoing success of a business,Business,Cambridge Assessment International Education,Cambridge International AS & A Level,AS Level,Paper 2 - Business Concepts 2,9609/2,90,60,60
Business and its environment,Enterprise,1.1.2 The role of entrepreneurs and intrapreneurs: barriers to entrepreneurship,Business,Cambridge Assessment International Education,Cambridge International AS & A Level,AS Level,Paper 1 - Business Concepts 1,9609/1,75,40,40
Business and its environment,Enterprise,1.1.2 The role of entrepreneurs and intrapreneurs: barriers to entrepreneurship,Business,Cambridge Assessment International Education,Cambridge International AS & A Level,AS Level,Paper 2 - Business Concepts 2,9609/2,90,60,60
Business and its environment,Enterprise,1.1.2 The role of entrepreneurs and intrapreneurs: business risk and uncertainty,Business,Cambridge Assessment International Education,Cambridge International AS & A Level,AS Level,Paper 1 - Business Concepts 1,9609/1,75,40,40
Business and its environment,Enterprise,1.1.2 The role of entrepreneurs and intrapreneurs: business risk and uncertainty,Business,Cambridge Assessment International Education,Cambridge International AS & A Level,AS Level,Paper 2 - Business Concepts 2,9609/2,90,60,60
Business and its environment,Enterprise,1.1.2 The role of entrepreneurs and intrapreneurs: the role of business enterprise in the development of a country,Business,Cambridge Assessment International Education,Cambridge International AS & A Level,AS Level,Paper 1 - Business Concepts 1,9609/1,75,40,40
Business and its environment,Enterprise,1.1.2 The role of entrepreneurs and intrapreneurs: the role of business enterprise in the development of a country,Business,Cambridge Assessment International Education,Cambridge International AS & A Level,AS Level,Paper 2 - Business Concepts 2,9609/2,90,60,60
Business and its environment,Enterprise,1.1.3 Business plans: the meaning and purpose of business plans,Business,Cambridge Assessment International Education,Cambridge International AS & A Level,AS Level,Paper 1 - Business Concepts 1,9609/1,75,40,40
Business and its environment,Enterprise,1.1.3 Business plans: the meaning and purpose of business plans,Business,Cambridge Assessment International Education,Cambridge International AS & A Level,AS Level,Paper 2 - Business Concepts 2,9609/2,90,60,60
Business and its environment,Enterprise,1.1.3 Business plans: the key elements of business plans,Business,Cambridge Assessment International Education,Cambridge International AS & A Level,AS Level,Paper 1 - Business Concepts 1,9609/1,75,40,40
Business and its environment,Enterprise,1.1.3 Business plans: the key elements of business plans,Business,Cambridge Assessment International Education,Cambridge International AS & A Level,AS Level,Paper 2 - Business Concepts 2,9609/2,90,60,60
Business and its environment,Enterprise,1.1.3 Business plans: the benefits and limitations of business plans,Business,Cambridge Assessment International Education,Cambridge International AS & A Level,AS Level,Paper 1 - Business Concepts 1,9609/1,75,40,40
Business and its environment,Enterprise,1.1.3 Business plans: the benefits and limitations of business plans,Business,Cambridge Assessment International Education,Cambridge International AS & A Level,AS Level,Paper 2 - Business Concepts 2,9609/2,90,60,60
Business and its environment,Business structure,"1.2.1 Economic sectors: the primary, secondary, tertiary and quaternary sectors and businesses within those sectors",Business,Cambridge Assessment International Education,Cambridge International AS & A Level,AS Level,Paper 1 - Business Concepts 1,9609/1,75,40,40
Business and its environment,Business structure,"1.2.1 Economic sectors: the primary, secondary, tertiary and quaternary sectors and businesses within those sectors",Business,Cambridge Assessment International Education,Cambridge International AS & A Level,AS Level,Paper 2 - Business Concepts 2,9609/2,90,60,60
Business and its environment,Business structure,1.2.1 Economic sectors: the public and private sectors and businesses within those sectors,Business,Cambridge Assessment International Education,Cambridge International AS & A Level,AS Level,Paper 1 - Business Concepts 1,9609/1,75,40,40
Business and its environment,Business structure,1.2.1 Economic sectors: the public and private sectors and businesses within those sectors,Business,Cambridge Assessment International Education,Cambridge International AS & A Level,AS Level,Paper 2 - Business Concepts 2,9609/2,90,60,60
Business and its environment,Business structure,1.2.1 Economic sectors: the reasons for and consequences of the changing relative importance of these sectors,Business,Cambridge Assessment International Education,Cambridge International AS & A Level,AS Level,Paper 1 - Business Concepts 1,9609/1,75,40,40
Business and its environment,Business structure,1.2.1 Economic sectors: the reasons for and consequences of the changing relative importance of these sectors,Business,Cambridge Assessment International Education,Cambridge International AS & A Level,AS Level,Paper 2 - Business Concepts 2,9609/2,90,60,60
Business and its environment,Business structure,"1.2.2 Business ownership: the main features of different types of business ownership: sole traders, partnerships, private limited companies, public limited companies, franchises, co-operatives, joint ventures and social enterprises",Business,Cambridge Assessment International Education,Cambridge International AS & A Level,AS Level,Paper 1 - Business Concepts 1,9609/1,75,40,40
Business and its environment,Business structure,"1.2.2 Business ownership: the main features of different types of business ownership: sole traders, partnerships, private limited companies, public limited companies, franchises, co-operatives, joint ventures and social enterprises",Business,Cambridge Assessment International Education,Cambridge International AS & A Level,AS Level,Paper 2 - Business Concepts 2,9609/2,90,60,60
Business and its environment,Business structure,1.2.2 Business ownership: the appropriateness of different types of business ownership,Business,Cambridge Assessment International Education,Cambridge International AS & A Level,AS Level,Paper 1 - Business Concepts 1,9609/1,75,40,40
Business and its environment,Business structure,1.2.2 Business ownership: the appropriateness of different types of business ownership,Business,Cambridge Assessment International Education,Cambridge International AS & A Level,AS Level,Paper 2 - Business Concepts 2,9609/2,90,60,60
Business and its environment,Business structure,1.2.2 Business ownership: the concepts of unlimited liability and limited liability and their importance,Business,Cambridge Assessment International Education,Cambridge International AS & A Level,AS Level,Paper 1 - Business Concepts 1,9609/1,75,40,40
Business and its environment,Business structure,1.2.2 Business ownership: the concepts of unlimited liability and limited liability and their importance,Business,Cambridge Assessment International Education,Cambridge International AS & A Level,AS Level,Paper 2 - Business Concepts 2,9609/2,90,60,60
Business and its environment,Business structure,1.2.2 Business ownership: the advantages and disadvantages of changing from one type of business ownership to another,Business,Cambridge Assessment International Education,Cambridge International AS & A Level,AS Level,Paper 1 - Business Concepts 1,9609/1,75,40,40
Business and its environment,Business structure,1.2.2 Business ownership: the advantages and disadvantages of changing from one type of business ownership to another,Business,Cambridge Assessment International Education,Cambridge International AS & A Level,AS Level,Paper 2 - Business Concepts 2,9609/2,90,60,60
Business and its environment,Size of business,1.3.1 Measurements of business size: the appropriateness of different methods of measuring the size of a business,Business,Cambridge Assessment International Education,Cambridge International AS & A Level,AS Level,Paper 1 - Business Concepts 1,9609/1,75,40,40
Business and its environment,Size of business,1.3.1 Measurements of business size: the appropriateness of different methods of measuring the size of a business,Business,Cambridge Assessment International Education,Cambridge International AS & A Level,AS Level,Paper 2 - Business Concepts 2,9609/2,90,60,60
Business and its environment,Size of business,1.3.2 Significance of small businesses: the advantages and disadvantages of being a small business,Business,Cambridge Assessment International Education,Cambridge International AS & A Level,AS Level,Paper 1 - Business Concepts 1,9609/1,75,40,40
Business and its environment,Size of business,1.3.2 Significance of small businesses: the advantages and disadvantages of being a small business,Business,Cambridge Assessment International Education,Cambridge International AS & A Level,AS Level,Paper 2 - Business Concepts 2,9609/2,90,60,60
Business and its environment,Size of business,1.3.2 Significance of small businesses: the strengths and weaknesses of family businesses,Business,Cambridge Assessment International Education,Cambridge International AS & A Level,AS Level,Paper 1 - Business Concepts 1,9609/1,75,40,40
Business and its environment,Size of business,1.3.2 Significance of small businesses: the strengths and weaknesses of family businesses,Business,Cambridge Assessment International Education,Cambridge International AS & A Level,AS Level,Paper 2 - Business Concepts 2,9609/2,90,60,60
Business and its environment,Size of business,1.3.2 Significance of small businesses: the importance of small businesses and their role in the economy,Business,Cambridge Assessment International Education,Cambridge International AS & A Level,AS Level,Paper 1 - Business Concepts 1,9609/1,75,40,40
Business and its environment,Size of business,1.3.2 Significance of small businesses: the importance of small businesses and their role in the economy,Business,Cambridge Assessment International Education,Cambridge International AS & A Level,AS Level,Paper 2 - Business Concepts 2,9609/2,90,60,60
Business and its environment,Size of business,1.3.2 Significance of small businesses: the role of small businesses as part of the industrial structure in some industries,Business,Cambridge Assessment International Education,Cambridge International AS & A Level,AS Level,Paper 1 - Business Concepts 1,9609/1,75,40,40
Business and its environment,Size of business,1.3.2 Significance of small businesses: the role of small businesses as part of the industrial structure in some industries,Business,Cambridge Assessment International Education,Cambridge International AS & A Level,AS Level,Paper 2 - Business Concepts 2,9609/2,90,60,60
Business and its environment,Size of business,1.3.3 Business growth: why and how a business might grow internally (organic growth),Business,Cambridge Assessment International Education,Cambridge International AS & A Level,AS Level,Paper 1 - Business Concepts 1,9609/1,75,40,40
Business and its environment,Size of business,1.3.3 Business growth: why and how a business might grow internally (organic growth),Business,Cambridge Assessment International Education,Cambridge International AS & A Level,AS Level,Paper 2 - Business Concepts 2,9609/2,90,60,60
Business and its environment,Size of business,"1.3.3 Business growth: the different types of external growth through merger and takeover: horizontal, vertical (backward and forward), conglomerate diversification, friendly merger, hostile takeover",Business,Cambridge Assessment International Education,Cambridge International AS & A Level,AS Level,Paper 1 - Business Concepts 1,9609/1,75,40,40
Business and its environment,Size of business,"1.3.3 Business growth: the different types of external growth through merger and takeover: horizontal, vertical (backward and forward), conglomerate diversification, friendly merger, hostile takeover",Business,Cambridge Assessment International Education,Cambridge International AS & A Level,AS Level,Paper 2 - Business Concepts 2,9609/2,90,60,60
Business and its environment,Size of business,1.3.3 Business growth: the impact of a merger/takeover on stakeholders,Business,Cambridge Assessment International Education,Cambridge International AS & A Level,AS Level,Paper 1 - Business Concepts 1,9609/1,75,40,40
Business and its environment,Size of business,1.3.3 Business growth: the impact of a merger/takeover on stakeholders,Business,Cambridge Assessment International Education,Cambridge International AS & A Level,AS Level,Paper 2 - Business Concepts 2,9609/2,90,60,60
Business and its environment,Size of business,1.3.3 Business growth: why a merger/takeover may or may not achieve objectives,Business,Cambridge Assessment International Education,Cambridge International AS & A Level,AS Level,Paper 1 - Business Concepts 1,9609/1,75,40,40
Business and its environment,Size of business,1.3.3 Business growth: why a merger/takeover may or may not achieve objectives,Business,Cambridge Assessment International Education,Cambridge International AS & A Level,AS Level,Paper 2 - Business Concepts 2,9609/2,90,60,60
Business and its environment,Size of business,1.3.3 Business growth: the importance of joint ventures and strategic alliances as methods of external growth,Business,Cambridge Assessment International Education,Cambridge International AS & A Level,AS Level,Paper 1 - Business Concepts 1,9609/1,75,40,40
Business and its environment,Size of business,1.3.3 Business growth: the importance of joint ventures and strategic alliances as methods of external growth,Business,Cambridge Assessment International Education,Cambridge International AS & A Level,AS Level,Paper 2 - Business Concepts 2,9609/2,90,60,60
Business and its environment,Business objectives,"1.4.1 Business objectives in the private sector and public sector: the objectives of businesses – private sector, public sector, and social enterprises",Business,Cambridge Assessment International Education,Cambridge International AS & A Level,AS Level,Paper 1 - Business Concepts 1,9609/1,75,40,40
Business and its environment,Business objectives,"1.4.1 Business objectives in the private sector and public sector: the objectives of businesses – private sector, public sector, and social enterprises",Business,Cambridge Assessment International Education,Cambridge International AS & A Level,AS Level,Paper 2 - Business Concepts 2,9609/2,90,60,60
Business and its environment,Business objectives,1.4.1 Business objectives in the private sector and public sector: the importance of business objectives,Business,Cambridge Assessment International Education,Cambridge International AS & A Level,AS Level,Paper 1 - Business Concepts 1,9609/1,75,40,40
Business and its environment,Business objectives,1.4.1 Business objectives in the private sector and public sector: the importance of business objectives,Business,Cambridge Assessment International Education,Cambridge International AS & A Level,AS Level,Paper 2 - Business Concepts 2,9609/2,90,60,60
Business and its environment,Business objectives,"1.4.1 Business objectives in the private sector and public sector: corporate social responsibility (CSR) and the triple bottom line – economic (financial), social and environmental objectives",Business,Cambridge Assessment International Education,Cambridge International AS & A Level,AS Level,Paper 1 - Business Concepts 1,9609/1,75,40,40
Business and its environment,Business objectives,"1.4.1 Business objectives in the private sector and public sector: corporate social responsibility (CSR) and the triple bottom line – economic (financial), social and environmental objectives",Business,Cambridge Assessment International Education,Cambridge International AS & A Level,AS Level,Paper 2 - Business Concepts 2,9609/2,90,60,60
Business and its environment,Business objectives,"1.4.1 Business objectives in the private sector and public sector: the relationship between mission statement, aims, objectives, strategy and tactics",Business,Cambridge Assessment International Education,Cambridge International AS & A Level,AS Level,Paper 1 - Business Concepts 1,9609/1,75,40,40
Business and its environment,Business objectives,"1.4.1 Business objectives in the private sector and public sector: the relationship between mission statement, aims, objectives, strategy and tactics",Business,Cambridge Assessment International Education,Cambridge International AS & A Level,AS Level,Paper 2 - Business Concepts 2,9609/2,90,60,60
Business and its environment,Business objectives,1.4.2 Objectives and business decisions: the different stages of business decision-making and the role of objectives in the stages of business decision-making,Business,Cambridge Assessment International Education,Cambridge International AS & A Level,AS Level,Paper 1 - Business Concepts 1,9609/1,75,40,40
Business and its environment,Business objectives,1.4.2 Objectives and business decisions: the different stages of business decision-making and the role of objectives in the stages of business decision-making,Business,Cambridge Assessment International Education,Cambridge International AS & A Level,AS Level,Paper 2 - Business Concepts 2,9609/2,90,60,60
Business and its environment,Business objectives,1.4.2 Objectives and business decisions: how objectives might change over time,Business,Cambridge Assessment International Education,Cambridge International AS & A Level,AS Level,Paper 1 - Business Concepts 1,9609/1,75,40,40
Business and its environment,Business objectives,1.4.2 Objectives and business decisions: how objectives might change over time,Business,Cambridge Assessment International Education,Cambridge International AS & A Level,AS Level,Paper 2 - Business Concepts 2,9609/2,90,60,60
Business and its environment,Business objectives,1.4.2 Objectives and business decisions: the translation of objectives into targets and budgets,Business,Cambridge Assessment International Education,Cambridge International AS & A Level,AS Level,Paper 1 - Business Concepts 1,9609/1,75,40,40
Business and its environment,Business objectives,1.4.2 Objectives and business decisions: the translation of objectives into targets and budgets,Business,Cambridge Assessment International Education,Cambridge International AS & A Level,AS Level,Paper 2 - Business Concepts 2,9609/2,90,60,60
Business and its environment,Business objectives,1.4.2 Objectives and business decisions: the need for communication of objectives and their likely impact on the workforce,Business,Cambridge Assessment International Education,Cambridge International AS & A Level,AS Level,Paper 1 - Business Concepts 1,9609/1,75,40,40
Business and its environment,Business objectives,1.4.2 Objectives and business decisions: the need for communication of objectives and their likely impact on the workforce,Business,Cambridge Assessment International Education,Cambridge International AS & A Level,AS Level,Paper 2 - Business Concepts 2,9609/2,90,60,60
Business and its environment,Business objectives,"1.4.2 Objectives and business decisions: SMART (specific, measurable, achievable, realistic, time-limited) objectives",Business,Cambridge Assessment International Education,Cambridge International AS & A Level,AS Level,Paper 1 - Business Concepts 1,9609/1,75,40,40
Business and its environment,Business objectives,"1.4.2 Objectives and business decisions: SMART (specific, measurable, achievable, realistic, time-limited) objectives",Business,Cambridge Assessment International Education,Cambridge International AS & A Level,AS Level,Paper 2 - Business Concepts 2,9609/2,90,60,60
Business and its environment,Business objectives,1.4.2 Objectives and business decisions: how ethics may influence business objectives and activities,Business,Cambridge Assessment International Education,Cambridge International AS & A Level,AS Level,Paper 1 - Business Concepts 1,9609/1,75,40,40
Business and its environment,Business objectives,1.4.2 Objectives and business decisions: how ethics may influence business objectives and activities,Business,Cambridge Assessment International Education,Cambridge International AS & A Level,AS Level,Paper 2 - Business Concepts 2,9609/2,90,60,60
Business and its environment,Stakeholders in a business,1.5.1 Business stakeholders: individuals or groups with an interest in the activities of a business,Business,Cambridge Assessment International Education,Cambridge International AS & A Level,AS Level,Paper 1 - Business Concepts 1,9609/1,75,40,40
Business and its environment,Stakeholders in a business,1.5.1 Business stakeholders: individuals or groups with an interest in the activities of a business,Business,Cambridge Assessment International Education,Cambridge International AS & A Level,AS Level,Paper 2 - Business Concepts 2,9609/2,90,60,60
Business and its environment,Stakeholders in a business,1.5.1 Business stakeholders: internal stakeholders and external stakeholders,Business,Cambridge Assessment International Education,Cambridge International AS & A Level,AS Level,Paper 1 - Business Concepts 1,9609/1,75,40,40
Business and its environment,Stakeholders in a business,1.5.1 Business stakeholders: internal stakeholders and external stakeholders,Business,Cambridge Assessment International Education,Cambridge International AS & A Level,AS Level,Paper 2 - Business Concepts 2,9609/2,90,60,60
Business and its environment,Stakeholders in a business,"1.5.1 Business stakeholders: the roles, rights and responsibilities of stakeholders",Business,Cambridge Assessment International Education,Cambridge International AS & A Level,AS Level,Paper 1 - Business Concepts 1,9609/1,75,40,40
Business and its environment,Stakeholders in a business,"1.5.1 Business stakeholders: the roles, rights and responsibilities of stakeholders",Business,Cambridge Assessment International Education,Cambridge International AS & A Level,AS Level,Paper 2 - Business Concepts 2,9609/2,90,60,60
Business and its environment,Stakeholders in a business,"1.5.2 The relative importance and influence of stakeholders on business activities: the impact of business decisions on stakeholders, and their reactions",Business,Cambridge Assessment International Education,Cambridge International AS & A Level,AS Level,Paper 1 - Business Concepts 1,9609/1,75,40,40
Business and its environment,Stakeholders in a business,"1.5.2 The relative importance and influence of stakeholders on business activities: the impact of business decisions on stakeholders, and their reactions",Business,Cambridge Assessment International Education,Cambridge International AS & A Level,AS Level,Paper 2 - Business Concepts 2,9609/2,90,60,60
Business and its environment,Stakeholders in a business,1.5.2 The relative importance and influence of stakeholders on business activities: the impact of stakeholder aims on business decisions,Business,Cambridge Assessment International Education,Cambridge International AS & A Level,AS Level,Paper 1 - Business Concepts 1,9609/1,75,40,40
Business and its environment,Stakeholders in a business,1.5.2 The relative importance and influence of stakeholders on business activities: the impact of stakeholder aims on business decisions,Business,Cambridge Assessment International Education,Cambridge International AS & A Level,AS Level,Paper 2 - Business Concepts 2,9609/2,90,60,60
Business and its environment,Stakeholders in a business,1.5.2 The relative importance and influence of stakeholders on business activities: how and why a business needs to be accountable to its stakeholders,Business,Cambridge Assessment International Education,Cambridge International AS & A Level,AS Level,Paper 1 - Business Concepts 1,9609/1,75,40,40
Business and its environment,Stakeholders in a business,1.5.2 The relative importance and influence of stakeholders on business activities: how and why a business needs to be accountable to its stakeholders,Business,Cambridge Assessment International Education,Cambridge International AS & A Level,AS Level,Paper 2 - Business Concepts 2,9609/2,90,60,60
Business and its environment,Stakeholders in a business,1.5.2 The relative importance and influence of stakeholders on business activities: how conflict might arise from stakeholders having different aims and objectives,Business,Cambridge Assessment International Education,Cambridge International AS & A Level,AS Level,Paper 1 - Business Concepts 1,9609/1,75,40,40
Business and its environment,Stakeholders in a business,1.5.2 The relative importance and influence of stakeholders on business activities: how conflict might arise from stakeholders having different aims and objectives,Business,Cambridge Assessment International Education,Cambridge International AS & A Level,AS Level,Paper 2 - Business Concepts 2,9609/2,90,60,60
Business and its environment,Stakeholders in a business,1.5.2 The relative importance and influence of stakeholders on business activities: how changing business objectives might affect its stakeholders,Business,Cambridge Assessment International Education,Cambridge International AS & A Level,AS Level,Paper 1 - Business Concepts 1,9609/1,75,40,40
Business and its environment,Stakeholders in a business,1.5.2 The relative importance and influence of stakeholders on business activities: how changing business objectives might affect its stakeholders,Business,Cambridge Assessment International Education,Cambridge International AS & A Level,AS Level,Paper 2 - Business Concepts 2,9609/2,90,60,60
Human resource management,Human resource management (HRM),2.1.1 Purpose and roles of HRM: the role of HRM in meeting organisational objectives,Business,Cambridge Assessment International Education,Cambridge International AS & A Level,AS Level,Paper 1 - Business Concepts 1,9609/1,75,40,40
Human resource management,Human resource management (HRM),2.1.1 Purpose and roles of HRM: the role of HRM in meeting organisational objectives,Business,Cambridge Assessment International Education,Cambridge International AS & A Level,AS Level,Paper 2 - Business Concepts 2,9609/2,90,60,60
Human resource management,Human resource management (HRM),2.1.2 Workforce planning: the reasons for and role of a workforce plan,Business,Cambridge Assessment International Education,Cambridge International AS & A Level,AS Level,Paper 1 - Business Concepts 1,9609/1,75,40,40
Human resource management,Human resource management (HRM),2.1.2 Workforce planning: the reasons for and role of a workforce plan,Business,Cambridge Assessment International Education,Cambridge International AS & A Level,AS Level,Paper 2 - Business Concepts 2,9609/2,90,60,60
Human resource management,Human resource management (HRM),2.1.2 Workforce planning: measurement of labour turnover,Business,Cambridge Assessment International Education,Cambridge International AS & A Level,AS Level,Paper 1 - Business Concepts 1,9609/1,75,40,40
Human resource management,Human resource management (HRM),2.1.2 Workforce planning: measurement of labour turnover,Business,Cambridge Assessment International Education,Cambridge International AS & A Level,AS Level,Paper 2 - Business Concepts 2,9609/2,90,60,60
Human resource management,Human resource management (HRM),2.1.2 Workforce planning: the implications of high and low labour turnover for a business,Business,Cambridge Assessment International Education,Cambridge International AS & A Level,AS Level,Paper 1 - Business Concepts 1,9609/1,75,40,40
Human resource management,Human resource management (HRM),2.1.2 Workforce planning: the implications of high and low labour turnover for a business,Business,Cambridge Assessment International Education,Cambridge International AS & A Level,AS Level,Paper 2 - Business Concepts 2,9609/2,90,60,60
Human resource management,Human resource management (HRM),"2.1.3 Recruitment and selection: recruitment of employees: process (job descriptions and person specifications) and recruitment methods (job advertisements, employment agencies, online recruitment)",Business,Cambridge Assessment International Education,Cambridge International AS & A Level,AS Level,Paper 1 - Business Concepts 1,9609/1,75,40,40
Human resource management,Human resource management (HRM),"2.1.3 Recruitment and selection: recruitment of employees: process (job descriptions and person specifications) and recruitment methods (job advertisements, employment agencies, online recruitment)",Business,Cambridge Assessment International Education,Cambridge International AS & A Level,AS Level,Paper 2 - Business Concepts 2,9609/2,90,60,60
Human resource management,Human resource management (HRM),2.1.3 Recruitment and selection: internal and external recruitment,Business,Cambridge Assessment International Education,Cambridge International AS & A Level,AS Level,Paper 1 - Business Concepts 1,9609/1,75,40,40
Human resource management,Human resource management (HRM),2.1.3 Recruitment and selection: internal and external recruitment,Business,Cambridge Assessment International Education,Cambridge International AS & A Level,AS Level,Paper 2 - Business Concepts 2,9609/2,90,60,60
Human resource management,Human resource management (HRM),"2.1.3 Recruitment and selection: selection methods: curriculum vitae, résumé, application forms, interviews, references, testing, assessment centres",Business,Cambridge Assessment International Education,Cambridge International AS & A Level,AS Level,Paper 1 - Business Concepts 1,9609/1,75,40,40
Human resource management,Human resource management (HRM),"2.1.3 Recruitment and selection: selection methods: curriculum vitae, résumé, application forms, interviews, references, testing, assessment centres",Business,Cambridge Assessment International Education,Cambridge International AS & A Level,AS Level,Paper 2 - Business Concepts 2,9609/2,90,60,60
Human resource management,Human resource management (HRM),2.1.3 Recruitment and selection: employment contracts,Business,Cambridge Assessment International Education,Cambridge International AS & A Level,AS Level,Paper 1 - Business Concepts 1,9609/1,75,40,40
Human resource management,Human resource management (HRM),2.1.3 Recruitment and selection: employment contracts,Business,Cambridge Assessment International Education,Cambridge International AS & A Level,AS Level,Paper 2 - Business Concepts 2,9609/2,90,60,60
Human resource management,Human resource management (HRM),"2.1.4 Redundancy and dismissal: the difference between redundancy (voluntary and involuntary) and dismissal (fair, unfair)",Business,Cambridge Assessment International Education,Cambridge International AS & A Level,AS Level,Paper 1 - Business Concepts 1,9609/1,75,40,40
Human resource management,Human resource management (HRM),"2.1.4 Redundancy and dismissal: the difference between redundancy (voluntary and involuntary) and dismissal (fair, unfair)",Business,Cambridge Assessment International Education,Cambridge International AS & A Level,AS Level,Paper 2 - Business Concepts 2,9609/2,90,60,60
Human resource management,Human resource management (HRM),"2.1.5 Morale and welfare: the relationship between HRM, employee morale and welfare in a business including the concept of work-life balance",Business,Cambridge Assessment International Education,Cambridge International AS & A Level,AS Level,Paper 1 - Business Concepts 1,9609/1,75,40,40
Human resource management,Human resource management (HRM),"2.1.5 Morale and welfare: the relationship between HRM, employee morale and welfare in a business including the concept of work-life balance",Business,Cambridge Assessment International Education,Cambridge International AS & A Level,AS Level,Paper 2 - Business Concepts 2,9609/2,90,60,60
Human resource management,Human resource management (HRM),2.1.5 Morale and welfare: the impact of diversity and equality in the workplace on a business,Business,Cambridge Assessment International Education,Cambridge International AS & A Level,AS Level,Paper 1 - Business Concepts 1,9609/1,75,40,40
Human resource management,Human resource management (HRM),2.1.5 Morale and welfare: the impact of diversity and equality in the workplace on a business,Business,Cambridge Assessment International Education,Cambridge International AS & A Level,AS Level,Paper 2 - Business Concepts 2,9609/2,90,60,60
Human resource management,Human resource management (HRM),"2.1.6 Training and development: different types of training: induction, on-the-job, off-the-job",Business,Cambridge Assessment International Education,Cambridge International AS & A Level,AS Level,Paper 1 - Business Concepts 1,9609/1,75,40,40
Human resource management,Human resource management (HRM),"2.1.6 Training and development: different types of training: induction, on-the-job, off-the-job",Business,Cambridge Assessment International Education,Cambridge International AS & A Level,AS Level,Paper 2 - Business Concepts 2,9609/2,90,60,60
Human resource management,Human resource management (HRM),2.1.6 Training and development: the impact of training and development on a business,Business,Cambridge Assessment International Education,Cambridge International AS & A Level,AS Level,Paper 1 - Business Concepts 1,9609/1,75,40,40
Human resource management,Human resource management (HRM),2.1.6 Training and development: the impact of training and development on a business,Business,Cambridge Assessment International Education,Cambridge International AS & A Level,AS Level,Paper 2 - Business Concepts 2,9609/2,90,60,60
Human resource management,Human resource management (HRM),2.1.6 Training and development: employee development to encourage intrapreneurship,Business,Cambridge Assessment International Education,Cambridge International AS & A Level,AS Level,Paper 1 - Business Concepts 1,9609/1,75,40,40
Human resource management,Human resource management (HRM),2.1.6 Training and development: employee development to encourage intrapreneurship,Business,Cambridge Assessment International Education,Cambridge International AS & A Level,AS Level,Paper 2 - Business Concepts 2,9609/2,90,60,60
Human resource management,Human resource management (HRM),2.1.6 Training and development: employee development to encourage multi-skilling and flexibility,Business,Cambridge Assessment International Education,Cambridge International AS & A Level,AS Level,Paper 1 - Business Concepts 1,9609/1,75,40,40
Human resource management,Human resource management (HRM),2.1.6 Training and development: employee development to encourage multi-skilling and flexibility,Business,Cambridge Assessment International Education,Cambridge International AS & A Level,AS Level,Paper 2 - Business Concepts 2,9609/2,90,60,60
Human resource management,Human resource management (HRM),2.1.7 Management and workforce relations: how cooperation between management and the workforce can be of benefit to both,Business,Cambridge Assessment International Education,Cambridge International AS & A Level,AS Level,Paper 1 - Business Concepts 1,9609/1,75,40,40
Human resource management,Human resource management (HRM),2.1.7 Management and workforce relations: how cooperation between management and the workforce can be of benefit to both,Business,Cambridge Assessment International Education,Cambridge International AS & A Level,AS Level,Paper 2 - Business Concepts 2,9609/2,90,60,60
Human resource management,Human resource management (HRM),2.1.7 Management and workforce relations: the impact on employers and employees of trade union involvement in the workplace including their role in collective bargaining,Business,Cambridge Assessment International Education,Cambridge International AS & A Level,AS Level,Paper 1 - Business Concepts 1,9609/1,75,40,40
Human resource management,Human resource management (HRM),2.1.7 Management and workforce relations: the impact on employers and employees of trade union involvement in the workplace including their role in collective bargaining,Business,Cambridge Assessment International Education,Cambridge International AS & A Level,AS Level,Paper 2 - Business Concepts 2,9609/2,90,60,60
Human resource management,Motivation,2.2.1 Motivation as a tool of management and leadership: the need to motivate employees to achieve the objectives of a business,Business,Cambridge Assessment International Education,Cambridge International AS & A Level,AS Level,Paper 1 - Business Concepts 1,9609/1,75,40,40
Human resource management,Motivation,2.2.1 Motivation as a tool of management and leadership: the need to motivate employees to achieve the objectives of a business,Business,Cambridge Assessment International Education,Cambridge International AS & A Level,AS Level,Paper 2 - Business Concepts 2,9609/2,90,60,60
Human resource management,Motivation,2.2.2 Human needs: a simple explanation of human need,Business,Cambridge Assessment International Education,Cambridge International AS & A Level,AS Level,Paper 1 - Business Concepts 1,9609/1,75,40,40
Human resource management,Motivation,2.2.2 Human needs: a simple explanation of human need,Business,Cambridge Assessment International Education,Cambridge International AS & A Level,AS Level,Paper 2 - Business Concepts 2,9609/2,90,60,60
Human resource management,Motivation,2.2.2 Human needs: how human needs may or may not be satisfied at work,Business,Cambridge Assessment International Education,Cambridge International AS & A Level,AS Level,Paper 1 - Business Concepts 1,9609/1,75,40,40
Human resource management,Motivation,2.2.2 Human needs: how human needs may or may not be satisfied at work,Business,Cambridge Assessment International Education,Cambridge International AS & A Level,AS Level,Paper 2 - Business Concepts 2,9609/2,90,60,60
Human resource management,Motivation,"2.2.3 Motivation theories: the ideas of the main content theories (Taylor, Mayo, Maslow, Herzberg and McClelland) and process theory (Vroom)",Business,Cambridge Assessment International Education,Cambridge International AS & A Level,AS Level,Paper 1 - Business Concepts 1,9609/1,75,40,40
Human resource management,Motivation,"2.2.3 Motivation theories: the ideas of the main content theories (Taylor, Mayo, Maslow, Herzberg and McClelland) and process theory (Vroom)",Business,Cambridge Assessment International Education,Cambridge International AS & A Level,AS Level,Paper 2 - Business Concepts 2,9609/2,90,60,60
Human resource management,Motivation,"2.2.4 Motivation methods in practice: financial motivators, non-financial motivators: the theories in practical situations",Business,Cambridge Assessment International Education,Cambridge International AS & A Level,AS Level,Paper 1 - Business Concepts 1,9609/1,75,40,40
Human resource management,Motivation,"2.2.4 Motivation methods in practice: financial motivators, non-financial motivators: the theories in practical situations",Business,Cambridge Assessment International Education,Cambridge International AS & A Level,AS Level,Paper 2 - Business Concepts 2,9609/2,90,60,60
Human resource management,Motivation,"2.2.4 Motivation methods in practice: financial motivators, non-financial motivators: different payment methods: time based, salary, piece rates, commission, bonuses, profit sharing, performance-related pay, fringe benefits",Business,Cambridge Assessment International Education,Cambridge International AS & A Level,AS Level,Paper 1 - Business Concepts 1,9609/1,75,40,40
Human resource management,Motivation,"2.2.4 Motivation methods in practice: financial motivators, non-financial motivators: different payment methods: time based, salary, piece rates, commission, bonuses, profit sharing, performance-related pay, fringe benefits",Business,Cambridge Assessment International Education,Cambridge International AS & A Level,AS Level,Paper 2 - Business Concepts 2,9609/2,90,60,60
Human resource management,Motivation,"2.2.4 Motivation methods in practice: financial motivators, non-financial motivators: different types of non-financial motivators: training, opportunities for promotion, development, status, job re-design, team working, empowerment, participation, job enrichment",Business,Cambridge Assessment International Education,Cambridge International AS & A Level,AS Level,Paper 1 - Business Concepts 1,9609/1,75,40,40
Human resource management,Motivation,"2.2.4 Motivation methods in practice: financial motivators, non-financial motivators: different types of non-financial motivators: training, opportunities for promotion, development, status, job re-design, team working, empowerment, participation, job enrichment",Business,Cambridge Assessment International Education,Cambridge International AS & A Level,AS Level,Paper 2 - Business Concepts 2,9609/2,90,60,60
Human resource management,Motivation,"2.2.4 Motivation methods in practice: financial motivators, non-financial motivators: ways in which employees can participate in the management and control of business activity",Business,Cambridge Assessment International Education,Cambridge International AS & A Level,AS Level,Paper 1 - Business Concepts 1,9609/1,75,40,40
Human resource management,Motivation,"2.2.4 Motivation methods in practice: financial motivators, non-financial motivators: ways in which employees can participate in the management and control of business activity",Business,Cambridge Assessment International Education,Cambridge International AS & A Level,AS Level,Paper 2 - Business Concepts 2,9609/2,90,60,60
Human resource management,Management,"2.3.1 Management and managers: traditional manager functions: planning, organising, directing, controlling",Business,Cambridge Assessment International Education,Cambridge International AS & A Level,AS Level,Paper 1 - Business Concepts 1,9609/1,75,40,40
Human resource management,Management,"2.3.1 Management and managers: traditional manager functions: planning, organising, directing, controlling",Business,Cambridge Assessment International Education,Cambridge International AS & A Level,AS Level,Paper 2 - Business Concepts 2,9609/2,90,60,60
Human resource management,Management,"2.3.1 Management and managers: the role of managers: Fayol, Mintzberg",Business,Cambridge Assessment International Education,Cambridge International AS & A Level,AS Level,Paper 1 - Business Concepts 1,9609/1,75,40,40
Human resource management,Management,"2.3.1 Management and managers: the role of managers: Fayol, Mintzberg",Business,Cambridge Assessment International Education,Cambridge International AS & A Level,AS Level,Paper 2 - Business Concepts 2,9609/2,90,60,60
Human resource management,Management,2.3.1 Management and managers: the contribution of managers to business performance,Business,Cambridge Assessment International Education,Cambridge International AS & A Level,AS Level,Paper 1 - Business Concepts 1,9609/1,75,40,40
Human resource management,Management,2.3.1 Management and managers: the contribution of managers to business performance,Business,Cambridge Assessment International Education,Cambridge International AS & A Level,AS Level,Paper 2 - Business Concepts 2,9609/2,90,60,60
Human resource management,Management,"2.3.1 Management and managers: management styles: autocratic, democratic, laissez-faire, paternalistic",Business,Cambridge Assessment International Education,Cambridge International AS & A Level,AS Level,Paper 1 - Business Concepts 1,9609/1,75,40,40
Human resource management,Management,"2.3.1 Management and managers: management styles: autocratic, democratic, laissez-faire, paternalistic",Business,Cambridge Assessment International Education,Cambridge International AS & A Level,AS Level,Paper 2 - Business Concepts 2,9609/2,90,60,60
Human resource management,Management,2.3.1 Management and managers: McGregor's Theory X and Theory Y managers,Business,Cambridge Assessment International Education,Cambridge International AS & A Level,AS Level,Paper 1 - Business Concepts 1,9609/1,75,40,40
Human resource management,Management,2.3.1 Management and managers: McGregor's Theory X and Theory Y managers,Business,Cambridge Assessment International Education,Cambridge International AS & A Level,AS Level,Paper 2 - Business Concepts 2,9609/2,90,60,60
Marketing,The nature of marketing,3.1.1 The role of marketing and its relationship with other business activities: marketing objectives,Business,Cambridge Assessment International Education,Cambridge International AS & A Level,AS Level,Paper 1 - Business Concepts 1,9609/1,75,40,40
Marketing,The nature of marketing,3.1.1 The role of marketing and its relationship with other business activities: marketing objectives,Business,Cambridge Assessment International Education,Cambridge International AS & A Level,AS Level,Paper 2 - Business Concepts 2,9609/2,90,60,60
Marketing,The nature of marketing,3.1.1 The role of marketing and its relationship with other business activities: the link between marketing objectives and corporate objectives,Business,Cambridge Assessment International Education,Cambridge International AS & A Level,AS Level,Paper 1 - Business Concepts 1,9609/1,75,40,40
Marketing,The nature of marketing,3.1.1 The role of marketing and its relationship with other business activities: the link between marketing objectives and corporate objectives,Business,Cambridge Assessment International Education,Cambridge International AS & A Level,AS Level,Paper 2 - Business Concepts 2,9609/2,90,60,60
Marketing,The nature of marketing,3.1.2 Demand and supply: the factors influencing the demand for and supply of the products of a business,Business,Cambridge Assessment International Education,Cambridge International AS & A Level,AS Level,Paper 1 - Business Concepts 1,9609/1,75,40,40
Marketing,The nature of marketing,3.1.2 Demand and supply: the factors influencing the demand for and supply of the products of a business,Business,Cambridge Assessment International Education,Cambridge International AS & A Level,AS Level,Paper 2 - Business Concepts 2,9609/2,90,60,60
Marketing,The nature of marketing,"3.1.2 Demand and supply: interactions between demand, supply and price",Business,Cambridge Assessment International Education,Cambridge International AS & A Level,AS Level,Paper 1 - Business Concepts 1,9609/1,75,40,40
Marketing,The nature of marketing,"3.1.2 Demand and supply: interactions between demand, supply and price",Business,Cambridge Assessment International Education,Cambridge International AS & A Level,AS Level,Paper 2 - Business Concepts 2,9609/2,90,60,60
Marketing,The nature of marketing,"3.1.3 Markets: how markets may differ: consumer and industrial markets; local, national and international markets",Business,Cambridge Assessment International Education,Cambridge International AS & A Level,AS Level,Paper 1 - Business Concepts 1,9609/1,75,40,40
Marketing,The nature of marketing,"3.1.3 Markets: how markets may differ: consumer and industrial markets; local, national and international markets",Business,Cambridge Assessment International Education,Cambridge International AS & A Level,AS Level,Paper 2 - Business Concepts 2,9609/2,90,60,60
Marketing,The nature of marketing,3.1.3 Markets: the difference between product orientation and customer (market) orientation,Business,Cambridge Assessment International Education,Cambridge International AS & A Level,AS Level,Paper 1 - Business Concepts 1,9609/1,75,40,40
Marketing,The nature of marketing,3.1.3 Markets: the difference between product orientation and customer (market) orientation,Business,Cambridge Assessment International Education,Cambridge International AS & A Level,AS Level,Paper 2 - Business Concepts 2,9609/2,90,60,60
Marketing,The nature of marketing,3.1.3 Markets: measurement of market share and market growth,Business,Cambridge Assessment International Education,Cambridge International AS & A Level,AS Level,Paper 1 - Business Concepts 1,9609/1,75,40,40
Marketing,The nature of marketing,3.1.3 Markets: measurement of market share and market growth,Business,Cambridge Assessment International Education,Cambridge International AS & A Level,AS Level,Paper 2 - Business Concepts 2,9609/2,90,60,60
Marketing,The nature of marketing,3.1.3 Markets: the implications of changes in market share and market growth,Business,Cambridge Assessment International Education,Cambridge International AS & A Level,AS Level,Paper 1 - Business Concepts 1,9609/1,75,40,40
Marketing,The nature of marketing,3.1.3 Markets: the implications of changes in market share and market growth,Business,Cambridge Assessment International Education,Cambridge International AS & A Level,AS Level,Paper 2 - Business Concepts 2,9609/2,90,60,60
Marketing,The nature of marketing,3.1.4 Consumer and industrial marketing: the classification of products,Business,Cambridge Assessment International Education,Cambridge International AS & A Level,AS Level,Paper 1 - Business Concepts 1,9609/1,75,40,40
Marketing,The nature of marketing,3.1.4 Consumer and industrial marketing: the classification of products,Business,Cambridge Assessment International Education,Cambridge International AS & A Level,AS Level,Paper 2 - Business Concepts 2,9609/2,90,60,60
Marketing,The nature of marketing,3.1.4 Consumer and industrial marketing: how marketing might differ for consumer products (B2C - business to consumer) and industrial products (B2B - business to business),Business,Cambridge Assessment International Education,Cambridge International AS & A Level,AS Level,Paper 1 - Business Concepts 1,9609/1,75,40,40
Marketing,The nature of marketing,3.1.4 Consumer and industrial marketing: how marketing might differ for consumer products (B2C - business to consumer) and industrial products (B2B - business to business),Business,Cambridge Assessment International Education,Cambridge International AS & A Level,AS Level,Paper 2 - Business Concepts 2,9609/2,90,60,60
Marketing,The nature of marketing,3.1.5 Mass marketing and niche marketing: the features of mass and niche markets,Business,Cambridge Assessment International Education,Cambridge International AS & A Level,AS Level,Paper 1 - Business Concepts 1,9609/1,75,40,40
Marketing,The nature of marketing,3.1.5 Mass marketing and niche marketing: the features of mass and niche markets,Business,Cambridge Assessment International Education,Cambridge International AS & A Level,AS Level,Paper 2 - Business Concepts 2,9609/2,90,60,60
Marketing,The nature of marketing,3.1.5 Mass marketing and niche marketing: the advantages and disadvantages of mass marketing and niche marketing,Business,Cambridge Assessment International Education,Cambridge International AS & A Level,AS Level,Paper 1 - Business Concepts 1,9609/1,75,40,40
Marketing,The nature of marketing,3.1.5 Mass marketing and niche marketing: the advantages and disadvantages of mass marketing and niche marketing,Business,Cambridge Assessment International Education,Cambridge International AS & A Level,AS Level,Paper 2 - Business Concepts 2,9609/2,90,60,60
Marketing,The nature of marketing,"3.1.6 Market segmentation: methods of market segmentation: geographic, demographic and psychographic",Business,Cambridge Assessment International Education,Cambridge International AS & A Level,AS Level,Paper 1 - Business Concepts 1,9609/1,75,40,40
Marketing,The nature of marketing,"3.1.6 Market segmentation: methods of market segmentation: geographic, demographic and psychographic",Business,Cambridge Assessment International Education,Cambridge International AS & A Level,AS Level,Paper 2 - Business Concepts 2,9609/2,90,60,60
Marketing,The nature of marketing,3.1.6 Market segmentation: the advantages and disadvantages of market segmentation,Business,Cambridge Assessment International Education,Cambridge International AS & A Level,AS Level,Paper 1 - Business Concepts 1,9609/1,75,40,40
Marketing,The nature of marketing,3.1.6 Market segmentation: the advantages and disadvantages of market segmentation,Business,Cambridge Assessment International Education,Cambridge International AS & A Level,AS Level,Paper 2 - Business Concepts 2,9609/2,90,60,60
Marketing,The nature of marketing,3.1.7 Customer relationship marketing (CRM): the aims of CRM,Business,Cambridge Assessment International Education,Cambridge International AS & A Level,AS Level,Paper 1 - Business Concepts 1,9609/1,75,40,40
Marketing,The nature of marketing,3.1.7 Customer relationship marketing (CRM): the aims of CRM,Business,Cambridge Assessment International Education,Cambridge International AS & A Level,AS Level,Paper 2 - Business Concepts 2,9609/2,90,60,60
Marketing,The nature of marketing,3.1.7 Customer relationship marketing (CRM): the costs and benefits of CRM,Business,Cambridge Assessment International Education,Cambridge International AS & A Level,AS Level,Paper 1 - Business Concepts 1,9609/1,75,40,40
Marketing,The nature of marketing,3.1.7 Customer relationship marketing (CRM): the costs and benefits of CRM,Business,Cambridge Assessment International Education,Cambridge International AS & A Level,AS Level,Paper 2 - Business Concepts 2,9609/2,90,60,60
Marketing,Market research,"3.2.1 The purposes of market research: identification of main features of a market: size, growth, competitors",Business,Cambridge Assessment International Education,Cambridge International AS & A Level,AS Level,Paper 1 - Business Concepts 1,9609/1,75,40,40
Marketing,Market research,"3.2.1 The purposes of market research: identification of main features of a market: size, growth, competitors",Business,Cambridge Assessment International Education,Cambridge International AS & A Level,AS Level,Paper 2 - Business Concepts 2,9609/2,90,60,60
Marketing,Market research,"3.2.1 The purposes of market research: identification of customer and consumer characteristics, profiles, wants and needs",Business,Cambridge Assessment International Education,Cambridge International AS & A Level,AS Level,Paper 1 - Business Concepts 1,9609/1,75,40,40
Marketing,Market research,"3.2.1 The purposes of market research: identification of customer and consumer characteristics, profiles, wants and needs",Business,Cambridge Assessment International Education,Cambridge International AS & A Level,AS Level,Paper 2 - Business Concepts 2,9609/2,90,60,60
Marketing,Market research,"3.2.2 Primary research and secondary research: the distinction between primary research and secondary research, and the main features of each",Business,Cambridge Assessment International Education,Cambridge International AS & A Level,AS Level,Paper 1 - Business Concepts 1,9609/1,75,40,40
Marketing,Market research,"3.2.2 Primary research and secondary research: the distinction between primary research and secondary research, and the main features of each",Business,Cambridge Assessment International Education,Cambridge International AS & A Level,AS Level,Paper 2 - Business Concepts 2,9609/2,90,60,60
Marketing,Market research,3.2.2 Primary research and secondary research: usefulness of data collected using primary research methods,Business,Cambridge Assessment International Education,Cambridge International AS & A Level,AS Level,Paper 1 - Business Concepts 1,9609/1,75,40,40
Marketing,Market research,3.2.2 Primary research and secondary research: usefulness of data collected using primary research methods,Business,Cambridge Assessment International Education,Cambridge International AS & A Level,AS Level,Paper 2 - Business Concepts 2,9609/2,90,60,60
Marketing,Market research,3.2.2 Primary research and secondary research: usefulness of data collected from secondary research sources,Business,Cambridge Assessment International Education,Cambridge International AS & A Level,AS Level,Paper 1 - Business Concepts 1,9609/1,75,40,40
Marketing,Market research,3.2.2 Primary research and secondary research: usefulness of data collected from secondary research sources,Business,Cambridge Assessment International Education,Cambridge International AS & A Level,AS Level,Paper 2 - Business Concepts 2,9609/2,90,60,60
Marketing,Market research,3.2.3 Sampling: the need for and limitations of sampling,Business,Cambridge Assessment International Education,Cambridge International AS & A Level,AS Level,Paper 1 - Business Concepts 1,9609/1,75,40,40
Marketing,Market research,3.2.3 Sampling: the need for and limitations of sampling,Business,Cambridge Assessment International Education,Cambridge International AS & A Level,AS Level,Paper 2 - Business Concepts 2,9609/2,90,60,60
Marketing,Market research,3.2.4 Market research data: the reliability of the data collected,Business,Cambridge Assessment International Education,Cambridge International AS & A Level,AS Level,Paper 1 - Business Concepts 1,9609/1,75,40,40
Marketing,Market research,3.2.4 Market research data: the reliability of the data collected,Business,Cambridge Assessment International Education,Cambridge International AS & A Level,AS Level,Paper 2 - Business Concepts 2,9609/2,90,60,60
Marketing,Market research,3.2.4 Market research data: analysis of quantitative and qualitative data,Business,Cambridge Assessment International Education,Cambridge International AS & A Level,AS Level,Paper 1 - Business Concepts 1,9609/1,75,40,40
Marketing,Market research,3.2.4 Market research data: analysis of quantitative and qualitative data,Business,Cambridge Assessment International Education,Cambridge International AS & A Level,AS Level,Paper 2 - Business Concepts 2,9609/2,90,60,60
Marketing,Market research,"3.2.4 Market research data: interpretation of information presented in tables, charts and graphs",Business,Cambridge Assessment International Education,Cambridge International AS & A Level,AS Level,Paper 1 - Business Concepts 1,9609/1,75,40,40
Marketing,Market research,"3.2.4 Market research data: interpretation of information presented in tables, charts and graphs",Business,Cambridge Assessment International Education,Cambridge International AS & A Level,AS Level,Paper 2 - Business Concepts 2,9609/2,90,60,60
Marketing,The marketing mix,"3.3.1 The elements of the marketing mix (the 4Ps): the 4Ps: Product, Price, Promotion, Place (distribution channels)",Business,Cambridge Assessment International Education,Cambridge International AS & A Level,AS Level,Paper 1 - Business Concepts 1,9609/1,75,40,40
Marketing,The marketing mix,"3.3.1 The elements of the marketing mix (the 4Ps): the 4Ps: Product, Price, Promotion, Place (distribution channels)",Business,Cambridge Assessment International Education,Cambridge International AS & A Level,AS Level,Paper 2 - Business Concepts 2,9609/2,90,60,60
Marketing,The marketing mix,3.3.2 Product: the difference between goods and services,Business,Cambridge Assessment International Education,Cambridge International AS & A Level,AS Level,Paper 1 - Business Concepts 1,9609/1,75,40,40
Marketing,The marketing mix,3.3.2 Product: the difference between goods and services,Business,Cambridge Assessment International Education,Cambridge International AS & A Level,AS Level,Paper 2 - Business Concepts 2,9609/2,90,60,60
Marketing,The marketing mix,3.3.2 Product: tangible and intangible attributes of products,Business,Cambridge Assessment International Education,Cambridge International AS & A Level,AS Level,Paper 1 - Business Concepts 1,9609/1,75,40,40
Marketing,The marketing mix,3.3.2 Product: tangible and intangible attributes of products,Business,Cambridge Assessment International Education,Cambridge International AS & A Level,AS Level,Paper 2 - Business Concepts 2,9609/2,90,60,60
Marketing,The marketing mix,3.3.2 Product: the importance of product development,Business,Cambridge Assessment International Education,Cambridge International AS & A Level,AS Level,Paper 1 - Business Concepts 1,9609/1,75,40,40
Marketing,The marketing mix,3.3.2 Product: the importance of product development,Business,Cambridge Assessment International Education,Cambridge International AS & A Level,AS Level,Paper 2 - Business Concepts 2,9609/2,90,60,60
Marketing,The marketing mix,3.3.2 Product: product differentiation and unique selling point (USP),Business,Cambridge Assessment International Education,Cambridge International AS & A Level,AS Level,Paper 1 - Business Concepts 1,9609/1,75,40,40
Marketing,The marketing mix,3.3.2 Product: product differentiation and unique selling point (USP),Business,Cambridge Assessment International Education,Cambridge International AS & A Level,AS Level,Paper 2 - Business Concepts 2,9609/2,90,60,60
Marketing,The marketing mix,3.3.3 Product portfolio analysis: product life cycle and decisions about extension strategies,Business,Cambridge Assessment International Education,Cambridge International AS & A Level,AS Level,Paper 1 - Business Concepts 1,9609/1,75,40,40
Marketing,The marketing mix,3.3.3 Product portfolio analysis: product life cycle and decisions about extension strategies,Business,Cambridge Assessment International Education,Cambridge International AS & A Level,AS Level,Paper 2 - Business Concepts 2,9609/2,90,60,60
Marketing,The marketing mix,3.3.3 Product portfolio analysis: Boston Matrix analysis and its uses,Business,Cambridge Assessment International Education,Cambridge International AS & A Level,AS Level,Paper 1 - Business Concepts 1,9609/1,75,40,40
Marketing,The marketing mix,3.3.3 Product portfolio analysis: Boston Matrix analysis and its uses,Business,Cambridge Assessment International Education,Cambridge International AS & A Level,AS Level,Paper 2 - Business Concepts 2,9609/2,90,60,60
Marketing,The marketing mix,3.3.3 Product portfolio analysis: impact of product portfolio analysis on marketing decisions,Business,Cambridge Assessment International Education,Cambridge International AS & A Level,AS Level,Paper 1 - Business Concepts 1,9609/1,75,40,40
Marketing,The marketing mix,3.3.3 Product portfolio analysis: impact of product portfolio analysis on marketing decisions,Business,Cambridge Assessment International Education,Cambridge International AS & A Level,AS Level,Paper 2 - Business Concepts 2,9609/2,90,60,60
Marketing,The marketing mix,"3.3.4 Pricing methods: objectives and usefulness of different pricing methods: competitive, penetration, skimming, price discrimination, dynamic, cost-based and psychological",Business,Cambridge Assessment International Education,Cambridge International AS & A Level,AS Level,Paper 1 - Business Concepts 1,9609/1,75,40,40
Marketing,The marketing mix,"3.3.4 Pricing methods: objectives and usefulness of different pricing methods: competitive, penetration, skimming, price discrimination, dynamic, cost-based and psychological",Business,Cambridge Assessment International Education,Cambridge International AS & A Level,AS Level,Paper 2 - Business Concepts 2,9609/2,90,60,60
Marketing,The marketing mix,"3.3.5 Promotion methods: the objectives and usefulness of different promotion methods: advertising, promotion, sales promotion, direct promotion, developments in digital promotion",Business,Cambridge Assessment International Education,Cambridge International AS & A Level,AS Level,Paper 1 - Business Concepts 1,9609/1,75,40,40
Marketing,The marketing mix,"3.3.5 Promotion methods: the objectives and usefulness of different promotion methods: advertising, promotion, sales promotion, direct promotion, developments in digital promotion",Business,Cambridge Assessment International Education,Cambridge International AS & A Level,AS Level,Paper 2 - Business Concepts 2,9609/2,90,60,60
Marketing,The marketing mix,3.3.5 Promotion methods: the role of packaging in promotion,Business,Cambridge Assessment International Education,Cambridge International AS & A Level,AS Level,Paper 1 - Business Concepts 1,9609/1,75,40,40
Marketing,The marketing mix,3.3.5 Promotion methods: the role of packaging in promotion,Business,Cambridge Assessment International Education,Cambridge International AS & A Level,AS Level,Paper 2 - Business Concepts 2,9609/2,90,60,60
Marketing,The marketing mix,3.3.5 Promotion methods: the role of branding in promotion,Business,Cambridge Assessment International Education,Cambridge International AS & A Level,AS Level,Paper 1 - Business Concepts 1,9609/1,75,40,40
Marketing,The marketing mix,3.3.5 Promotion methods: the role of branding in promotion,Business,Cambridge Assessment International Education,Cambridge International AS & A Level,AS Level,Paper 2 - Business Concepts 2,9609/2,90,60,60
Marketing,The marketing mix,3.3.6 Place (channels of distribution): the objectives and usefulness of different channels of distribution,Business,Cambridge Assessment International Education,Cambridge International AS & A Level,AS Level,Paper 1 - Business Concepts 1,9609/1,75,40,40
Marketing,The marketing mix,3.3.6 Place (channels of distribution): the objectives and usefulness of different channels of distribution,Business,Cambridge Assessment International Education,Cambridge International AS & A Level,AS Level,Paper 2 - Business Concepts 2,9609/2,90,60,60
Marketing,The marketing mix,3.3.6 Place (channels of distribution): digital and physical distribution,Business,Cambridge Assessment International Education,Cambridge International AS & A Level,AS Level,Paper 1 - Business Concepts 1,9609/1,75,40,40
Marketing,The marketing mix,3.3.6 Place (channels of distribution): digital and physical distribution,Business,Cambridge Assessment International Education,Cambridge International AS & A Level,AS Level,Paper 2 - Business Concepts 2,9609/2,90,60,60
Operations management,The nature of operations,"4.1.1 The transformational process: the use of factors of production: land, labour, capital and enterprise",Business,Cambridge Assessment International Education,Cambridge International AS & A Level,AS Level,Paper 1 - Business Concepts 1,9609/1,75,40,40
Operations management,The nature of operations,"4.1.1 The transformational process: the use of factors of production: land, labour, capital and enterprise",Business,Cambridge Assessment International Education,Cambridge International AS & A Level,AS Level,Paper 2 - Business Concepts 2,9609/2,90,60,60
Operations management,The nature of operations,4.1.1 The transformational process: the stages of the transformational process: inputs to outputs,Business,Cambridge Assessment International Education,Cambridge International AS & A Level,AS Level,Paper 1 - Business Concepts 1,9609/1,75,40,40
Operations management,The nature of operations,4.1.1 The transformational process: the stages of the transformational process: inputs to outputs,Business,Cambridge Assessment International Education,Cambridge International AS & A Level,AS Level,Paper 2 - Business Concepts 2,9609/2,90,60,60
Operations management,The nature of operations,4.1.1 The transformational process: the contribution of operations to added value,Business,Cambridge Assessment International Education,Cambridge International AS & A Level,AS Level,Paper 1 - Business Concepts 1,9609/1,75,40,40
Operations management,The nature of operations,4.1.1 The transformational process: the contribution of operations to added value,Business,Cambridge Assessment International Education,Cambridge International AS & A Level,AS Level,Paper 2 - Business Concepts 2,9609/2,90,60,60
Operations management,The nature of operations,"4.1.2 Efficiency, effectiveness, productivity and sustainability: the importance of efficiency, effectiveness, productivity and sustainability",Business,Cambridge Assessment International Education,Cambridge International AS & A Level,AS Level,Paper 1 - Business Concepts 1,9609/1,75,40,40
Operations management,The nature of operations,"4.1.2 Efficiency, effectiveness, productivity and sustainability: the importance of efficiency, effectiveness, productivity and sustainability",Business,Cambridge Assessment International Education,Cambridge International AS & A Level,AS Level,Paper 2 - Business Concepts 2,9609/2,90,60,60
Operations management,The nature of operations,"4.1.2 Efficiency, effectiveness, productivity and sustainability: measurement of labour productivity",Business,Cambridge Assessment International Education,Cambridge International AS & A Level,AS Level,Paper 1 - Business Concepts 1,9609/1,75,40,40
Operations management,The nature of operations,"4.1.2 Efficiency, effectiveness, productivity and sustainability: measurement of labour productivity",Business,Cambridge Assessment International Education,Cambridge International AS & A Level,AS Level,Paper 2 - Business Concepts 2,9609/2,90,60,60
Operations management,The nature of operations,"4.1.2 Efficiency, effectiveness, productivity and sustainability: the impact on a business of measures to improve sustainability of operations",Business,Cambridge Assessment International Education,Cambridge International AS & A Level,AS Level,Paper 1 - Business Concepts 1,9609/1,75,40,40
Operations management,The nature of operations,"4.1.2 Efficiency, effectiveness, productivity and sustainability: the impact on a business of measures to improve sustainability of operations",Business,Cambridge Assessment International Education,Cambridge International AS & A Level,AS Level,Paper 2 - Business Concepts 2,9609/2,90,60,60
Operations management,The nature of operations,4.1.3 Capital intensive and labour intensive operations: the benefits and limitations of capital intensive operations,Business,Cambridge Assessment International Education,Cambridge International AS & A Level,AS Level,Paper 1 - Business Concepts 1,9609/1,75,40,40
Operations management,The nature of operations,4.1.3 Capital intensive and labour intensive operations: the benefits and limitations of capital intensive operations,Business,Cambridge Assessment International Education,Cambridge International AS & A Level,AS Level,Paper 2 - Business Concepts 2,9609/2,90,60,60
Operations management,The nature of operations,4.1.3 Capital intensive and labour intensive operations: the benefits and limitations of labour intensive operations,Business,Cambridge Assessment International Education,Cambridge International AS & A Level,AS Level,Paper 1 - Business Concepts 1,9609/1,75,40,40
Operations management,The nature of operations,4.1.3 Capital intensive and labour intensive operations: the benefits and limitations of labour intensive operations,Business,Cambridge Assessment International Education,Cambridge International AS & A Level,AS Level,Paper 2 - Business Concepts 2,9609/2,90,60,60
Operations management,The nature of operations,"4.1.4 Operations methods: job, batch, flow, mass customisation: differences between methods - advantages and disadvantages of each method",Business,Cambridge Assessment International Education,Cambridge International AS & A Level,AS Level,Paper 1 - Business Concepts 1,9609/1,75,40,40
Operations management,The nature of operations,"4.1.4 Operations methods: job, batch, flow, mass customisation: differences between methods - advantages and disadvantages of each method",Business,Cambridge Assessment International Education,Cambridge International AS & A Level,AS Level,Paper 2 - Business Concepts 2,9609/2,90,60,60
Operations management,The nature of operations,"4.1.4 Operations methods: job, batch, flow, mass customisation: the problems of changing from one method to another",Business,Cambridge Assessment International Education,Cambridge International AS & A Level,AS Level,Paper 1 - Business Concepts 1,9609/1,75,40,40
Operations management,The nature of operations,"4.1.4 Operations methods: job, batch, flow, mass customisation: the problems of changing from one method to another",Business,Cambridge Assessment International Education,Cambridge International AS & A Level,AS Level,Paper 2 - Business Concepts 2,9609/2,90,60,60
Operations management,Inventory management,"4.2.1 Managing inventory: the purpose of inventory within a business (raw materials, work in progress, finished products)",Business,Cambridge Assessment International Education,Cambridge International AS & A Level,AS Level,Paper 1 - Business Concepts 1,9609/1,75,40,40
Operations management,Inventory management,"4.2.1 Managing inventory: the purpose of inventory within a business (raw materials, work in progress, finished products)",Business,Cambridge Assessment International Education,Cambridge International AS & A Level,AS Level,Paper 2 - Business Concepts 2,9609/2,90,60,60
Operations management,Inventory management,4.2.1 Managing inventory: the costs and benefits of holding inventory,Business,Cambridge Assessment International Education,Cambridge International AS & A Level,AS Level,Paper 1 - Business Concepts 1,9609/1,75,40,40
Operations management,Inventory management,4.2.1 Managing inventory: the costs and benefits of holding inventory,Business,Cambridge Assessment International Education,Cambridge International AS & A Level,AS Level,Paper 2 - Business Concepts 2,9609/2,90,60,60
Operations management,Inventory management,"4.2.1 Managing inventory: buffer inventory, re-order level and lead time",Business,Cambridge Assessment International Education,Cambridge International AS & A Level,AS Level,Paper 1 - Business Concepts 1,9609/1,75,40,40
Operations management,Inventory management,"4.2.1 Managing inventory: buffer inventory, re-order level and lead time",Business,Cambridge Assessment International Education,Cambridge International AS & A Level,AS Level,Paper 2 - Business Concepts 2,9609/2,90,60,60
Operations management,Inventory management,4.2.1 Managing inventory: interpretation of simple inventory control charts,Business,Cambridge Assessment International Education,Cambridge International AS & A Level,AS Level,Paper 1 - Business Concepts 1,9609/1,75,40,40
Operations management,Inventory management,4.2.1 Managing inventory: interpretation of simple inventory control charts,Business,Cambridge Assessment International Education,Cambridge International AS & A Level,AS Level,Paper 2 - Business Concepts 2,9609/2,90,60,60
Operations management,Inventory management,4.2.1 Managing inventory: the importance of Supply Chain Management,Business,Cambridge Assessment International Education,Cambridge International AS & A Level,AS Level,Paper 1 - Business Concepts 1,9609/1,75,40,40
Operations management,Inventory management,4.2.1 Managing inventory: the importance of Supply Chain Management,Business,Cambridge Assessment International Education,Cambridge International AS & A Level,AS Level,Paper 2 - Business Concepts 2,9609/2,90,60,60
Operations management,Inventory management,4.2.2 Just in Time (JIT): the purpose of JIT and JIC (Just in Case) inventory management,Business,Cambridge Assessment International Education,Cambridge International AS & A Level,AS Level,Paper 1 - Business Concepts 1,9609/1,75,40,40
Operations management,Inventory management,4.2.2 Just in Time (JIT): the purpose of JIT and JIC (Just in Case) inventory management,Business,Cambridge Assessment International Education,Cambridge International AS & A Level,AS Level,Paper 2 - Business Concepts 2,9609/2,90,60,60
Operations management,Inventory management,4.2.2 Just in Time (JIT): the impact of adopting a JIT approach on a business,Business,Cambridge Assessment International Education,Cambridge International AS & A Level,AS Level,Paper 1 - Business Concepts 1,9609/1,75,40,40
Operations management,Inventory management,4.2.2 Just in Time (JIT): the impact of adopting a JIT approach on a business,Business,Cambridge Assessment International Education,Cambridge International AS & A Level,AS Level,Paper 2 - Business Concepts 2,9609/2,90,60,60
Operations management,Capacity utilisation and outsourcing,4.3.1 Significance and measurement of capacity utilisation: the measurement of capacity utilisation,Business,Cambridge Assessment International Education,Cambridge International AS & A Level,AS Level,Paper 1 - Business Concepts 1,9609/1,75,40,40
Operations management,Capacity utilisation and outsourcing,4.3.1 Significance and measurement of capacity utilisation: the measurement of capacity utilisation,Business,Cambridge Assessment International Education,Cambridge International AS & A Level,AS Level,Paper 2 - Business Concepts 2,9609/2,90,60,60
Operations management,Capacity utilisation and outsourcing,4.3.1 Significance and measurement of capacity utilisation: the impact of operating under or over maximum capacity on a business,Business,Cambridge Assessment International Education,Cambridge International AS & A Level,AS Level,Paper 1 - Business Concepts 1,9609/1,75,40,40
Operations management,Capacity utilisation and outsourcing,4.3.1 Significance and measurement of capacity utilisation: the impact of operating under or over maximum capacity on a business,Business,Cambridge Assessment International Education,Cambridge International AS & A Level,AS Level,Paper 2 - Business Concepts 2,9609/2,90,60,60
Operations management,Capacity utilisation and outsourcing,4.3.1 Significance and measurement of capacity utilisation: methods of improving capacity utilisation,Business,Cambridge Assessment International Education,Cambridge International AS & A Level,AS Level,Paper 1 - Business Concepts 1,9609/1,75,40,40
Operations management,Capacity utilisation and outsourcing,4.3.1 Significance and measurement of capacity utilisation: methods of improving capacity utilisation,Business,Cambridge Assessment International Education,Cambridge International AS & A Level,AS Level,Paper 2 - Business Concepts 2,9609/2,90,60,60
Operations management,Capacity utilisation and outsourcing,4.3.2 Outsourcing: the impact of outsourcing on a business,Business,Cambridge Assessment International Education,Cambridge International AS & A Level,AS Level,Paper 1 - Business Concepts 1,9609/1,75,40,40
Operations management,Capacity utilisation and outsourcing,4.3.2 Outsourcing: the impact of outsourcing on a business,Business,Cambridge Assessment International Education,Cambridge International AS & A Level,AS Level,Paper 2 - Business Concepts 2,9609/2,90,60,60
Finance and accounting,Business finance,"5.1.1 The need for business finance: reasons why businesses need finance to start up, to grow and to survive",Business,Cambridge Assessment International Education,Cambridge International AS & A Level,AS Level,Paper 1 - Business Concepts 1,9609/1,75,40,40
Finance and accounting,Business finance,"5.1.1 The need for business finance: reasons why businesses need finance to start up, to grow and to survive",Business,Cambridge Assessment International Education,Cambridge International AS & A Level,AS Level,Paper 2 - Business Concepts 2,9609/2,90,60,60
Finance and accounting,Business finance,5.1.1 The need for business finance: the distinction between short and long term need for finance,Business,Cambridge Assessment International Education,Cambridge International AS & A Level,AS Level,Paper 1 - Business Concepts 1,9609/1,75,40,40
Finance and accounting,Business finance,5.1.1 The need for business finance: the distinction between short and long term need for finance,Business,Cambridge Assessment International Education,Cambridge International AS & A Level,AS Level,Paper 2 - Business Concepts 2,9609/2,90,60,60
Finance and accounting,Business finance,5.1.1 The need for business finance: the difference between cash and profits,Business,Cambridge Assessment International Education,Cambridge International AS & A Level,AS Level,Paper 1 - Business Concepts 1,9609/1,75,40,40
Finance and accounting,Business finance,5.1.1 The need for business finance: the difference between cash and profits,Business,Cambridge Assessment International Education,Cambridge International AS & A Level,AS Level,Paper 2 - Business Concepts 2,9609/2,90,60,60
Finance and accounting,Business finance,"5.1.1 The need for business finance: business failure as a consequence of lack of finance: bankruptcy, liquidation and administration",Business,Cambridge Assessment International Education,Cambridge International AS & A Level,AS Level,Paper 1 - Business Concepts 1,9609/1,75,40,40
Finance and accounting,Business finance,"5.1.1 The need for business finance: business failure as a consequence of lack of finance: bankruptcy, liquidation and administration",Business,Cambridge Assessment International Education,Cambridge International AS & A Level,AS Level,Paper 2 - Business Concepts 2,9609/2,90,60,60
Finance and accounting,Business finance,5.1.2 Working capital: the meaning and importance of working capital,Business,Cambridge Assessment International Education,Cambridge International AS & A Level,AS Level,Paper 1 - Business Concepts 1,9609/1,75,40,40
Finance and accounting,Business finance,5.1.2 Working capital: the meaning and importance of working capital,Business,Cambridge Assessment International Education,Cambridge International AS & A Level,AS Level,Paper 2 - Business Concepts 2,9609/2,90,60,60
Finance and accounting,Business finance,5.1.2 Working capital: managing trade receivables and trade payables,Business,Cambridge Assessment International Education,Cambridge International AS & A Level,AS Level,Paper 1 - Business Concepts 1,9609/1,75,40,40
Finance and accounting,Business finance,5.1.2 Working capital: managing trade receivables and trade payables,Business,Cambridge Assessment International Education,Cambridge International AS & A Level,AS Level,Paper 2 - Business Concepts 2,9609/2,90,60,60
Finance and accounting,Business finance,5.1.2 Working capital: the distinction between capital expenditure and revenue expenditure,Business,Cambridge Assessment International Education,Cambridge International AS & A Level,AS Level,Paper 1 - Business Concepts 1,9609/1,75,40,40
Finance and accounting,Business finance,5.1.2 Working capital: the distinction between capital expenditure and revenue expenditure,Business,Cambridge Assessment International Education,Cambridge International AS & A Level,AS Level,Paper 2 - Business Concepts 2,9609/2,90,60,60
Finance and accounting,Sources of finance,5.2.1 Business ownership and sources of finance: the relationship between the form of business ownership and availability of sources of finance,Business,Cambridge Assessment International Education,Cambridge International AS & A Level,AS Level,Paper 1 - Business Concepts 1,9609/1,75,40,40
Finance and accounting,Sources of finance,5.2.1 Business ownership and sources of finance: the relationship between the form of business ownership and availability of sources of finance,Business,Cambridge Assessment International Education,Cambridge International AS & A Level,AS Level,Paper 2 - Business Concepts 2,9609/2,90,60,60
Finance and accounting,Sources of finance,"5.2.2 Internal and external sources of finance: internal sources of finance: owners investment, retained earnings, sale of unwanted assets, sale and leaseback of non-current assets, working capital",Business,Cambridge Assessment International Education,Cambridge International AS & A Level,AS Level,Paper 1 - Business Concepts 1,9609/1,75,40,40
Finance and accounting,Sources of finance,"5.2.2 Internal and external sources of finance: internal sources of finance: owners investment, retained earnings, sale of unwanted assets, sale and leaseback of non-current assets, working capital",Business,Cambridge Assessment International Education,Cambridge International AS & A Level,AS Level,Paper 2 - Business Concepts 2,9609/2,90,60,60
Finance and accounting,Sources of finance,"5.2.2 Internal and external sources of finance: external sources of finance: share capital, debentures, new partners, venture capital, bank overdrafts, leasing, hire purchase, bank loans, mortgages, debt factoring, trade credit, micro-finance, crowd funding and government grants",Business,Cambridge Assessment International Education,Cambridge International AS & A Level,AS Level,Paper 1 - Business Concepts 1,9609/1,75,40,40
Finance and accounting,Sources of finance,"5.2.2 Internal and external sources of finance: external sources of finance: share capital, debentures, new partners, venture capital, bank overdrafts, leasing, hire purchase, bank loans, mortgages, debt factoring, trade credit, micro-finance, crowd funding and government grants",Business,Cambridge Assessment International Education,Cambridge International AS & A Level,AS Level,Paper 2 - Business Concepts 2,9609/2,90,60,60
Finance and accounting,Sources of finance,"5.2.3 Factors affecting the sources of finance: the factors influencing the choice of sources of finance in a given situation: cost, flexibility, need to retain control, the use to which it is put, level of existing debt",Business,Cambridge Assessment International Education,Cambridge International AS & A Level,AS Level,Paper 1 - Business Concepts 1,9609/1,75,40,40
Finance and accounting,Sources of finance,"5.2.3 Factors affecting the sources of finance: the factors influencing the choice of sources of finance in a given situation: cost, flexibility, need to retain control, the use to which it is put, level of existing debt",Business,Cambridge Assessment International Education,Cambridge International AS & A Level,AS Level,Paper 2 - Business Concepts 2,9609/2,90,60,60
Finance and accounting,Sources of finance,5.2.4 Selecting the source of finance: the appropriateness of each possible source in a given situation,Business,Cambridge Assessment International Education,Cambridge International AS & A Level,AS Level,Paper 1 - Business Concepts 1,9609/1,75,40,40
Finance and accounting,Sources of finance,5.2.4 Selecting the source of finance: the appropriateness of each possible source in a given situation,Business,Cambridge Assessment International Education,Cambridge International AS & A Level,AS Level,Paper 2 - Business Concepts 2,9609/2,90,60,60
Finance and accounting,Forecasting and managing cash flows,5.3.1 Cash flow forecasts: the meaning and purpose of cash flow forecasts,Business,Cambridge Assessment International Education,Cambridge International AS & A Level,AS Level,Paper 1 - Business Concepts 1,9609/1,75,40,40
Finance and accounting,Forecasting and managing cash flows,5.3.1 Cash flow forecasts: the meaning and purpose of cash flow forecasts,Business,Cambridge Assessment International Education,Cambridge International AS & A Level,AS Level,Paper 2 - Business Concepts 2,9609/2,90,60,60
Finance and accounting,Forecasting and managing cash flows,5.3.1 Cash flow forecasts: the interpretation and amendment of simple cash flow forecasts: calculating opening and closing balances,Business,Cambridge Assessment International Education,Cambridge International AS & A Level,AS Level,Paper 1 - Business Concepts 1,9609/1,75,40,40
Finance and accounting,Forecasting and managing cash flows,5.3.1 Cash flow forecasts: the interpretation and amendment of simple cash flow forecasts: calculating opening and closing balances,Business,Cambridge Assessment International Education,Cambridge International AS & A Level,AS Level,Paper 2 - Business Concepts 2,9609/2,90,60,60
Finance and accounting,Forecasting and managing cash flows,5.3.1 Cash flow forecasts: different methods of improving cash flow,Business,Cambridge Assessment International Education,Cambridge International AS & A Level,AS Level,Paper 1 - Business Concepts 1,9609/1,75,40,40
Finance and accounting,Forecasting and managing cash flows,5.3.1 Cash flow forecasts: different methods of improving cash flow,Business,Cambridge Assessment International Education,Cambridge International AS & A Level,AS Level,Paper 2 - Business Concepts 2,9609/2,90,60,60
Finance and accounting,Costs,5.4.1 Cost information: the need for accurate cost information,Business,Cambridge Assessment International Education,Cambridge International AS & A Level,AS Level,Paper 1 - Business Concepts 1,9609/1,75,40,40
Finance and accounting,Costs,5.4.1 Cost information: the need for accurate cost information,Business,Cambridge Assessment International Education,Cambridge International AS & A Level,AS Level,Paper 2 - Business Concepts 2,9609/2,90,60,60
Finance and accounting,Costs,"5.4.1 Cost information: different types of costs: fixed, variable, direct and indirect",Business,Cambridge Assessment International Education,Cambridge International AS & A Level,AS Level,Paper 1 - Business Concepts 1,9609/1,75,40,40
Finance and accounting,Costs,"5.4.1 Cost information: different types of costs: fixed, variable, direct and indirect",Business,Cambridge Assessment International Education,Cambridge International AS & A Level,AS Level,Paper 2 - Business Concepts 2,9609/2,90,60,60
Finance and accounting,Costs,"5.4.2 Approaches to costing: full, contribution: the differences between full and contribution costing",Business,Cambridge Assessment International Education,Cambridge International AS & A Level,AS Level,Paper 1 - Business Concepts 1,9609/1,75,40,40
Finance and accounting,Costs,"5.4.2 Approaches to costing: full, contribution: the differences between full and contribution costing",Business,Cambridge Assessment International Education,Cambridge International AS & A Level,AS Level,Paper 2 - Business Concepts 2,9609/2,90,60,60
Finance and accounting,Costs,"5.4.2 Approaches to costing: full, contribution: the uses and limitations of the full costing method",Business,Cambridge Assessment International Education,Cambridge International AS & A Level,AS Level,Paper 1 - Business Concepts 1,9609/1,75,40,40
Finance and accounting,Costs,"5.4.2 Approaches to costing: full, contribution: the uses and limitations of the full costing method",Business,Cambridge Assessment International Education,Cambridge International AS & A Level,AS Level,Paper 2 - Business Concepts 2,9609/2,90,60,60
Finance and accounting,Costs,"5.4.2 Approaches to costing: full, contribution: the nature of the technique of contribution costing",Business,Cambridge Assessment International Education,Cambridge International AS & A Level,AS Level,Paper 1 - Business Concepts 1,9609/1,75,40,40
Finance and accounting,Costs,"5.4.2 Approaches to costing: full, contribution: the nature of the technique of contribution costing",Business,Cambridge Assessment International Education,Cambridge International AS & A Level,AS Level,Paper 2 - Business Concepts 2,9609/2,90,60,60
Finance and accounting,Costs,"5.4.2 Approaches to costing: full, contribution: the difference between contribution and profit",Business,Cambridge Assessment International Education,Cambridge International AS & A Level,AS Level,Paper 1 - Business Concepts 1,9609/1,75,40,40
Finance and accounting,Costs,"5.4.2 Approaches to costing: full, contribution: the difference between contribution and profit",Business,Cambridge Assessment International Education,Cambridge International AS & A Level,AS Level,Paper 2 - Business Concepts 2,9609/2,90,60,60
Finance and accounting,Costs,"5.4.2 Approaches to costing: full, contribution: the limitations of contribution costing",Business,Cambridge Assessment International Education,Cambridge International AS & A Level,AS Level,Paper 1 - Business Concepts 1,9609/1,75,40,40
Finance and accounting,Costs,"5.4.2 Approaches to costing: full, contribution: the limitations of contribution costing",Business,Cambridge Assessment International Education,Cambridge International AS & A Level,AS Level,Paper 2 - Business Concepts 2,9609/2,90,60,60
Finance and accounting,Costs,"5.4.2 Approaches to costing: full, contribution: situations in which contribution costing would be and would not be used",Business,Cambridge Assessment International Education,Cambridge International AS & A Level,AS Level,Paper 1 - Business Concepts 1,9609/1,75,40,40
Finance and accounting,Costs,"5.4.2 Approaches to costing: full, contribution: situations in which contribution costing would be and would not be used",Business,Cambridge Assessment International Education,Cambridge International AS & A Level,AS Level,Paper 2 - Business Concepts 2,9609/2,90,60,60
Finance and accounting,Costs,"5.4.3 Uses of cost information: cost information for decision-making purposes, e.g. average, marginal, total costs",Business,Cambridge Assessment International Education,Cambridge International AS & A Level,AS Level,Paper 1 - Business Concepts 1,9609/1,75,40,40
Finance and accounting,Costs,"5.4.3 Uses of cost information: cost information for decision-making purposes, e.g. average, marginal, total costs",Business,Cambridge Assessment International Education,Cambridge International AS & A Level,AS Level,Paper 2 - Business Concepts 2,9609/2,90,60,60
Finance and accounting,Costs,5.4.3 Uses of cost information: how costs can be used for pricing decisions,Business,Cambridge Assessment International Education,Cambridge International AS & A Level,AS Level,Paper 1 - Business Concepts 1,9609/1,75,40,40
Finance and accounting,Costs,5.4.3 Uses of cost information: how costs can be used for pricing decisions,Business,Cambridge Assessment International Education,Cambridge International AS & A Level,AS Level,Paper 2 - Business Concepts 2,9609/2,90,60,60
Finance and accounting,Costs,"5.4.3 Uses of cost information: how costs can be used to monitor and improve business performance, including using cost information to calculate profits",Business,Cambridge Assessment International Education,Cambridge International AS & A Level,AS Level,Paper 1 - Business Concepts 1,9609/1,75,40,40
Finance and accounting,Costs,"5.4.3 Uses of cost information: how costs can be used to monitor and improve business performance, including using cost information to calculate profits",Business,Cambridge Assessment International Education,Cambridge International AS & A Level,AS Level,Paper 2 - Business Concepts 2,9609/2,90,60,60
Finance and accounting,Costs,5.4.3 Uses of cost information: contribution costing as a means to help make special order decisions,Business,Cambridge Assessment International Education,Cambridge International AS & A Level,AS Level,Paper 1 - Business Concepts 1,9609/1,75,40,40
Finance and accounting,Costs,5.4.3 Uses of cost information: contribution costing as a means to help make special order decisions,Business,Cambridge Assessment International Education,Cambridge International AS & A Level,AS Level,Paper 2 - Business Concepts 2,9609/2,90,60,60
Finance and accounting,Costs,5.4.4 Break-even analysis: the meaning and importance of break-even analysis,Business,Cambridge Assessment International Education,Cambridge International AS & A Level,AS Level,Paper 1 - Business Concepts 1,9609/1,75,40,40
Finance and accounting,Costs,5.4.4 Break-even analysis: the meaning and importance of break-even analysis,Business,Cambridge Assessment International Education,Cambridge International AS & A Level,AS Level,Paper 2 - Business Concepts 2,9609/2,90,60,60
Finance and accounting,Costs,"5.4.4 Break-even analysis: calculation and interpretation of break-even level of output, contribution, margin of safety and level of profit (in numeric and graphic form)",Business,Cambridge Assessment International Education,Cambridge International AS & A Level,AS Level,Paper 1 - Business Concepts 1,9609/1,75,40,40
Finance and accounting,Costs,"5.4.4 Break-even analysis: calculation and interpretation of break-even level of output, contribution, margin of safety and level of profit (in numeric and graphic form)",Business,Cambridge Assessment International Education,Cambridge International AS & A Level,AS Level,Paper 2 - Business Concepts 2,9609/2,90,60,60
Finance and accounting,Costs,5.4.4 Break-even analysis: the uses and limitations of break-even analysis,Business,Cambridge Assessment International Education,Cambridge International AS & A Level,AS Level,Paper 1 - Business Concepts 1,9609/1,75,40,40
Finance and accounting,Costs,5.4.4 Break-even analysis: the uses and limitations of break-even analysis,Business,Cambridge Assessment International Education,Cambridge International AS & A Level,AS Level,Paper 2 - Business Concepts 2,9609/2,90,60,60
Finance and accounting,Budgets,5.5.1 The meaning and purpose of budgets: the measurement of performance,Business,Cambridge Assessment International Education,Cambridge International AS & A Level,AS Level,Paper 1 - Business Concepts 1,9609/1,75,40,40
Finance and accounting,Budgets,5.5.1 The meaning and purpose of budgets: the measurement of performance,Business,Cambridge Assessment International Education,Cambridge International AS & A Level,AS Level,Paper 2 - Business Concepts 2,9609/2,90,60,60
Finance and accounting,Budgets,5.5.1 The meaning and purpose of budgets: the benefits and drawbacks from the use of budgets,Business,Cambridge Assessment International Education,Cambridge International AS & A Level,AS Level,Paper 1 - Business Concepts 1,9609/1,75,40,40
Finance and accounting,Budgets,5.5.1 The meaning and purpose of budgets: the benefits and drawbacks from the use of budgets,Business,Cambridge Assessment International Education,Cambridge International AS & A Level,AS Level,Paper 2 - Business Concepts 2,9609/2,90,60,60
Finance and accounting,Budgets,"5.5.1 The meaning and purpose of budgets: the meaning and use of incremental budgets, flexible budgets and zero budgeting",Business,Cambridge Assessment International Education,Cambridge International AS & A Level,AS Level,Paper 1 - Business Concepts 1,9609/1,75,40,40
Finance and accounting,Budgets,"5.5.1 The meaning and purpose of budgets: the meaning and use of incremental budgets, flexible budgets and zero budgeting",Business,Cambridge Assessment International Education,Cambridge International AS & A Level,AS Level,Paper 2 - Business Concepts 2,9609/2,90,60,60
Finance and accounting,Budgets,"5.5.1 The meaning and purpose of budgets: the uses of budgets for measuring performance, allocating resources, controlling and monitoring a business",Business,Cambridge Assessment International Education,Cambridge International AS & A Level,AS Level,Paper 1 - Business Concepts 1,9609/1,75,40,40
Finance and accounting,Budgets,"5.5.1 The meaning and purpose of budgets: the uses of budgets for measuring performance, allocating resources, controlling and monitoring a business",Business,Cambridge Assessment International Education,Cambridge International AS & A Level,AS Level,Paper 2 - Business Concepts 2,9609/2,90,60,60
Finance and accounting,Budgets,5.5.2 Variances: the meaning of adverse variances and favourable variances,Business,Cambridge Assessment International Education,Cambridge International AS & A Level,AS Level,Paper 1 - Business Concepts 1,9609/1,75,40,40
Finance and accounting,Budgets,5.5.2 Variances: the meaning of adverse variances and favourable variances,Business,Cambridge Assessment International Education,Cambridge International AS & A Level,AS Level,Paper 2 - Business Concepts 2,9609/2,90,60,60
Finance and accounting,Budgets,5.5.2 Variances: the calculation and interpretation of variances,Business,Cambridge Assessment International Education,Cambridge International AS & A Level,AS Level,Paper 1 - Business Concepts 1,9609/1,75,40,40
Finance and accounting,Budgets,5.5.2 Variances: the calculation and interpretation of variances,Business,Cambridge Assessment International Education,Cambridge International AS & A Level,AS Level,Paper 2 - Business Concepts 2,9609/2,90,60,60
Business and its environment,External influences on business activity,6.1.1 Political and legal: the advantages and disadvantages of privatisation in a given situation,Business,Cambridge Assessment International Education,Cambridge International AS & A Level,A Level,Paper 3 - Business Decision-Making,9609/3,105,60,30
Business and its environment,External influences on business activity,6.1.1 Political and legal: the advantages and disadvantages of privatisation in a given situation,Business,Cambridge Assessment International Education,Cambridge International AS & A Level,A Level,Paper 4 - Business Strategy,9609/4,75,40,20
Business and its environment,External influences on business activity,6.1.1 Political and legal: the advantages and disadvantages of nationalisation in a given situation,Business,Cambridge Assessment International Education,Cambridge International AS & A Level,A Level,Paper 3 - Business Decision-Making,9609/3,105,60,30
Business and its environment,External influences on business activity,6.1.1 Political and legal: the advantages and disadvantages of nationalisation in a given situation,Business,Cambridge Assessment International Education,Cambridge International AS & A Level,A Level,Paper 4 - Business Strategy,9609/4,75,40,20
Business and its environment,External influences on business activity,"6.1.1 Political and legal: how a government might use the law to seek to control: employment practices, conditions of work (including health and safety), wage levels, marketing behaviour, competition, location decisions, particular goods and services",Business,Cambridge Assessment International Education,Cambridge International AS & A Level,A Level,Paper 3 - Business Decision-Making,9609/3,105,60,30
Business and its environment,External influences on business activity,"6.1.1 Political and legal: how a government might use the law to seek to control: employment practices, conditions of work (including health and safety), wage levels, marketing behaviour, competition, location decisions, particular goods and services",Business,Cambridge Assessment International Education,Cambridge International AS & A Level,A Level,Paper 4 - Business Strategy,9609/4,75,40,20
Business and its environment,External influences on business activity,6.1.1 Political and legal: the impact of changes in political and legal factors on business and business decisions,Business,Cambridge Assessment International Education,Cambridge International AS & A Level,A Level,Paper 3 - Business Decision-Making,9609/3,105,60,30
Business and its environment,External influences on business activity,6.1.1 Political and legal: the impact of changes in political and legal factors on business and business decisions,Business,Cambridge Assessment International Education,Cambridge International AS & A Level,A Level,Paper 4 - Business Strategy,9609/4,75,40,20
Business and its environment,External influences on business activity,6.1.2 Economic: how government might intervene to help businesses and encourage enterprise,Business,Cambridge Assessment International Education,Cambridge International AS & A Level,A Level,Paper 3 - Business Decision-Making,9609/3,105,60,30
Business and its environment,External influences on business activity,6.1.2 Economic: how government might intervene to help businesses and encourage enterprise,Business,Cambridge Assessment International Education,Cambridge International AS & A Level,A Level,Paper 4 - Business Strategy,9609/4,75,40,20
Business and its environment,External influences on business activity,6.1.2 Economic: how government might intervene to constrain business activity,Business,Cambridge Assessment International Education,Cambridge International AS & A Level,A Level,Paper 3 - Business Decision-Making,9609/3,105,60,30
Business and its environment,External influences on business activity,6.1.2 Economic: how government might intervene to constrain business activity,Business,Cambridge Assessment International Education,Cambridge International AS & A Level,A Level,Paper 4 - Business Strategy,9609/4,75,40,20
Business and its environment,External influences on business activity,6.1.2 Economic: how government might deal with market failure,Business,Cambridge Assessment International Education,Cambridge International AS & A Level,A Level,Paper 3 - Business Decision-Making,9609/3,105,60,30
Business and its environment,External influences on business activity,6.1.2 Economic: how government might deal with market failure,Business,Cambridge Assessment International Education,Cambridge International AS & A Level,A Level,Paper 4 - Business Strategy,9609/4,75,40,20
Business and its environment,External influences on business activity,"6.1.2 Economic: the key macroeconomic objectives of governments: low unemployment, low inflation, economic growth",Business,Cambridge Assessment International Education,Cambridge International AS & A Level,A Level,Paper 3 - Business Decision-Making,9609/3,105,60,30
Business and its environment,External influences on business activity,"6.1.2 Economic: the key macroeconomic objectives of governments: low unemployment, low inflation, economic growth",Business,Cambridge Assessment International Education,Cambridge International AS & A Level,A Level,Paper 4 - Business Strategy,9609/4,75,40,20
Business and its environment,External influences on business activity,6.1.2 Economic: how macroeconomic objectives and performance of an economy can have an impact on business activity,Business,Cambridge Assessment International Education,Cambridge International AS & A Level,A Level,Paper 3 - Business Decision-Making,9609/3,105,60,30
Business and its environment,External influences on business activity,6.1.2 Economic: how macroeconomic objectives and performance of an economy can have an impact on business activity,Business,Cambridge Assessment International Education,Cambridge International AS & A Level,A Level,Paper 4 - Business Strategy,9609/4,75,40,20
Business and its environment,External influences on business activity,"6.1.2 Economic: government policies used to achieve macroeconomic objectives: monetary, fiscal, supply-side and exchange rate policies",Business,Cambridge Assessment International Education,Cambridge International AS & A Level,A Level,Paper 3 - Business Decision-Making,9609/3,105,60,30
Business and its environment,External influences on business activity,"6.1.2 Economic: government policies used to achieve macroeconomic objectives: monetary, fiscal, supply-side and exchange rate policies",Business,Cambridge Assessment International Education,Cambridge International AS & A Level,A Level,Paper 4 - Business Strategy,9609/4,75,40,20
Business and its environment,External influences on business activity,6.1.2 Economic: the impact of changes in these government policies on business and business decisions,Business,Cambridge Assessment International Education,Cambridge International AS & A Level,A Level,Paper 3 - Business Decision-Making,9609/3,105,60,30
Business and its environment,External influences on business activity,6.1.2 Economic: the impact of changes in these government policies on business and business decisions,Business,Cambridge Assessment International Education,Cambridge International AS & A Level,A Level,Paper 4 - Business Strategy,9609/4,75,40,20
Business and its environment,External influences on business activity,"6.1.3 Social and demographic: the impact of and issues associated with corporate social responsibility (CSR), e.g. accounting practices, paying incentives for the award of contracts, social auditing",Business,Cambridge Assessment International Education,Cambridge International AS & A Level,A Level,Paper 3 - Business Decision-Making,9609/3,105,60,30
Business and its environment,External influences on business activity,"6.1.3 Social and demographic: the impact of and issues associated with corporate social responsibility (CSR), e.g. accounting practices, paying incentives for the award of contracts, social auditing",Business,Cambridge Assessment International Education,Cambridge International AS & A Level,A Level,Paper 4 - Business Strategy,9609/4,75,40,20
Business and its environment,External influences on business activity,6.1.3 Social and demographic: why businesses need to consider the needs of the community including pressure groups,Business,Cambridge Assessment International Education,Cambridge International AS & A Level,A Level,Paper 3 - Business Decision-Making,9609/3,105,60,30
Business and its environment,External influences on business activity,6.1.3 Social and demographic: why businesses need to consider the needs of the community including pressure groups,Business,Cambridge Assessment International Education,Cambridge International AS & A Level,A Level,Paper 4 - Business Strategy,9609/4,75,40,20
Business and its environment,External influences on business activity,"6.1.3 Social and demographic: demographic changes at a local, national and global level",Business,Cambridge Assessment International Education,Cambridge International AS & A Level,A Level,Paper 3 - Business Decision-Making,9609/3,105,60,30
Business and its environment,External influences on business activity,"6.1.3 Social and demographic: demographic changes at a local, national and global level",Business,Cambridge Assessment International Education,Cambridge International AS & A Level,A Level,Paper 4 - Business Strategy,9609/4,75,40,20
Business and its environment,External influences on business activity,6.1.3 Social and demographic: the impact of social and demographic change on business and business decisions,Business,Cambridge Assessment International Education,Cambridge International AS & A Level,A Level,Paper 3 - Business Decision-Making,9609/3,105,60,30
Business and its environment,External influences on business activity,6.1.3 Social and demographic: the impact of social and demographic change on business and business decisions,Business,Cambridge Assessment International Education,Cambridge International AS & A Level,A Level,Paper 4 - Business Strategy,9609/4,75,40,20
Business and its environment,External influences on business activity,6.1.4 Technological: the impact of technological change on business and business decisions,Business,Cambridge Assessment International Education,Cambridge International AS & A Level,A Level,Paper 3 - Business Decision-Making,9609/3,105,60,30
Business and its environment,External influences on business activity,6.1.4 Technological: the impact of technological change on business and business decisions,Business,Cambridge Assessment International Education,Cambridge International AS & A Level,A Level,Paper 4 - Business Strategy,9609/4,75,40,20
Business and its environment,External influences on business activity,6.1.5 Competitors and suppliers: the impact of competitors and suppliers on business and business decisions,Business,Cambridge Assessment International Education,Cambridge International AS & A Level,A Level,Paper 3 - Business Decision-Making,9609/3,105,60,30
Business and its environment,External influences on business activity,6.1.5 Competitors and suppliers: the impact of competitors and suppliers on business and business decisions,Business,Cambridge Assessment International Education,Cambridge International AS & A Level,A Level,Paper 4 - Business Strategy,9609/4,75,40,20
Business and its environment,External influences on business activity,6.1.6 International: the importance of international trading links and their impact on business and business decisions,Business,Cambridge Assessment International Education,Cambridge International AS & A Level,A Level,Paper 3 - Business Decision-Making,9609/3,105,60,30
Business and its environment,External influences on business activity,6.1.6 International: the importance of international trading links and their impact on business and business decisions,Business,Cambridge Assessment International Education,Cambridge International AS & A Level,A Level,Paper 4 - Business Strategy,9609/4,75,40,20
Business and its environment,External influences on business activity,6.1.6 International: how international trade agreements might have an impact on businesses,Business,Cambridge Assessment International Education,Cambridge International AS & A Level,A Level,Paper 3 - Business Decision-Making,9609/3,105,60,30
Business and its environment,External influences on business activity,6.1.6 International: how international trade agreements might have an impact on businesses,Business,Cambridge Assessment International Education,Cambridge International AS & A Level,A Level,Paper 4 - Business Strategy,9609/4,75,40,20
Business and its environment,External influences on business activity,6.1.6 International: the role of technology in international trade,Business,Cambridge Assessment International Education,Cambridge International AS & A Level,A Level,Paper 3 - Business Decision-Making,9609/3,105,60,30
Business and its environment,External influences on business activity,6.1.6 International: the role of technology in international trade,Business,Cambridge Assessment International Education,Cambridge International AS & A Level,A Level,Paper 4 - Business Strategy,9609/4,75,40,20
Business and its environment,External influences on business activity,6.1.6 International: the advantages and disadvantages that a multinational might bring to a country,Business,Cambridge Assessment International Education,Cambridge International AS & A Level,A Level,Paper 3 - Business Decision-Making,9609/3,105,60,30
Business and its environment,External influences on business activity,6.1.6 International: the advantages and disadvantages that a multinational might bring to a country,Business,Cambridge Assessment International Education,Cambridge International AS & A Level,A Level,Paper 4 - Business Strategy,9609/4,75,40,20
Business and its environment,External influences on business activity,6.1.6 International: relationships between multinationals and governments,Business,Cambridge Assessment International Education,Cambridge International AS & A Level,A Level,Paper 3 - Business Decision-Making,9609/3,105,60,30
Business and its environment,External influences on business activity,6.1.6 International: relationships between multinationals and governments,Business,Cambridge Assessment International Education,Cambridge International AS & A Level,A Level,Paper 4 - Business Strategy,9609/4,75,40,20
Business and its environment,External influences on business activity,6.1.7 Environmental: how physical environmental issues might influence business behaviour,Business,Cambridge Assessment International Education,Cambridge International AS & A Level,A Level,Paper 3 - Business Decision-Making,9609/3,105,60,30
Business and its environment,External influences on business activity,6.1.7 Environmental: how physical environmental issues might influence business behaviour,Business,Cambridge Assessment International Education,Cambridge International AS & A Level,A Level,Paper 4 - Business Strategy,9609/4,75,40,20
Business and its environment,External influences on business activity,6.1.7 Environmental: how a business and its stakeholders may use an environmental audit,Business,Cambridge Assessment International Education,Cambridge International AS & A Level,A Level,Paper 3 - Business Decision-Making,9609/3,105,60,30
Business and its environment,External influences on business activity,6.1.7 Environmental: how a business and its stakeholders may use an environmental audit,Business,Cambridge Assessment International Education,Cambridge International AS & A Level,A Level,Paper 4 - Business Strategy,9609/4,75,40,20
Business and its environment,External influences on business activity,6.1.7 Environmental: the impact of the growing importance of sustainability on business and business decisions,Business,Cambridge Assessment International Education,Cambridge International AS & A Level,A Level,Paper 3 - Business Decision-Making,9609/3,105,60,30
Business and its environment,External influences on business activity,6.1.7 Environmental: the impact of the growing importance of sustainability on business and business decisions,Business,Cambridge Assessment International Education,Cambridge International AS & A Level,A Level,Paper 4 - Business Strategy,9609/4,75,40,20
Business and its environment,Business strategy,6.2.1 Developing business strategy: the meaning and purpose of business strategy,Business,Cambridge Assessment International Education,Cambridge International AS & A Level,A Level,Paper 3 - Business Decision-Making,9609/3,105,60,30
Business and its environment,Business strategy,6.2.1 Developing business strategy: the meaning and purpose of business strategy,Business,Cambridge Assessment International Education,Cambridge International AS & A Level,A Level,Paper 4 - Business Strategy,9609/4,75,40,20
Business and its environment,Business strategy,"6.2.1 Developing business strategy: the meaning and purpose of strategic management: analysis, choice and implementation",Business,Cambridge Assessment International Education,Cambridge International AS & A Level,A Level,Paper 3 - Business Decision-Making,9609/3,105,60,30
Business and its environment,Business strategy,"6.2.1 Developing business strategy: the meaning and purpose of strategic management: analysis, choice and implementation",Business,Cambridge Assessment International Education,Cambridge International AS & A Level,A Level,Paper 4 - Business Strategy,9609/4,75,40,20
Business and its environment,Business strategy,"6.2.1 Developing business strategy: approaches to develop business strategy, including: blue ocean strategy, scenario planning, SWOT analysis, PEST analysis, Porter's five forces, core competence framework, Ansoff matrix, force field analysis, decision trees",Business,Cambridge Assessment International Education,Cambridge International AS & A Level,A Level,Paper 3 - Business Decision-Making,9609/3,105,60,30
Business and its environment,Business strategy,"6.2.1 Developing business strategy: approaches to develop business strategy, including: blue ocean strategy, scenario planning, SWOT analysis, PEST analysis, Porter's five forces, core competence framework, Ansoff matrix, force field analysis, decision trees",Business,Cambridge Assessment International Education,Cambridge International AS & A Level,A Level,Paper 4 - Business Strategy,9609/4,75,40,20
Business and its environment,Business strategy,6.2.2 Corporate planning and implementation: the meaning and importance of corporate planning,Business,Cambridge Assessment International Education,Cambridge International AS & A Level,A Level,Paper 3 - Business Decision-Making,9609/3,105,60,30
Business and its environment,Business strategy,6.2.2 Corporate planning and implementation: the meaning and importance of corporate planning,Business,Cambridge Assessment International Education,Cambridge International AS & A Level,A Level,Paper 4 - Business Strategy,9609/4,75,40,20
Business and its environment,Business strategy,6.2.2 Corporate planning and implementation: the meaning of corporate culture and its impact on business decision-making,Business,Cambridge Assessment International Education,Cambridge International AS & A Level,A Level,Paper 3 - Business Decision-Making,9609/3,105,60,30
Business and its environment,Business strategy,6.2.2 Corporate planning and implementation: the meaning of corporate culture and its impact on business decision-making,Business,Cambridge Assessment International Education,Cambridge International AS & A Level,A Level,Paper 4 - Business Strategy,9609/4,75,40,20
Business and its environment,Business strategy,6.2.2 Corporate planning and implementation: the meaning and importance of transformational leadership,Business,Cambridge Assessment International Education,Cambridge International AS & A Level,A Level,Paper 3 - Business Decision-Making,9609/3,105,60,30
Business and its environment,Business strategy,6.2.2 Corporate planning and implementation: the meaning and importance of transformational leadership,Business,Cambridge Assessment International Education,Cambridge International AS & A Level,A Level,Paper 4 - Business Strategy,9609/4,75,40,20
Business and its environment,Business strategy,6.2.2 Corporate planning and implementation: the management and control of strategic change,Business,Cambridge Assessment International Education,Cambridge International AS & A Level,A Level,Paper 3 - Business Decision-Making,9609/3,105,60,30
Business and its environment,Business strategy,6.2.2 Corporate planning and implementation: the management and control of strategic change,Business,Cambridge Assessment International Education,Cambridge International AS & A Level,A Level,Paper 4 - Business Strategy,9609/4,75,40,20
Business and its environment,Business strategy,6.2.2 Corporate planning and implementation: the meaning and importance of contingency planning and crisis management,Business,Cambridge Assessment International Education,Cambridge International AS & A Level,A Level,Paper 3 - Business Decision-Making,9609/3,105,60,30
Business and its environment,Business strategy,6.2.2 Corporate planning and implementation: the meaning and importance of contingency planning and crisis management,Business,Cambridge Assessment International Education,Cambridge International AS & A Level,A Level,Paper 4 - Business Strategy,9609/4,75,40,20
Human resource management,Organisational structure,"7.1.1 The relationship between business objectives and organisational structure: the purpose and attributes of an organisational structure such as flexibility, meeting the needs of the business, allowing for growth and development and encouraging intrapreneurship",Business,Cambridge Assessment International Education,Cambridge International AS & A Level,A Level,Paper 3 - Business Decision-Making,9609/3,105,60,30
Human resource management,Organisational structure,"7.1.1 The relationship between business objectives and organisational structure: the purpose and attributes of an organisational structure such as flexibility, meeting the needs of the business, allowing for growth and development and encouraging intrapreneurship",Business,Cambridge Assessment International Education,Cambridge International AS & A Level,A Level,Paper 4 - Business Strategy,9609/4,75,40,20
Human resource management,Organisational structure,"7.1.2 Types of structure: functional, hierarchical (flat and narrow), matrix: the advantages and disadvantages of the different types of structure",Business,Cambridge Assessment International Education,Cambridge International AS & A Level,A Level,Paper 3 - Business Decision-Making,9609/3,105,60,30
Human resource management,Organisational structure,"7.1.2 Types of structure: functional, hierarchical (flat and narrow), matrix: the advantages and disadvantages of the different types of structure",Business,Cambridge Assessment International Education,Cambridge International AS & A Level,A Level,Paper 4 - Business Strategy,9609/4,75,40,20
Human resource management,Organisational structure,"7.1.2 Types of structure: functional, hierarchical (flat and narrow), matrix: why some organisations are structured by product and others by function or geographical area",Business,Cambridge Assessment International Education,Cambridge International AS & A Level,A Level,Paper 3 - Business Decision-Making,9609/3,105,60,30
Human resource management,Organisational structure,"7.1.2 Types of structure: functional, hierarchical (flat and narrow), matrix: why some organisations are structured by product and others by function or geographical area",Business,Cambridge Assessment International Education,Cambridge International AS & A Level,A Level,Paper 4 - Business Strategy,9609/4,75,40,20
Human resource management,Organisational structure,"7.1.2 Types of structure: functional, hierarchical (flat and narrow), matrix: the reasons and ways structures change e.g. due to growth or delaying",Business,Cambridge Assessment International Education,Cambridge International AS & A Level,A Level,Paper 3 - Business Decision-Making,9609/3,105,60,30
Human resource management,Organisational structure,"7.1.2 Types of structure: functional, hierarchical (flat and narrow), matrix: the reasons and ways structures change e.g. due to growth or delaying",Business,Cambridge Assessment International Education,Cambridge International AS & A Level,A Level,Paper 4 - Business Strategy,9609/4,75,40,20
Human resource management,Organisational structure,"7.1.2 Types of structure: functional, hierarchical (flat and narrow), matrix: the features of a formal structure: levels of hierarchy, chain of command, span of control, responsibility, authority, delegation, accountability, centralised, decentralised",Business,Cambridge Assessment International Education,Cambridge International AS & A Level,A Level,Paper 3 - Business Decision-Making,9609/3,105,60,30
Human resource management,Organisational structure,"7.1.2 Types of structure: functional, hierarchical (flat and narrow), matrix: the features of a formal structure: levels of hierarchy, chain of command, span of control, responsibility, authority, delegation, accountability, centralised, decentralised",Business,Cambridge Assessment International Education,Cambridge International AS & A Level,A Level,Paper 4 - Business Strategy,9609/4,75,40,20
Human resource management,Organisational structure,7.1.3 Delegation and accountability: the relationship between delegation and accountability,Business,Cambridge Assessment International Education,Cambridge International AS & A Level,A Level,Paper 3 - Business Decision-Making,9609/3,105,60,30
Human resource management,Organisational structure,7.1.3 Delegation and accountability: the relationship between delegation and accountability,Business,Cambridge Assessment International Education,Cambridge International AS & A Level,A Level,Paper 4 - Business Strategy,9609/4,75,40,20
Human resource management,Organisational structure,7.1.3 Delegation and accountability: the processes of accountability in a business,Business,Cambridge Assessment International Education,Cambridge International AS & A Level,A Level,Paper 3 - Business Decision-Making,9609/3,105,60,30
Human resource management,Organisational structure,7.1.3 Delegation and accountability: the processes of accountability in a business,Business,Cambridge Assessment International Education,Cambridge International AS & A Level,A Level,Paper 4 - Business Strategy,9609/4,75,40,20
Human resource management,Organisational structure,7.1.3 Delegation and accountability: the impact of delegation on a business,Business,Cambridge Assessment International Education,Cambridge International AS & A Level,A Level,Paper 3 - Business Decision-Making,9609/3,105,60,30
Human resource management,Organisational structure,7.1.3 Delegation and accountability: the impact of delegation on a business,Business,Cambridge Assessment International Education,Cambridge International AS & A Level,A Level,Paper 4 - Business Strategy,9609/4,75,40,20
Human resource management,Organisational structure,"7.1.4 Control, authority and trust: the relationship between span of control and levels of hierarchy",Business,Cambridge Assessment International Education,Cambridge International AS & A Level,A Level,Paper 3 - Business Decision-Making,9609/3,105,60,30
Human resource management,Organisational structure,"7.1.4 Control, authority and trust: the relationship between span of control and levels of hierarchy",Business,Cambridge Assessment International Education,Cambridge International AS & A Level,A Level,Paper 4 - Business Strategy,9609/4,75,40,20
Human resource management,Organisational structure,"7.1.4 Control, authority and trust: the difference between authority and responsibility",Business,Cambridge Assessment International Education,Cambridge International AS & A Level,A Level,Paper 3 - Business Decision-Making,9609/3,105,60,30
Human resource management,Organisational structure,"7.1.4 Control, authority and trust: the difference between authority and responsibility",Business,Cambridge Assessment International Education,Cambridge International AS & A Level,A Level,Paper 4 - Business Strategy,9609/4,75,40,20
Human resource management,Organisational structure,"7.1.4 Control, authority and trust: the conflicts between control and trust that might arise when delegating",Business,Cambridge Assessment International Education,Cambridge International AS & A Level,A Level,Paper 3 - Business Decision-Making,9609/3,105,60,30
Human resource management,Organisational structure,"7.1.4 Control, authority and trust: the conflicts between control and trust that might arise when delegating",Business,Cambridge Assessment International Education,Cambridge International AS & A Level,A Level,Paper 4 - Business Strategy,9609/4,75,40,20
Human resource management,Organisational structure,7.1.5 Centralisation and decentralisation: the impact of centralisation and decentralisation on a business,Business,Cambridge Assessment International Education,Cambridge International AS & A Level,A Level,Paper 3 - Business Decision-Making,9609/3,105,60,30
Human resource management,Organisational structure,7.1.5 Centralisation and decentralisation: the impact of centralisation and decentralisation on a business,Business,Cambridge Assessment International Education,Cambridge International AS & A Level,A Level,Paper 4 - Business Strategy,9609/4,75,40,20
Human resource management,Organisational structure,7.1.6 Line and staff: examples of and distinctions between line and staff functions and the conflicts between them,Business,Cambridge Assessment International Education,Cambridge International AS & A Level,A Level,Paper 3 - Business Decision-Making,9609/3,105,60,30
Human resource management,Organisational structure,7.1.6 Line and staff: examples of and distinctions between line and staff functions and the conflicts between them,Business,Cambridge Assessment International Education,Cambridge International AS & A Level,A Level,Paper 4 - Business Strategy,9609/4,75,40,20
Human resource management,Business communication,7.2.1 Purposes of communication: situations in which communication is essential,Business,Cambridge Assessment International Education,Cambridge International AS & A Level,A Level,Paper 3 - Business Decision-Making,9609/3,105,60,30
Human resource management,Business communication,7.2.1 Purposes of communication: situations in which communication is essential,Business,Cambridge Assessment International Education,Cambridge International AS & A Level,A Level,Paper 4 - Business Strategy,9609/4,75,40,20
Human resource management,Business communication,"7.2.2 Methods of communication: the standard methods of communication used in business: spoken, written, electronic, visual",Business,Cambridge Assessment International Education,Cambridge International AS & A Level,A Level,Paper 3 - Business Decision-Making,9609/3,105,60,30
Human resource management,Business communication,"7.2.2 Methods of communication: the standard methods of communication used in business: spoken, written, electronic, visual",Business,Cambridge Assessment International Education,Cambridge International AS & A Level,A Level,Paper 4 - Business Strategy,9609/4,75,40,20
Human resource management,Business communication,7.2.2 Methods of communication: the strengths and weaknesses of the different methods of communication,Business,Cambridge Assessment International Education,Cambridge International AS & A Level,A Level,Paper 3 - Business Decision-Making,9609/3,105,60,30
Human resource management,Business communication,7.2.2 Methods of communication: the strengths and weaknesses of the different methods of communication,Business,Cambridge Assessment International Education,Cambridge International AS & A Level,A Level,Paper 4 - Business Strategy,9609/4,75,40,20
Human resource management,Business communication,7.2.3 Channels of communication: how communication works within a business,Business,Cambridge Assessment International Education,Cambridge International AS & A Level,A Level,Paper 3 - Business Decision-Making,9609/3,105,60,30
Human resource management,Business communication,7.2.3 Channels of communication: how communication works within a business,Business,Cambridge Assessment International Education,Cambridge International AS & A Level,A Level,Paper 4 - Business Strategy,9609/4,75,40,20
Human resource management,Business communication,7.2.3 Channels of communication: the difference between one- and two-way communication; the difference between vertical and horizontal communication,Business,Cambridge Assessment International Education,Cambridge International AS & A Level,A Level,Paper 3 - Business Decision-Making,9609/3,105,60,30
Human resource management,Business communication,7.2.3 Channels of communication: the difference between one- and two-way communication; the difference between vertical and horizontal communication,Business,Cambridge Assessment International Education,Cambridge International AS & A Level,A Level,Paper 4 - Business Strategy,9609/4,75,40,20
Human resource management,Business communication,7.2.3 Channels of communication: problems associated with different channels of communication,Business,Cambridge Assessment International Education,Cambridge International AS & A Level,A Level,Paper 3 - Business Decision-Making,9609/3,105,60,30
Human resource management,Business communication,7.2.3 Channels of communication: problems associated with different channels of communication,Business,Cambridge Assessment International Education,Cambridge International AS & A Level,A Level,Paper 4 - Business Strategy,9609/4,75,40,20
Human resource management,Business communication,7.2.4 Barriers to communication: barriers to communication and how to overcome them,Business,Cambridge Assessment International Education,Cambridge International AS & A Level,A Level,Paper 3 - Business Decision-Making,9609/3,105,60,30
Human resource management,Business communication,7.2.4 Barriers to communication: barriers to communication and how to overcome them,Business,Cambridge Assessment International Education,Cambridge International AS & A Level,A Level,Paper 4 - Business Strategy,9609/4,75,40,20
Human resource management,Business communication,7.2.5 The role of management in facilitating communication: the role of informal communications within a business,Business,Cambridge Assessment International Education,Cambridge International AS & A Level,A Level,Paper 3 - Business Decision-Making,9609/3,105,60,30
Human resource management,Business communication,7.2.5 The role of management in facilitating communication: the role of informal communications within a business,Business,Cambridge Assessment International Education,Cambridge International AS & A Level,A Level,Paper 4 - Business Strategy,9609/4,75,40,20
Human resource management,Business communication,7.2.5 The role of management in facilitating communication: ways in which communication can influence the efficiency of a business,Business,Cambridge Assessment International Education,Cambridge International AS & A Level,A Level,Paper 3 - Business Decision-Making,9609/3,105,60,30
Human resource management,Business communication,7.2.5 The role of management in facilitating communication: ways in which communication can influence the efficiency of a business,Business,Cambridge Assessment International Education,Cambridge International AS & A Level,A Level,Paper 4 - Business Strategy,9609/4,75,40,20
Human resource management,Business communication,7.2.5 The role of management in facilitating communication: ways of improving communication in a given situation,Business,Cambridge Assessment International Education,Cambridge International AS & A Level,A Level,Paper 3 - Business Decision-Making,9609/3,105,60,30
Human resource management,Business communication,7.2.5 The role of management in facilitating communication: ways of improving communication in a given situation,Business,Cambridge Assessment International Education,Cambridge International AS & A Level,A Level,Paper 4 - Business Strategy,9609/4,75,40,20
Human resource management,Leadership,7.3.1 Leadership: the purpose of leadership,Business,Cambridge Assessment International Education,Cambridge International AS & A Level,A Level,Paper 3 - Business Decision-Making,9609/3,105,60,30
Human resource management,Leadership,7.3.1 Leadership: the purpose of leadership,Business,Cambridge Assessment International Education,Cambridge International AS & A Level,A Level,Paper 4 - Business Strategy,9609/4,75,40,20
Human resource management,Leadership,"7.3.1 Leadership: leadership roles in business (directors, managers, supervisors, worker representatives)",Business,Cambridge Assessment International Education,Cambridge International AS & A Level,A Level,Paper 3 - Business Decision-Making,9609/3,105,60,30
Human resource management,Leadership,"7.3.1 Leadership: leadership roles in business (directors, managers, supervisors, worker representatives)",Business,Cambridge Assessment International Education,Cambridge International AS & A Level,A Level,Paper 4 - Business Strategy,9609/4,75,40,20
Human resource management,Leadership,7.3.1 Leadership: the qualities of a good leader,Business,Cambridge Assessment International Education,Cambridge International AS & A Level,A Level,Paper 3 - Business Decision-Making,9609/3,105,60,30
Human resource management,Leadership,7.3.1 Leadership: the qualities of a good leader,Business,Cambridge Assessment International Education,Cambridge International AS & A Level,A Level,Paper 4 - Business Strategy,9609/4,75,40,20
Human resource management,Leadership,"7.3.2 Theories of leadership: key leadership theories: trait, behavioural, contingency, power and influence and transformational",Business,Cambridge Assessment International Education,Cambridge International AS & A Level,A Level,Paper 3 - Business Decision-Making,9609/3,105,60,30
Human resource management,Leadership,"7.3.2 Theories of leadership: key leadership theories: trait, behavioural, contingency, power and influence and transformational",Business,Cambridge Assessment International Education,Cambridge International AS & A Level,A Level,Paper 4 - Business Strategy,9609/4,75,40,20
Human resource management,Leadership,"7.3.3 Emotional intelligence/emotional quotient (EQ): Goleman's four competencies of emotional intelligence: self-awareness, social awareness, self-management and social skills",Business,Cambridge Assessment International Education,Cambridge International AS & A Level,A Level,Paper 3 - Business Decision-Making,9609/3,105,60,30
Human resource management,Leadership,"7.3.3 Emotional intelligence/emotional quotient (EQ): Goleman's four competencies of emotional intelligence: self-awareness, social awareness, self-management and social skills",Business,Cambridge Assessment International Education,Cambridge International AS & A Level,A Level,Paper 4 - Business Strategy,9609/4,75,40,20
Human resource management,Human resource management (HRM) strategy,7.4.1 Approaches to human resource management (HRM): the difference between 'hard' and 'soft' HRM,Business,Cambridge Assessment International Education,Cambridge International AS & A Level,A Level,Paper 3 - Business Decision-Making,9609/3,105,60,30
Human resource management,Human resource management (HRM) strategy,7.4.1 Approaches to human resource management (HRM): the difference between 'hard' and 'soft' HRM,Business,Cambridge Assessment International Education,Cambridge International AS & A Level,A Level,Paper 4 - Business Strategy,9609/4,75,40,20
Human resource management,Human resource management (HRM) strategy,"7.4.1 Approaches to human resource management (HRM): flexible working contracts: advantages and disadvantages of temporary contracts or flexible contracts including zero hours contracts, part-time, full-time, annualised hours, flexi-time, home working, shift working, job sharing, compressed working hours, the gig economy",Business,Cambridge Assessment International Education,Cambridge International AS & A Level,A Level,Paper 3 - Business Decision-Making,9609/3,105,60,30
Human resource management,Human resource management (HRM) strategy,"7.4.1 Approaches to human resource management (HRM): flexible working contracts: advantages and disadvantages of temporary contracts or flexible contracts including zero hours contracts, part-time, full-time, annualised hours, flexi-time, home working, shift working, job sharing, compressed working hours, the gig economy",Business,Cambridge Assessment International Education,Cambridge International AS & A Level,A Level,Paper 4 - Business Strategy,9609/4,75,40,20
Human resource management,Human resource management (HRM) strategy,"7.4.1 Approaches to human resource management (HRM): the measurement, causes and consequences of poor employee performance",Business,Cambridge Assessment International Education,Cambridge International AS & A Level,A Level,Paper 3 - Business Decision-Making,9609/3,105,60,30
Human resource management,Human resource management (HRM) strategy,"7.4.1 Approaches to human resource management (HRM): the measurement, causes and consequences of poor employee performance",Business,Cambridge Assessment International Education,Cambridge International AS & A Level,A Level,Paper 4 - Business Strategy,9609/4,75,40,20
Human resource management,Human resource management (HRM) strategy,7.4.1 Approaches to human resource management (HRM): strategies for improving employee performance,Business,Cambridge Assessment International Education,Cambridge International AS & A Level,A Level,Paper 3 - Business Decision-Making,9609/3,105,60,30
Human resource management,Human resource management (HRM) strategy,7.4.1 Approaches to human resource management (HRM): strategies for improving employee performance,Business,Cambridge Assessment International Education,Cambridge International AS & A Level,A Level,Paper 4 - Business Strategy,9609/4,75,40,20
Human resource management,Human resource management (HRM) strategy,7.4.1 Approaches to human resource management (HRM): Management by Objectives (MBO) – implementation and usefulness,Business,Cambridge Assessment International Education,Cambridge International AS & A Level,A Level,Paper 3 - Business Decision-Making,9609/3,105,60,30
Human resource management,Human resource management (HRM) strategy,7.4.1 Approaches to human resource management (HRM): Management by Objectives (MBO) – implementation and usefulness,Business,Cambridge Assessment International Education,Cambridge International AS & A Level,A Level,Paper 4 - Business Strategy,9609/4,75,40,20
Human resource management,Human resource management (HRM) strategy,7.4.1 Approaches to human resource management (HRM): the changing role of Information Technology (IT) and Artificial Intelligence (AI) in HRM,Business,Cambridge Assessment International Education,Cambridge International AS & A Level,A Level,Paper 3 - Business Decision-Making,9609/3,105,60,30
Human resource management,Human resource management (HRM) strategy,7.4.1 Approaches to human resource management (HRM): the changing role of Information Technology (IT) and Artificial Intelligence (AI) in HRM,Business,Cambridge Assessment International Education,Cambridge International AS & A Level,A Level,Paper 4 - Business Strategy,9609/4,75,40,20
Marketing,Marketing analysis,"8.1.1 Elasticity: the concept of elasticity of demand: price, income and promotional",Business,Cambridge Assessment International Education,Cambridge International AS & A Level,A Level,Paper 3 - Business Decision-Making,9609/3,105,60,30
Marketing,Marketing analysis,"8.1.1 Elasticity: the concept of elasticity of demand: price, income and promotional",Business,Cambridge Assessment International Education,Cambridge International AS & A Level,A Level,Paper 4 - Business Strategy,9609/4,75,40,20
Marketing,Marketing analysis,"8.1.1 Elasticity: calculation of price, income and promotional elasticity of demand",Business,Cambridge Assessment International Education,Cambridge International AS & A Level,A Level,Paper 3 - Business Decision-Making,9609/3,105,60,30
Marketing,Marketing analysis,"8.1.1 Elasticity: calculation of price, income and promotional elasticity of demand",Business,Cambridge Assessment International Education,Cambridge International AS & A Level,A Level,Paper 4 - Business Strategy,9609/4,75,40,20
Marketing,Marketing analysis,8.1.1 Elasticity: interpretation of elasticity results,Business,Cambridge Assessment International Education,Cambridge International AS & A Level,A Level,Paper 3 - Business Decision-Making,9609/3,105,60,30
Marketing,Marketing analysis,8.1.1 Elasticity: interpretation of elasticity results,Business,Cambridge Assessment International Education,Cambridge International AS & A Level,A Level,Paper 4 - Business Strategy,9609/4,75,40,20
Marketing,Marketing analysis,8.1.1 Elasticity: the impact of elasticity measures on business decisions,Business,Cambridge Assessment International Education,Cambridge International AS & A Level,A Level,Paper 3 - Business Decision-Making,9609/3,105,60,30
Marketing,Marketing analysis,8.1.1 Elasticity: the impact of elasticity measures on business decisions,Business,Cambridge Assessment International Education,Cambridge International AS & A Level,A Level,Paper 4 - Business Strategy,9609/4,75,40,20
Marketing,Marketing analysis,8.1.1 Elasticity: the limitations of the concept of elasticity in its various forms,Business,Cambridge Assessment International Education,Cambridge International AS & A Level,A Level,Paper 3 - Business Decision-Making,9609/3,105,60,30
Marketing,Marketing analysis,8.1.1 Elasticity: the limitations of the concept of elasticity in its various forms,Business,Cambridge Assessment International Education,Cambridge International AS & A Level,A Level,Paper 4 - Business Strategy,9609/4,75,40,20
Marketing,Marketing analysis,8.1.2 Product development: the process of product development,Business,Cambridge Assessment International Education,Cambridge International AS & A Level,A Level,Paper 3 - Business Decision-Making,9609/3,105,60,30
Marketing,Marketing analysis,8.1.2 Product development: the process of product development,Business,Cambridge Assessment International Education,Cambridge International AS & A Level,A Level,Paper 4 - Business Strategy,9609/4,75,40,20
Marketing,Marketing analysis,8.1.2 Product development: sources of new ideas for product development,Business,Cambridge Assessment International Education,Cambridge International AS & A Level,A Level,Paper 3 - Business Decision-Making,9609/3,105,60,30
Marketing,Marketing analysis,8.1.2 Product development: sources of new ideas for product development,Business,Cambridge Assessment International Education,Cambridge International AS & A Level,A Level,Paper 4 - Business Strategy,9609/4,75,40,20
Marketing,Marketing analysis,8.1.2 Product development: the importance of Research and Development (R&D),Business,Cambridge Assessment International Education,Cambridge International AS & A Level,A Level,Paper 3 - Business Decision-Making,9609/3,105,60,30
Marketing,Marketing analysis,8.1.2 Product development: the importance of Research and Development (R&D),Business,Cambridge Assessment International Education,Cambridge International AS & A Level,A Level,Paper 4 - Business Strategy,9609/4,75,40,20
Marketing,Marketing analysis,8.1.3 Sales forecasting: the need to forecast sales,Business,Cambridge Assessment International Education,Cambridge International AS & A Level,A Level,Paper 3 - Business Decision-Making,9609/3,105,60,30
Marketing,Marketing analysis,8.1.3 Sales forecasting: the need to forecast sales,Business,Cambridge Assessment International Education,Cambridge International AS & A Level,A Level,Paper 4 - Business Strategy,9609/4,75,40,20
Marketing,Marketing analysis,8.1.3 Sales forecasting: time series analysis: calculation and use of four period centred moving average method to forecast sales,Business,Cambridge Assessment International Education,Cambridge International AS & A Level,A Level,Paper 3 - Business Decision-Making,9609/3,105,60,30
Marketing,Marketing analysis,8.1.3 Sales forecasting: time series analysis: calculation and use of four period centred moving average method to forecast sales,Business,Cambridge Assessment International Education,Cambridge International AS & A Level,A Level,Paper 4 - Business Strategy,9609/4,75,40,20
Marketing,Marketing analysis,8.1.3 Sales forecasting: qualitative sales forecasting,Business,Cambridge Assessment International Education,Cambridge International AS & A Level,A Level,Paper 3 - Business Decision-Making,9609/3,105,60,30
Marketing,Marketing analysis,8.1.3 Sales forecasting: qualitative sales forecasting,Business,Cambridge Assessment International Education,Cambridge International AS & A Level,A Level,Paper 4 - Business Strategy,9609/4,75,40,20
Marketing,Marketing analysis,8.1.3 Sales forecasting: the impact of sales forecasting on business decisions,Business,Cambridge Assessment International Education,Cambridge International AS & A Level,A Level,Paper 3 - Business Decision-Making,9609/3,105,60,30
Marketing,Marketing analysis,8.1.3 Sales forecasting: the impact of sales forecasting on business decisions,Business,Cambridge Assessment International Education,Cambridge International AS & A Level,A Level,Paper 4 - Business Strategy,9609/4,75,40,20
Marketing,Marketing strategy,"8.2.1 Planning the marketing strategy: the contents of a marketing plan: objectives, resources, research, marketing mix",Business,Cambridge Assessment International Education,Cambridge International AS & A Level,A Level,Paper 3 - Business Decision-Making,9609/3,105,60,30
Marketing,Marketing strategy,"8.2.1 Planning the marketing strategy: the contents of a marketing plan: objectives, resources, research, marketing mix",Business,Cambridge Assessment International Education,Cambridge International AS & A Level,A Level,Paper 4 - Business Strategy,9609/4,75,40,20
Marketing,Marketing strategy,8.2.1 Planning the marketing strategy: the benefits and limitations of marketing planning,Business,Cambridge Assessment International Education,Cambridge International AS & A Level,A Level,Paper 3 - Business Decision-Making,9609/3,105,60,30
Marketing,Marketing strategy,8.2.1 Planning the marketing strategy: the benefits and limitations of marketing planning,Business,Cambridge Assessment International Education,Cambridge International AS & A Level,A Level,Paper 4 - Business Strategy,9609/4,75,40,20
Marketing,Marketing strategy,"8.2.2 Approaches to marketing strategy: the need for the marketing strategy to be consistent with the business, the product and the market",Business,Cambridge Assessment International Education,Cambridge International AS & A Level,A Level,Paper 3 - Business Decision-Making,9609/3,105,60,30
Marketing,Marketing strategy,"8.2.2 Approaches to marketing strategy: the need for the marketing strategy to be consistent with the business, the product and the market",Business,Cambridge Assessment International Education,Cambridge International AS & A Level,A Level,Paper 4 - Business Strategy,9609/4,75,40,20
Marketing,Marketing strategy,8.2.2 Approaches to marketing strategy: the need for and development of a coordinated marketing strategy,Business,Cambridge Assessment International Education,Cambridge International AS & A Level,A Level,Paper 3 - Business Decision-Making,9609/3,105,60,30
Marketing,Marketing strategy,8.2.2 Approaches to marketing strategy: the need for and development of a coordinated marketing strategy,Business,Cambridge Assessment International Education,Cambridge International AS & A Level,A Level,Paper 4 - Business Strategy,9609/4,75,40,20
Marketing,Marketing strategy,8.2.2 Approaches to marketing strategy: the development of marketing strategies that are focused towards achieving specific marketing objectives,Business,Cambridge Assessment International Education,Cambridge International AS & A Level,A Level,Paper 3 - Business Decision-Making,9609/3,105,60,30
Marketing,Marketing strategy,8.2.2 Approaches to marketing strategy: the development of marketing strategies that are focused towards achieving specific marketing objectives,Business,Cambridge Assessment International Education,Cambridge International AS & A Level,A Level,Paper 4 - Business Strategy,9609/4,75,40,20
Marketing,Marketing strategy,8.2.2 Approaches to marketing strategy: the changing role of Information Technology (IT) and Artificial Intelligence (AI) in marketing,Business,Cambridge Assessment International Education,Cambridge International AS & A Level,A Level,Paper 3 - Business Decision-Making,9609/3,105,60,30
Marketing,Marketing strategy,8.2.2 Approaches to marketing strategy: the changing role of Information Technology (IT) and Artificial Intelligence (AI) in marketing,Business,Cambridge Assessment International Education,Cambridge International AS & A Level,A Level,Paper 4 - Business Strategy,9609/4,75,40,20
Marketing,Marketing strategy,8.2.3 Strategies for international marketing: the implications for marketing of increased globalisation and economic collaboration,Business,Cambridge Assessment International Education,Cambridge International AS & A Level,A Level,Paper 3 - Business Decision-Making,9609/3,105,60,30
Marketing,Marketing strategy,8.2.3 Strategies for international marketing: the implications for marketing of increased globalisation and economic collaboration,Business,Cambridge Assessment International Education,Cambridge International AS & A Level,A Level,Paper 4 - Business Strategy,9609/4,75,40,20
Marketing,Marketing strategy,8.2.3 Strategies for international marketing: the importance of international marketing for a business,Business,Cambridge Assessment International Education,Cambridge International AS & A Level,A Level,Paper 3 - Business Decision-Making,9609/3,105,60,30
Marketing,Marketing strategy,8.2.3 Strategies for international marketing: the importance of international marketing for a business,Business,Cambridge Assessment International Education,Cambridge International AS & A Level,A Level,Paper 4 - Business Strategy,9609/4,75,40,20
Marketing,Marketing strategy,"8.2.3 Strategies for international marketing: international markets - identification, selection and entry",Business,Cambridge Assessment International Education,Cambridge International AS & A Level,A Level,Paper 3 - Business Decision-Making,9609/3,105,60,30
Marketing,Marketing strategy,"8.2.3 Strategies for international marketing: international markets - identification, selection and entry",Business,Cambridge Assessment International Education,Cambridge International AS & A Level,A Level,Paper 4 - Business Strategy,9609/4,75,40,20
Marketing,Marketing strategy,8.2.3 Strategies for international marketing: whether a business in a given situation should develop an international market through pan-global marketing or maintain local differences,Business,Cambridge Assessment International Education,Cambridge International AS & A Level,A Level,Paper 3 - Business Decision-Making,9609/3,105,60,30
Marketing,Marketing strategy,8.2.3 Strategies for international marketing: whether a business in a given situation should develop an international market through pan-global marketing or maintain local differences,Business,Cambridge Assessment International Education,Cambridge International AS & A Level,A Level,Paper 4 - Business Strategy,9609/4,75,40,20
Marketing,Marketing strategy,"8.2.3 Strategies for international marketing: choosing a strategy, in a given situation, to develop a global market",Business,Cambridge Assessment International Education,Cambridge International AS & A Level,A Level,Paper 3 - Business Decision-Making,9609/3,105,60,30
Marketing,Marketing strategy,"8.2.3 Strategies for international marketing: choosing a strategy, in a given situation, to develop a global market",Business,Cambridge Assessment International Education,Cambridge International AS & A Level,A Level,Paper 4 - Business Strategy,9609/4,75,40,20
Marketing,Marketing strategy,8.2.3 Strategies for international marketing: the factors influencing the method of entry into international markets,Business,Cambridge Assessment International Education,Cambridge International AS & A Level,A Level,Paper 3 - Business Decision-Making,9609/3,105,60,30
Marketing,Marketing strategy,8.2.3 Strategies for international marketing: the factors influencing the method of entry into international markets,Business,Cambridge Assessment International Education,Cambridge International AS & A Level,A Level,Paper 4 - Business Strategy,9609/4,75,40,20
Operations management,Location and scale,9.1.1 Location: the factors that determine location and relocation,Business,Cambridge Assessment International Education,Cambridge International AS & A Level,A Level,Paper 3 - Business Decision-Making,9609/3,105,60,30
Operations management,Location and scale,9.1.1 Location: the factors that determine location and relocation,Business,Cambridge Assessment International Education,Cambridge International AS & A Level,A Level,Paper 4 - Business Strategy,9609/4,75,40,20
Operations management,Location and scale,"9.1.1 Location: the differences between local, national and international location decisions",Business,Cambridge Assessment International Education,Cambridge International AS & A Level,A Level,Paper 3 - Business Decision-Making,9609/3,105,60,30
Operations management,Location and scale,"9.1.1 Location: the differences between local, national and international location decisions",Business,Cambridge Assessment International Education,Cambridge International AS & A Level,A Level,Paper 4 - Business Strategy,9609/4,75,40,20
Operations management,Location and scale,9.1.1 Location: the reasons for and impact of offshoring and reshoring,Business,Cambridge Assessment International Education,Cambridge International AS & A Level,A Level,Paper 3 - Business Decision-Making,9609/3,105,60,30
Operations management,Location and scale,9.1.1 Location: the reasons for and impact of offshoring and reshoring,Business,Cambridge Assessment International Education,Cambridge International AS & A Level,A Level,Paper 4 - Business Strategy,9609/4,75,40,20
Operations management,Location and scale,9.1.1 Location: the impact of globalisation on location and relocation decisions,Business,Cambridge Assessment International Education,Cambridge International AS & A Level,A Level,Paper 3 - Business Decision-Making,9609/3,105,60,30
Operations management,Location and scale,9.1.1 Location: the impact of globalisation on location and relocation decisions,Business,Cambridge Assessment International Education,Cambridge International AS & A Level,A Level,Paper 4 - Business Strategy,9609/4,75,40,20
Operations management,Location and scale,9.1.2 Scale of operations: the factors that influence the scale of a business,Business,Cambridge Assessment International Education,Cambridge International AS & A Level,A Level,Paper 3 - Business Decision-Making,9609/3,105,60,30
Operations management,Location and scale,9.1.2 Scale of operations: the factors that influence the scale of a business,Business,Cambridge Assessment International Education,Cambridge International AS & A Level,A Level,Paper 4 - Business Strategy,9609/4,75,40,20
Operations management,Location and scale,9.1.2 Scale of operations: causes and examples of internal and external economies and diseconomies of scale,Business,Cambridge Assessment International Education,Cambridge International AS & A Level,A Level,Paper 3 - Business Decision-Making,9609/3,105,60,30
Operations management,Location and scale,9.1.2 Scale of operations: causes and examples of internal and external economies and diseconomies of scale,Business,Cambridge Assessment International Education,Cambridge International AS & A Level,A Level,Paper 4 - Business Strategy,9609/4,75,40,20
Operations management,Location and scale,9.1.2 Scale of operations: the links between economies and diseconomies of scale and unit costs,Business,Cambridge Assessment International Education,Cambridge International AS & A Level,A Level,Paper 3 - Business Decision-Making,9609/3,105,60,30
Operations management,Location and scale,9.1.2 Scale of operations: the links between economies and diseconomies of scale and unit costs,Business,Cambridge Assessment International Education,Cambridge International AS & A Level,A Level,Paper 4 - Business Strategy,9609/4,75,40,20
Operations management,Quality management,9.2.1 Quality control and quality assurance: quality in terms of meeting customer expectations,Business,Cambridge Assessment International Education,Cambridge International AS & A Level,A Level,Paper 3 - Business Decision-Making,9609/3,105,60,30
Operations management,Quality management,9.2.1 Quality control and quality assurance: quality in terms of meeting customer expectations,Business,Cambridge Assessment International Education,Cambridge International AS & A Level,A Level,Paper 4 - Business Strategy,9609/4,75,40,20
Operations management,Quality management,9.2.1 Quality control and quality assurance: the importance of quality,Business,Cambridge Assessment International Education,Cambridge International AS & A Level,A Level,Paper 3 - Business Decision-Making,9609/3,105,60,30
Operations management,Quality management,9.2.1 Quality control and quality assurance: the importance of quality,Business,Cambridge Assessment International Education,Cambridge International AS & A Level,A Level,Paper 4 - Business Strategy,9609/4,75,40,20
Operations management,Quality management,9.2.1 Quality control and quality assurance: the impact of methods of quality control on a business,Business,Cambridge Assessment International Education,Cambridge International AS & A Level,A Level,Paper 3 - Business Decision-Making,9609/3,105,60,30
Operations management,Quality management,9.2.1 Quality control and quality assurance: the impact of methods of quality control on a business,Business,Cambridge Assessment International Education,Cambridge International AS & A Level,A Level,Paper 4 - Business Strategy,9609/4,75,40,20
Operations management,Quality management,9.2.1 Quality control and quality assurance: the impact of methods of quality assurance on a business,Business,Cambridge Assessment International Education,Cambridge International AS & A Level,A Level,Paper 3 - Business Decision-Making,9609/3,105,60,30
Operations management,Quality management,9.2.1 Quality control and quality assurance: the impact of methods of quality assurance on a business,Business,Cambridge Assessment International Education,Cambridge International AS & A Level,A Level,Paper 4 - Business Strategy,9609/4,75,40,20
Operations management,Quality management,9.2.1 Quality control and quality assurance: the impact of Total Quality Management (TQM) on a business,Business,Cambridge Assessment International Education,Cambridge International AS & A Level,A Level,Paper 3 - Business Decision-Making,9609/3,105,60,30
Operations management,Quality management,9.2.1 Quality control and quality assurance: the impact of Total Quality Management (TQM) on a business,Business,Cambridge Assessment International Education,Cambridge International AS & A Level,A Level,Paper 4 - Business Strategy,9609/4,75,40,20
Operations management,Quality management,9.2.2 Benchmarking: the importance of benchmarking in quality management,Business,Cambridge Assessment International Education,Cambridge International AS & A Level,A Level,Paper 3 - Business Decision-Making,9609/3,105,60,30
Operations management,Quality management,9.2.2 Benchmarking: the importance of benchmarking in quality management,Business,Cambridge Assessment International Education,Cambridge International AS & A Level,A Level,Paper 4 - Business Strategy,9609/4,75,40,20
Operations management,Operations strategy,"9.3.1 Operational decisions: the influence of human, marketing and finance resource availability on operations decisions",Business,Cambridge Assessment International Education,Cambridge International AS & A Level,A Level,Paper 3 - Business Decision-Making,9609/3,105,60,30
Operations management,Operations strategy,"9.3.1 Operational decisions: the influence of human, marketing and finance resource availability on operations decisions",Business,Cambridge Assessment International Education,Cambridge International AS & A Level,A Level,Paper 4 - Business Strategy,9609/4,75,40,20
Operations management,Operations strategy,9.3.1 Operational decisions: the changing role of Information Technology (IT) and Artificial Intelligence (AI) in operations management,Business,Cambridge Assessment International Education,Cambridge International AS & A Level,A Level,Paper 3 - Business Decision-Making,9609/3,105,60,30
Operations management,Operations strategy,9.3.1 Operational decisions: the changing role of Information Technology (IT) and Artificial Intelligence (AI) in operations management,Business,Cambridge Assessment International Education,Cambridge International AS & A Level,A Level,Paper 4 - Business Strategy,9609/4,75,40,20
Operations management,Operations strategy,"9.3.2 Flexibility and innovation: the need for flexibility with regard to volume, delivery time and specification",Business,Cambridge Assessment International Education,Cambridge International AS & A Level,A Level,Paper 3 - Business Decision-Making,9609/3,105,60,30
Operations management,Operations strategy,"9.3.2 Flexibility and innovation: the need for flexibility with regard to volume, delivery time and specification",Business,Cambridge Assessment International Education,Cambridge International AS & A Level,A Level,Paper 4 - Business Strategy,9609/4,75,40,20
Operations management,Operations strategy,9.3.2 Flexibility and innovation: process innovation: changing current processes or adopting new ways of producing products or delivering services,Business,Cambridge Assessment International Education,Cambridge International AS & A Level,A Level,Paper 3 - Business Decision-Making,9609/3,105,60,30
Operations management,Operations strategy,9.3.2 Flexibility and innovation: process innovation: changing current processes or adopting new ways of producing products or delivering services,Business,Cambridge Assessment International Education,Cambridge International AS & A Level,A Level,Paper 4 - Business Strategy,9609/4,75,40,20
Operations management,Operations strategy,9.3.3 Enterprise resource planning (ERP): the main features of an ERP programme,Business,Cambridge Assessment International Education,Cambridge International AS & A Level,A Level,Paper 3 - Business Decision-Making,9609/3,105,60,30
Operations management,Operations strategy,9.3.3 Enterprise resource planning (ERP): the main features of an ERP programme,Business,Cambridge Assessment International Education,Cambridge International AS & A Level,A Level,Paper 4 - Business Strategy,9609/4,75,40,20
Operations management,Operations strategy,"9.3.3 Enterprise resource planning (ERP): how ERP can improve a business' efficiency in relation to: inventory control, costing and pricing, capacity utilisation, responses to change, workforce flexibility, management information",Business,Cambridge Assessment International Education,Cambridge International AS & A Level,A Level,Paper 3 - Business Decision-Making,9609/3,105,60,30
Operations management,Operations strategy,"9.3.3 Enterprise resource planning (ERP): how ERP can improve a business' efficiency in relation to: inventory control, costing and pricing, capacity utilisation, responses to change, workforce flexibility, management information",Business,Cambridge Assessment International Education,Cambridge International AS & A Level,A Level,Paper 4 - Business Strategy,9609/4,75,40,20
Operations management,Operations strategy,9.3.4 Lean production: the aims and purposes of lean production,Business,Cambridge Assessment International Education,Cambridge International AS & A Level,A Level,Paper 3 - Business Decision-Making,9609/3,105,60,30
Operations management,Operations strategy,9.3.4 Lean production: the aims and purposes of lean production,Business,Cambridge Assessment International Education,Cambridge International AS & A Level,A Level,Paper 4 - Business Strategy,9609/4,75,40,20
Operations management,Operations strategy,"9.3.4 Lean production: Kaizen, quality circles, simultaneous engineering, cell production, JIT manufacturing and waste management as operational strategies to achieve lean production",Business,Cambridge Assessment International Education,Cambridge International AS & A Level,A Level,Paper 3 - Business Decision-Making,9609/3,105,60,30
Operations management,Operations strategy,"9.3.4 Lean production: Kaizen, quality circles, simultaneous engineering, cell production, JIT manufacturing and waste management as operational strategies to achieve lean production",Business,Cambridge Assessment International Education,Cambridge International AS & A Level,A Level,Paper 4 - Business Strategy,9609/4,75,40,20
Operations management,Operations strategy,9.3.4 Lean production: the limitations of operational strategies to achieve lean production,Business,Cambridge Assessment International Education,Cambridge International AS & A Level,A Level,Paper 3 - Business Decision-Making,9609/3,105,60,30
Operations management,Operations strategy,9.3.4 Lean production: the limitations of operational strategies to achieve lean production,Business,Cambridge Assessment International Education,Cambridge International AS & A Level,A Level,Paper 4 - Business Strategy,9609/4,75,40,20
Operations management,Operations strategy,"9.3.4 Lean production: the links between lean production and inventory control, quality, employees roles, capacity management and efficiency",Business,Cambridge Assessment International Education,Cambridge International AS & A Level,A Level,Paper 3 - Business Decision-Making,9609/3,105,60,30
Operations management,Operations strategy,"9.3.4 Lean production: the links between lean production and inventory control, quality, employees roles, capacity management and efficiency",Business,Cambridge Assessment International Education,Cambridge International AS & A Level,A Level,Paper 4 - Business Strategy,9609/4,75,40,20
Operations management,Operations strategy,9.3.5 Operations planning: the need for planning operations,Business,Cambridge Assessment International Education,Cambridge International AS & A Level,A Level,Paper 3 - Business Decision-Making,9609/3,105,60,30
Operations management,Operations strategy,9.3.5 Operations planning: the need for planning operations,Business,Cambridge Assessment International Education,Cambridge International AS & A Level,A Level,Paper 4 - Business Strategy,9609/4,75,40,20
Operations management,Operations strategy,9.3.5 Operations planning: network diagrams as tools to plan operations,Business,Cambridge Assessment International Education,Cambridge International AS & A Level,A Level,Paper 3 - Business Decision-Making,9609/3,105,60,30
Operations management,Operations strategy,9.3.5 Operations planning: network diagrams as tools to plan operations,Business,Cambridge Assessment International Education,Cambridge International AS & A Level,A Level,Paper 4 - Business Strategy,9609/4,75,40,20
Operations management,Operations strategy,"9.3.5 Operations planning: the main elements of a network diagram: activities, dummy activities, nodes",Business,Cambridge Assessment International Education,Cambridge International AS & A Level,A Level,Paper 3 - Business Decision-Making,9609/3,105,60,30
Operations management,Operations strategy,"9.3.5 Operations planning: the main elements of a network diagram: activities, dummy activities, nodes",Business,Cambridge Assessment International Education,Cambridge International AS & A Level,A Level,Paper 4 - Business Strategy,9609/4,75,40,20
Operations management,Operations strategy,"9.3.5 Operations planning: network diagrams as means of performing Critical Path Analysis (CPA), including identification of the minimum project duration and the critical path, calculation of total and free float, interpretation of the results of the analysis of a network, how minimum duration and floats might be used in project management",Business,Cambridge Assessment International Education,Cambridge International AS & A Level,A Level,Paper 3 - Business Decision-Making,9609/3,105,60,30
Operations management,Operations strategy,"9.3.5 Operations planning: network diagrams as means of performing Critical Path Analysis (CPA), including identification of the minimum project duration and the critical path, calculation of total and free float, interpretation of the results of the analysis of a network, how minimum duration and floats might be used in project management",Business,Cambridge Assessment International Education,Cambridge International AS & A Level,A Level,Paper 4 - Business Strategy,9609/4,75,40,20
Operations management,Operations strategy,9.3.5 Operations planning: the benefits and limitations of CPA as a management tool,Business,Cambridge Assessment International Education,Cambridge International AS & A Level,A Level,Paper 3 - Business Decision-Making,9609/3,105,60,30
Operations management,Operations strategy,9.3.5 Operations planning: the benefits and limitations of CPA as a management tool,Business,Cambridge Assessment International Education,Cambridge International AS & A Level,A Level,Paper 4 - Business Strategy,9609/4,75,40,20
Finance and accounting,Financial statements,10.1.1 Statement of profit or loss: the meaning and purpose of the statement of profit or loss,Business,Cambridge Assessment International Education,Cambridge International AS & A Level,A Level,Paper 3 - Business Decision-Making,9609/3,105,60,30
Finance and accounting,Financial statements,10.1.1 Statement of profit or loss: the meaning and purpose of the statement of profit or loss,Business,Cambridge Assessment International Education,Cambridge International AS & A Level,A Level,Paper 4 - Business Strategy,9609/4,75,40,20
Finance and accounting,Financial statements,"10.1.1 Statement of profit or loss: the contents of a statement of profit or loss: revenue, cost of sales, gross profit, expenses, profit from operations (operating profit), taxation, profit for the year, dividends, retained earnings",Business,Cambridge Assessment International Education,Cambridge International AS & A Level,A Level,Paper 3 - Business Decision-Making,9609/3,105,60,30
Finance and accounting,Financial statements,"10.1.1 Statement of profit or loss: the contents of a statement of profit or loss: revenue, cost of sales, gross profit, expenses, profit from operations (operating profit), taxation, profit for the year, dividends, retained earnings",Business,Cambridge Assessment International Education,Cambridge International AS & A Level,A Level,Paper 4 - Business Strategy,9609/4,75,40,20
Finance and accounting,Financial statements,10.1.1 Statement of profit or loss: amendment of a statement of profit or loss,Business,Cambridge Assessment International Education,Cambridge International AS & A Level,A Level,Paper 3 - Business Decision-Making,9609/3,105,60,30
Finance and accounting,Financial statements,10.1.1 Statement of profit or loss: amendment of a statement of profit or loss,Business,Cambridge Assessment International Education,Cambridge International AS & A Level,A Level,Paper 4 - Business Strategy,9609/4,75,40,20
Finance and accounting,Financial statements,10.1.1 Statement of profit or loss: the impact on the statement of profit or loss of a given change,Business,Cambridge Assessment International Education,Cambridge International AS & A Level,A Level,Paper 3 - Business Decision-Making,9609/3,105,60,30
Finance and accounting,Financial statements,10.1.1 Statement of profit or loss: the impact on the statement of profit or loss of a given change,Business,Cambridge Assessment International Education,Cambridge International AS & A Level,A Level,Paper 4 - Business Strategy,9609/4,75,40,20
Finance and accounting,Financial statements,10.1.2 Statement of financial position: the meaning and purpose of statement of financial position,Business,Cambridge Assessment International Education,Cambridge International AS & A Level,A Level,Paper 3 - Business Decision-Making,9609/3,105,60,30
Finance and accounting,Financial statements,10.1.2 Statement of financial position: the meaning and purpose of statement of financial position,Business,Cambridge Assessment International Education,Cambridge International AS & A Level,A Level,Paper 4 - Business Strategy,9609/4,75,40,20
Finance and accounting,Financial statements,"10.1.2 Statement of financial position: the contents of a statement of financial position including non-current assets, current assets, current liabilities, net current assets, net assets, non-current liabilities, reserves and equity",Business,Cambridge Assessment International Education,Cambridge International AS & A Level,A Level,Paper 3 - Business Decision-Making,9609/3,105,60,30
Finance and accounting,Financial statements,"10.1.2 Statement of financial position: the contents of a statement of financial position including non-current assets, current assets, current liabilities, net current assets, net assets, non-current liabilities, reserves and equity",Business,Cambridge Assessment International Education,Cambridge International AS & A Level,A Level,Paper 4 - Business Strategy,9609/4,75,40,20
Finance and accounting,Financial statements,10.1.2 Statement of financial position: amendment of a statement of financial position,Business,Cambridge Assessment International Education,Cambridge International AS & A Level,A Level,Paper 3 - Business Decision-Making,9609/3,105,60,30
Finance and accounting,Financial statements,10.1.2 Statement of financial position: amendment of a statement of financial position,Business,Cambridge Assessment International Education,Cambridge International AS & A Level,A Level,Paper 4 - Business Strategy,9609/4,75,40,20
Finance and accounting,Financial statements,10.1.2 Statement of financial position: the relationships between items in the statement of profit or loss and the statement of financial position,Business,Cambridge Assessment International Education,Cambridge International AS & A Level,A Level,Paper 3 - Business Decision-Making,9609/3,105,60,30
Finance and accounting,Financial statements,10.1.2 Statement of financial position: the relationships between items in the statement of profit or loss and the statement of financial position,Business,Cambridge Assessment International Education,Cambridge International AS & A Level,A Level,Paper 4 - Business Strategy,9609/4,75,40,20
Finance and accounting,Financial statements,10.1.3 Inventory valuation: the difficulties of valuing inventory,Business,Cambridge Assessment International Education,Cambridge International AS & A Level,A Level,Paper 3 - Business Decision-Making,9609/3,105,60,30
Finance and accounting,Financial statements,10.1.3 Inventory valuation: the difficulties of valuing inventory,Business,Cambridge Assessment International Education,Cambridge International AS & A Level,A Level,Paper 4 - Business Strategy,9609/4,75,40,20
Finance and accounting,Financial statements,10.1.3 Inventory valuation: the net realisable value method,Business,Cambridge Assessment International Education,Cambridge International AS & A Level,A Level,Paper 3 - Business Decision-Making,9609/3,105,60,30
Finance and accounting,Financial statements,10.1.3 Inventory valuation: the net realisable value method,Business,Cambridge Assessment International Education,Cambridge International AS & A Level,A Level,Paper 4 - Business Strategy,9609/4,75,40,20
Finance and accounting,Financial statements,10.1.4 Depreciation: the role of depreciation in the accounts,Business,Cambridge Assessment International Education,Cambridge International AS & A Level,A Level,Paper 3 - Business Decision-Making,9609/3,105,60,30
Finance and accounting,Financial statements,10.1.4 Depreciation: the role of depreciation in the accounts,Business,Cambridge Assessment International Education,Cambridge International AS & A Level,A Level,Paper 4 - Business Strategy,9609/4,75,40,20
Finance and accounting,Financial statements,10.1.4 Depreciation: the impact of depreciation (straight-line method only) on the statement of financial position and the statement of profit or loss,Business,Cambridge Assessment International Education,Cambridge International AS & A Level,A Level,Paper 3 - Business Decision-Making,9609/3,105,60,30
Finance and accounting,Financial statements,10.1.4 Depreciation: the impact of depreciation (straight-line method only) on the statement of financial position and the statement of profit or loss,Business,Cambridge Assessment International Education,Cambridge International AS & A Level,A Level,Paper 4 - Business Strategy,9609/4,75,40,20
Finance and accounting,Analysis of published accounts,10.2.1 Liquidity ratios: the meaning and importance of liquidity,Business,Cambridge Assessment International Education,Cambridge International AS & A Level,A Level,Paper 3 - Business Decision-Making,9609/3,105,60,30
Finance and accounting,Analysis of published accounts,10.2.1 Liquidity ratios: the meaning and importance of liquidity,Business,Cambridge Assessment International Education,Cambridge International AS & A Level,A Level,Paper 4 - Business Strategy,9609/4,75,40,20
Finance and accounting,Analysis of published accounts,10.2.1 Liquidity ratios: current ratio: calculation and interpretation,Business,Cambridge Assessment International Education,Cambridge International AS & A Level,A Level,Paper 3 - Business Decision-Making,9609/3,105,60,30
Finance and accounting,Analysis of published accounts,10.2.1 Liquidity ratios: current ratio: calculation and interpretation,Business,Cambridge Assessment International Education,Cambridge International AS & A Level,A Level,Paper 4 - Business Strategy,9609/4,75,40,20
Finance and accounting,Analysis of published accounts,10.2.1 Liquidity ratios: acid test ratio: calculation and interpretation,Business,Cambridge Assessment International Education,Cambridge International AS & A Level,A Level,Paper 3 - Business Decision-Making,9609/3,105,60,30
Finance and accounting,Analysis of published accounts,10.2.1 Liquidity ratios: acid test ratio: calculation and interpretation,Business,Cambridge Assessment International Education,Cambridge International AS & A Level,A Level,Paper 4 - Business Strategy,9609/4,75,40,20
Finance and accounting,Analysis of published accounts,10.2.1 Liquidity ratios: methods of improving liquidity,Business,Cambridge Assessment International Education,Cambridge International AS & A Level,A Level,Paper 3 - Business Decision-Making,9609/3,105,60,30
Finance and accounting,Analysis of published accounts,10.2.1 Liquidity ratios: methods of improving liquidity,Business,Cambridge Assessment International Education,Cambridge International AS & A Level,A Level,Paper 4 - Business Strategy,9609/4,75,40,20
Finance and accounting,Analysis of published accounts,10.2.2 Profitability ratios: the meaning and importance of profitability,Business,Cambridge Assessment International Education,Cambridge International AS & A Level,A Level,Paper 3 - Business Decision-Making,9609/3,105,60,30
Finance and accounting,Analysis of published accounts,10.2.2 Profitability ratios: the meaning and importance of profitability,Business,Cambridge Assessment International Education,Cambridge International AS & A Level,A Level,Paper 4 - Business Strategy,9609/4,75,40,20
Finance and accounting,Analysis of published accounts,10.2.2 Profitability ratios: return on capital employed: calculation and interpretation,Business,Cambridge Assessment International Education,Cambridge International AS & A Level,A Level,Paper 3 - Business Decision-Making,9609/3,105,60,30
Finance and accounting,Analysis of published accounts,10.2.2 Profitability ratios: return on capital employed: calculation and interpretation,Business,Cambridge Assessment International Education,Cambridge International AS & A Level,A Level,Paper 4 - Business Strategy,9609/4,75,40,20
Finance and accounting,Analysis of published accounts,10.2.2 Profitability ratios: gross profit margin: calculation and interpretation,Business,Cambridge Assessment International Education,Cambridge International AS & A Level,A Level,Paper 3 - Business Decision-Making,9609/3,105,60,30
Finance and accounting,Analysis of published accounts,10.2.2 Profitability ratios: gross profit margin: calculation and interpretation,Business,Cambridge Assessment International Education,Cambridge International AS & A Level,A Level,Paper 4 - Business Strategy,9609/4,75,40,20
Finance and accounting,Analysis of published accounts,10.2.2 Profitability ratios: profit margin: calculation and interpretation,Business,Cambridge Assessment International Education,Cambridge International AS & A Level,A Level,Paper 3 - Business Decision-Making,9609/3,105,60,30
Finance and accounting,Analysis of published accounts,10.2.2 Profitability ratios: profit margin: calculation and interpretation,Business,Cambridge Assessment International Education,Cambridge International AS & A Level,A Level,Paper 4 - Business Strategy,9609/4,75,40,20
Finance and accounting,Analysis of published accounts,10.2.2 Profitability ratios: methods of improving profitability,Business,Cambridge Assessment International Education,Cambridge International AS & A Level,A Level,Paper 3 - Business Decision-Making,9609/3,105,60,30
Finance and accounting,Analysis of published accounts,10.2.2 Profitability ratios: methods of improving profitability,Business,Cambridge Assessment International Education,Cambridge International AS & A Level,A Level,Paper 4 - Business Strategy,9609/4,75,40,20
Finance and accounting,Analysis of published accounts,10.2.3 Financial efficiency ratios: the meaning and importance of financial efficiency,Business,Cambridge Assessment International Education,Cambridge International AS & A Level,A Level,Paper 3 - Business Decision-Making,9609/3,105,60,30
Finance and accounting,Analysis of published accounts,10.2.3 Financial efficiency ratios: the meaning and importance of financial efficiency,Business,Cambridge Assessment International Education,Cambridge International AS & A Level,A Level,Paper 4 - Business Strategy,9609/4,75,40,20
Finance and accounting,Analysis of published accounts,10.2.3 Financial efficiency ratios: rate of inventory turnover: calculation and interpretation,Business,Cambridge Assessment International Education,Cambridge International AS & A Level,A Level,Paper 3 - Business Decision-Making,9609/3,105,60,30
Finance and accounting,Analysis of published accounts,10.2.3 Financial efficiency ratios: rate of inventory turnover: calculation and interpretation,Business,Cambridge Assessment International Education,Cambridge International AS & A Level,A Level,Paper 4 - Business Strategy,9609/4,75,40,20
Finance and accounting,Analysis of published accounts,10.2.3 Financial efficiency ratios: trade receivables turnover (days): calculation and interpretation,Business,Cambridge Assessment International Education,Cambridge International AS & A Level,A Level,Paper 3 - Business Decision-Making,9609/3,105,60,30
Finance and accounting,Analysis of published accounts,10.2.3 Financial efficiency ratios: trade receivables turnover (days): calculation and interpretation,Business,Cambridge Assessment International Education,Cambridge International AS & A Level,A Level,Paper 4 - Business Strategy,9609/4,75,40,20
Finance and accounting,Analysis of published accounts,10.2.3 Financial efficiency ratios: trade payables turnover (days): calculation and interpretation,Business,Cambridge Assessment International Education,Cambridge International AS & A Level,A Level,Paper 3 - Business Decision-Making,9609/3,105,60,30
Finance and accounting,Analysis of published accounts,10.2.3 Financial efficiency ratios: trade payables turnover (days): calculation and interpretation,Business,Cambridge Assessment International Education,Cambridge International AS & A Level,A Level,Paper 4 - Business Strategy,9609/4,75,40,20
Finance and accounting,Analysis of published accounts,10.2.3 Financial efficiency ratios: methods of improving financial efficiency,Business,Cambridge Assessment International Education,Cambridge International AS & A Level,A Level,Paper 3 - Business Decision-Making,9609/3,105,60,30
Finance and accounting,Analysis of published accounts,10.2.3 Financial efficiency ratios: methods of improving financial efficiency,Business,Cambridge Assessment International Education,Cambridge International AS & A Level,A Level,Paper 4 - Business Strategy,9609/4,75,40,20
Finance and accounting,Analysis of published accounts,10.2.4 Gearing ratio: the meaning and importance of gearing,Business,Cambridge Assessment International Education,Cambridge International AS & A Level,A Level,Paper 3 - Business Decision-Making,9609/3,105,60,30
Finance and accounting,Analysis of published accounts,10.2.4 Gearing ratio: the meaning and importance of gearing,Business,Cambridge Assessment International Education,Cambridge International AS & A Level,A Level,Paper 4 - Business Strategy,9609/4,75,40,20
Finance and accounting,Analysis of published accounts,10.2.4 Gearing ratio: gearing ratio: calculation and interpretation,Business,Cambridge Assessment International Education,Cambridge International AS & A Level,A Level,Paper 3 - Business Decision-Making,9609/3,105,60,30
Finance and accounting,Analysis of published accounts,10.2.4 Gearing ratio: gearing ratio: calculation and interpretation,Business,Cambridge Assessment International Education,Cambridge International AS & A Level,A Level,Paper 4 - Business Strategy,9609/4,75,40,20
Finance and accounting,Analysis of published accounts,10.2.4 Gearing ratio: methods of improving gearing,Business,Cambridge Assessment International Education,Cambridge International AS & A Level,A Level,Paper 3 - Business Decision-Making,9609/3,105,60,30
Finance and accounting,Analysis of published accounts,10.2.4 Gearing ratio: methods of improving gearing,Business,Cambridge Assessment International Education,Cambridge International AS & A Level,A Level,Paper 4 - Business Strategy,9609/4,75,40,20
Finance and accounting,Analysis of published accounts,10.2.5 Investment ratios: the meaning and importance of return to investors,Business,Cambridge Assessment International Education,Cambridge International AS & A Level,A Level,Paper 3 - Business Decision-Making,9609/3,105,60,30
Finance and accounting,Analysis of published accounts,10.2.5 Investment ratios: the meaning and importance of return to investors,Business,Cambridge Assessment International Education,Cambridge International AS & A Level,A Level,Paper 4 - Business Strategy,9609/4,75,40,20
Finance and accounting,Analysis of published accounts,10.2.5 Investment ratios: dividend yield: calculation and interpretation,Business,Cambridge Assessment International Education,Cambridge International AS & A Level,A Level,Paper 3 - Business Decision-Making,9609/3,105,60,30
Finance and accounting,Analysis of published accounts,10.2.5 Investment ratios: dividend yield: calculation and interpretation,Business,Cambridge Assessment International Education,Cambridge International AS & A Level,A Level,Paper 4 - Business Strategy,9609/4,75,40,20
Finance and accounting,Analysis of published accounts,10.2.5 Investment ratios: dividend cover: calculation and interpretation,Business,Cambridge Assessment International Education,Cambridge International AS & A Level,A Level,Paper 3 - Business Decision-Making,9609/3,105,60,30
Finance and accounting,Analysis of published accounts,10.2.5 Investment ratios: dividend cover: calculation and interpretation,Business,Cambridge Assessment International Education,Cambridge International AS & A Level,A Level,Paper 4 - Business Strategy,9609/4,75,40,20
Finance and accounting,Analysis of published accounts,10.2.5 Investment ratios: price/earnings ratio: calculation and interpretation,Business,Cambridge Assessment International Education,Cambridge International AS & A Level,A Level,Paper 3 - Business Decision-Making,9609/3,105,60,30
Finance and accounting,Analysis of published accounts,10.2.5 Investment ratios: price/earnings ratio: calculation and interpretation,Business,Cambridge Assessment International Education,Cambridge International AS & A Level,A Level,Paper 4 - Business Strategy,9609/4,75,40,20
Finance and accounting,Analysis of published accounts,10.2.5 Investment ratios: methods of improving investor return,Business,Cambridge Assessment International Education,Cambridge International AS & A Level,A Level,Paper 3 - Business Decision-Making,9609/3,105,60,30
Finance and accounting,Analysis of published accounts,10.2.5 Investment ratios: methods of improving investor return,Business,Cambridge Assessment International Education,Cambridge International AS & A Level,A Level,Paper 4 - Business Strategy,9609/4,75,40,20
Finance and accounting,Investment appraisal,10.3.1 The concept of investment appraisal: the need for investment appraisal,Business,Cambridge Assessment International Education,Cambridge International AS & A Level,A Level,Paper 3 - Business Decision-Making,9609/3,105,60,30
Finance and accounting,Investment appraisal,10.3.1 The concept of investment appraisal: the need for investment appraisal,Business,Cambridge Assessment International Education,Cambridge International AS & A Level,A Level,Paper 4 - Business Strategy,9609/4,75,40,20
Finance and accounting,Investment appraisal,"10.3.2 Basic methods: payback, accounting rate of return (ARR): the meaning, calculation and interpretation of payback and ARR (ARR = (average profit / average investment) x 100)",Business,Cambridge Assessment International Education,Cambridge International AS & A Level,A Level,Paper 3 - Business Decision-Making,9609/3,105,60,30
Finance and accounting,Investment appraisal,"10.3.2 Basic methods: payback, accounting rate of return (ARR): the meaning, calculation and interpretation of payback and ARR (ARR = (average profit / average investment) x 100)",Business,Cambridge Assessment International Education,Cambridge International AS & A Level,A Level,Paper 4 - Business Strategy,9609/4,75,40,20
Finance and accounting,Investment appraisal,"10.3.3 Discounted cash flow method: net present value (NPV): the meaning, calculation and interpretation of NPV",Business,Cambridge Assessment International Education,Cambridge International AS & A Level,A Level,Paper 3 - Business Decision-Making,9609/3,105,60,30
Finance and accounting,Investment appraisal,"10.3.3 Discounted cash flow method: net present value (NPV): the meaning, calculation and interpretation of NPV",Business,Cambridge Assessment International Education,Cambridge International AS & A Level,A Level,Paper 4 - Business Strategy,9609/4,75,40,20
Finance and accounting,Investment appraisal,10.3.4 Investment appraisal decisions: quantitative results and their impact on investment decisions,Business,Cambridge Assessment International Education,Cambridge International AS & A Level,A Level,Paper 3 - Business Decision-Making,9609/3,105,60,30
Finance and accounting,Investment appraisal,10.3.4 Investment appraisal decisions: quantitative results and their impact on investment decisions,Business,Cambridge Assessment International Education,Cambridge International AS & A Level,A Level,Paper 4 - Business Strategy,9609/4,75,40,20
Finance and accounting,Investment appraisal,10.3.4 Investment appraisal decisions: qualitative factors and their impact on investment decisions,Business,Cambridge Assessment International Education,Cambridge International AS & A Level,A Level,Paper 3 - Business Decision-Making,9609/3,105,60,30
Finance and accounting,Investment appraisal,10.3.4 Investment appraisal decisions: qualitative factors and their impact on investment decisions,Business,Cambridge Assessment International Education,Cambridge International AS & A Level,A Level,Paper 4 - Business Strategy,9609/4,75,40,20
Finance and accounting,Investment appraisal,"10.3.4 Investment appraisal decisions: comparison of investment appraisal methods, including their limitations",Business,Cambridge Assessment International Education,Cambridge International AS & A Level,A Level,Paper 3 - Business Decision-Making,9609/3,105,60,30
Finance and accounting,Investment appraisal,"10.3.4 Investment appraisal decisions: comparison of investment appraisal methods, including their limitations",Business,Cambridge Assessment International Education,Cambridge International AS & A Level,A Level,Paper 4 - Business Strategy,9609/4,75,40,20
Finance and accounting,Finance and accounting strategy,10.4.1 The use of accounting data to enable strategic decision-making: the use of financial statements in developing strategies,Business,Cambridge Assessment International Education,Cambridge International AS & A Level,A Level,Paper 3 - Business Decision-Making,9609/3,105,60,30
Finance and accounting,Finance and accounting strategy,10.4.1 The use of accounting data to enable strategic decision-making: the use of financial statements in developing strategies,Business,Cambridge Assessment International Education,Cambridge International AS & A Level,A Level,Paper 4 - Business Strategy,9609/4,75,40,20
Finance and accounting,Finance and accounting strategy,10.4.1 The use of accounting data to enable strategic decision-making: the contents of an annual report and their usefulness to business and other stakeholders,Business,Cambridge Assessment International Education,Cambridge International AS & A Level,A Level,Paper 3 - Business Decision-Making,9609/3,105,60,30
Finance and accounting,Finance and accounting strategy,10.4.1 The use of accounting data to enable strategic decision-making: the contents of an annual report and their usefulness to business and other stakeholders,Business,Cambridge Assessment International Education,Cambridge International AS & A Level,A Level,Paper 4 - Business Strategy,9609/4,75,40,20
Finance and accounting,Finance and accounting strategy,10.4.2 The use of accounting data and ratio analysis in strategic decision-making: assessment of business performance over time and against competitors,Business,Cambridge Assessment International Education,Cambridge International AS & A Level,A Level,Paper 3 - Business Decision-Making,9609/3,105,60,30
Finance and accounting,Finance and accounting strategy,10.4.2 The use of accounting data and ratio analysis in strategic decision-making: assessment of business performance over time and against competitors,Business,Cambridge Assessment International Education,Cambridge International AS & A Level,A Level,Paper 4 - Business Strategy,9609/4,75,40,20
Finance and accounting,Finance and accounting strategy,10.4.2 The use of accounting data and ratio analysis in strategic decision-making: the impact of accounting data including ratio results on business strategy,Business,Cambridge Assessment International Education,Cambridge International AS & A Level,A Level,Paper 3 - Business Decision-Making,9609/3,105,60,30
Finance and accounting,Finance and accounting strategy,10.4.2 The use of accounting data and ratio analysis in strategic decision-making: the impact of accounting data including ratio results on business strategy,Business,Cambridge Assessment International Education,Cambridge International AS & A Level,A Level,Paper 4 - Business Strategy,9609/4,75,40,20
Finance and accounting,Finance and accounting strategy,10.4.2 The use of accounting data and ratio analysis in strategic decision-making: the impact of debt or equity decisions on ratio results,Business,Cambridge Assessment International Education,Cambridge International AS & A Level,A Level,Paper 3 - Business Decision-Making,9609/3,105,60,30
Finance and accounting,Finance and accounting strategy,10.4.2 The use of accounting data and ratio analysis in strategic decision-making: the impact of debt or equity decisions on ratio results,Business,Cambridge Assessment International Education,Cambridge International AS & A Level,A Level,Paper 4 - Business Strategy,9609/4,75,40,20
Finance and accounting,Finance and accounting strategy,10.4.2 The use of accounting data and ratio analysis in strategic decision-making: the impact of changes in dividend strategy on ratio results,Business,Cambridge Assessment International Education,Cambridge International AS & A Level,A Level,Paper 3 - Business Decision-Making,9609/3,105,60,30
Finance and accounting,Finance and accounting strategy,10.4.2 The use of accounting data and ratio analysis in strategic decision-making: the impact of changes in dividend strategy on ratio results,Business,Cambridge Assessment International Education,Cambridge International AS & A Level,A Level,Paper 4 - Business Strategy,9609/4,75,40,20
Finance and accounting,Finance and accounting strategy,10.4.2 The use of accounting data and ratio analysis in strategic decision-making: the impact of business growth on ratio results,Business,Cambridge Assessment International Education,Cambridge International AS & A Level,A Level,Paper 3 - Business Decision-Making,9609/3,105,60,30
Finance and accounting,Finance and accounting strategy,10.4.2 The use of accounting data and ratio analysis in strategic decision-making: the impact of business growth on ratio results,Business,Cambridge Assessment International Education,Cambridge International AS & A Level,A Level,Paper 4 - Business Strategy,9609/4,75,40,20
Finance and accounting,Finance and accounting strategy,10.4.2 The use of accounting data and ratio analysis in strategic decision-making: the impact of other business strategies on ratio results,Business,Cambridge Assessment International Education,Cambridge International AS & A Level,A Level,Paper 3 - Business Decision-Making,9609/3,105,60,30
Finance and accounting,Finance and accounting strategy,10.4.2 The use of accounting data and ratio analysis in strategic decision-making: the impact of other business strategies on ratio results,Business,Cambridge Assessment International Education,Cambridge International AS & A Level,A Level,Paper 4 - Business Strategy,9609/4,75,40,20
Finance and accounting,Finance and accounting strategy,10.4.2 The use of accounting data and ratio analysis in strategic decision-making: the limitations of using published accounts and ratio analyses,Business,Cambridge Assessment International Education,Cambridge International AS & A Level,A Level,Paper 3 - Business Decision-Making,9609/3,105,60,30
Finance and accounting,Finance and accounting strategy,10.4.2 The use of accounting data and ratio analysis in strategic decision-making: the limitations of using published accounts and ratio analyses,Business,Cambridge Assessment International Education,Cambridge International AS & A Level,A Level,Paper 4 - Business Strategy,9609/4,75,40,20
