Main Topic,Subtopic,Learning Outcome,Subject,Exam Board,Qualification,Level,Component Name,Paper Code,Duration (min),Total Marks,Weighting (%)
Information representation,Data Representation,Show understanding of binary magnitudes and the difference between binary prefixes and decimal prefixes,Computer Science,Cambridge Assessment International Education,Cambridge International AS & A Level,AS Level,Paper 1 - Theory Fundamentals,9618/1,90,75,50
Information representation,Data Representation,"Understand the difference between and use: kibi and kilo, mebi and mega, gibi and giga, tebi and tera",Computer Science,Cambridge Assessment International Education,Cambridge International AS & A Level,AS Level,Paper 1 - Theory Fundamentals,9618/1,90,75,50
Information representation,Data Representation,Show understanding of different number systems,Computer Science,Cambridge Assessment International Education,Cambridge International AS & A Level,AS Level,Paper 1 - Theory Fundamentals,9618/1,90,75,50
Information representation,Data Representation,"Use the binary, denary, hexadecimal number bases and Binary Coded Decimal (BCD) and one's and two's complement representation for binary numbers",Computer Science,Cambridge Assessment International Education,Cambridge International AS & A Level,AS Level,Paper 1 - Theory Fundamentals,9618/1,90,75,50
Information representation,Data Representation,Convert an integer value from one number base/ representation to another,Computer Science,Cambridge Assessment International Education,Cambridge International AS & A Level,AS Level,Paper 1 - Theory Fundamentals,9618/1,90,75,50
Information representation,Data Representation,Perform binary addition and subtraction,Computer Science,Cambridge Assessment International Education,Cambridge International AS & A Level,AS Level,Paper 1 - Theory Fundamentals,9618/1,90,75,50
Information representation,Data Representation,Using positive and negative binary integers,Computer Science,Cambridge Assessment International Education,Cambridge International AS & A Level,AS Level,Paper 1 - Theory Fundamentals,9618/1,90,75,50
Information representation,Data Representation,Show understanding of how overflow can occur,Computer Science,Cambridge Assessment International Education,Cambridge International AS & A Level,AS Level,Paper 1 - Theory Fundamentals,9618/1,90,75,50
Information representation,Data Representation,Describe practical applications where Binary Coded Decimal (BCD) and Hexadecimal are used,Computer Science,Cambridge Assessment International Education,Cambridge International AS & A Level,AS Level,Paper 1 - Theory Fundamentals,9618/1,90,75,50
Information representation,Data Representation,"Show understanding of and be able to represent character data in its internal binary form, depending on the character set used",Computer Science,Cambridge Assessment International Education,Cambridge International AS & A Level,AS Level,Paper 1 - Theory Fundamentals,9618/1,90,75,50
Information representation,Data Representation,"Students are expected to be familiar with ASCII (American Standard Code for Information Interchange), extended ASCII and Unicode",Computer Science,Cambridge Assessment International Education,Cambridge International AS & A Level,AS Level,Paper 1 - Theory Fundamentals,9618/1,90,75,50
Information representation,Multimedia Graphics,Show understanding of how data for a bitmap image are encoded,Computer Science,Cambridge Assessment International Education,Cambridge International AS & A Level,AS Level,Paper 1 - Theory Fundamentals,9618/1,90,75,50
Information representation,Multimedia Graphics,"Use and understand the terms: pixel, file header, image resolution, screen resolution, colour depth/ bit depth",Computer Science,Cambridge Assessment International Education,Cambridge International AS & A Level,AS Level,Paper 1 - Theory Fundamentals,9618/1,90,75,50
Information representation,Multimedia Graphics,Perform calculations to estimate the file size for a bitmap image,Computer Science,Cambridge Assessment International Education,Cambridge International AS & A Level,AS Level,Paper 1 - Theory Fundamentals,9618/1,90,75,50
Information representation,Multimedia Graphics,Show understanding of the effects of changing elements of a bitmap image on the image quality and file size,Computer Science,Cambridge Assessment International Education,Cambridge International AS & A Level,AS Level,Paper 1 - Theory Fundamentals,9618/1,90,75,50
Information representation,Multimedia Graphics,Show understanding of how data for a vector graphic are encoded,Computer Science,Cambridge Assessment International Education,Cambridge International AS & A Level,AS Level,Paper 1 - Theory Fundamentals,9618/1,90,75,50
Information representation,Multimedia Graphics,"Use the terms: drawing object, property, drawing list",Computer Science,Cambridge Assessment International Education,Cambridge International AS & A Level,AS Level,Paper 1 - Theory Fundamentals,9618/1,90,75,50
Information representation,Multimedia Graphics,Justify the use of a bitmap image or a vector graphic for a given task,Computer Science,Cambridge Assessment International Education,Cambridge International AS & A Level,AS Level,Paper 1 - Theory Fundamentals,9618/1,90,75,50
Information representation,Sound,Show understanding of how sound is represented and encoded,Computer Science,Cambridge Assessment International Education,Cambridge International AS & A Level,AS Level,Paper 1 - Theory Fundamentals,9618/1,90,75,50
Information representation,Sound,"Use the terms: sampling, sampling rate, sampling resolution, analogue and digital data",Computer Science,Cambridge Assessment International Education,Cambridge International AS & A Level,AS Level,Paper 1 - Theory Fundamentals,9618/1,90,75,50
Information representation,Sound,Show understanding of the impact of changing the sampling rate and resolution,Computer Science,Cambridge Assessment International Education,Cambridge International AS & A Level,AS Level,Paper 1 - Theory Fundamentals,9618/1,90,75,50
Information representation,Sound,Including the impact on file size and accuracy,Computer Science,Cambridge Assessment International Education,Cambridge International AS & A Level,AS Level,Paper 1 - Theory Fundamentals,9618/1,90,75,50
Information representation,Compression,Show understanding of the need for and examples of the use of compression,Computer Science,Cambridge Assessment International Education,Cambridge International AS & A Level,AS Level,Paper 1 - Theory Fundamentals,9618/1,90,75,50
Information representation,Compression,Show understanding of lossy and lossless compression and justify the use of a method in a given situation,Computer Science,Cambridge Assessment International Education,Cambridge International AS & A Level,AS Level,Paper 1 - Theory Fundamentals,9618/1,90,75,50
Information representation,Compression,"Show understanding of how a text file, bitmap image, vector graphic and sound file can be compressed",Computer Science,Cambridge Assessment International Education,Cambridge International AS & A Level,AS Level,Paper 1 - Theory Fundamentals,9618/1,90,75,50
Information representation,Compression,Including the use of run-length encoding (RLE),Computer Science,Cambridge Assessment International Education,Cambridge International AS & A Level,AS Level,Paper 1 - Theory Fundamentals,9618/1,90,75,50
Communication,Networks including the internet,Show understanding of the purpose and benefits of networking devices,Computer Science,Cambridge Assessment International Education,Cambridge International AS & A Level,AS Level,Paper 1 - Theory Fundamentals,9618/1,90,75,50
Communication,Networks including the internet,Show understanding of the characteristics of a LAN (local area network) and a WAN (wide area network),Computer Science,Cambridge Assessment International Education,Cambridge International AS & A Level,AS Level,Paper 1 - Theory Fundamentals,9618/1,90,75,50
Communication,Networks including the internet,Explain the client-server and peer-to-peer models of networked computers,Computer Science,Cambridge Assessment International Education,Cambridge International AS & A Level,AS Level,Paper 1 - Theory Fundamentals,9618/1,90,75,50
Communication,Networks including the internet,Roles of the different computers within the network and subnetwork models,Computer Science,Cambridge Assessment International Education,Cambridge International AS & A Level,AS Level,Paper 1 - Theory Fundamentals,9618/1,90,75,50
Communication,Networks including the internet,Benefits and drawbacks of each model,Computer Science,Cambridge Assessment International Education,Cambridge International AS & A Level,AS Level,Paper 1 - Theory Fundamentals,9618/1,90,75,50
Communication,Networks including the internet,Justify the use of a model for a given situation,Computer Science,Cambridge Assessment International Education,Cambridge International AS & A Level,AS Level,Paper 1 - Theory Fundamentals,9618/1,90,75,50
Communication,Networks including the internet,Show understanding of thin-client and thick-client and the differences between them,Computer Science,Cambridge Assessment International Education,Cambridge International AS & A Level,AS Level,Paper 1 - Theory Fundamentals,9618/1,90,75,50
Communication,Networks including the internet,"Show understanding of the bus, star, mesh and hybrid topologies",Computer Science,Cambridge Assessment International Education,Cambridge International AS & A Level,AS Level,Paper 1 - Theory Fundamentals,9618/1,90,75,50
Communication,Networks including the internet,Understand how packets are transmitted between two hosts for a given topology,Computer Science,Cambridge Assessment International Education,Cambridge International AS & A Level,AS Level,Paper 1 - Theory Fundamentals,9618/1,90,75,50
Communication,Networks including the internet,Justify the use of a topology for a given situation,Computer Science,Cambridge Assessment International Education,Cambridge International AS & A Level,AS Level,Paper 1 - Theory Fundamentals,9618/1,90,75,50
Communication,Networks including the internet,Show understanding of cloud computing,Computer Science,Cambridge Assessment International Education,Cambridge International AS & A Level,AS Level,Paper 1 - Theory Fundamentals,9618/1,90,75,50
Communication,Networks including the internet,Including the use of public and private clouds,Computer Science,Cambridge Assessment International Education,Cambridge International AS & A Level,AS Level,Paper 1 - Theory Fundamentals,9618/1,90,75,50
Communication,Networks including the internet,Benefits and drawbacks of cloud computing,Computer Science,Cambridge Assessment International Education,Cambridge International AS & A Level,AS Level,Paper 1 - Theory Fundamentals,9618/1,90,75,50
Communication,Networks including the internet,Show understanding of the differences between and implications of the use of wireless and wired networks,Computer Science,Cambridge Assessment International Education,Cambridge International AS & A Level,AS Level,Paper 1 - Theory Fundamentals,9618/1,90,75,50
Communication,Networks including the internet,"Describe the characteristics of copper cable, fibre-optic cable, radio waves (including WiFi), microwaves, satellites",Computer Science,Cambridge Assessment International Education,Cambridge International AS & A Level,AS Level,Paper 1 - Theory Fundamentals,9618/1,90,75,50
Communication,Networks including the internet,Describe the hardware that is used to support a LAN,Computer Science,Cambridge Assessment International Education,Cambridge International AS & A Level,AS Level,Paper 1 - Theory Fundamentals,9618/1,90,75,50
Communication,Networks including the internet,Describe the role and function of a router in a network,Computer Science,Cambridge Assessment International Education,Cambridge International AS & A Level,AS Level,Paper 1 - Theory Fundamentals,9618/1,90,75,50
Communication,Networks including the internet,Show understanding of Ethernet and how collisions are detected and avoided,Computer Science,Cambridge Assessment International Education,Cambridge International AS & A Level,AS Level,Paper 1 - Theory Fundamentals,9618/1,90,75,50
Communication,Networks including the internet,Including Carrier Sense Multiple Access/Collision Detection (CSMA/CD),Computer Science,Cambridge Assessment International Education,Cambridge International AS & A Level,AS Level,Paper 1 - Theory Fundamentals,9618/1,90,75,50
Communication,Networks including the internet,Show understanding of bit streaming,Computer Science,Cambridge Assessment International Education,Cambridge International AS & A Level,AS Level,Paper 1 - Theory Fundamentals,9618/1,90,75,50
Communication,Networks including the internet,"Methods of bit streaming, i.e. real-time and on-demand",Computer Science,Cambridge Assessment International Education,Cambridge International AS & A Level,AS Level,Paper 1 - Theory Fundamentals,9618/1,90,75,50
Communication,Networks including the internet,Importance of bit rates broadband speed on bit streaming,Computer Science,Cambridge Assessment International Education,Cambridge International AS & A Level,AS Level,Paper 1 - Theory Fundamentals,9618/1,90,75,50
Communication,Networks including the internet,Show understanding of the differences between the World Wide Web (WWW) and the internet,Computer Science,Cambridge Assessment International Education,Cambridge International AS & A Level,AS Level,Paper 1 - Theory Fundamentals,9618/1,90,75,50
Communication,Networks including the internet,Describe the hardware that is used to support the internet,Computer Science,Cambridge Assessment International Education,Cambridge International AS & A Level,AS Level,Paper 1 - Theory Fundamentals,9618/1,90,75,50
Communication,Networks including the internet,"Including modems, PSTN (Public Switched Telephone Network), dedicated lines, cell phone network",Computer Science,Cambridge Assessment International Education,Cambridge International AS & A Level,AS Level,Paper 1 - Theory Fundamentals,9618/1,90,75,50
Communication,Networks including the internet,Explain the use of IP addresses in the transmission of data over the internet,Computer Science,Cambridge Assessment International Education,Cambridge International AS & A Level,AS Level,Paper 1 - Theory Fundamentals,9618/1,90,75,50
Communication,Networks including the internet,Explain how a Uniform Resource Locator (URL) is used to locate a resource on the World Wide Web (WWW) and the role of the Domain Name Service (DNS),Computer Science,Cambridge Assessment International Education,Cambridge International AS & A Level,AS Level,Paper 1 - Theory Fundamentals,9618/1,90,75,50
Hardware,Computers and their components,"Show understanding of the need for input, output, primary memory and secondary (including removable) storage",Computer Science,Cambridge Assessment International Education,Cambridge International AS & A Level,AS Level,Paper 1 - Theory Fundamentals,9618/1,90,75,50
Hardware,Computers and their components,Show understanding of embedded systems,Computer Science,Cambridge Assessment International Education,Cambridge International AS & A Level,AS Level,Paper 1 - Theory Fundamentals,9618/1,90,75,50
Hardware,Computers and their components,Including: benefits and drawbacks of embedded systems,Computer Science,Cambridge Assessment International Education,Cambridge International AS & A Level,AS Level,Paper 1 - Theory Fundamentals,9618/1,90,75,50
Hardware,Computers and their components,Describe the principal operations of hardware devices,Computer Science,Cambridge Assessment International Education,Cambridge International AS & A Level,AS Level,Paper 1 - Theory Fundamentals,9618/1,90,75,50
Hardware,Computers and their components,"Including: Laser printer, 3D printer, microphone, speakers, magnetic hard disk, solid state (flash) memory, optical disc reader/writer, touchscreen, virtual reality headset",Computer Science,Cambridge Assessment International Education,Cambridge International AS & A Level,AS Level,Paper 1 - Theory Fundamentals,9618/1,90,75,50
Hardware,Computers and their components,Show understanding of the use of buffers,Computer Science,Cambridge Assessment International Education,Cambridge International AS & A Level,AS Level,Paper 1 - Theory Fundamentals,9618/1,90,75,50
Hardware,Computers and their components,Explain the differences between Random Access Memory (RAM) and Read Only Memory (ROM),Computer Science,Cambridge Assessment International Education,Cambridge International AS & A Level,AS Level,Paper 1 - Theory Fundamentals,9618/1,90,75,50
Hardware,Computers and their components,Explain the differences between Static RAM (SRAM) and Dynamic RAM (DRAM),Computer Science,Cambridge Assessment International Education,Cambridge International AS & A Level,AS Level,Paper 1 - Theory Fundamentals,9618/1,90,75,50
Hardware,Computers and their components,Including the use of SRAM and DRAM in a range of devices and systems and the reasons for using one instead of the other depending on the device and its use,Computer Science,Cambridge Assessment International Education,Cambridge International AS & A Level,AS Level,Paper 1 - Theory Fundamentals,9618/1,90,75,50
Hardware,Computers and their components,"Explain the difference between Programmable ROM (PROM), Erasable Programmable ROM (EPROM) and Electrically Erasable Programmable ROM (EEPROM)",Computer Science,Cambridge Assessment International Education,Cambridge International AS & A Level,AS Level,Paper 1 - Theory Fundamentals,9618/1,90,75,50
Hardware,Computers and their components,Show an understanding of monitoring and control systems,Computer Science,Cambridge Assessment International Education,Cambridge International AS & A Level,AS Level,Paper 1 - Theory Fundamentals,9618/1,90,75,50
Hardware,Computers and their components,"Including: difference between monitoring and control, use of sensors (including temperature, pressure, infra-red, sound) and actuators, importance of feedback",Computer Science,Cambridge Assessment International Education,Cambridge International AS & A Level,AS Level,Paper 1 - Theory Fundamentals,9618/1,90,75,50
Hardware,Logic Gates and Logic Circuits,Use the following logic gate symbols,Computer Science,Cambridge Assessment International Education,Cambridge International AS & A Level,AS Level,Paper 1 - Theory Fundamentals,9618/1,90,75,50
Hardware,Logic Gates and Logic Circuits,"Understand and define the functions of : NOT, AND, OR, NAND, NOR and XOR (EOR) gates",Computer Science,Cambridge Assessment International Education,Cambridge International AS & A Level,AS Level,Paper 1 - Theory Fundamentals,9618/1,90,75,50
Hardware,Logic Gates and Logic Circuits,Construct the truth table for each of the logic gates above,Computer Science,Cambridge Assessment International Education,Cambridge International AS & A Level,AS Level,Paper 1 - Theory Fundamentals,9618/1,90,75,50
Hardware,Logic Gates and Logic Circuits,Construct a logic circuit,Computer Science,Cambridge Assessment International Education,Cambridge International AS & A Level,AS Level,Paper 1 - Theory Fundamentals,9618/1,90,75,50
Hardware,Logic Gates and Logic Circuits,"From: a problem statement, a logic expression, a truth table",Computer Science,Cambridge Assessment International Education,Cambridge International AS & A Level,AS Level,Paper 1 - Theory Fundamentals,9618/1,90,75,50
Hardware,Logic Gates and Logic Circuits,Construct a truth table,Computer Science,Cambridge Assessment International Education,Cambridge International AS & A Level,AS Level,Paper 1 - Theory Fundamentals,9618/1,90,75,50
Hardware,Logic Gates and Logic Circuits,"From: a problem statement, a logic circuit, a logic expression",Computer Science,Cambridge Assessment International Education,Cambridge International AS & A Level,AS Level,Paper 1 - Theory Fundamentals,9618/1,90,75,50
Hardware,Logic Gates and Logic Circuits,Construct a logic expression,Computer Science,Cambridge Assessment International Education,Cambridge International AS & A Level,AS Level,Paper 1 - Theory Fundamentals,9618/1,90,75,50
Hardware,Logic Gates and Logic Circuits,"From: a problem statement, a logic circuit, a truth table",Computer Science,Cambridge Assessment International Education,Cambridge International AS & A Level,AS Level,Paper 1 - Theory Fundamentals,9618/1,90,75,50
Processor Fundamentals,Central Processing Unit (CPU) Architecture,Show understanding of the basic Von Neumann model for a computer system and the stored program concept,Computer Science,Cambridge Assessment International Education,Cambridge International AS & A Level,AS Level,Paper 1 - Theory Fundamentals,9618/1,90,75,50
Processor Fundamentals,Central Processing Unit (CPU) Architecture,"Show understanding of the purpose and role of registers, including the difference between general purpose and special purpose registers",Computer Science,Cambridge Assessment International Education,Cambridge International AS & A Level,AS Level,Paper 1 - Theory Fundamentals,9618/1,90,75,50
Processor Fundamentals,Central Processing Unit (CPU) Architecture,"Special purpose registers including: Program Counter (PC), Memory Data Register (MDR), Memory Address Register (MAR), The Accumulator (ACC), Index Register (IX), Current Instruction Register (CIR), Status Register",Computer Science,Cambridge Assessment International Education,Cambridge International AS & A Level,AS Level,Paper 1 - Theory Fundamentals,9618/1,90,75,50
Processor Fundamentals,Central Processing Unit (CPU) Architecture,"Show understanding of the purpose and roles of the Arithmetic and Logic Unit (ALU), Control Unit (CU) and system clock, Immediate Access Store (IAS)",Computer Science,Cambridge Assessment International Education,Cambridge International AS & A Level,AS Level,Paper 1 - Theory Fundamentals,9618/1,90,75,50
Processor Fundamentals,Central Processing Unit (CPU) Architecture,"Show understanding of how data are transferred between various components of the computer system using the address bus, data bus and control bus",Computer Science,Cambridge Assessment International Education,Cambridge International AS & A Level,AS Level,Paper 1 - Theory Fundamentals,9618/1,90,75,50
Processor Fundamentals,Central Processing Unit (CPU) Architecture,Show understanding of how factors contribute to the performance of the computer system,Computer Science,Cambridge Assessment International Education,Cambridge International AS & A Level,AS Level,Paper 1 - Theory Fundamentals,9618/1,90,75,50
Processor Fundamentals,Central Processing Unit (CPU) Architecture,"Including: processor type and number of cores, the bus width, clock speed, cache memory",Computer Science,Cambridge Assessment International Education,Cambridge International AS & A Level,AS Level,Paper 1 - Theory Fundamentals,9618/1,90,75,50
Processor Fundamentals,Central Processing Unit (CPU) Architecture,Understand how different ports provide connection to peripheral devices,Computer Science,Cambridge Assessment International Education,Cambridge International AS & A Level,AS Level,Paper 1 - Theory Fundamentals,9618/1,90,75,50
Processor Fundamentals,Central Processing Unit (CPU) Architecture,"Including connection to: Universal Serial Bus (USB), High Definition Multimedia Interface (HDMI), Video Graphics Array (VGA)",Computer Science,Cambridge Assessment International Education,Cambridge International AS & A Level,AS Level,Paper 1 - Theory Fundamentals,9618/1,90,75,50
Processor Fundamentals,Central Processing Unit (CPU) Architecture,Describe the stages of the Fetch-Execute (F-E) cycle,Computer Science,Cambridge Assessment International Education,Cambridge International AS & A Level,AS Level,Paper 1 - Theory Fundamentals,9618/1,90,75,50
Processor Fundamentals,Central Processing Unit (CPU) Architecture,Describe and use 'register transfer' notation to describe the F-E cycle,Computer Science,Cambridge Assessment International Education,Cambridge International AS & A Level,AS Level,Paper 1 - Theory Fundamentals,9618/1,90,75,50
Processor Fundamentals,Central Processing Unit (CPU) Architecture,Show understanding of the purpose of interrupts,Computer Science,Cambridge Assessment International Education,Cambridge International AS & A Level,AS Level,Paper 1 - Theory Fundamentals,9618/1,90,75,50
Processor Fundamentals,Central Processing Unit (CPU) Architecture,"Including: possible causes of interrupts, applications of interrupts, use of an Interrupt Service handling Routine (ISR) when interrupts are detected during the fetch-execute cycle, how interrupts are handled",Computer Science,Cambridge Assessment International Education,Cambridge International AS & A Level,AS Level,Paper 1 - Theory Fundamentals,9618/1,90,75,50
Processor Fundamentals,Assembly Language,Show understanding of the relationship between assembly language and machine code,Computer Science,Cambridge Assessment International Education,Cambridge International AS & A Level,AS Level,Paper 1 - Theory Fundamentals,9618/1,90,75,50
Processor Fundamentals,Assembly Language,Describe the different stages of the assembly process for a two-pass assembler,Computer Science,Cambridge Assessment International Education,Cambridge International AS & A Level,AS Level,Paper 1 - Theory Fundamentals,9618/1,90,75,50
Processor Fundamentals,Assembly Language,Trace a given simple assembly language program,Computer Science,Cambridge Assessment International Education,Cambridge International AS & A Level,AS Level,Paper 1 - Theory Fundamentals,9618/1,90,75,50
Processor Fundamentals,Assembly Language,Show understanding that a set of instructions are grouped,Computer Science,Cambridge Assessment International Education,Cambridge International AS & A Level,AS Level,Paper 1 - Theory Fundamentals,9618/1,90,75,50
Processor Fundamentals,Assembly Language,"Including the following groups: Data movement, Input and output of data, Arithmetic operations, Unconditional and conditional instructions, Compare instructions",Computer Science,Cambridge Assessment International Education,Cambridge International AS & A Level,AS Level,Paper 1 - Theory Fundamentals,9618/1,90,75,50
Processor Fundamentals,Assembly Language,Apply the two-pass assembler process to a given simple assembly language program,Computer Science,Cambridge Assessment International Education,Cambridge International AS & A Level,AS Level,Paper 1 - Theory Fundamentals,9618/1,90,75,50
Processor Fundamentals,Assembly Language,Show understanding of and be able to use different modes of addressing,Computer Science,Cambridge Assessment International Education,Cambridge International AS & A Level,AS Level,Paper 1 - Theory Fundamentals,9618/1,90,75,50
Processor Fundamentals,Assembly Language,"Including immediate, direct, indirect, indexed, relative",Computer Science,Cambridge Assessment International Education,Cambridge International AS & A Level,AS Level,Paper 1 - Theory Fundamentals,9618/1,90,75,50
Processor Fundamentals,Bit manipulation,Show understanding of and perform binary shifts,Computer Science,Cambridge Assessment International Education,Cambridge International AS & A Level,AS Level,Paper 1 - Theory Fundamentals,9618/1,90,75,50
Processor Fundamentals,Bit manipulation,"Logical, arithmetic and cyclic",Computer Science,Cambridge Assessment International Education,Cambridge International AS & A Level,AS Level,Paper 1 - Theory Fundamentals,9618/1,90,75,50
Processor Fundamentals,Bit manipulation,"Left shift, right shift",Computer Science,Cambridge Assessment International Education,Cambridge International AS & A Level,AS Level,Paper 1 - Theory Fundamentals,9618/1,90,75,50
Processor Fundamentals,Bit manipulation,Show understanding of how bit manipulation can be used to monitor/control a device,Computer Science,Cambridge Assessment International Education,Cambridge International AS & A Level,AS Level,Paper 1 - Theory Fundamentals,9618/1,90,75,50
Processor Fundamentals,Bit manipulation,Carry out bit manipulation operations,Computer Science,Cambridge Assessment International Education,Cambridge International AS & A Level,AS Level,Paper 1 - Theory Fundamentals,9618/1,90,75,50
Processor Fundamentals,Bit manipulation,Test and set a bit (using bit masking),Computer Science,Cambridge Assessment International Education,Cambridge International AS & A Level,AS Level,Paper 1 - Theory Fundamentals,9618/1,90,75,50
System Software,Operating Systems,Explain why a computer system requires an Operating System (OS),Computer Science,Cambridge Assessment International Education,Cambridge International AS & A Level,AS Level,Paper 1 - Theory Fundamentals,9618/1,90,75,50
System Software,Operating Systems,Explain the key management tasks carried out by the Operating System,Computer Science,Cambridge Assessment International Education,Cambridge International AS & A Level,AS Level,Paper 1 - Theory Fundamentals,9618/1,90,75,50
System Software,Operating Systems,"Including memory management, file management, security management, hardware management (input/output/peripherals), process management",Computer Science,Cambridge Assessment International Education,Cambridge International AS & A Level,AS Level,Paper 1 - Theory Fundamentals,9618/1,90,75,50
System Software,Operating Systems,Show understanding of the need for typical utility software provided with an Operating System,Computer Science,Cambridge Assessment International Education,Cambridge International AS & A Level,AS Level,Paper 1 - Theory Fundamentals,9618/1,90,75,50
System Software,Operating Systems,"Including disk formatter, virus checker, defragmentation software, disk contents analysis/ disk repair software, file compression, back-up software",Computer Science,Cambridge Assessment International Education,Cambridge International AS & A Level,AS Level,Paper 1 - Theory Fundamentals,9618/1,90,75,50
System Software,Operating Systems,Show understanding of program libraries,Computer Science,Cambridge Assessment International Education,Cambridge International AS & A Level,AS Level,Paper 1 - Theory Fundamentals,9618/1,90,75,50
System Software,Operating Systems,"Including: software under development is often constructed using existing code from program libraries, the benefits to the developer of software constructed using library files, including Dynamic Link Library (DLL) files",Computer Science,Cambridge Assessment International Education,Cambridge International AS & A Level,AS Level,Paper 1 - Theory Fundamentals,9618/1,90,75,50
System Software,Language Translators,"Show understanding of the need for: assembler software for the translation of an assembly language program, a compiler for the translation of a high-level language program, an interpreter for translation and execution of a high-level language program",Computer Science,Cambridge Assessment International Education,Cambridge International AS & A Level,AS Level,Paper 1 - Theory Fundamentals,9618/1,90,75,50
System Software,Language Translators,Explain the benefits and drawbacks of using either a compiler or interpreter and justify the use of each,Computer Science,Cambridge Assessment International Education,Cambridge International AS & A Level,AS Level,Paper 1 - Theory Fundamentals,9618/1,90,75,50
System Software,Language Translators,"Show awareness that high-level language programs may be partially compiled and partially interpreted, such as Java (console mode)",Computer Science,Cambridge Assessment International Education,Cambridge International AS & A Level,AS Level,Paper 1 - Theory Fundamentals,9618/1,90,75,50
System Software,Language Translators,Describe features found in a typical Integrated Development Environment (IDE),Computer Science,Cambridge Assessment International Education,Cambridge International AS & A Level,AS Level,Paper 1 - Theory Fundamentals,9618/1,90,75,50
System Software,Language Translators,"Including: for coding, including context-sensitive prompts; for initial error detection, including dynamic syntax checks; for presentation, including prettyprint, expand and collapse code blocks; for debugging, including single stepping, breakpoints, i.e. variables, expressions, report window",Computer Science,Cambridge Assessment International Education,Cambridge International AS & A Level,AS Level,Paper 1 - Theory Fundamentals,9618/1,90,75,50
"Security, privacy and data integrity",Data Security,"Explain the difference between the terms security, privacy and integrity of data",Computer Science,Cambridge Assessment International Education,Cambridge International AS & A Level,AS Level,Paper 1 - Theory Fundamentals,9618/1,90,75,50
"Security, privacy and data integrity",Data Security,Show appreciation of the need for both the security of data and the security of the computer system,Computer Science,Cambridge Assessment International Education,Cambridge International AS & A Level,AS Level,Paper 1 - Theory Fundamentals,9618/1,90,75,50
"Security, privacy and data integrity",Data Security,"Describe security measures designed to protect computer systems, ranging from the stand-alone PC to a network of computers",Computer Science,Cambridge Assessment International Education,Cambridge International AS & A Level,AS Level,Paper 1 - Theory Fundamentals,9618/1,90,75,50
"Security, privacy and data integrity",Data Security,"Including user accounts, passwords, authentication techniques such as digital signatures and biometrics, firewall, anti-virus software, anti-spyware, encryption",Computer Science,Cambridge Assessment International Education,Cambridge International AS & A Level,AS Level,Paper 1 - Theory Fundamentals,9618/1,90,75,50
"Security, privacy and data integrity",Data Security,Show understanding of the threats to computer and data security posed by networks and the internet,Computer Science,Cambridge Assessment International Education,Cambridge International AS & A Level,AS Level,Paper 1 - Theory Fundamentals,9618/1,90,75,50
"Security, privacy and data integrity",Data Security,"Including malware (virus, spyware), hackers, phishing, pharming",Computer Science,Cambridge Assessment International Education,Cambridge International AS & A Level,AS Level,Paper 1 - Theory Fundamentals,9618/1,90,75,50
"Security, privacy and data integrity",Data Security,Describe methods that can be used to restrict the risks posed by threats,Computer Science,Cambridge Assessment International Education,Cambridge International AS & A Level,AS Level,Paper 1 - Theory Fundamentals,9618/1,90,75,50
"Security, privacy and data integrity",Data Security,Describe security methods designed to protect the security of data,Computer Science,Cambridge Assessment International Education,Cambridge International AS & A Level,AS Level,Paper 1 - Theory Fundamentals,9618/1,90,75,50
"Security, privacy and data integrity",Data Security,"Including encryption, access rights",Computer Science,Cambridge Assessment International Education,Cambridge International AS & A Level,AS Level,Paper 1 - Theory Fundamentals,9618/1,90,75,50
"Security, privacy and data integrity",Data Integrity,Describe how data validation and data verification help protect the integrity of data,Computer Science,Cambridge Assessment International Education,Cambridge International AS & A Level,AS Level,Paper 1 - Theory Fundamentals,9618/1,90,75,50
"Security, privacy and data integrity",Data Integrity,Describe and use methods of data validation,Computer Science,Cambridge Assessment International Education,Cambridge International AS & A Level,AS Level,Paper 1 - Theory Fundamentals,9618/1,90,75,50
"Security, privacy and data integrity",Data Integrity,"Including range check, format check, length check, presence check, existence check, limit check, check digit",Computer Science,Cambridge Assessment International Education,Cambridge International AS & A Level,AS Level,Paper 1 - Theory Fundamentals,9618/1,90,75,50
"Security, privacy and data integrity",Data Integrity,Describe and use methods of data verification during data entry and data transfer,Computer Science,Cambridge Assessment International Education,Cambridge International AS & A Level,AS Level,Paper 1 - Theory Fundamentals,9618/1,90,75,50
"Security, privacy and data integrity",Data Integrity,"During data entry including visual check, double entry",Computer Science,Cambridge Assessment International Education,Cambridge International AS & A Level,AS Level,Paper 1 - Theory Fundamentals,9618/1,90,75,50
"Security, privacy and data integrity",Data Integrity,"During data transfer including parity check (byte and block), checksum",Computer Science,Cambridge Assessment International Education,Cambridge International AS & A Level,AS Level,Paper 1 - Theory Fundamentals,9618/1,90,75,50
Ethics and Ownership,Ethics and Ownership,Show understanding of the need for and purpose of ethics as a computing professional,Computer Science,Cambridge Assessment International Education,Cambridge International AS & A Level,AS Level,Paper 1 - Theory Fundamentals,9618/1,90,75,50
Ethics and Ownership,Ethics and Ownership,"Understand the importance of joining a professional ethical body including BCS (British Computer Society), IEEE (Institute of Electrical and Electronic Engineers)",Computer Science,Cambridge Assessment International Education,Cambridge International AS & A Level,AS Level,Paper 1 - Theory Fundamentals,9618/1,90,75,50
Ethics and Ownership,Ethics and Ownership,Show understanding of the need to act ethically and the impact of acting ethically or unethically for a given situation,Computer Science,Cambridge Assessment International Education,Cambridge International AS & A Level,AS Level,Paper 1 - Theory Fundamentals,9618/1,90,75,50
Ethics and Ownership,Ethics and Ownership,Show understanding of the need for copyright legislation,Computer Science,Cambridge Assessment International Education,Cambridge International AS & A Level,AS Level,Paper 1 - Theory Fundamentals,9618/1,90,75,50
Ethics and Ownership,Ethics and Ownership,Show understanding of the different types of software licencing and justify the use of a licence for a given situation,Computer Science,Cambridge Assessment International Education,Cambridge International AS & A Level,AS Level,Paper 1 - Theory Fundamentals,9618/1,90,75,50
Ethics and Ownership,Ethics and Ownership,"Licences to include free Software Foundation, the Open Source Initiative, shareware and commercial software",Computer Science,Cambridge Assessment International Education,Cambridge International AS & A Level,AS Level,Paper 1 - Theory Fundamentals,9618/1,90,75,50
Ethics and Ownership,Ethics and Ownership,Show understanding of Artificial Intelligence (AI),Computer Science,Cambridge Assessment International Education,Cambridge International AS & A Level,AS Level,Paper 1 - Theory Fundamentals,9618/1,90,75,50
Ethics and Ownership,Ethics and Ownership,"Understand the impact of AI including social, economic and environmental issues",Computer Science,Cambridge Assessment International Education,Cambridge International AS & A Level,AS Level,Paper 1 - Theory Fundamentals,9618/1,90,75,50
Ethics and Ownership,Ethics and Ownership,Understand the applications of AI,Computer Science,Cambridge Assessment International Education,Cambridge International AS & A Level,AS Level,Paper 1 - Theory Fundamentals,9618/1,90,75,50
Databases,Database Concepts,Show understanding of the limitations of using a file-based approach for the storage and retrieval of data,Computer Science,Cambridge Assessment International Education,Cambridge International AS & A Level,AS Level,Paper 1 - Theory Fundamentals,9618/1,90,75,50
Databases,Database Concepts,Describe the features of a relational database that address the limitations of a file-based approach,Computer Science,Cambridge Assessment International Education,Cambridge International AS & A Level,AS Level,Paper 1 - Theory Fundamentals,9618/1,90,75,50
Databases,Database Concepts,Show understanding of and use the terminology associated with a relational database model,Computer Science,Cambridge Assessment International Education,Cambridge International AS & A Level,AS Level,Paper 1 - Theory Fundamentals,9618/1,90,75,50
Databases,Database Concepts,"Including entity, table, record, field, tuple, attribute, primary key, candidate key, secondary key, foreign key, relationship (one-to-many, one-to-one, many-to-many), referential integrity, indexing",Computer Science,Cambridge Assessment International Education,Cambridge International AS & A Level,AS Level,Paper 1 - Theory Fundamentals,9618/1,90,75,50
Databases,Database Concepts,Use an entity-relationship (E-R) diagram to document a database design,Computer Science,Cambridge Assessment International Education,Cambridge International AS & A Level,AS Level,Paper 1 - Theory Fundamentals,9618/1,90,75,50
Databases,Database Concepts,Show understanding of the normalisation process,Computer Science,Cambridge Assessment International Education,Cambridge International AS & A Level,AS Level,Paper 1 - Theory Fundamentals,9618/1,90,75,50
Databases,Database Concepts,"Explain why a given set of database tables are, or are not, in 3NF",Computer Science,Cambridge Assessment International Education,Cambridge International AS & A Level,AS Level,Paper 1 - Theory Fundamentals,9618/1,90,75,50
Databases,Database Concepts,"Produce a normalised database design for a description of a database, a given set of data, or a given set of tables",Computer Science,Cambridge Assessment International Education,Cambridge International AS & A Level,AS Level,Paper 1 - Theory Fundamentals,9618/1,90,75,50
Databases,Database Concepts,"First Normal Form (1NF), Second Normal Form (2NF) and Third Normal Form (3NF)",Computer Science,Cambridge Assessment International Education,Cambridge International AS & A Level,AS Level,Paper 1 - Theory Fundamentals,9618/1,90,75,50
Databases,Database Management Systems (DBMS),Show understanding of the features provided by a Database Management System (DBMS) that address the issues of a file based approach,Computer Science,Cambridge Assessment International Education,Cambridge International AS & A Level,AS Level,Paper 1 - Theory Fundamentals,9618/1,90,75,50
Databases,Database Management Systems (DBMS),"Including: data management, including maintaining a data dictionary; data modelling; logical schema; data integrity; data security, including backup procedures and the use of access rights to individuals / groups of users",Computer Science,Cambridge Assessment International Education,Cambridge International AS & A Level,AS Level,Paper 1 - Theory Fundamentals,9618/1,90,75,50
Databases,Database Management Systems (DBMS),Show understanding of how software tools found within a DBMS are used in practice,Computer Science,Cambridge Assessment International Education,Cambridge International AS & A Level,AS Level,Paper 1 - Theory Fundamentals,9618/1,90,75,50
Databases,Database Management Systems (DBMS),"Including the use and purpose of: developer interface, query processor",Computer Science,Cambridge Assessment International Education,Cambridge International AS & A Level,AS Level,Paper 1 - Theory Fundamentals,9618/1,90,75,50
Databases,Data Definition Language (DDL) and Data Manipulation Language (DML),Show understanding that the DBMS carries out all creation/modification of the database structure using its Data Definition Language (DDL),Computer Science,Cambridge Assessment International Education,Cambridge International AS & A Level,AS Level,Paper 1 - Theory Fundamentals,9618/1,90,75,50
Databases,Data Definition Language (DDL) and Data Manipulation Language (DML),Show understanding that the DBMS carries out all queries and maintenance of data using its DML,Computer Science,Cambridge Assessment International Education,Cambridge International AS & A Level,AS Level,Paper 1 - Theory Fundamentals,9618/1,90,75,50
Databases,Data Definition Language (DDL) and Data Manipulation Language (DML),Show understanding that the industry standard for both DDL and DML is Structured Query Language (SQL),Computer Science,Cambridge Assessment International Education,Cambridge International AS & A Level,AS Level,Paper 1 - Theory Fundamentals,9618/1,90,75,50
Databases,Data Definition Language (DDL) and Data Manipulation Language (DML),Understand given SQL (DDL) statements and be able to write simple SQL (DDL) statements using a sub-set of statements,Computer Science,Cambridge Assessment International Education,Cambridge International AS & A Level,AS Level,Paper 1 - Theory Fundamentals,9618/1,90,75,50
Databases,Data Definition Language (DDL) and Data Manipulation Language (DML),Understand a given SQL statement,Computer Science,Cambridge Assessment International Education,Cambridge International AS & A Level,AS Level,Paper 1 - Theory Fundamentals,9618/1,90,75,50
Databases,Data Definition Language (DDL) and Data Manipulation Language (DML),Create a database (CREATE DATABASE),Computer Science,Cambridge Assessment International Education,Cambridge International AS & A Level,AS Level,Paper 1 - Theory Fundamentals,9618/1,90,75,50
Databases,Data Definition Language (DDL) and Data Manipulation Language (DML),"Create a table definition (CREATE TABLE), including the creation of attributes with appropriate data types: CHARACTER, VARCHAR(n), BOOLEAN, INTEGER, REAL, DATE, TIME",Computer Science,Cambridge Assessment International Education,Cambridge International AS & A Level,AS Level,Paper 1 - Theory Fundamentals,9618/1,90,75,50
Databases,Data Definition Language (DDL) and Data Manipulation Language (DML),Change a table definition (ALTER TABLE),Computer Science,Cambridge Assessment International Education,Cambridge International AS & A Level,AS Level,Paper 1 - Theory Fundamentals,9618/1,90,75,50
Databases,Data Definition Language (DDL) and Data Manipulation Language (DML),Add a primary key to a table (PRIMARY KEY (field)),Computer Science,Cambridge Assessment International Education,Cambridge International AS & A Level,AS Level,Paper 1 - Theory Fundamentals,9618/1,90,75,50
Databases,Data Definition Language (DDL) and Data Manipulation Language (DML),Add a foreign key to a table (FOREIGN KEY (field) REFERENCES Table (Field)),Computer Science,Cambridge Assessment International Education,Cambridge International AS & A Level,AS Level,Paper 1 - Theory Fundamentals,9618/1,90,75,50
Databases,Data Definition Language (DDL) and Data Manipulation Language (DML),Write an SQL script to query or modify data (DML) which are stored in (at most two) database tables,Computer Science,Cambridge Assessment International Education,Cambridge International AS & A Level,AS Level,Paper 1 - Theory Fundamentals,9618/1,90,75,50
Databases,Data Definition Language (DDL) and Data Manipulation Language (DML),"Queries including SELECT... FROM, WHERE, ORDER BY, GROUP BY, INNER JOIN, SUM, COUNT, AVG",Computer Science,Cambridge Assessment International Education,Cambridge International AS & A Level,AS Level,Paper 1 - Theory Fundamentals,9618/1,90,75,50
Databases,Data Definition Language (DDL) and Data Manipulation Language (DML),"Data maintenance including. INSERT INTO, DELETE FROM, UPDATE",Computer Science,Cambridge Assessment International Education,Cambridge International AS & A Level,AS Level,Paper 1 - Theory Fundamentals,9618/1,90,75,50
Algorithm Design and Problem-solving,Computational Thinking Skills,Show an understanding of abstraction,Computer Science,Cambridge Assessment International Education,Cambridge International AS & A Level,AS Level,Paper 2 - Fundamental Problem-solving and Programming Skills,9618/2,120,75,50
Algorithm Design and Problem-solving,Computational Thinking Skills,Need for and benefits of using abstraction,Computer Science,Cambridge Assessment International Education,Cambridge International AS & A Level,AS Level,Paper 2 - Fundamental Problem-solving and Programming Skills,9618/2,120,75,50
Algorithm Design and Problem-solving,Computational Thinking Skills,Describe the purpose of abstraction,Computer Science,Cambridge Assessment International Education,Cambridge International AS & A Level,AS Level,Paper 2 - Fundamental Problem-solving and Programming Skills,9618/2,120,75,50
Algorithm Design and Problem-solving,Computational Thinking Skills,Produce an abstract model of a system by only including essential details,Computer Science,Cambridge Assessment International Education,Cambridge International AS & A Level,AS Level,Paper 2 - Fundamental Problem-solving and Programming Skills,9618/2,120,75,50
Algorithm Design and Problem-solving,Computational Thinking Skills,Describe and use decomposition,Computer Science,Cambridge Assessment International Education,Cambridge International AS & A Level,AS Level,Paper 2 - Fundamental Problem-solving and Programming Skills,9618/2,120,75,50
Algorithm Design and Problem-solving,Computational Thinking Skills,Break down problems into sub-problems leading to the concept of a program module (procedure / function),Computer Science,Cambridge Assessment International Education,Cambridge International AS & A Level,AS Level,Paper 2 - Fundamental Problem-solving and Programming Skills,9618/2,120,75,50
Algorithm Design and Problem-solving,Algorithms,Show understanding that an algorithm is a solution to a problem expressed as a sequence of defined steps,Computer Science,Cambridge Assessment International Education,Cambridge International AS & A Level,AS Level,Paper 2 - Fundamental Problem-solving and Programming Skills,9618/2,120,75,50
Algorithm Design and Problem-solving,Algorithms,Use suitable identifier names for the representation of data used by a problem and represent these using an identifier table,Computer Science,Cambridge Assessment International Education,Cambridge International AS & A Level,AS Level,Paper 2 - Fundamental Problem-solving and Programming Skills,9618/2,120,75,50
Algorithm Design and Problem-solving,Algorithms,"Write pseudocode that contains input, process and output",Computer Science,Cambridge Assessment International Education,Cambridge International AS & A Level,AS Level,Paper 2 - Fundamental Problem-solving and Programming Skills,9618/2,120,75,50
Algorithm Design and Problem-solving,Algorithms,"Write pseudocode using the three basic constructs of sequence, selection and iteration (repetition)",Computer Science,Cambridge Assessment International Education,Cambridge International AS & A Level,AS Level,Paper 2 - Fundamental Problem-solving and Programming Skills,9618/2,120,75,50
Algorithm Design and Problem-solving,Algorithms,"Document a simple algorithm using a structured English description, a flowchart or pseudocode",Computer Science,Cambridge Assessment International Education,Cambridge International AS & A Level,AS Level,Paper 2 - Fundamental Problem-solving and Programming Skills,9618/2,120,75,50
Algorithm Design and Problem-solving,Algorithms,"Write pseudocode from: a structured English description, a flowchart",Computer Science,Cambridge Assessment International Education,Cambridge International AS & A Level,AS Level,Paper 2 - Fundamental Problem-solving and Programming Skills,9618/2,120,75,50
Algorithm Design and Problem-solving,Algorithms,"Draw a flowchart from: a structured English description, pseudocode",Computer Science,Cambridge Assessment International Education,Cambridge International AS & A Level,AS Level,Paper 2 - Fundamental Problem-solving and Programming Skills,9618/2,120,75,50
Algorithm Design and Problem-solving,Algorithms,Describe and use the process of stepwise refinement to express an algorithm to a level of detail from which the task may be programmed,Computer Science,Cambridge Assessment International Education,Cambridge International AS & A Level,AS Level,Paper 2 - Fundamental Problem-solving and Programming Skills,9618/2,120,75,50
Algorithm Design and Problem-solving,Algorithms,Use logic statements to define parts of an algorithm solution,Computer Science,Cambridge Assessment International Education,Cambridge International AS & A Level,AS Level,Paper 2 - Fundamental Problem-solving and Programming Skills,9618/2,120,75,50
Data Types and Structures,Data Types and Records,Select and use appropriate data types for a problem solution,Computer Science,Cambridge Assessment International Education,Cambridge International AS & A Level,AS Level,Paper 2 - Fundamental Problem-solving and Programming Skills,9618/2,120,75,50
Data Types and Structures,Data Types and Records,"including integer, real, char, string, Boolean, date (pseudocode will use the following data types: INTEGER, REAL, CHAR, STRING, BOOLEAN, DATE, ARRAY, FILE)",Computer Science,Cambridge Assessment International Education,Cambridge International AS & A Level,AS Level,Paper 2 - Fundamental Problem-solving and Programming Skills,9618/2,120,75,50
Data Types and Structures,Data Types and Records,Show understanding of the purpose of a record structure to hold a set of data of different data types under one identifier,Computer Science,Cambridge Assessment International Education,Cambridge International AS & A Level,AS Level,Paper 2 - Fundamental Problem-solving and Programming Skills,9618/2,120,75,50
Data Types and Structures,Data Types and Records,Write pseudocode to define a record structure,Computer Science,Cambridge Assessment International Education,Cambridge International AS & A Level,AS Level,Paper 2 - Fundamental Problem-solving and Programming Skills,9618/2,120,75,50
Data Types and Structures,Data Types and Records,Write pseudocode to read data from a record structure and save data to a record structure,Computer Science,Cambridge Assessment International Education,Cambridge International AS & A Level,AS Level,Paper 2 - Fundamental Problem-solving and Programming Skills,9618/2,120,75,50
Data Types and Structures,Arrays,Use the technical terms associated with arrays,Computer Science,Cambridge Assessment International Education,Cambridge International AS & A Level,AS Level,Paper 2 - Fundamental Problem-solving and Programming Skills,9618/2,120,75,50
Data Types and Structures,Arrays,"Including index, upper and lower bound",Computer Science,Cambridge Assessment International Education,Cambridge International AS & A Level,AS Level,Paper 2 - Fundamental Problem-solving and Programming Skills,9618/2,120,75,50
Data Types and Structures,Arrays,Select a suitable data structure (1D or 2D array) to use for a given task,Computer Science,Cambridge Assessment International Education,Cambridge International AS & A Level,AS Level,Paper 2 - Fundamental Problem-solving and Programming Skills,9618/2,120,75,50
Data Types and Structures,Arrays,Write pseudocode for 1D and 2D arrays,Computer Science,Cambridge Assessment International Education,Cambridge International AS & A Level,AS Level,Paper 2 - Fundamental Problem-solving and Programming Skills,9618/2,120,75,50
Data Types and Structures,Arrays,Write pseudocode to process array data,Computer Science,Cambridge Assessment International Education,Cambridge International AS & A Level,AS Level,Paper 2 - Fundamental Problem-solving and Programming Skills,9618/2,120,75,50
Data Types and Structures,Arrays,Sort using a bubble sort,Computer Science,Cambridge Assessment International Education,Cambridge International AS & A Level,AS Level,Paper 2 - Fundamental Problem-solving and Programming Skills,9618/2,120,75,50
Data Types and Structures,Arrays,Search using a linear search,Computer Science,Cambridge Assessment International Education,Cambridge International AS & A Level,AS Level,Paper 2 - Fundamental Problem-solving and Programming Skills,9618/2,120,75,50
Data Types and Structures,Files,Show understanding of why files are needed,Computer Science,Cambridge Assessment International Education,Cambridge International AS & A Level,AS Level,Paper 2 - Fundamental Problem-solving and Programming Skills,9618/2,120,75,50
Data Types and Structures,Files,Write pseudocode to handle text files that consist of one or more lines,Computer Science,Cambridge Assessment International Education,Cambridge International AS & A Level,AS Level,Paper 2 - Fundamental Problem-solving and Programming Skills,9618/2,120,75,50
Data Types and Structures,Introduction to Abstract Data Types (ADT),Show understanding that an ADT is a collection of data and a set of operations on those data,Computer Science,Cambridge Assessment International Education,Cambridge International AS & A Level,AS Level,Paper 2 - Fundamental Problem-solving and Programming Skills,9618/2,120,75,50
Data Types and Structures,Introduction to Abstract Data Types (ADT),"Show understanding that a stack, queue and linked list are examples of ADTs",Computer Science,Cambridge Assessment International Education,Cambridge International AS & A Level,AS Level,Paper 2 - Fundamental Problem-solving and Programming Skills,9618/2,120,75,50
Data Types and Structures,Introduction to Abstract Data Types (ADT),"Describe the key features of a stack, queue and linked list and justify their use for a given situation",Computer Science,Cambridge Assessment International Education,Cambridge International AS & A Level,AS Level,Paper 2 - Fundamental Problem-solving and Programming Skills,9618/2,120,75,50
Data Types and Structures,Introduction to Abstract Data Types (ADT),"Use a stack, queue and linked list to store data",Computer Science,Cambridge Assessment International Education,Cambridge International AS & A Level,AS Level,Paper 2 - Fundamental Problem-solving and Programming Skills,9618/2,120,75,50
Data Types and Structures,Introduction to Abstract Data Types (ADT),"Describe how a queue, stack and linked list can be implemented using arrays",Computer Science,Cambridge Assessment International Education,Cambridge International AS & A Level,AS Level,Paper 2 - Fundamental Problem-solving and Programming Skills,9618/2,120,75,50
Programming,Programming Basics,Implement and write pseudocode from a given design presented as either a program flowchart or structured English,Computer Science,Cambridge Assessment International Education,Cambridge International AS & A Level,AS Level,Paper 2 - Fundamental Problem-solving and Programming Skills,9618/2,120,75,50
Programming,Programming Basics,"Write pseudocode statements for: the declaration and initialisation of constants, the declaration of variables, the assignment of values to variables, expressions involving any of the arithmetic or logical operators, input from the keyboard and output to the console",Computer Science,Cambridge Assessment International Education,Cambridge International AS & A Level,AS Level,Paper 2 - Fundamental Problem-solving and Programming Skills,9618/2,120,75,50
Programming,Programming Basics,Use built-in functions and library routines,Computer Science,Cambridge Assessment International Education,Cambridge International AS & A Level,AS Level,Paper 2 - Fundamental Problem-solving and Programming Skills,9618/2,120,75,50
Programming,Constructs,"Use pseudocode to write: an 'IF' statement including the 'ELSE' clause and nested IF statements, a 'CASE' structure, a 'count-controlled' loop, a 'post-condition' loop, a 'pre-condition' loop",Computer Science,Cambridge Assessment International Education,Cambridge International AS & A Level,AS Level,Paper 2 - Fundamental Problem-solving and Programming Skills,9618/2,120,75,50
Programming,Constructs,Justify why one loop structure may be better suited to solve a problem than the others,Computer Science,Cambridge Assessment International Education,Cambridge International AS & A Level,AS Level,Paper 2 - Fundamental Problem-solving and Programming Skills,9618/2,120,75,50
Programming,Structured Programming,Define and use a procedure,Computer Science,Cambridge Assessment International Education,Cambridge International AS & A Level,AS Level,Paper 2 - Fundamental Problem-solving and Programming Skills,9618/2,120,75,50
Programming,Structured Programming,Explain where in the construction of an algorithm it would be appropriate to use a procedure,Computer Science,Cambridge Assessment International Education,Cambridge International AS & A Level,AS Level,Paper 2 - Fundamental Problem-solving and Programming Skills,9618/2,120,75,50
Programming,Structured Programming,Use parameters,Computer Science,Cambridge Assessment International Education,Cambridge International AS & A Level,AS Level,Paper 2 - Fundamental Problem-solving and Programming Skills,9618/2,120,75,50
Programming,Structured Programming,"A procedure may have none, one or more parameters",Computer Science,Cambridge Assessment International Education,Cambridge International AS & A Level,AS Level,Paper 2 - Fundamental Problem-solving and Programming Skills,9618/2,120,75,50
Programming,Structured Programming,A parameter can be passed by reference or by value,Computer Science,Cambridge Assessment International Education,Cambridge International AS & A Level,AS Level,Paper 2 - Fundamental Problem-solving and Programming Skills,9618/2,120,75,50
Programming,Structured Programming,Define and use a function,Computer Science,Cambridge Assessment International Education,Cambridge International AS & A Level,AS Level,Paper 2 - Fundamental Problem-solving and Programming Skills,9618/2,120,75,50
Programming,Structured Programming,Explain where in the construction of an algorithm it is appropriate to use a function,Computer Science,Cambridge Assessment International Education,Cambridge International AS & A Level,AS Level,Paper 2 - Fundamental Problem-solving and Programming Skills,9618/2,120,75,50
Programming,Structured Programming,Use the terminology associated with procedures and functions,Computer Science,Cambridge Assessment International Education,Cambridge International AS & A Level,AS Level,Paper 2 - Fundamental Problem-solving and Programming Skills,9618/2,120,75,50
Programming,Structured Programming,"including procedure/function header, procedure/ function interface, parameter, argument, return value",Computer Science,Cambridge Assessment International Education,Cambridge International AS & A Level,AS Level,Paper 2 - Fundamental Problem-solving and Programming Skills,9618/2,120,75,50
Programming,Structured Programming,Write efficient pseudocode,Computer Science,Cambridge Assessment International Education,Cambridge International AS & A Level,AS Level,Paper 2 - Fundamental Problem-solving and Programming Skills,9618/2,120,75,50
Software Development,Program Development Life cycle,Show understanding of the purpose of a development life cycle,Computer Science,Cambridge Assessment International Education,Cambridge International AS & A Level,AS Level,Paper 2 - Fundamental Problem-solving and Programming Skills,9618/2,120,75,50
Software Development,Program Development Life cycle,Show understanding of the need for different development life cycles depending on the program being developed,Computer Science,Cambridge Assessment International Education,Cambridge International AS & A Level,AS Level,Paper 2 - Fundamental Problem-solving and Programming Skills,9618/2,120,75,50
Software Development,Program Development Life cycle,"Including: waterfall, iterative, rapid application development (RAD)",Computer Science,Cambridge Assessment International Education,Cambridge International AS & A Level,AS Level,Paper 2 - Fundamental Problem-solving and Programming Skills,9618/2,120,75,50
Software Development,Program Development Life cycle,"Describe the principles, benefits and drawbacks of each type of life cycle",Computer Science,Cambridge Assessment International Education,Cambridge International AS & A Level,AS Level,Paper 2 - Fundamental Problem-solving and Programming Skills,9618/2,120,75,50
Software Development,Program Development Life cycle,"Show understanding of the analysis, design, coding, testing and maintenance stages in the program development life cycle",Computer Science,Cambridge Assessment International Education,Cambridge International AS & A Level,AS Level,Paper 2 - Fundamental Problem-solving and Programming Skills,9618/2,120,75,50
Software Development,Program Design,Use a structure chart to decompose a problem into sub-tasks and express the parameters passed between the various modules/procedures/functions which are part of the algorithm design,Computer Science,Cambridge Assessment International Education,Cambridge International AS & A Level,AS Level,Paper 2 - Fundamental Problem-solving and Programming Skills,9618/2,120,75,50
Software Development,Program Design,Show understanding of the purpose of state-transition diagrams to document an algorithm,Computer Science,Cambridge Assessment International Education,Cambridge International AS & A Level,AS Level,Paper 2 - Fundamental Problem-solving and Programming Skills,9618/2,120,75,50
Software Development,Program Design,Describe the purpose of a structure chart,Computer Science,Cambridge Assessment International Education,Cambridge International AS & A Level,AS Level,Paper 2 - Fundamental Problem-solving and Programming Skills,9618/2,120,75,50
Software Development,Program Design,Construct a structure chart for a given problem,Computer Science,Cambridge Assessment International Education,Cambridge International AS & A Level,AS Level,Paper 2 - Fundamental Problem-solving and Programming Skills,9618/2,120,75,50
Software Development,Program Design,Derive equivalent pseudocode from a structure chart,Computer Science,Cambridge Assessment International Education,Cambridge International AS & A Level,AS Level,Paper 2 - Fundamental Problem-solving and Programming Skills,9618/2,120,75,50
Software Development,Program Testing and Maintenance,Show understanding of ways of exposing and avoiding faults in programs,Computer Science,Cambridge Assessment International Education,Cambridge International AS & A Level,AS Level,Paper 2 - Fundamental Problem-solving and Programming Skills,9618/2,120,75,50
Software Development,Program Testing and Maintenance,Locate and identify the different types of errors,Computer Science,Cambridge Assessment International Education,Cambridge International AS & A Level,AS Level,Paper 2 - Fundamental Problem-solving and Programming Skills,9618/2,120,75,50
Software Development,Program Testing and Maintenance,"syntax errors, logic errors, run-time errors",Computer Science,Cambridge Assessment International Education,Cambridge International AS & A Level,AS Level,Paper 2 - Fundamental Problem-solving and Programming Skills,9618/2,120,75,50
Software Development,Program Testing and Maintenance,Correct identified errors,Computer Science,Cambridge Assessment International Education,Cambridge International AS & A Level,AS Level,Paper 2 - Fundamental Problem-solving and Programming Skills,9618/2,120,75,50
Software Development,Program Testing and Maintenance,Show understanding of the methods of testing available and select appropriate data for a given method,Computer Science,Cambridge Assessment International Education,Cambridge International AS & A Level,AS Level,Paper 2 - Fundamental Problem-solving and Programming Skills,9618/2,120,75,50
Software Development,Program Testing and Maintenance,"Including dry run, walkthrough, white-box, black-box, integration, alpha, beta, acceptance, stub",Computer Science,Cambridge Assessment International Education,Cambridge International AS & A Level,AS Level,Paper 2 - Fundamental Problem-solving and Programming Skills,9618/2,120,75,50
Software Development,Program Testing and Maintenance,Show understanding of the need for a test strategy and test plan and their likely contents,Computer Science,Cambridge Assessment International Education,Cambridge International AS & A Level,AS Level,Paper 2 - Fundamental Problem-solving and Programming Skills,9618/2,120,75,50
Software Development,Program Testing and Maintenance,Choose appropriate test data for a test plan,Computer Science,Cambridge Assessment International Education,Cambridge International AS & A Level,AS Level,Paper 2 - Fundamental Problem-solving and Programming Skills,9618/2,120,75,50
Software Development,Program Testing and Maintenance,"Including normal, abnormal and extreme/boundary",Computer Science,Cambridge Assessment International Education,Cambridge International AS & A Level,AS Level,Paper 2 - Fundamental Problem-solving and Programming Skills,9618/2,120,75,50
Software Development,Program Testing and Maintenance,Show understanding of the need for continuing maintenance of a system and the differences between each type of maintenance,Computer Science,Cambridge Assessment International Education,Cambridge International AS & A Level,AS Level,Paper 2 - Fundamental Problem-solving and Programming Skills,9618/2,120,75,50
Software Development,Program Testing and Maintenance,"Including perfective, adaptive, corrective",Computer Science,Cambridge Assessment International Education,Cambridge International AS & A Level,AS Level,Paper 2 - Fundamental Problem-solving and Programming Skills,9618/2,120,75,50
Software Development,Program Testing and Maintenance,Analyse an existing program and make amendments to enhance functionality,Computer Science,Cambridge Assessment International Education,Cambridge International AS & A Level,AS Level,Paper 2 - Fundamental Problem-solving and Programming Skills,9618/2,120,75,50
Data Representation,User-defined data types,Show understanding of why user-defined types are necessary,Computer Science,Cambridge Assessment International Education,Cambridge International AS & A Level,A Level,Paper 3 - Advanced Theory,9618/3,90,75,25
Data Representation,User-defined data types,Define and use non-composite types,Computer Science,Cambridge Assessment International Education,Cambridge International AS & A Level,A Level,Paper 3 - Advanced Theory,9618/3,90,75,25
Data Representation,User-defined data types,"Including enumerated, pointer",Computer Science,Cambridge Assessment International Education,Cambridge International AS & A Level,A Level,Paper 3 - Advanced Theory,9618/3,90,75,25
Data Representation,User-defined data types,Define and use composite data types,Computer Science,Cambridge Assessment International Education,Cambridge International AS & A Level,A Level,Paper 3 - Advanced Theory,9618/3,90,75,25
Data Representation,User-defined data types,"Including set, record and class/object",Computer Science,Cambridge Assessment International Education,Cambridge International AS & A Level,A Level,Paper 3 - Advanced Theory,9618/3,90,75,25
Data Representation,User-defined data types,Choose and design an appropriate user-defined data type for a given problem,Computer Science,Cambridge Assessment International Education,Cambridge International AS & A Level,A Level,Paper 3 - Advanced Theory,9618/3,90,75,25
Data Representation,File organisation and access,Show understanding of the methods of file organisation and select an appropriate method of file organisation and file access for a given problem,Computer Science,Cambridge Assessment International Education,Cambridge International AS & A Level,A Level,Paper 3 - Advanced Theory,9618/3,90,75,25
Data Representation,File organisation and access,"Including serial, sequential (using a key field), random (using a record key)",Computer Science,Cambridge Assessment International Education,Cambridge International AS & A Level,A Level,Paper 3 - Advanced Theory,9618/3,90,75,25
Data Representation,File organisation and access,Show understanding of methods of file access,Computer Science,Cambridge Assessment International Education,Cambridge International AS & A Level,A Level,Paper 3 - Advanced Theory,9618/3,90,75,25
Data Representation,File organisation and access,"Including Sequential access for serial and sequential files, Direct access for sequential and random files",Computer Science,Cambridge Assessment International Education,Cambridge International AS & A Level,A Level,Paper 3 - Advanced Theory,9618/3,90,75,25
Data Representation,File organisation and access,Show understanding of hashing algorithms,Computer Science,Cambridge Assessment International Education,Cambridge International AS & A Level,A Level,Paper 3 - Advanced Theory,9618/3,90,75,25
Data Representation,File organisation and access,Describe and use different hashing algorithms to read from and write data to a random/sequential file,Computer Science,Cambridge Assessment International Education,Cambridge International AS & A Level,A Level,Paper 3 - Advanced Theory,9618/3,90,75,25
Data Representation,"Floating-point numbers, representation and manipulation",Describe the format of binary floating-point real numbers,Computer Science,Cambridge Assessment International Education,Cambridge International AS & A Level,A Level,Paper 3 - Advanced Theory,9618/3,90,75,25
Data Representation,"Floating-point numbers, representation and manipulation",Use two's complement form,Computer Science,Cambridge Assessment International Education,Cambridge International AS & A Level,A Level,Paper 3 - Advanced Theory,9618/3,90,75,25
Data Representation,"Floating-point numbers, representation and manipulation",Understand of the effects of changing the allocation of bits to mantissa and exponent in a floating-point representation,Computer Science,Cambridge Assessment International Education,Cambridge International AS & A Level,A Level,Paper 3 - Advanced Theory,9618/3,90,75,25
Data Representation,"Floating-point numbers, representation and manipulation",Convert binary floating-point real numbers into denary and vice versa,Computer Science,Cambridge Assessment International Education,Cambridge International AS & A Level,A Level,Paper 3 - Advanced Theory,9618/3,90,75,25
Data Representation,"Floating-point numbers, representation and manipulation",Normalise floating-point numbers,Computer Science,Cambridge Assessment International Education,Cambridge International AS & A Level,A Level,Paper 3 - Advanced Theory,9618/3,90,75,25
Data Representation,"Floating-point numbers, representation and manipulation",Understand the reasons for normalisation,Computer Science,Cambridge Assessment International Education,Cambridge International AS & A Level,A Level,Paper 3 - Advanced Theory,9618/3,90,75,25
Data Representation,"Floating-point numbers, representation and manipulation",Show understanding of the consequences of a binary representation only being an approximation to the real number it represents (in certain cases),Computer Science,Cambridge Assessment International Education,Cambridge International AS & A Level,A Level,Paper 3 - Advanced Theory,9618/3,90,75,25
Data Representation,"Floating-point numbers, representation and manipulation",Show understanding that binary representations can give rise to rounding errors,Computer Science,Cambridge Assessment International Education,Cambridge International AS & A Level,A Level,Paper 3 - Advanced Theory,9618/3,90,75,25
Data Representation,"Floating-point numbers, representation and manipulation",Understand how underflow and overflow can occur,Computer Science,Cambridge Assessment International Education,Cambridge International AS & A Level,A Level,Paper 3 - Advanced Theory,9618/3,90,75,25
Communication and internet technologies,Protocols,Show understanding of why a protocol is essential for communication between computers,Computer Science,Cambridge Assessment International Education,Cambridge International AS & A Level,A Level,Paper 3 - Advanced Theory,9618/3,90,75,25
Communication and internet technologies,Protocols,"Show understanding of how protocol implementation can be viewed as a stack, where each layer has its own functionality",Computer Science,Cambridge Assessment International Education,Cambridge International AS & A Level,A Level,Paper 3 - Advanced Theory,9618/3,90,75,25
Communication and internet technologies,Protocols,Show understanding of the TCP/IP protocol suite,Computer Science,Cambridge Assessment International Education,Cambridge International AS & A Level,A Level,Paper 3 - Advanced Theory,9618/3,90,75,25
Communication and internet technologies,Protocols,"Four Layers (Application, Transport, Internet, Link)",Computer Science,Cambridge Assessment International Education,Cambridge International AS & A Level,A Level,Paper 3 - Advanced Theory,9618/3,90,75,25
Communication and internet technologies,Protocols,Purpose and function of each layer,Computer Science,Cambridge Assessment International Education,Cambridge International AS & A Level,A Level,Paper 3 - Advanced Theory,9618/3,90,75,25
Communication and internet technologies,Protocols,Application when a message is sent from one host to another on the internet,Computer Science,Cambridge Assessment International Education,Cambridge International AS & A Level,A Level,Paper 3 - Advanced Theory,9618/3,90,75,25
Communication and internet technologies,Protocols,"Show understanding of protocols (HTTP, FTP, POP3, IMAP, SMTP, BitTorrent) and their purposes",Computer Science,Cambridge Assessment International Education,Cambridge International AS & A Level,A Level,Paper 3 - Advanced Theory,9618/3,90,75,25
Communication and internet technologies,Protocols,BitTorrent protocol provides peer-to-peer file sharing,Computer Science,Cambridge Assessment International Education,Cambridge International AS & A Level,A Level,Paper 3 - Advanced Theory,9618/3,90,75,25
Communication and internet technologies,"Circuit switching, packet switching",Show understanding of circuit switching,Computer Science,Cambridge Assessment International Education,Cambridge International AS & A Level,A Level,Paper 3 - Advanced Theory,9618/3,90,75,25
Communication and internet technologies,"Circuit switching, packet switching","Benefits, drawbacks and where it is applicable",Computer Science,Cambridge Assessment International Education,Cambridge International AS & A Level,A Level,Paper 3 - Advanced Theory,9618/3,90,75,25
Communication and internet technologies,"Circuit switching, packet switching",Show understanding of packet switching,Computer Science,Cambridge Assessment International Education,Cambridge International AS & A Level,A Level,Paper 3 - Advanced Theory,9618/3,90,75,25
Communication and internet technologies,"Circuit switching, packet switching",Show understanding of the function of a router in packet switching,Computer Science,Cambridge Assessment International Education,Cambridge International AS & A Level,A Level,Paper 3 - Advanced Theory,9618/3,90,75,25
Communication and internet technologies,"Circuit switching, packet switching","Explain how packet switching is used to pass messages across a network, including the internet",Computer Science,Cambridge Assessment International Education,Cambridge International AS & A Level,A Level,Paper 3 - Advanced Theory,9618/3,90,75,25
Hardware and Virtual Machines,"Processors, Parallel Processing and Virtual Machines",Show understanding of Reduced Instruction Set Computers (RISC) and Complex Instruction Set Computers (CISC) processors,Computer Science,Cambridge Assessment International Education,Cambridge International AS & A Level,A Level,Paper 3 - Advanced Theory,9618/3,90,75,25
Hardware and Virtual Machines,"Processors, Parallel Processing and Virtual Machines",Differences between RISC and CISC,Computer Science,Cambridge Assessment International Education,Cambridge International AS & A Level,A Level,Paper 3 - Advanced Theory,9618/3,90,75,25
Hardware and Virtual Machines,"Processors, Parallel Processing and Virtual Machines",Understand interrupt handling on CISC and RISC processors,Computer Science,Cambridge Assessment International Education,Cambridge International AS & A Level,A Level,Paper 3 - Advanced Theory,9618/3,90,75,25
Hardware and Virtual Machines,"Processors, Parallel Processing and Virtual Machines",Show understanding of the importance/use of pipelining and registers in RISC processors,Computer Science,Cambridge Assessment International Education,Cambridge International AS & A Level,A Level,Paper 3 - Advanced Theory,9618/3,90,75,25
Hardware and Virtual Machines,"Processors, Parallel Processing and Virtual Machines",Show understanding of the four basic computer architectures,Computer Science,Cambridge Assessment International Education,Cambridge International AS & A Level,A Level,Paper 3 - Advanced Theory,9618/3,90,75,25
Hardware and Virtual Machines,"Processors, Parallel Processing and Virtual Machines","SISD, SIMD, MISD, MIMD",Computer Science,Cambridge Assessment International Education,Cambridge International AS & A Level,A Level,Paper 3 - Advanced Theory,9618/3,90,75,25
Hardware and Virtual Machines,"Processors, Parallel Processing and Virtual Machines",Show understanding of the characteristics of massively parallel computers,Computer Science,Cambridge Assessment International Education,Cambridge International AS & A Level,A Level,Paper 3 - Advanced Theory,9618/3,90,75,25
Hardware and Virtual Machines,"Processors, Parallel Processing and Virtual Machines",Show understanding of the concept of a virtual machine,Computer Science,Cambridge Assessment International Education,Cambridge International AS & A Level,A Level,Paper 3 - Advanced Theory,9618/3,90,75,25
Hardware and Virtual Machines,"Processors, Parallel Processing and Virtual Machines",Give examples of the role of virtual machines,Computer Science,Cambridge Assessment International Education,Cambridge International AS & A Level,A Level,Paper 3 - Advanced Theory,9618/3,90,75,25
Hardware and Virtual Machines,"Processors, Parallel Processing and Virtual Machines",Understand the benefits and limitations of virtual machines,Computer Science,Cambridge Assessment International Education,Cambridge International AS & A Level,A Level,Paper 3 - Advanced Theory,9618/3,90,75,25
Hardware and Virtual Machines,Boolean Algebra and Logic Circuits,Produce truth tables for logic circuits including half adders and full adders,Computer Science,Cambridge Assessment International Education,Cambridge International AS & A Level,A Level,Paper 3 - Advanced Theory,9618/3,90,75,25
Hardware and Virtual Machines,Boolean Algebra and Logic Circuits,"Show understanding of a flip-flop (SR, JK)",Computer Science,Cambridge Assessment International Education,Cambridge International AS & A Level,A Level,Paper 3 - Advanced Theory,9618/3,90,75,25
Hardware and Virtual Machines,Boolean Algebra and Logic Circuits,Draw a logic circuit and derive a truth table for a flip-flop,Computer Science,Cambridge Assessment International Education,Cambridge International AS & A Level,A Level,Paper 3 - Advanced Theory,9618/3,90,75,25
Hardware and Virtual Machines,Boolean Algebra and Logic Circuits,Understand of the role of flip-flops as data storage elements,Computer Science,Cambridge Assessment International Education,Cambridge International AS & A Level,A Level,Paper 3 - Advanced Theory,9618/3,90,75,25
Hardware and Virtual Machines,Boolean Algebra and Logic Circuits,Show understanding of Boolean algebra,Computer Science,Cambridge Assessment International Education,Cambridge International AS & A Level,A Level,Paper 3 - Advanced Theory,9618/3,90,75,25
Hardware and Virtual Machines,Boolean Algebra and Logic Circuits,Understand De Morgan's laws,Computer Science,Cambridge Assessment International Education,Cambridge International AS & A Level,A Level,Paper 3 - Advanced Theory,9618/3,90,75,25
Hardware and Virtual Machines,Boolean Algebra and Logic Circuits,Perform Boolean algebra using De Morgan's laws,Computer Science,Cambridge Assessment International Education,Cambridge International AS & A Level,A Level,Paper 3 - Advanced Theory,9618/3,90,75,25
Hardware and Virtual Machines,Boolean Algebra and Logic Circuits,Simplify a logic circuit/expression using Boolean algebra,Computer Science,Cambridge Assessment International Education,Cambridge International AS & A Level,A Level,Paper 3 - Advanced Theory,9618/3,90,75,25
Hardware and Virtual Machines,Boolean Algebra and Logic Circuits,Show understanding of Karnaugh maps (K-map),Computer Science,Cambridge Assessment International Education,Cambridge International AS & A Level,A Level,Paper 3 - Advanced Theory,9618/3,90,75,25
Hardware and Virtual Machines,Boolean Algebra and Logic Circuits,Understand of the benefits of using Karnaugh maps,Computer Science,Cambridge Assessment International Education,Cambridge International AS & A Level,A Level,Paper 3 - Advanced Theory,9618/3,90,75,25
Hardware and Virtual Machines,Boolean Algebra and Logic Circuits,Solve logic problems using Karnaugh maps,Computer Science,Cambridge Assessment International Education,Cambridge International AS & A Level,A Level,Paper 3 - Advanced Theory,9618/3,90,75,25
System Software,Purposes of an Operating System (OS),Show understanding of how an OS can maximise the use of resources,Computer Science,Cambridge Assessment International Education,Cambridge International AS & A Level,A Level,Paper 3 - Advanced Theory,9618/3,90,75,25
System Software,Purposes of an Operating System (OS),Describe the ways in which the user interface hides the complexities of the hardware from the user,Computer Science,Cambridge Assessment International Education,Cambridge International AS & A Level,A Level,Paper 3 - Advanced Theory,9618/3,90,75,25
System Software,Purposes of an Operating System (OS),Show understanding of process management,Computer Science,Cambridge Assessment International Education,Cambridge International AS & A Level,A Level,Paper 3 - Advanced Theory,9618/3,90,75,25
System Software,Purposes of an Operating System (OS),The concept of multi-tasking and a process,Computer Science,Cambridge Assessment International Education,Cambridge International AS & A Level,A Level,Paper 3 - Advanced Theory,9618/3,90,75,25
System Software,Purposes of an Operating System (OS),"The process states: running, ready and blocked",Computer Science,Cambridge Assessment International Education,Cambridge International AS & A Level,A Level,Paper 3 - Advanced Theory,9618/3,90,75,25
System Software,Purposes of an Operating System (OS),"The need for scheduling and the function and benefits of different scheduling routines (including round robin, shortest job first, first come first served, shortest remaining time)",Computer Science,Cambridge Assessment International Education,Cambridge International AS & A Level,A Level,Paper 3 - Advanced Theory,9618/3,90,75,25
System Software,Purposes of an Operating System (OS),How the kernel of the OS acts as an interrupt handler and how interrupt handling is used to manage low-level scheduling,Computer Science,Cambridge Assessment International Education,Cambridge International AS & A Level,A Level,Paper 3 - Advanced Theory,9618/3,90,75,25
System Software,Purposes of an Operating System (OS),"Show understanding of virtual memory, paging and segmentation for memory management",Computer Science,Cambridge Assessment International Education,Cambridge International AS & A Level,A Level,Paper 3 - Advanced Theory,9618/3,90,75,25
System Software,Purposes of an Operating System (OS),"The concepts of paging, virtual memory and segmentation",Computer Science,Cambridge Assessment International Education,Cambridge International AS & A Level,A Level,Paper 3 - Advanced Theory,9618/3,90,75,25
System Software,Purposes of an Operating System (OS),The difference between paging and segmentation,Computer Science,Cambridge Assessment International Education,Cambridge International AS & A Level,A Level,Paper 3 - Advanced Theory,9618/3,90,75,25
System Software,Purposes of an Operating System (OS),How pages can be replaced,Computer Science,Cambridge Assessment International Education,Cambridge International AS & A Level,A Level,Paper 3 - Advanced Theory,9618/3,90,75,25
System Software,Purposes of an Operating System (OS),How disk thrashing can occur,Computer Science,Cambridge Assessment International Education,Cambridge International AS & A Level,A Level,Paper 3 - Advanced Theory,9618/3,90,75,25
System Software,Translation Software,Show understanding of how an interpreter can execute programs without producing a translated version,Computer Science,Cambridge Assessment International Education,Cambridge International AS & A Level,A Level,Paper 3 - Advanced Theory,9618/3,90,75,25
System Software,Translation Software,Show understanding of the various stages in the compilation of a program,Computer Science,Cambridge Assessment International Education,Cambridge International AS & A Level,A Level,Paper 3 - Advanced Theory,9618/3,90,75,25
System Software,Translation Software,"Including lexical analysis, syntax analysis, code generation and optimisation",Computer Science,Cambridge Assessment International Education,Cambridge International AS & A Level,A Level,Paper 3 - Advanced Theory,9618/3,90,75,25
System Software,Translation Software,Show understanding of how the grammar of a language can be expressed using syntax diagrams or Backus-Naur Form (BNF) notation,Computer Science,Cambridge Assessment International Education,Cambridge International AS & A Level,A Level,Paper 3 - Advanced Theory,9618/3,90,75,25
System Software,Translation Software,Show understanding of how Reverse Polish Notation (RPN) can be used to carry out the evaluation of expressions,Computer Science,Cambridge Assessment International Education,Cambridge International AS & A Level,A Level,Paper 3 - Advanced Theory,9618/3,90,75,25
Security,"Encryption, Encryption Protocols and Digital Certificates",Show understanding of how encryption works,Computer Science,Cambridge Assessment International Education,Cambridge International AS & A Level,A Level,Paper 3 - Advanced Theory,9618/3,90,75,25
Security,"Encryption, Encryption Protocols and Digital Certificates","Including the use of public key, private key, plain text, cipher text, encryption, symmetric key cryptography and asymmetric key cryptography",Computer Science,Cambridge Assessment International Education,Cambridge International AS & A Level,A Level,Paper 3 - Advanced Theory,9618/3,90,75,25
Security,"Encryption, Encryption Protocols and Digital Certificates",How the keys can be used to send a private message from the public to an individual/ organisation,Computer Science,Cambridge Assessment International Education,Cambridge International AS & A Level,A Level,Paper 3 - Advanced Theory,9618/3,90,75,25
Security,"Encryption, Encryption Protocols and Digital Certificates",How the keys can be used to send a verified message to the public,Computer Science,Cambridge Assessment International Education,Cambridge International AS & A Level,A Level,Paper 3 - Advanced Theory,9618/3,90,75,25
Security,"Encryption, Encryption Protocols and Digital Certificates","How data is encrypted and decrypted, using symmetric and asymmetric cryptography",Computer Science,Cambridge Assessment International Education,Cambridge International AS & A Level,A Level,Paper 3 - Advanced Theory,9618/3,90,75,25
Security,"Encryption, Encryption Protocols and Digital Certificates","Purpose, benefits and drawbacks of quantum cryptography",Computer Science,Cambridge Assessment International Education,Cambridge International AS & A Level,A Level,Paper 3 - Advanced Theory,9618/3,90,75,25
Security,"Encryption, Encryption Protocols and Digital Certificates",Show awareness of the Secure Socket Layer (SSL)/ Transport Layer Security (TLS),Computer Science,Cambridge Assessment International Education,Cambridge International AS & A Level,A Level,Paper 3 - Advanced Theory,9618/3,90,75,25
Security,"Encryption, Encryption Protocols and Digital Certificates",Purpose of SSL/TLS,Computer Science,Cambridge Assessment International Education,Cambridge International AS & A Level,A Level,Paper 3 - Advanced Theory,9618/3,90,75,25
Security,"Encryption, Encryption Protocols and Digital Certificates",Use of SSL/TLS in client-server communication,Computer Science,Cambridge Assessment International Education,Cambridge International AS & A Level,A Level,Paper 3 - Advanced Theory,9618/3,90,75,25
Security,"Encryption, Encryption Protocols and Digital Certificates",Situations where the use of SSL/TLS would be appropriate,Computer Science,Cambridge Assessment International Education,Cambridge International AS & A Level,A Level,Paper 3 - Advanced Theory,9618/3,90,75,25
Security,"Encryption, Encryption Protocols and Digital Certificates",Show understanding of digital certification,Computer Science,Cambridge Assessment International Education,Cambridge International AS & A Level,A Level,Paper 3 - Advanced Theory,9618/3,90,75,25
Security,"Encryption, Encryption Protocols and Digital Certificates",How a digital certificate is acquired,Computer Science,Cambridge Assessment International Education,Cambridge International AS & A Level,A Level,Paper 3 - Advanced Theory,9618/3,90,75,25
Security,"Encryption, Encryption Protocols and Digital Certificates",How a digital certificate is used to produce digital signatures,Computer Science,Cambridge Assessment International Education,Cambridge International AS & A Level,A Level,Paper 3 - Advanced Theory,9618/3,90,75,25
Artificial Intelligence (AI),Artificial Intelligence (AI),Show understanding of how graphs can be used to aid Artificial Intelligence (AI),Computer Science,Cambridge Assessment International Education,Cambridge International AS & A Level,A Level,Paper 3 - Advanced Theory,9618/3,90,75,25
Artificial Intelligence (AI),Artificial Intelligence (AI),Purpose and structure of a graph,Computer Science,Cambridge Assessment International Education,Cambridge International AS & A Level,A Level,Paper 3 - Advanced Theory,9618/3,90,75,25
Artificial Intelligence (AI),Artificial Intelligence (AI),Use A* and Dijkstra's algorithms to perform searches on a graph,Computer Science,Cambridge Assessment International Education,Cambridge International AS & A Level,A Level,Paper 3 - Advanced Theory,9618/3,90,75,25
Artificial Intelligence (AI),Artificial Intelligence (AI),Show understanding of how artificial neural networks have helped with machine learning,Computer Science,Cambridge Assessment International Education,Cambridge International AS & A Level,A Level,Paper 3 - Advanced Theory,9618/3,90,75,25
Artificial Intelligence (AI),Artificial Intelligence (AI),"Show understanding of Deep Learning, Machine Learning and Reinforcement Learning and the reasons for using these methods.",Computer Science,Cambridge Assessment International Education,Cambridge International AS & A Level,A Level,Paper 3 - Advanced Theory,9618/3,90,75,25
Artificial Intelligence (AI),Artificial Intelligence (AI),Show understanding of back propagation of errors and regression methods in machine learning,Computer Science,Cambridge Assessment International Education,Cambridge International AS & A Level,A Level,Paper 3 - Advanced Theory,9618/3,90,75,25
Artificial Intelligence (AI),Artificial Intelligence (AI),"Understand machine learning categories, including supervised learning, unsupervised learning",Computer Science,Cambridge Assessment International Education,Cambridge International AS & A Level,A Level,Paper 3 - Advanced Theory,9618/3,90,75,25
Computational thinking and Problem-solving,Algorithms,Show understanding of linear and binary searching methods,Computer Science,Cambridge Assessment International Education,Cambridge International AS & A Level,A Level,Paper 3 - Advanced Theory,9618/3,90,75,25
Computational thinking and Problem-solving,Algorithms,Write an algorithm to implement a linear search,Computer Science,Cambridge Assessment International Education,Cambridge International AS & A Level,A Level,Paper 4 - Practical,9618/4,150,75,25
Computational thinking and Problem-solving,Algorithms,Write an algorithm to implement a binary search,Computer Science,Cambridge Assessment International Education,Cambridge International AS & A Level,A Level,Paper 4 - Practical,9618/4,150,75,25
Computational thinking and Problem-solving,Algorithms,The conditions necessary for the use of a binary search,Computer Science,Cambridge Assessment International Education,Cambridge International AS & A Level,A Level,Paper 3 - Advanced Theory,9618/3,90,75,25
Computational thinking and Problem-solving,Algorithms,How the performance of a binary search varies according to the number of data items,Computer Science,Cambridge Assessment International Education,Cambridge International AS & A Level,A Level,Paper 3 - Advanced Theory,9618/3,90,75,25
Computational thinking and Problem-solving,Algorithms,Show understanding of insertion sort and bubble sort methods,Computer Science,Cambridge Assessment International Education,Cambridge International AS & A Level,A Level,Paper 3 - Advanced Theory,9618/3,90,75,25
Computational thinking and Problem-solving,Algorithms,Write an algorithm to implement an insertion sort,Computer Science,Cambridge Assessment International Education,Cambridge International AS & A Level,A Level,Paper 4 - Practical,9618/4,150,75,25
Computational thinking and Problem-solving,Algorithms,Write an algorithm to implement a bubble sort,Computer Science,Cambridge Assessment International Education,Cambridge International AS & A Level,A Level,Paper 4 - Practical,9618/4,150,75,25
Computational thinking and Problem-solving,Algorithms,Performance of a sorting routine may depend on the initial order of the data and the number of data items,Computer Science,Cambridge Assessment International Education,Cambridge International AS & A Level,A Level,Paper 3 - Advanced Theory,9618/3,90,75,25
Computational thinking and Problem-solving,Algorithms,Show understanding of and use Abstract Data Types (ADT),Computer Science,Cambridge Assessment International Education,Cambridge International AS & A Level,A Level,Paper 3 - Advanced Theory,9618/3,90,75,25
Computational thinking and Problem-solving,Algorithms,"Write algorithms to find an item in each of the following: linked list, binary tree",Computer Science,Cambridge Assessment International Education,Cambridge International AS & A Level,A Level,Paper 4 - Practical,9618/4,150,75,25
Computational thinking and Problem-solving,Algorithms,"Write algorithms to insert an item into each of the following: stack, queue, linked list, binary tree",Computer Science,Cambridge Assessment International Education,Cambridge International AS & A Level,A Level,Paper 4 - Practical,9618/4,150,75,25
Computational thinking and Problem-solving,Algorithms,"Write algorithms to delete an item from each of the following: stack, queue, linked list",Computer Science,Cambridge Assessment International Education,Cambridge International AS & A Level,A Level,Paper 4 - Practical,9618/4,150,75,25
Computational thinking and Problem-solving,Algorithms,Show understanding that a graph is an example of an ADT. Describe the key features of a graph and justify its use for a given situation.,Computer Science,Cambridge Assessment International Education,Cambridge International AS & A Level,A Level,Paper 3 - Advanced Theory,9618/3,90,75,25
Computational thinking and Problem-solving,Algorithms,Show how it is possible for ADTs to be implemented from another ADT,Computer Science,Cambridge Assessment International Education,Cambridge International AS & A Level,A Level,Paper 3 - Advanced Theory,9618/3,90,75,25
Computational thinking and Problem-solving,Algorithms,"Describe the following ADTs and demonstrate how they can be implemented from appropriate builtin types or other ADTs: stack, queue, linked list, dictionary, binary tree",Computer Science,Cambridge Assessment International Education,Cambridge International AS & A Level,A Level,Paper 3 - Advanced Theory,9618/3,90,75,25
Computational thinking and Problem-solving,Algorithms,Show understanding that different algorithms which perform the same task can be compared by using criteria (e.g. time taken to complete the task and memory used),Computer Science,Cambridge Assessment International Education,Cambridge International AS & A Level,A Level,Paper 3 - Advanced Theory,9618/3,90,75,25
Computational thinking and Problem-solving,Algorithms,Including use of Big O notation to specify time and space complexity,Computer Science,Cambridge Assessment International Education,Cambridge International AS & A Level,A Level,Paper 3 - Advanced Theory,9618/3,90,75,25
Computational thinking and Problem-solving,Recursion,Show understanding of recursion,Computer Science,Cambridge Assessment International Education,Cambridge International AS & A Level,A Level,Paper 3 - Advanced Theory,9618/3,90,75,25
Computational thinking and Problem-solving,Recursion,Essential features of recursion,Computer Science,Cambridge Assessment International Education,Cambridge International AS & A Level,A Level,Paper 3 - Advanced Theory,9618/3,90,75,25
Computational thinking and Problem-solving,Recursion,How recursion is expressed in a programming language,Computer Science,Cambridge Assessment International Education,Cambridge International AS & A Level,A Level,Paper 4 - Practical,9618/4,150,75,25
Computational thinking and Problem-solving,Recursion,Write and trace recursive algorithms,Computer Science,Cambridge Assessment International Education,Cambridge International AS & A Level,A Level,Paper 4 - Practical,9618/4,150,75,25
Computational thinking and Problem-solving,Recursion,When the use of recursion is beneficial,Computer Science,Cambridge Assessment International Education,Cambridge International AS & A Level,A Level,Paper 3 - Advanced Theory,9618/3,90,75,25
Computational thinking and Problem-solving,Recursion,Use of stacks and unwinding,Computer Science,Cambridge Assessment International Education,Cambridge International AS & A Level,A Level,Paper 3 - Advanced Theory,9618/3,90,75,25
Computational thinking and Problem-solving,Recursion,Show awareness of what a compiler has to do to translate recursive programming code,Computer Science,Cambridge Assessment International Education,Cambridge International AS & A Level,A Level,Paper 3 - Advanced Theory,9618/3,90,75,25
Further Programming,Programming Paradigms,Understanding what is meant by a programming paradigm,Computer Science,Cambridge Assessment International Education,Cambridge International AS & A Level,A Level,Paper 3 - Advanced Theory,9618/3,90,75,25
Further Programming,Programming Paradigms,"Low-level Programming: understanding of and ability to write low-level code that uses various addressing modes: immediate, direct, indirect, indexed and relative",Computer Science,Cambridge Assessment International Education,Cambridge International AS & A Level,A Level,Paper 3 - Advanced Theory,9618/3,90,75,25
Further Programming,Programming Paradigms,"Imperative (Procedural) programming: Assumed knowledge and understanding of Structural Programming (see details in AS content section 11.3) understanding of and ability to write imperative (procedural) programming code that uses variables, constructs, procedures and functions. See details in AS content",Computer Science,Cambridge Assessment International Education,Cambridge International AS & A Level,A Level,Paper 3 - Advanced Theory,9618/3,90,75,25
Further Programming,Programming Paradigms,"Object-Oriented Programming (OOP): understanding of the terminology associated with OOP (including objects, properties/ attributes, methods, classes, inheritance, polymorphism, containment (aggregation), encapsulation, getters, setters, instances)",Computer Science,Cambridge Assessment International Education,Cambridge International AS & A Level,A Level,Paper 3 - Advanced Theory,9618/3,90,75,25
Further Programming,Programming Paradigms,Object-Oriented Programming (OOP): understanding of how to solve a problem by designing appropriate classes,Computer Science,Cambridge Assessment International Education,Cambridge International AS & A Level,A Level,Paper 3 - Advanced Theory,9618/3,90,75,25
Further Programming,Programming Paradigms,Object-Oriented Programming (OOP): understanding of and ability to write code that demonstrates the use of OOP,Computer Science,Cambridge Assessment International Education,Cambridge International AS & A Level,A Level,Paper 4 - Practical,9618/4,150,75,25
Further Programming,Programming Paradigms,Declarative programming: understanding of and ability to solve a problem by writing appropriate facts and rules based on supplied information,Computer Science,Cambridge Assessment International Education,Cambridge International AS & A Level,A Level,Paper 3 - Advanced Theory,9618/3,90,75,25
Further Programming,Programming Paradigms,Declarative programming: understanding of and ability to write code that can satisfy a goal using facts and rules,Computer Science,Cambridge Assessment International Education,Cambridge International AS & A Level,A Level,Paper 3 - Advanced Theory,9618/3,90,75,25
Further Programming,File Processing and Exception Handling,Write code to perform file-processing operations,Computer Science,Cambridge Assessment International Education,Cambridge International AS & A Level,A Level,Paper 4 - Practical,9618/4,150,75,25
Further Programming,File Processing and Exception Handling,"Open (in read, write, append mode) and close a file",Computer Science,Cambridge Assessment International Education,Cambridge International AS & A Level,A Level,Paper 4 - Practical,9618/4,150,75,25
Further Programming,File Processing and Exception Handling,Read a record from a file and write a record to a file,Computer Science,Cambridge Assessment International Education,Cambridge International AS & A Level,A Level,Paper 4 - Practical,9618/4,150,75,25
Further Programming,File Processing and Exception Handling,"Perform file-processing operations on serial, sequential, random files",Computer Science,Cambridge Assessment International Education,Cambridge International AS & A Level,A Level,Paper 4 - Practical,9618/4,150,75,25
Further Programming,File Processing and Exception Handling,Show understanding of an exception and the importance of exception handling,Computer Science,Cambridge Assessment International Education,Cambridge International AS & A Level,A Level,Paper 3 - Advanced Theory,9618/3,90,75,25
Further Programming,File Processing and Exception Handling,Know when it is appropriate to use exception handling,Computer Science,Cambridge Assessment International Education,Cambridge International AS & A Level,A Level,Paper 3 - Advanced Theory,9618/3,90,75,25
Further Programming,File Processing and Exception Handling,Write program code to use exception handling,Computer Science,Cambridge Assessment International Education,Cambridge International AS & A Level,A Level,Paper 4 - Practical,9618/4,150,75,25
