Main Topic,Subtopic,Learning Outcome,Subject,Exam Board,Qualification,Level,Component Name,Paper Code,Duration (min),Total Marks,Weighting (%)
Assessment objectives,AO1 Knowledge and understanding,"scientific phenomena, facts, laws, definitions, concepts and theories",Biology,Cambridge Assessment International Education,Cambridge International AS & A Level,AS Level,Paper 1 Multiple Choice,Paper 1,75,40,31
Assessment objectives,AO1 Knowledge and understanding,"scientific vocabulary, terminology and conventions (including symbols, quantities and units)",Biology,Cambridge Assessment International Education,Cambridge International AS & A Level,AS Level,Paper 1 Multiple Choice,Paper 1,75,40,31
Assessment objectives,AO1 Knowledge and understanding,"scientific instruments and apparatus, including techniques of operation and aspects of safety",Biology,Cambridge Assessment International Education,Cambridge International AS & A Level,AS Level,Paper 1 Multiple Choice,Paper 1,75,40,31
Assessment objectives,AO1 Knowledge and understanding,scientific quantities and their determination,Biology,Cambridge Assessment International Education,Cambridge International AS & A Level,AS Level,Paper 1 Multiple Choice,Paper 1,75,40,31
Assessment objectives,AO1 Knowledge and understanding,"scientific and technological applications with their social, economic and environmental implications.",Biology,Cambridge Assessment International Education,Cambridge International AS & A Level,AS Level,Paper 1 Multiple Choice,Paper 1,75,40,31
Assessment objectives,"AO2 Handling, applying and evaluating information","locate, select, organise and present information from a variety of sources",Biology,Cambridge Assessment International Education,Cambridge International AS & A Level,AS Level,Paper 1 Multiple Choice,Paper 1,75,40,31
Assessment objectives,"AO2 Handling, applying and evaluating information",translate information from one form to another,Biology,Cambridge Assessment International Education,Cambridge International AS & A Level,AS Level,Paper 1 Multiple Choice,Paper 1,75,40,31
Assessment objectives,"AO2 Handling, applying and evaluating information",manipulate numerical and other data,Biology,Cambridge Assessment International Education,Cambridge International AS & A Level,AS Level,Paper 1 Multiple Choice,Paper 1,75,40,31
Assessment objectives,"AO2 Handling, applying and evaluating information","use information to identify patterns, report trends and draw conclusions",Biology,Cambridge Assessment International Education,Cambridge International AS & A Level,AS Level,Paper 1 Multiple Choice,Paper 1,75,40,31
Assessment objectives,"AO2 Handling, applying and evaluating information","give reasoned explanations for phenomena, patterns and relationships",Biology,Cambridge Assessment International Education,Cambridge International AS & A Level,AS Level,Paper 1 Multiple Choice,Paper 1,75,40,31
Assessment objectives,"AO2 Handling, applying and evaluating information",make predictions and construct arguments to support hypotheses,Biology,Cambridge Assessment International Education,Cambridge International AS & A Level,AS Level,Paper 1 Multiple Choice,Paper 1,75,40,31
Assessment objectives,"AO2 Handling, applying and evaluating information","apply knowledge, including principles, to new situations",Biology,Cambridge Assessment International Education,Cambridge International AS & A Level,AS Level,Paper 1 Multiple Choice,Paper 1,75,40,31
Assessment objectives,"AO2 Handling, applying and evaluating information",evaluate information and hypotheses,Biology,Cambridge Assessment International Education,Cambridge International AS & A Level,AS Level,Paper 1 Multiple Choice,Paper 1,75,40,31
Assessment objectives,"AO2 Handling, applying and evaluating information",demonstrate an awareness of the limitations of biological theories and models,Biology,Cambridge Assessment International Education,Cambridge International AS & A Level,AS Level,Paper 1 Multiple Choice,Paper 1,75,40,31
Assessment objectives,"AO2 Handling, applying and evaluating information",solve problems.,Biology,Cambridge Assessment International Education,Cambridge International AS & A Level,AS Level,Paper 1 Multiple Choice,Paper 1,75,40,31
Cell structure,The microscope in cell studies,make temporary preparations of cellular material suitable for viewing with a light microscope,Biology,Cambridge Assessment International Education,Cambridge International AS & A Level,AS Level,Paper 1 Multiple Choice,Paper 1,75,40,31
Cell structure,The microscope in cell studies,draw cells from microscope slides and photomicrographs,Biology,Cambridge Assessment International Education,Cambridge International AS & A Level,AS Level,Paper 1 Multiple Choice,Paper 1,75,40,31
Cell structure,The microscope in cell studies,"calculate magnifications of images and actual sizes of specimens from drawings, photomicrographs and electron micrographs (scanning and transmission)",Biology,Cambridge Assessment International Education,Cambridge International AS & A Level,AS Level,Paper 1 Multiple Choice,Paper 1,75,40,31
Cell structure,The microscope in cell studies,"use an eyepiece graticule and stage micrometer scale to make measurements and use the appropriate units, millimetre (mm), micrometre (µm) and nanometre (nm)",Biology,Cambridge Assessment International Education,Cambridge International AS & A Level,AS Level,Paper 1 Multiple Choice,Paper 1,75,40,31
Cell structure,The microscope in cell studies,"define resolution and magnification and explain the differences between these terms, with reference to light microscopy and electron microscopy",Biology,Cambridge Assessment International Education,Cambridge International AS & A Level,AS Level,Paper 1 Multiple Choice,Paper 1,75,40,31
Cell structure,Cells as the basic units of living organisms,"recognise organelles and other cell structures found in eukaryotic cells and outline their structures and functions, limited to: • cell surface membrane • nucleus, nuclear envelope and nucleolus • rough endoplasmic reticulum • smooth endoplasmic reticulum • Golgi body (Golgi apparatus or Golgi complex) • mitochondria (including the presence of small circular DNA) • ribosomes (80S in the cytoplasm and 70S in chloroplasts and mitochondria) • lysosomes • centrioles and microtubules • cilia • microvilli • chloroplasts (including the presence of small circular DNA) • cell wall • plasmodesmata • large permanent vacuole and tonoplast of plant cells",Biology,Cambridge Assessment International Education,Cambridge International AS & A Level,AS Level,Paper 1 Multiple Choice,Paper 1,75,40,31
Cell structure,Cells as the basic units of living organisms,"describe and interpret photomicrographs, electron micrographs and drawings of typical plant and animal cells",Biology,Cambridge Assessment International Education,Cambridge International AS & A Level,AS Level,Paper 1 Multiple Choice,Paper 1,75,40,31
Cell structure,Cells as the basic units of living organisms,compare the structure of typical plant and animal cells,Biology,Cambridge Assessment International Education,Cambridge International AS & A Level,AS Level,Paper 1 Multiple Choice,Paper 1,75,40,31
Cell structure,Cells as the basic units of living organisms,state that cells use ATP from respiration for energy-requiring processes,Biology,Cambridge Assessment International Education,Cambridge International AS & A Level,AS Level,Paper 1 Multiple Choice,Paper 1,75,40,31
Cell structure,Cells as the basic units of living organisms,"outline key structural features of a prokaryotic cell as found in a typical bacterium, including: • unicellular • generally 1–5 µm diameter • peptidoglycan cell walls • circular DNA • 70S ribosomes • absence of organelles surrounded by double membranes",Biology,Cambridge Assessment International Education,Cambridge International AS & A Level,AS Level,Paper 1 Multiple Choice,Paper 1,75,40,31
Cell structure,Cells as the basic units of living organisms,compare the structure of a prokaryotic cell as found in a typical bacterium with the structures of typical eukaryotic cells in plants and animals,Biology,Cambridge Assessment International Education,Cambridge International AS & A Level,AS Level,Paper 1 Multiple Choice,Paper 1,75,40,31
Cell structure,Cells as the basic units of living organisms,"state that all viruses are non-cellular structures with a nucleic acid core (either DNA or RNA) and a capsid made of protein, and that some viruses have an outer envelope made of phospholipids",Biology,Cambridge Assessment International Education,Cambridge International AS & A Level,AS Level,Paper 1 Multiple Choice,Paper 1,75,40,31
Biological molecules,Testing for biological molecules,"describe and carry out the Benedict’s test for reducing sugars, the iodine test for starch, the emulsion test for lipids and the biuret test for proteins",Biology,Cambridge Assessment International Education,Cambridge International AS & A Level,AS Level,Paper 1 Multiple Choice,Paper 1,75,40,31
Biological molecules,Testing for biological molecules,describe and carry out a semi-quantitative Benedict’s test on a reducing sugar solution by standardising the test and using the results (time to first colour change or comparison to colour standards) to estimate the concentration,Biology,Cambridge Assessment International Education,Cambridge International AS & A Level,AS Level,Paper 1 Multiple Choice,Paper 1,75,40,31
Biological molecules,Testing for biological molecules,"describe and carry out a test to identify the presence of non-reducing sugars, using acid hydrolysis and Benedict’s solution",Biology,Cambridge Assessment International Education,Cambridge International AS & A Level,AS Level,Paper 1 Multiple Choice,Paper 1,75,40,31
Biological molecules,Carbohydrates and lipids,describe and draw the ring forms of α-glucose and β-glucose,Biology,Cambridge Assessment International Education,Cambridge International AS & A Level,AS Level,Paper 1 Multiple Choice,Paper 1,75,40,31
Biological molecules,Carbohydrates and lipids,"define the terms monomer, polymer, macromolecule, monosaccharide, disaccharide and polysaccharide",Biology,Cambridge Assessment International Education,Cambridge International AS & A Level,AS Level,Paper 1 Multiple Choice,Paper 1,75,40,31
Biological molecules,Carbohydrates and lipids,state the role of covalent bonds in joining smaller molecules together to form polymers,Biology,Cambridge Assessment International Education,Cambridge International AS & A Level,AS Level,Paper 1 Multiple Choice,Paper 1,75,40,31
Biological molecules,Carbohydrates and lipids,"state that glucose, fructose and maltose are reducing sugars and that sucrose is a non-reducing sugar",Biology,Cambridge Assessment International Education,Cambridge International AS & A Level,AS Level,Paper 1 Multiple Choice,Paper 1,75,40,31
Biological molecules,Carbohydrates and lipids,"describe the formation of a glycosidic bond by condensation, with reference to disaccharides, including sucrose, and polysaccharides",Biology,Cambridge Assessment International Education,Cambridge International AS & A Level,AS Level,Paper 1 Multiple Choice,Paper 1,75,40,31
Biological molecules,Carbohydrates and lipids,"describe the breakage of a glycosidic bond in polysaccharides and disaccharides by hydrolysis, with reference to the non-reducing sugar test",Biology,Cambridge Assessment International Education,Cambridge International AS & A Level,AS Level,Paper 1 Multiple Choice,Paper 1,75,40,31
Biological molecules,Carbohydrates and lipids,describe the molecular structure of the polysaccharides starch (amylose and amylopectin) and glycogen and relate their structures to their functions in living organisms,Biology,Cambridge Assessment International Education,Cambridge International AS & A Level,AS Level,Paper 1 Multiple Choice,Paper 1,75,40,31
Biological molecules,Carbohydrates and lipids,describe the molecular structure of the polysaccharide cellulose and outline how the arrangement of cellulose molecules contributes to the function of plant cell walls,Biology,Cambridge Assessment International Education,Cambridge International AS & A Level,AS Level,Paper 1 Multiple Choice,Paper 1,75,40,31
Biological molecules,Carbohydrates and lipids,"state that triglycerides are non-polar hydrophobic molecules and describe the molecular structure of triglycerides with reference to fatty acids (saturated and unsaturated), glycerol and the formation of ester bonds",Biology,Cambridge Assessment International Education,Cambridge International AS & A Level,AS Level,Paper 1 Multiple Choice,Paper 1,75,40,31
Biological molecules,Carbohydrates and lipids,relate the molecular structure of triglycerides to their functions in living organisms,Biology,Cambridge Assessment International Education,Cambridge International AS & A Level,AS Level,Paper 1 Multiple Choice,Paper 1,75,40,31
Biological molecules,Carbohydrates and lipids,describe the molecular structure of phospholipids with reference to their hydrophilic (polar) phosphate heads and hydrophobic (non-polar) fatty acid tails,Biology,Cambridge Assessment International Education,Cambridge International AS & A Level,AS Level,Paper 1 Multiple Choice,Paper 1,75,40,31
Biological molecules,Proteins,describe and draw the general structure of an amino acid and the formation and breakage of a peptide bond,Biology,Cambridge Assessment International Education,Cambridge International AS & A Level,AS Level,Paper 1 Multiple Choice,Paper 1,75,40,31
Biological molecules,Proteins,"explain the meaning of the terms primary structure, secondary structure, tertiary structure and quaternary structure of proteins",Biology,Cambridge Assessment International Education,Cambridge International AS & A Level,AS Level,Paper 1 Multiple Choice,Paper 1,75,40,31
Biological molecules,Proteins,"describe the types of interaction that hold protein molecules in shape: • hydrophobic interactions • hydrogen bonding • ionic bonding • covalent bonding, including disulfide bonds",Biology,Cambridge Assessment International Education,Cambridge International AS & A Level,AS Level,Paper 1 Multiple Choice,Paper 1,75,40,31
Biological molecules,Proteins,state that globular proteins are generally soluble and have physiological roles and fibrous proteins are generally insoluble and have structural roles,Biology,Cambridge Assessment International Education,Cambridge International AS & A Level,AS Level,Paper 1 Multiple Choice,Paper 1,75,40,31
Biological molecules,Proteins,"describe the structure of a molecule of haemoglobin as an example of a globular protein, including the formation of its quaternary structure from two alpha (α) chains (α–globin), two beta (β) chains (β–globin) and a haem group",Biology,Cambridge Assessment International Education,Cambridge International AS & A Level,AS Level,Paper 1 Multiple Choice,Paper 1,75,40,31
Biological molecules,Proteins,"relate the structure of haemoglobin to its function, including the importance of iron in the haem group",Biology,Cambridge Assessment International Education,Cambridge International AS & A Level,AS Level,Paper 1 Multiple Choice,Paper 1,75,40,31
Biological molecules,Proteins,"describe the structure of a molecule of collagen as an example of a fibrous protein, and the arrangement of collagen molecules to form collagen fibres",Biology,Cambridge Assessment International Education,Cambridge International AS & A Level,AS Level,Paper 1 Multiple Choice,Paper 1,75,40,31
Biological molecules,Proteins,relate the structures of collagen molecules and collagen fibres to their function,Biology,Cambridge Assessment International Education,Cambridge International AS & A Level,AS Level,Paper 1 Multiple Choice,Paper 1,75,40,31
Biological molecules,Water,"explain how hydrogen bonding occurs between water molecules and relate the properties of water to its roles in living organisms, limited to solvent action, high specific heat capacity and latent heat of vaporisation",Biology,Cambridge Assessment International Education,Cambridge International AS & A Level,AS Level,Paper 1 Multiple Choice,Paper 1,75,40,31
Enzymes,Mode of action of enzymes,state that enzymes are globular proteins that catalyse reactions inside cells (intracellular enzymes) or are secreted to catalyse reactions outside cells (extracellular enzymes),Biology,Cambridge Assessment International Education,Cambridge International AS & A Level,AS Level,Paper 1 Multiple Choice,Paper 1,75,40,31
Enzymes,Mode of action of enzymes,"explain the mode of action of enzymes in terms of an active site, enzyme–substrate complex, lowering of activation energy and enzyme specificity, including the lock-and-key hypothesis and the induced-fit hypothesis",Biology,Cambridge Assessment International Education,Cambridge International AS & A Level,AS Level,Paper 1 Multiple Choice,Paper 1,75,40,31
Enzymes,Mode of action of enzymes,investigate the progress of enzyme-catalysed reactions by measuring rates of formation of products using catalase and rates of disappearance of substrate using amylase,Biology,Cambridge Assessment International Education,Cambridge International AS & A Level,AS Level,Paper 1 Multiple Choice,Paper 1,75,40,31
Enzymes,Mode of action of enzymes,outline the use of a colorimeter for measuring the progress of enzyme-catalysed reactions that involve colour changes,Biology,Cambridge Assessment International Education,Cambridge International AS & A Level,AS Level,Paper 1 Multiple Choice,Paper 1,75,40,31
Enzymes,Factors that affect enzyme action,investigate and explain the effects of the following factors on the rate of enzyme-catalysed reactions: • temperature • pH (using buffer solutions) • enzyme concentration • substrate concentration • inhibitor concentration,Biology,Cambridge Assessment International Education,Cambridge International AS & A Level,AS Level,Paper 1 Multiple Choice,Paper 1,75,40,31
Enzymes,Factors that affect enzyme action,"explain that the maximum rate of reaction (Vmax) is used to derive the Michaelis–Menten constant (Km), which is used to compare the affinity of different enzymes for their substrates",Biology,Cambridge Assessment International Education,Cambridge International AS & A Level,AS Level,Paper 1 Multiple Choice,Paper 1,75,40,31
Enzymes,Factors that affect enzyme action,"explain the effects of reversible inhibitors, both competitive and non-competitive, on enzyme activity",Biology,Cambridge Assessment International Education,Cambridge International AS & A Level,AS Level,Paper 1 Multiple Choice,Paper 1,75,40,31
Enzymes,Factors that affect enzyme action,"investigate the difference in activity between an enzyme immobilised in alginate and the same enzyme free in solution, and state the advantages of using immobilised enzymes",Biology,Cambridge Assessment International Education,Cambridge International AS & A Level,AS Level,Paper 1 Multiple Choice,Paper 1,75,40,31
Cell membranes and transport,Fluid mosaic membranes,describe the fluid mosaic model of membrane structure with reference to the hydrophobic and hydrophilic interactions that account for the formation of the phospholipid bilayer and the arrangement of proteins,Biology,Cambridge Assessment International Education,Cambridge International AS & A Level,AS Level,Paper 1 Multiple Choice,Paper 1,75,40,31
Cell membranes and transport,Fluid mosaic membranes,"describe the arrangement of cholesterol, glycolipids and glycoproteins in cell surface membranes",Biology,Cambridge Assessment International Education,Cambridge International AS & A Level,AS Level,Paper 1 Multiple Choice,Paper 1,75,40,31
Cell membranes and transport,Fluid mosaic membranes,"describe the roles of phospholipids, cholesterol, glycolipids, proteins and glycoproteins in cell surface membranes, with reference to stability, fluidity, permeability, transport (carrier proteins and channel proteins), cell signalling (cell surface receptors) and cell recognition (cell surface antigens – see 11.1.2)",Biology,Cambridge Assessment International Education,Cambridge International AS & A Level,AS Level,Paper 1 Multiple Choice,Paper 1,75,40,31
Cell membranes and transport,Fluid mosaic membranes,outline the main stages in the process of cell signalling leading to specific responses: • secretion of specific chemicals (ligands) from cells • transport of ligands to target cells • binding of ligands to cell surface receptors on target cells,Biology,Cambridge Assessment International Education,Cambridge International AS & A Level,AS Level,Paper 1 Multiple Choice,Paper 1,75,40,31
Cell membranes and transport,Movement into and out of cells,"describe and explain the processes of simple diffusion, facilitated diffusion, osmosis, active transport, endocytosis and exocytosis",Biology,Cambridge Assessment International Education,Cambridge International AS & A Level,AS Level,Paper 1 Multiple Choice,Paper 1,75,40,31
Cell membranes and transport,Movement into and out of cells,"investigate simple diffusion and osmosis using plant tissue and non-living materials, including dialysis (Visking) tubing and agar",Biology,Cambridge Assessment International Education,Cambridge International AS & A Level,AS Level,Paper 1 Multiple Choice,Paper 1,75,40,31
Cell membranes and transport,Movement into and out of cells,illustrate the principle that surface area to volume ratios decrease with increasing size by calculating surface areas and volumes of simple 3-D shapes (as shown in the Mathematical requirements),Biology,Cambridge Assessment International Education,Cambridge International AS & A Level,AS Level,Paper 1 Multiple Choice,Paper 1,75,40,31
Cell membranes and transport,Movement into and out of cells,investigate the effect of changing surface area to volume ratio on diffusion using agar blocks of different sizes,Biology,Cambridge Assessment International Education,Cambridge International AS & A Level,AS Level,Paper 1 Multiple Choice,Paper 1,75,40,31
Cell membranes and transport,Movement into and out of cells,"investigate the effects of immersing plant tissues in solutions of different water potentials, using the results to estimate the water potential of the tissues",Biology,Cambridge Assessment International Education,Cambridge International AS & A Level,AS Level,Paper 1 Multiple Choice,Paper 1,75,40,31
Cell membranes and transport,Movement into and out of cells,explain the movement of water between cells and solutions in terms of water potential and explain the different effects of the movement of water on plant cells and animal cells (knowledge of solute potential and pressure potential is not expected),Biology,Cambridge Assessment International Education,Cambridge International AS & A Level,AS Level,Paper 1 Multiple Choice,Paper 1,75,40,31
The mitotic cell cycle,Replication and division of nuclei and cells,"describe the structure of a chromosome, limited to: • DNA • histone proteins • sister chromatids • centromere • telomeres",Biology,Cambridge Assessment International Education,Cambridge International AS & A Level,AS Level,Paper 1 Multiple Choice,Paper 1,75,40,31
The mitotic cell cycle,Replication and division of nuclei and cells,explain the importance of mitosis in the production of genetically identical daughter cells during: • growth of multicellular organisms • replacement of damaged or dead cells • repair of tissues by cell replacement • asexual reproduction,Biology,Cambridge Assessment International Education,Cambridge International AS & A Level,AS Level,Paper 1 Multiple Choice,Paper 1,75,40,31
The mitotic cell cycle,Replication and division of nuclei and cells,"outline the mitotic cell cycle, including: • interphase (growth in G1 and G2 phases and DNA replication in S phase) • mitosis • cytokinesis",Biology,Cambridge Assessment International Education,Cambridge International AS & A Level,AS Level,Paper 1 Multiple Choice,Paper 1,75,40,31
The mitotic cell cycle,Replication and division of nuclei and cells,outline the role of telomeres in preventing the loss of genes from the ends of chromosomes during DNA replication,Biology,Cambridge Assessment International Education,Cambridge International AS & A Level,AS Level,Paper 1 Multiple Choice,Paper 1,75,40,31
The mitotic cell cycle,Replication and division of nuclei and cells,outline the role of stem cells in cell replacement and tissue repair by mitosis,Biology,Cambridge Assessment International Education,Cambridge International AS & A Level,AS Level,Paper 1 Multiple Choice,Paper 1,75,40,31
The mitotic cell cycle,Replication and division of nuclei and cells,explain how uncontrolled cell division can result in the formation of a tumour,Biology,Cambridge Assessment International Education,Cambridge International AS & A Level,AS Level,Paper 1 Multiple Choice,Paper 1,75,40,31
The mitotic cell cycle,Chromosome behaviour in mitosis,"describe the behaviour of chromosomes in plant and animal cells during the mitotic cell cycle and the associated behaviour of the nuclear envelope, the cell surface membrane and the spindle (names of the main stages of mitosis are expected: prophase, metaphase, anaphase and telophase)",Biology,Cambridge Assessment International Education,Cambridge International AS & A Level,AS Level,Paper 1 Multiple Choice,Paper 1,75,40,31
The mitotic cell cycle,Chromosome behaviour in mitosis,"interpret photomicrographs, diagrams and microscope slides of cells in different stages of the mitotic cell cycle and identify the main stages of mitosis",Biology,Cambridge Assessment International Education,Cambridge International AS & A Level,AS Level,Paper 1 Multiple Choice,Paper 1,75,40,31
Nucleic acids and protein synthesis,Structure of nucleic acids and replication of DNA,"describe the structure of nucleotides, including the phosphorylated nucleotide ATP (structural formulae are not expected)",Biology,Cambridge Assessment International Education,Cambridge International AS & A Level,AS Level,Paper 1 Multiple Choice,Paper 1,75,40,31
Nucleic acids and protein synthesis,Structure of nucleic acids and replication of DNA,"state that the bases adenine and guanine are purines with a double ring structure, and that the bases cytosine, thymine and uracil are pyrimidines with a single ring structure (structural formulae for bases are not expected)",Biology,Cambridge Assessment International Education,Cambridge International AS & A Level,AS Level,Paper 1 Multiple Choice,Paper 1,75,40,31
Nucleic acids and protein synthesis,Structure of nucleic acids and replication of DNA,"describe the structure of a DNA molecule as a double helix, including: • the importance of complementary base pairing between the 5′ to 3′ strand and the 3′ to 5′ strand (antiparallel strands) • differences in hydrogen bonding between C–G and A–T base pairs • linking of nucleotides by phosphodiester bonds",Biology,Cambridge Assessment International Education,Cambridge International AS & A Level,AS Level,Paper 1 Multiple Choice,Paper 1,75,40,31
Nucleic acids and protein synthesis,Structure of nucleic acids and replication of DNA,"describe the semi-conservative replication of DNA during the S phase of the cell cycle, including: • the roles of DNA polymerase and DNA ligase (knowledge of other enzymes in DNA replication in cells and different types of DNA polymerase is not expected) • the differences between leading strand and lagging strand replication as a consequence of DNA polymerase adding nucleotides only in a 5′ to 3′ direction",Biology,Cambridge Assessment International Education,Cambridge International AS & A Level,AS Level,Paper 1 Multiple Choice,Paper 1,75,40,31
Nucleic acids and protein synthesis,Structure of nucleic acids and replication of DNA,"describe the structure of an RNA molecule, using the example of messenger RNA (mRNA)",Biology,Cambridge Assessment International Education,Cambridge International AS & A Level,AS Level,Paper 1 Multiple Choice,Paper 1,75,40,31
Nucleic acids and protein synthesis,Protein synthesis,state that a polypeptide is coded for by a gene and that a gene is a sequence of nucleotides that forms part of a DNA molecule,Biology,Cambridge Assessment International Education,Cambridge International AS & A Level,AS Level,Paper 1 Multiple Choice,Paper 1,75,40,31
Nucleic acids and protein synthesis,Protein synthesis,describe the principle of the universal genetic code in which different triplets of DNA bases either code for specific amino acids or correspond to start and stop codons,Biology,Cambridge Assessment International Education,Cambridge International AS & A Level,AS Level,Paper 1 Multiple Choice,Paper 1,75,40,31
Nucleic acids and protein synthesis,Protein synthesis,"describe how the information in DNA is used during transcription and translation to construct polypeptides, including the roles of: • RNA polymerase • messenger RNA (mRNA) • codons • transfer RNA (tRNA) • anticodons • ribosomes",Biology,Cambridge Assessment International Education,Cambridge International AS & A Level,AS Level,Paper 1 Multiple Choice,Paper 1,75,40,31
Nucleic acids and protein synthesis,Protein synthesis,state that the strand of a DNA molecule that is used in transcription is called the transcribed or template strand and that the other strand is called the non-transcribed strand,Biology,Cambridge Assessment International Education,Cambridge International AS & A Level,AS Level,Paper 1 Multiple Choice,Paper 1,75,40,31
Nucleic acids and protein synthesis,Protein synthesis,"explain that, in eukaryotes, the RNA molecule formed following transcription (primary transcript) is modified by the removal of non-coding sequences (introns) and the joining together of coding sequences (exons) to form mRNA",Biology,Cambridge Assessment International Education,Cambridge International AS & A Level,AS Level,Paper 1 Multiple Choice,Paper 1,75,40,31
Nucleic acids and protein synthesis,Protein synthesis,state that a gene mutation is a change in the sequence of base pairs in a DNA molecule that may result in an altered polypeptide,Biology,Cambridge Assessment International Education,Cambridge International AS & A Level,AS Level,Paper 1 Multiple Choice,Paper 1,75,40,31
Nucleic acids and protein synthesis,Protein synthesis,explain that a gene mutation is a result of substitution or deletion or insertion of nucleotides in DNA and outline how each of these types of mutation may affect the polypeptide produced,Biology,Cambridge Assessment International Education,Cambridge International AS & A Level,AS Level,Paper 1 Multiple Choice,Paper 1,75,40,31
Transport in plants,Structure of transport tissues,"draw plan diagrams of transverse sections of stems, roots and leaves of herbaceous dicotyledonous plants from microscope slides and photomicrographs",Biology,Cambridge Assessment International Education,Cambridge International AS & A Level,AS Level,Paper 1 Multiple Choice,Paper 1,75,40,31
Transport in plants,Structure of transport tissues,"describe the distribution of xylem and phloem in transverse sections of stems, roots and leaves of herbaceous dicotyledonous plants",Biology,Cambridge Assessment International Education,Cambridge International AS & A Level,AS Level,Paper 1 Multiple Choice,Paper 1,75,40,31
Transport in plants,Structure of transport tissues,"draw and label xylem vessel elements, phloem sieve tube elements and companion cells from microscope slides, photomicrographs and electron micrographs",Biology,Cambridge Assessment International Education,Cambridge International AS & A Level,AS Level,Paper 1 Multiple Choice,Paper 1,75,40,31
Transport in plants,Structure of transport tissues,"relate the structure of xylem vessel elements, phloem sieve tube elements and companion cells to their functions",Biology,Cambridge Assessment International Education,Cambridge International AS & A Level,AS Level,Paper 1 Multiple Choice,Paper 1,75,40,31
Transport in plants,Transport mechanisms,state that some mineral ions and organic compounds can be transported within plants dissolved in water,Biology,Cambridge Assessment International Education,Cambridge International AS & A Level,AS Level,Paper 1 Multiple Choice,Paper 1,75,40,31
Transport in plants,Transport mechanisms,"describe the transport of water from the soil to the xylem through the: • apoplast pathway, including reference to lignin and cellulose • symplast pathway, including reference to the endodermis, Casparian strip and suberin",Biology,Cambridge Assessment International Education,Cambridge International AS & A Level,AS Level,Paper 1 Multiple Choice,Paper 1,75,40,31
Transport in plants,Transport mechanisms,explain that transpiration involves the evaporation of water from the internal surfaces of leaves followed by diffusion of water vapour to the atmosphere,Biology,Cambridge Assessment International Education,Cambridge International AS & A Level,AS Level,Paper 1 Multiple Choice,Paper 1,75,40,31
Transport in plants,Transport mechanisms,explain how hydrogen bonding of water molecules is involved with movement of water in the xylem by cohesion-tension in transpiration pull and by adhesion to cellulose in cell walls,Biology,Cambridge Assessment International Education,Cambridge International AS & A Level,AS Level,Paper 1 Multiple Choice,Paper 1,75,40,31
Transport in plants,Transport mechanisms,make annotated drawings of transverse sections of leaves from xerophytic plants to explain how they are adapted to reduce water loss by transpiration,Biology,Cambridge Assessment International Education,Cambridge International AS & A Level,AS Level,Paper 1 Multiple Choice,Paper 1,75,40,31
Transport in plants,Transport mechanisms,"state that assimilates dissolved in water, such as sucrose and amino acids, move from sources to sinks in phloem sieve tubes",Biology,Cambridge Assessment International Education,Cambridge International AS & A Level,AS Level,Paper 1 Multiple Choice,Paper 1,75,40,31
Transport in plants,Transport mechanisms,"explain how companion cells transfer assimilates to phloem sieve tubes, with reference to proton pumps and cotransporter proteins",Biology,Cambridge Assessment International Education,Cambridge International AS & A Level,AS Level,Paper 1 Multiple Choice,Paper 1,75,40,31
Transport in plants,Transport mechanisms,explain mass flow in phloem sieve tubes down a hydrostatic pressure gradient from source to sink,Biology,Cambridge Assessment International Education,Cambridge International AS & A Level,AS Level,Paper 1 Multiple Choice,Paper 1,75,40,31
Transport in mammals,The circulatory system,"state that the mammalian circulatory system is a closed double circulation consisting of a heart, blood and blood vessels including arteries, arterioles, capillaries, venules and veins",Biology,Cambridge Assessment International Education,Cambridge International AS & A Level,AS Level,Paper 1 Multiple Choice,Paper 1,75,40,31
Transport in mammals,The circulatory system,"describe the functions of the main blood vessels of the pulmonary and systemic circulations, limited to pulmonary artery, pulmonary vein, aorta and vena cava",Biology,Cambridge Assessment International Education,Cambridge International AS & A Level,AS Level,Paper 1 Multiple Choice,Paper 1,75,40,31
Transport in mammals,The circulatory system,"recognise arteries, veins and capillaries from microscope slides, photomicrographs and electron micrographs and make plan diagrams showing the structure of arteries and veins in transverse section (TS) and longitudinal section (LS)",Biology,Cambridge Assessment International Education,Cambridge International AS & A Level,AS Level,Paper 1 Multiple Choice,Paper 1,75,40,31
Transport in mammals,The circulatory system,"explain how the structure of muscular arteries, elastic arteries, veins and capillaries are each related to their functions",Biology,Cambridge Assessment International Education,Cambridge International AS & A Level,AS Level,Paper 1 Multiple Choice,Paper 1,75,40,31
Transport in mammals,The circulatory system,"recognise and draw red blood cells, monocytes, neutrophils and lymphocytes from microscope slides, photomicrographs and electron micrographs",Biology,Cambridge Assessment International Education,Cambridge International AS & A Level,AS Level,Paper 1 Multiple Choice,Paper 1,75,40,31
Transport in mammals,The circulatory system,"state that water is the main component of blood and tissue fluid and relate the properties of water to its role in transport in mammals, limited to solvent action and high specific heat capacity",Biology,Cambridge Assessment International Education,Cambridge International AS & A Level,AS Level,Paper 1 Multiple Choice,Paper 1,75,40,31
Transport in mammals,The circulatory system,state the functions of tissue fluid and describe the formation of tissue fluid in a capillary network,Biology,Cambridge Assessment International Education,Cambridge International AS & A Level,AS Level,Paper 1 Multiple Choice,Paper 1,75,40,31
Transport in mammals,Transport of oxygen and carbon dioxide,describe the role of red blood cells in transporting oxygen and carbon dioxide with reference to the roles of: • haemoglobin • carbonic anhydrase • the formation of haemoglobinic acid • the formation of carbaminohaemoglobin,Biology,Cambridge Assessment International Education,Cambridge International AS & A Level,AS Level,Paper 1 Multiple Choice,Paper 1,75,40,31
Transport in mammals,Transport of oxygen and carbon dioxide,describe the chloride shift and explain the importance of the chloride shift,Biology,Cambridge Assessment International Education,Cambridge International AS & A Level,AS Level,Paper 1 Multiple Choice,Paper 1,75,40,31
Transport in mammals,Transport of oxygen and carbon dioxide,describe the role of plasma in the transport of carbon dioxide,Biology,Cambridge Assessment International Education,Cambridge International AS & A Level,AS Level,Paper 1 Multiple Choice,Paper 1,75,40,31
Transport in mammals,Transport of oxygen and carbon dioxide,describe and explain the oxygen dissociation curve of adult haemoglobin,Biology,Cambridge Assessment International Education,Cambridge International AS & A Level,AS Level,Paper 1 Multiple Choice,Paper 1,75,40,31
Transport in mammals,Transport of oxygen and carbon dioxide,explain the importance of the oxygen dissociation curve at partial pressures of oxygen in the lungs and in respiring tissues,Biology,Cambridge Assessment International Education,Cambridge International AS & A Level,AS Level,Paper 1 Multiple Choice,Paper 1,75,40,31
Transport in mammals,Transport of oxygen and carbon dioxide,describe the Bohr shift and explain the importance of the Bohr shift,Biology,Cambridge Assessment International Education,Cambridge International AS & A Level,AS Level,Paper 1 Multiple Choice,Paper 1,75,40,31
Transport in mammals,The heart,describe the external and internal structure of the mammalian heart,Biology,Cambridge Assessment International Education,Cambridge International AS & A Level,AS Level,Paper 1 Multiple Choice,Paper 1,75,40,31
Transport in mammals,The heart,explain the differences in the thickness of the walls of the: • atria and ventricles • left ventricle and right ventricle,Biology,Cambridge Assessment International Education,Cambridge International AS & A Level,AS Level,Paper 1 Multiple Choice,Paper 1,75,40,31
Transport in mammals,The heart,"describe the cardiac cycle, with reference to the relationship between blood pressure changes during systole and diastole and the opening and closing of valves",Biology,Cambridge Assessment International Education,Cambridge International AS & A Level,AS Level,Paper 1 Multiple Choice,Paper 1,75,40,31
Transport in mammals,The heart,"explain the roles of the sinoatrial node, the atrioventricular node and the Purkyne tissue in the cardiac cycle (knowledge of nervous and hormonal control is not expected)",Biology,Cambridge Assessment International Education,Cambridge International AS & A Level,AS Level,Paper 1 Multiple Choice,Paper 1,75,40,31
Gas exchange,The gas exchange system,"describe the structure of the human gas exchange system, limited to: • lungs • trachea • bronchi • bronchioles • alveoli • capillary network",Biology,Cambridge Assessment International Education,Cambridge International AS & A Level,AS Level,Paper 1 Multiple Choice,Paper 1,75,40,31
Gas exchange,The gas exchange system,"describe the distribution in the gas exchange system of cartilage, ciliated epithelium, goblet cells, squamous epithelium of alveoli, smooth muscle and capillaries",Biology,Cambridge Assessment International Education,Cambridge International AS & A Level,AS Level,Paper 1 Multiple Choice,Paper 1,75,40,31
Gas exchange,The gas exchange system,"recognise cartilage, ciliated epithelium, goblet cells, squamous epithelium of alveoli, smooth muscle and capillaries in microscope slides, photomicrographs and electron micrographs",Biology,Cambridge Assessment International Education,Cambridge International AS & A Level,AS Level,Paper 1 Multiple Choice,Paper 1,75,40,31
Gas exchange,The gas exchange system,"recognise trachea, bronchi, bronchioles and alveoli in microscope slides, photomicrographs and electron micrographs and make plan diagrams of transverse sections of the walls of the trachea and bronchus",Biology,Cambridge Assessment International Education,Cambridge International AS & A Level,AS Level,Paper 1 Multiple Choice,Paper 1,75,40,31
Gas exchange,The gas exchange system,"describe the functions of ciliated epithelial cells, goblet cells and mucous glands in maintaining the health of the gas exchange system",Biology,Cambridge Assessment International Education,Cambridge International AS & A Level,AS Level,Paper 1 Multiple Choice,Paper 1,75,40,31
Gas exchange,The gas exchange system,"describe the functions in the gas exchange system of cartilage, smooth muscle, elastic fibres and squamous epithelium",Biology,Cambridge Assessment International Education,Cambridge International AS & A Level,AS Level,Paper 1 Multiple Choice,Paper 1,75,40,31
Gas exchange,The gas exchange system,describe gas exchange between air in the alveoli and blood in the capillaries,Biology,Cambridge Assessment International Education,Cambridge International AS & A Level,AS Level,Paper 1 Multiple Choice,Paper 1,75,40,31
Infectious diseases,Infectious diseases,state that infectious diseases are caused by pathogens and are transmissible,Biology,Cambridge Assessment International Education,Cambridge International AS & A Level,AS Level,Paper 1 Multiple Choice,Paper 1,75,40,31
Infectious diseases,Infectious diseases,"state the name and type of pathogen that causes each of the following diseases: • cholera – caused by the bacterium Vibrio cholerae • malaria – caused by the protoctists Plasmodium falciparum, Plasmodium malariae, Plasmodium ovale and Plasmodium vivax • tuberculosis (TB) – caused by the bacteria Mycobacterium tuberculosis and Mycobacterium bovis • HIV/AIDS – caused by the human immunodeficiency virus (HIV)",Biology,Cambridge Assessment International Education,Cambridge International AS & A Level,AS Level,Paper 1 Multiple Choice,Paper 1,75,40,31
Infectious diseases,Infectious diseases,"explain how cholera, malaria, TB and HIV are transmitted",Biology,Cambridge Assessment International Education,Cambridge International AS & A Level,AS Level,Paper 1 Multiple Choice,Paper 1,75,40,31
Infectious diseases,Infectious diseases,"discuss the biological, social and economic factors that need to be considered in the prevention and control of cholera, malaria, TB and HIV (details of the life cycle of the malarial parasite are not expected)",Biology,Cambridge Assessment International Education,Cambridge International AS & A Level,AS Level,Paper 1 Multiple Choice,Paper 1,75,40,31
Infectious diseases,Antibiotics,outline how penicillin acts on bacteria and why antibiotics do not affect viruses,Biology,Cambridge Assessment International Education,Cambridge International AS & A Level,AS Level,Paper 1 Multiple Choice,Paper 1,75,40,31
Infectious diseases,Antibiotics,discuss the consequences of antibiotic resistance and the steps that can be taken to reduce its impact,Biology,Cambridge Assessment International Education,Cambridge International AS & A Level,AS Level,Paper 1 Multiple Choice,Paper 1,75,40,31
Immunity,The immune system,describe the mode of action of phagocytes (macrophages and neutrophils),Biology,Cambridge Assessment International Education,Cambridge International AS & A Level,AS Level,Paper 1 Multiple Choice,Paper 1,75,40,31
Immunity,The immune system,explain what is meant by an antigen (see 4.1.3) and state the difference between self antigens and non-self antigens,Biology,Cambridge Assessment International Education,Cambridge International AS & A Level,AS Level,Paper 1 Multiple Choice,Paper 1,75,40,31
Immunity,The immune system,"describe the sequence of events that occurs during a primary immune response with reference to the roles of: • macrophages • B-lymphocytes, including plasma cells • T-lymphocytes, limited to T-helper cells and T-killer cells",Biology,Cambridge Assessment International Education,Cambridge International AS & A Level,AS Level,Paper 1 Multiple Choice,Paper 1,75,40,31
Immunity,The immune system,explain the role of memory cells in the secondary immune response and in long-term immunity,Biology,Cambridge Assessment International Education,Cambridge International AS & A Level,AS Level,Paper 1 Multiple Choice,Paper 1,75,40,31
Immunity,Antibodies and vaccination,relate the molecular structure of antibodies to their functions,Biology,Cambridge Assessment International Education,Cambridge International AS & A Level,AS Level,Paper 1 Multiple Choice,Paper 1,75,40,31
Immunity,Antibodies and vaccination,outline the hybridoma method for the production of monoclonal antibodies,Biology,Cambridge Assessment International Education,Cambridge International AS & A Level,AS Level,Paper 1 Multiple Choice,Paper 1,75,40,31
Immunity,Antibodies and vaccination,outline the principles of using monoclonal antibodies in the diagnosis of disease and in the treatment of disease,Biology,Cambridge Assessment International Education,Cambridge International AS & A Level,AS Level,Paper 1 Multiple Choice,Paper 1,75,40,31
Immunity,Antibodies and vaccination,describe the differences between active immunity and passive immunity and between natural immunity and artificial immunity,Biology,Cambridge Assessment International Education,Cambridge International AS & A Level,AS Level,Paper 1 Multiple Choice,Paper 1,75,40,31
Immunity,Antibodies and vaccination,explain that vaccines contain antigens that stimulate immune responses to provide long-term immunity,Biology,Cambridge Assessment International Education,Cambridge International AS & A Level,AS Level,Paper 1 Multiple Choice,Paper 1,75,40,31
Immunity,Antibodies and vaccination,explain how vaccination programmes can help to control the spread of infectious diseases,Biology,Cambridge Assessment International Education,Cambridge International AS & A Level,AS Level,Paper 1 Multiple Choice,Paper 1,75,40,31
Assessment objectives,AO1 Knowledge and understanding,"scientific phenomena, facts, laws, definitions, concepts and theories",Biology,Cambridge Assessment International Education,Cambridge International AS & A Level,AS Level,Paper 2 AS Level Structured Questions,Paper 2,75,60,46
Assessment objectives,AO1 Knowledge and understanding,"scientific vocabulary, terminology and conventions (including symbols, quantities and units)",Biology,Cambridge Assessment International Education,Cambridge International AS & A Level,AS Level,Paper 2 AS Level Structured Questions,Paper 2,75,60,46
Assessment objectives,AO1 Knowledge and understanding,"scientific instruments and apparatus, including techniques of operation and aspects of safety",Biology,Cambridge Assessment International Education,Cambridge International AS & A Level,AS Level,Paper 2 AS Level Structured Questions,Paper 2,75,60,46
Assessment objectives,AO1 Knowledge and understanding,scientific quantities and their determination,Biology,Cambridge Assessment International Education,Cambridge International AS & A Level,AS Level,Paper 2 AS Level Structured Questions,Paper 2,75,60,46
Assessment objectives,AO1 Knowledge and understanding,"scientific and technological applications with their social, economic and environmental implications.",Biology,Cambridge Assessment International Education,Cambridge International AS & A Level,AS Level,Paper 2 AS Level Structured Questions,Paper 2,75,60,46
Assessment objectives,"AO2 Handling, applying and evaluating information","locate, select, organise and present information from a variety of sources",Biology,Cambridge Assessment International Education,Cambridge International AS & A Level,AS Level,Paper 2 AS Level Structured Questions,Paper 2,75,60,46
Assessment objectives,"AO2 Handling, applying and evaluating information",translate information from one form to another,Biology,Cambridge Assessment International Education,Cambridge International AS & A Level,AS Level,Paper 2 AS Level Structured Questions,Paper 2,75,60,46
Assessment objectives,"AO2 Handling, applying and evaluating information",manipulate numerical and other data,Biology,Cambridge Assessment International Education,Cambridge International AS & A Level,AS Level,Paper 2 AS Level Structured Questions,Paper 2,75,60,46
Assessment objectives,"AO2 Handling, applying and evaluating information","use information to identify patterns, report trends and draw conclusions",Biology,Cambridge Assessment International Education,Cambridge International AS & A Level,AS Level,Paper 2 AS Level Structured Questions,Paper 2,75,60,46
Assessment objectives,"AO2 Handling, applying and evaluating information","give reasoned explanations for phenomena, patterns and relationships",Biology,Cambridge Assessment International Education,Cambridge International AS & A Level,AS Level,Paper 2 AS Level Structured Questions,Paper 2,75,60,46
Assessment objectives,"AO2 Handling, applying and evaluating information",make predictions and construct arguments to support hypotheses,Biology,Cambridge Assessment International Education,Cambridge International AS & A Level,AS Level,Paper 2 AS Level Structured Questions,Paper 2,75,60,46
Assessment objectives,"AO2 Handling, applying and evaluating information","apply knowledge, including principles, to new situations",Biology,Cambridge Assessment International Education,Cambridge International AS & A Level,AS Level,Paper 2 AS Level Structured Questions,Paper 2,75,60,46
Assessment objectives,"AO2 Handling, applying and evaluating information",evaluate information and hypotheses,Biology,Cambridge Assessment International Education,Cambridge International AS & A Level,AS Level,Paper 2 AS Level Structured Questions,Paper 2,75,60,46
Assessment objectives,"AO2 Handling, applying and evaluating information",demonstrate an awareness of the limitations of biological theories and models,Biology,Cambridge Assessment International Education,Cambridge International AS & A Level,AS Level,Paper 2 AS Level Structured Questions,Paper 2,75,60,46
Assessment objectives,"AO2 Handling, applying and evaluating information",solve problems.,Biology,Cambridge Assessment International Education,Cambridge International AS & A Level,AS Level,Paper 2 AS Level Structured Questions,Paper 2,75,60,46
Cell structure,The microscope in cell studies,make temporary preparations of cellular material suitable for viewing with a light microscope,Biology,Cambridge Assessment International Education,Cambridge International AS & A Level,AS Level,Paper 2 AS Level Structured Questions,Paper 2,75,60,46
Cell structure,The microscope in cell studies,draw cells from microscope slides and photomicrographs,Biology,Cambridge Assessment International Education,Cambridge International AS & A Level,AS Level,Paper 2 AS Level Structured Questions,Paper 2,75,60,46
Cell structure,The microscope in cell studies,"calculate magnifications of images and actual sizes of specimens from drawings, photomicrographs and electron micrographs (scanning and transmission)",Biology,Cambridge Assessment International Education,Cambridge International AS & A Level,AS Level,Paper 2 AS Level Structured Questions,Paper 2,75,60,46
Cell structure,The microscope in cell studies,"use an eyepiece graticule and stage micrometer scale to make measurements and use the appropriate units, millimetre (mm), micrometre (µm) and nanometre (nm)",Biology,Cambridge Assessment International Education,Cambridge International AS & A Level,AS Level,Paper 2 AS Level Structured Questions,Paper 2,75,60,46
Cell structure,The microscope in cell studies,"define resolution and magnification and explain the differences between these terms, with reference to light microscopy and electron microscopy",Biology,Cambridge Assessment International Education,Cambridge International AS & A Level,AS Level,Paper 2 AS Level Structured Questions,Paper 2,75,60,46
Cell structure,Cells as the basic units of living organisms,"recognise organelles and other cell structures found in eukaryotic cells and outline their structures and functions, limited to: • cell surface membrane • nucleus, nuclear envelope and nucleolus • rough endoplasmic reticulum • smooth endoplasmic reticulum • Golgi body (Golgi apparatus or Golgi complex) • mitochondria (including the presence of small circular DNA) • ribosomes (80S in the cytoplasm and 70S in chloroplasts and mitochondria) • lysosomes • centrioles and microtubules • cilia • microvilli • chloroplasts (including the presence of small circular DNA) • cell wall • plasmodesmata • large permanent vacuole and tonoplast of plant cells",Biology,Cambridge Assessment International Education,Cambridge International AS & A Level,AS Level,Paper 2 AS Level Structured Questions,Paper 2,75,60,46
Cell structure,Cells as the basic units of living organisms,"describe and interpret photomicrographs, electron micrographs and drawings of typical plant and animal cells",Biology,Cambridge Assessment International Education,Cambridge International AS & A Level,AS Level,Paper 2 AS Level Structured Questions,Paper 2,75,60,46
Cell structure,Cells as the basic units of living organisms,compare the structure of typical plant and animal cells,Biology,Cambridge Assessment International Education,Cambridge International AS & A Level,AS Level,Paper 2 AS Level Structured Questions,Paper 2,75,60,46
Cell structure,Cells as the basic units of living organisms,state that cells use ATP from respiration for energy-requiring processes,Biology,Cambridge Assessment International Education,Cambridge International AS & A Level,AS Level,Paper 2 AS Level Structured Questions,Paper 2,75,60,46
Cell structure,Cells as the basic units of living organisms,"outline key structural features of a prokaryotic cell as found in a typical bacterium, including: • unicellular • generally 1–5 µm diameter • peptidoglycan cell walls • circular DNA • 70S ribosomes • absence of organelles surrounded by double membranes",Biology,Cambridge Assessment International Education,Cambridge International AS & A Level,AS Level,Paper 2 AS Level Structured Questions,Paper 2,75,60,46
Cell structure,Cells as the basic units of living organisms,compare the structure of a prokaryotic cell as found in a typical bacterium with the structures of typical eukaryotic cells in plants and animals,Biology,Cambridge Assessment International Education,Cambridge International AS & A Level,AS Level,Paper 2 AS Level Structured Questions,Paper 2,75,60,46
Cell structure,Cells as the basic units of living organisms,"state that all viruses are non-cellular structures with a nucleic acid core (either DNA or RNA) and a capsid made of protein, and that some viruses have an outer envelope made of phospholipids",Biology,Cambridge Assessment International Education,Cambridge International AS & A Level,AS Level,Paper 2 AS Level Structured Questions,Paper 2,75,60,46
Biological molecules,Testing for biological molecules,"describe and carry out the Benedict’s test for reducing sugars, the iodine test for starch, the emulsion test for lipids and the biuret test for proteins",Biology,Cambridge Assessment International Education,Cambridge International AS & A Level,AS Level,Paper 2 AS Level Structured Questions,Paper 2,75,60,46
Biological molecules,Testing for biological molecules,describe and carry out a semi-quantitative Benedict’s test on a reducing sugar solution by standardising the test and using the results (time to first colour change or comparison to colour standards) to estimate the concentration,Biology,Cambridge Assessment International Education,Cambridge International AS & A Level,AS Level,Paper 2 AS Level Structured Questions,Paper 2,75,60,46
Biological molecules,Testing for biological molecules,"describe and carry out a test to identify the presence of non-reducing sugars, using acid hydrolysis and Benedict’s solution",Biology,Cambridge Assessment International Education,Cambridge International AS & A Level,AS Level,Paper 2 AS Level Structured Questions,Paper 2,75,60,46
Biological molecules,Carbohydrates and lipids,describe and draw the ring forms of α-glucose and β-glucose,Biology,Cambridge Assessment International Education,Cambridge International AS & A Level,AS Level,Paper 2 AS Level Structured Questions,Paper 2,75,60,46
Biological molecules,Carbohydrates and lipids,"define the terms monomer, polymer, macromolecule, monosaccharide, disaccharide and polysaccharide",Biology,Cambridge Assessment International Education,Cambridge International AS & A Level,AS Level,Paper 2 AS Level Structured Questions,Paper 2,75,60,46
Biological molecules,Carbohydrates and lipids,state the role of covalent bonds in joining smaller molecules together to form polymers,Biology,Cambridge Assessment International Education,Cambridge International AS & A Level,AS Level,Paper 2 AS Level Structured Questions,Paper 2,75,60,46
Biological molecules,Carbohydrates and lipids,"state that glucose, fructose and maltose are reducing sugars and that sucrose is a non-reducing sugar",Biology,Cambridge Assessment International Education,Cambridge International AS & A Level,AS Level,Paper 2 AS Level Structured Questions,Paper 2,75,60,46
Biological molecules,Carbohydrates and lipids,"describe the formation of a glycosidic bond by condensation, with reference to disaccharides, including sucrose, and polysaccharides",Biology,Cambridge Assessment International Education,Cambridge International AS & A Level,AS Level,Paper 2 AS Level Structured Questions,Paper 2,75,60,46
Biological molecules,Carbohydrates and lipids,"describe the breakage of a glycosidic bond in polysaccharides and disaccharides by hydrolysis, with reference to the non-reducing sugar test",Biology,Cambridge Assessment International Education,Cambridge International AS & A Level,AS Level,Paper 2 AS Level Structured Questions,Paper 2,75,60,46
Biological molecules,Carbohydrates and lipids,describe the molecular structure of the polysaccharides starch (amylose and amylopectin) and glycogen and relate their structures to their functions in living organisms,Biology,Cambridge Assessment International Education,Cambridge International AS & A Level,AS Level,Paper 2 AS Level Structured Questions,Paper 2,75,60,46
Biological molecules,Carbohydrates and lipids,describe the molecular structure of the polysaccharide cellulose and outline how the arrangement of cellulose molecules contributes to the function of plant cell walls,Biology,Cambridge Assessment International Education,Cambridge International AS & A Level,AS Level,Paper 2 AS Level Structured Questions,Paper 2,75,60,46
Biological molecules,Carbohydrates and lipids,"state that triglycerides are non-polar hydrophobic molecules and describe the molecular structure of triglycerides with reference to fatty acids (saturated and unsaturated), glycerol and the formation of ester bonds",Biology,Cambridge Assessment International Education,Cambridge International AS & A Level,AS Level,Paper 2 AS Level Structured Questions,Paper 2,75,60,46
Biological molecules,Carbohydrates and lipids,relate the molecular structure of triglycerides to their functions in living organisms,Biology,Cambridge Assessment International Education,Cambridge International AS & A Level,AS Level,Paper 2 AS Level Structured Questions,Paper 2,75,60,46
Biological molecules,Carbohydrates and lipids,describe the molecular structure of phospholipids with reference to their hydrophilic (polar) phosphate heads and hydrophobic (non-polar) fatty acid tails,Biology,Cambridge Assessment International Education,Cambridge International AS & A Level,AS Level,Paper 2 AS Level Structured Questions,Paper 2,75,60,46
Biological molecules,Proteins,describe and draw the general structure of an amino acid and the formation and breakage of a peptide bond,Biology,Cambridge Assessment International Education,Cambridge International AS & A Level,AS Level,Paper 2 AS Level Structured Questions,Paper 2,75,60,46
Biological molecules,Proteins,"explain the meaning of the terms primary structure, secondary structure, tertiary structure and quaternary structure of proteins",Biology,Cambridge Assessment International Education,Cambridge International AS & A Level,AS Level,Paper 2 AS Level Structured Questions,Paper 2,75,60,46
Biological molecules,Proteins,"describe the types of interaction that hold protein molecules in shape: • hydrophobic interactions • hydrogen bonding • ionic bonding • covalent bonding, including disulfide bonds",Biology,Cambridge Assessment International Education,Cambridge International AS & A Level,AS Level,Paper 2 AS Level Structured Questions,Paper 2,75,60,46
Biological molecules,Proteins,state that globular proteins are generally soluble and have physiological roles and fibrous proteins are generally insoluble and have structural roles,Biology,Cambridge Assessment International Education,Cambridge International AS & A Level,AS Level,Paper 2 AS Level Structured Questions,Paper 2,75,60,46
Biological molecules,Proteins,"describe the structure of a molecule of haemoglobin as an example of a globular protein, including the formation of its quaternary structure from two alpha (α) chains (α–globin), two beta (β) chains (β–globin) and a haem group",Biology,Cambridge Assessment International Education,Cambridge International AS & A Level,AS Level,Paper 2 AS Level Structured Questions,Paper 2,75,60,46
Biological molecules,Proteins,"relate the structure of haemoglobin to its function, including the importance of iron in the haem group",Biology,Cambridge Assessment International Education,Cambridge International AS & A Level,AS Level,Paper 2 AS Level Structured Questions,Paper 2,75,60,46
Biological molecules,Proteins,"describe the structure of a molecule of collagen as an example of a fibrous protein, and the arrangement of collagen molecules to form collagen fibres",Biology,Cambridge Assessment International Education,Cambridge International AS & A Level,AS Level,Paper 2 AS Level Structured Questions,Paper 2,75,60,46
Biological molecules,Proteins,relate the structures of collagen molecules and collagen fibres to their function,Biology,Cambridge Assessment International Education,Cambridge International AS & A Level,AS Level,Paper 2 AS Level Structured Questions,Paper 2,75,60,46
Biological molecules,Water,"explain how hydrogen bonding occurs between water molecules and relate the properties of water to its roles in living organisms, limited to solvent action, high specific heat capacity and latent heat of vaporisation",Biology,Cambridge Assessment International Education,Cambridge International AS & A Level,AS Level,Paper 2 AS Level Structured Questions,Paper 2,75,60,46
Enzymes,Mode of action of enzymes,state that enzymes are globular proteins that catalyse reactions inside cells (intracellular enzymes) or are secreted to catalyse reactions outside cells (extracellular enzymes),Biology,Cambridge Assessment International Education,Cambridge International AS & A Level,AS Level,Paper 2 AS Level Structured Questions,Paper 2,75,60,46
Enzymes,Mode of action of enzymes,"explain the mode of action of enzymes in terms of an active site, enzyme–substrate complex, lowering of activation energy and enzyme specificity, including the lock-and-key hypothesis and the induced-fit hypothesis",Biology,Cambridge Assessment International Education,Cambridge International AS & A Level,AS Level,Paper 2 AS Level Structured Questions,Paper 2,75,60,46
Enzymes,Mode of action of enzymes,investigate the progress of enzyme-catalysed reactions by measuring rates of formation of products using catalase and rates of disappearance of substrate using amylase,Biology,Cambridge Assessment International Education,Cambridge International AS & A Level,AS Level,Paper 2 AS Level Structured Questions,Paper 2,75,60,46
Enzymes,Mode of action of enzymes,outline the use of a colorimeter for measuring the progress of enzyme-catalysed reactions that involve colour changes,Biology,Cambridge Assessment International Education,Cambridge International AS & A Level,AS Level,Paper 2 AS Level Structured Questions,Paper 2,75,60,46
Enzymes,Factors that affect enzyme action,investigate and explain the effects of the following factors on the rate of enzyme-catalysed reactions: • temperature • pH (using buffer solutions) • enzyme concentration • substrate concentration • inhibitor concentration,Biology,Cambridge Assessment International Education,Cambridge International AS & A Level,AS Level,Paper 2 AS Level Structured Questions,Paper 2,75,60,46
Enzymes,Factors that affect enzyme action,"explain that the maximum rate of reaction (Vmax) is used to derive the Michaelis–Menten constant (Km), which is used to compare the affinity of different enzymes for their substrates",Biology,Cambridge Assessment International Education,Cambridge International AS & A Level,AS Level,Paper 2 AS Level Structured Questions,Paper 2,75,60,46
Enzymes,Factors that affect enzyme action,"explain the effects of reversible inhibitors, both competitive and non-competitive, on enzyme activity",Biology,Cambridge Assessment International Education,Cambridge International AS & A Level,AS Level,Paper 2 AS Level Structured Questions,Paper 2,75,60,46
Enzymes,Factors that affect enzyme action,"investigate the difference in activity between an enzyme immobilised in alginate and the same enzyme free in solution, and state the advantages of using immobilised enzymes",Biology,Cambridge Assessment International Education,Cambridge International AS & A Level,AS Level,Paper 2 AS Level Structured Questions,Paper 2,75,60,46
Cell membranes and transport,Fluid mosaic membranes,describe the fluid mosaic model of membrane structure with reference to the hydrophobic and hydrophilic interactions that account for the formation of the phospholipid bilayer and the arrangement of proteins,Biology,Cambridge Assessment International Education,Cambridge International AS & A Level,AS Level,Paper 2 AS Level Structured Questions,Paper 2,75,60,46
Cell membranes and transport,Fluid mosaic membranes,"describe the arrangement of cholesterol, glycolipids and glycoproteins in cell surface membranes",Biology,Cambridge Assessment International Education,Cambridge International AS & A Level,AS Level,Paper 2 AS Level Structured Questions,Paper 2,75,60,46
Cell membranes and transport,Fluid mosaic membranes,"describe the roles of phospholipids, cholesterol, glycolipids, proteins and glycoproteins in cell surface membranes, with reference to stability, fluidity, permeability, transport (carrier proteins and channel proteins), cell signalling (cell surface receptors) and cell recognition (cell surface antigens – see 11.1.2)",Biology,Cambridge Assessment International Education,Cambridge International AS & A Level,AS Level,Paper 2 AS Level Structured Questions,Paper 2,75,60,46
Cell membranes and transport,Fluid mosaic membranes,outline the main stages in the process of cell signalling leading to specific responses: • secretion of specific chemicals (ligands) from cells • transport of ligands to target cells • binding of ligands to cell surface receptors on target cells,Biology,Cambridge Assessment International Education,Cambridge International AS & A Level,AS Level,Paper 2 AS Level Structured Questions,Paper 2,75,60,46
Cell membranes and transport,Movement into and out of cells,"describe and explain the processes of simple diffusion, facilitated diffusion, osmosis, active transport, endocytosis and exocytosis",Biology,Cambridge Assessment International Education,Cambridge International AS & A Level,AS Level,Paper 2 AS Level Structured Questions,Paper 2,75,60,46
Cell membranes and transport,Movement into and out of cells,"investigate simple diffusion and osmosis using plant tissue and non-living materials, including dialysis (Visking) tubing and agar",Biology,Cambridge Assessment International Education,Cambridge International AS & A Level,AS Level,Paper 2 AS Level Structured Questions,Paper 2,75,60,46
Cell membranes and transport,Movement into and out of cells,illustrate the principle that surface area to volume ratios decrease with increasing size by calculating surface areas and volumes of simple 3-D shapes (as shown in the Mathematical requirements),Biology,Cambridge Assessment International Education,Cambridge International AS & A Level,AS Level,Paper 2 AS Level Structured Questions,Paper 2,75,60,46
Cell membranes and transport,Movement into and out of cells,investigate the effect of changing surface area to volume ratio on diffusion using agar blocks of different sizes,Biology,Cambridge Assessment International Education,Cambridge International AS & A Level,AS Level,Paper 2 AS Level Structured Questions,Paper 2,75,60,46
Cell membranes and transport,Movement into and out of cells,"investigate the effects of immersing plant tissues in solutions of different water potentials, using the results to estimate the water potential of the tissues",Biology,Cambridge Assessment International Education,Cambridge International AS & A Level,AS Level,Paper 2 AS Level Structured Questions,Paper 2,75,60,46
Cell membranes and transport,Movement into and out of cells,explain the movement of water between cells and solutions in terms of water potential and explain the different effects of the movement of water on plant cells and animal cells (knowledge of solute potential and pressure potential is not expected),Biology,Cambridge Assessment International Education,Cambridge International AS & A Level,AS Level,Paper 2 AS Level Structured Questions,Paper 2,75,60,46
The mitotic cell cycle,Replication and division of nuclei and cells,"describe the structure of a chromosome, limited to: • DNA • histone proteins • sister chromatids • centromere • telomeres",Biology,Cambridge Assessment International Education,Cambridge International AS & A Level,AS Level,Paper 2 AS Level Structured Questions,Paper 2,75,60,46
The mitotic cell cycle,Replication and division of nuclei and cells,explain the importance of mitosis in the production of genetically identical daughter cells during: • growth of multicellular organisms • replacement of damaged or dead cells • repair of tissues by cell replacement • asexual reproduction,Biology,Cambridge Assessment International Education,Cambridge International AS & A Level,AS Level,Paper 2 AS Level Structured Questions,Paper 2,75,60,46
The mitotic cell cycle,Replication and division of nuclei and cells,"outline the mitotic cell cycle, including: • interphase (growth in G1 and G2 phases and DNA replication in S phase) • mitosis • cytokinesis",Biology,Cambridge Assessment International Education,Cambridge International AS & A Level,AS Level,Paper 2 AS Level Structured Questions,Paper 2,75,60,46
The mitotic cell cycle,Replication and division of nuclei and cells,outline the role of telomeres in preventing the loss of genes from the ends of chromosomes during DNA replication,Biology,Cambridge Assessment International Education,Cambridge International AS & A Level,AS Level,Paper 2 AS Level Structured Questions,Paper 2,75,60,46
The mitotic cell cycle,Replication and division of nuclei and cells,outline the role of stem cells in cell replacement and tissue repair by mitosis,Biology,Cambridge Assessment International Education,Cambridge International AS & A Level,AS Level,Paper 2 AS Level Structured Questions,Paper 2,75,60,46
The mitotic cell cycle,Replication and division of nuclei and cells,explain how uncontrolled cell division can result in the formation of a tumour,Biology,Cambridge Assessment International Education,Cambridge International AS & A Level,AS Level,Paper 2 AS Level Structured Questions,Paper 2,75,60,46
The mitotic cell cycle,Chromosome behaviour in mitosis,"describe the behaviour of chromosomes in plant and animal cells during the mitotic cell cycle and the associated behaviour of the nuclear envelope, the cell surface membrane and the spindle (names of the main stages of mitosis are expected: prophase, metaphase, anaphase and telophase)",Biology,Cambridge Assessment International Education,Cambridge International AS & A Level,AS Level,Paper 2 AS Level Structured Questions,Paper 2,75,60,46
The mitotic cell cycle,Chromosome behaviour in mitosis,"interpret photomicrographs, diagrams and microscope slides of cells in different stages of the mitotic cell cycle and identify the main stages of mitosis",Biology,Cambridge Assessment International Education,Cambridge International AS & A Level,AS Level,Paper 2 AS Level Structured Questions,Paper 2,75,60,46
Nucleic acids and protein synthesis,Structure of nucleic acids and replication of DNA,"describe the structure of nucleotides, including the phosphorylated nucleotide ATP (structural formulae are not expected)",Biology,Cambridge Assessment International Education,Cambridge International AS & A Level,AS Level,Paper 2 AS Level Structured Questions,Paper 2,75,60,46
Nucleic acids and protein synthesis,Structure of nucleic acids and replication of DNA,"state that the bases adenine and guanine are purines with a double ring structure, and that the bases cytosine, thymine and uracil are pyrimidines with a single ring structure (structural formulae for bases are not expected)",Biology,Cambridge Assessment International Education,Cambridge International AS & A Level,AS Level,Paper 2 AS Level Structured Questions,Paper 2,75,60,46
Nucleic acids and protein synthesis,Structure of nucleic acids and replication of DNA,"describe the structure of a DNA molecule as a double helix, including: • the importance of complementary base pairing between the 5′ to 3′ strand and the 3′ to 5′ strand (antiparallel strands) • differences in hydrogen bonding between C–G and A–T base pairs • linking of nucleotides by phosphodiester bonds",Biology,Cambridge Assessment International Education,Cambridge International AS & A Level,AS Level,Paper 2 AS Level Structured Questions,Paper 2,75,60,46
Nucleic acids and protein synthesis,Structure of nucleic acids and replication of DNA,"describe the semi-conservative replication of DNA during the S phase of the cell cycle, including: • the roles of DNA polymerase and DNA ligase (knowledge of other enzymes in DNA replication in cells and different types of DNA polymerase is not expected) • the differences between leading strand and lagging strand replication as a consequence of DNA polymerase adding nucleotides only in a 5′ to 3′ direction",Biology,Cambridge Assessment International Education,Cambridge International AS & A Level,AS Level,Paper 2 AS Level Structured Questions,Paper 2,75,60,46
Nucleic acids and protein synthesis,Structure of nucleic acids and replication of DNA,"describe the structure of an RNA molecule, using the example of messenger RNA (mRNA)",Biology,Cambridge Assessment International Education,Cambridge International AS & A Level,AS Level,Paper 2 AS Level Structured Questions,Paper 2,75,60,46
Nucleic acids and protein synthesis,Protein synthesis,state that a polypeptide is coded for by a gene and that a gene is a sequence of nucleotides that forms part of a DNA molecule,Biology,Cambridge Assessment International Education,Cambridge International AS & A Level,AS Level,Paper 2 AS Level Structured Questions,Paper 2,75,60,46
Nucleic acids and protein synthesis,Protein synthesis,describe the principle of the universal genetic code in which different triplets of DNA bases either code for specific amino acids or correspond to start and stop codons,Biology,Cambridge Assessment International Education,Cambridge International AS & A Level,AS Level,Paper 2 AS Level Structured Questions,Paper 2,75,60,46
Nucleic acids and protein synthesis,Protein synthesis,"describe how the information in DNA is used during transcription and translation to construct polypeptides, including the roles of: • RNA polymerase • messenger RNA (mRNA) • codons • transfer RNA (tRNA) • anticodons • ribosomes",Biology,Cambridge Assessment International Education,Cambridge International AS & A Level,AS Level,Paper 2 AS Level Structured Questions,Paper 2,75,60,46
Nucleic acids and protein synthesis,Protein synthesis,state that the strand of a DNA molecule that is used in transcription is called the transcribed or template strand and that the other strand is called the non-transcribed strand,Biology,Cambridge Assessment International Education,Cambridge International AS & A Level,AS Level,Paper 2 AS Level Structured Questions,Paper 2,75,60,46
Nucleic acids and protein synthesis,Protein synthesis,"explain that, in eukaryotes, the RNA molecule formed following transcription (primary transcript) is modified by the removal of non-coding sequences (introns) and the joining together of coding sequences (exons) to form mRNA",Biology,Cambridge Assessment International Education,Cambridge International AS & A Level,AS Level,Paper 2 AS Level Structured Questions,Paper 2,75,60,46
Nucleic acids and protein synthesis,Protein synthesis,state that a gene mutation is a change in the sequence of base pairs in a DNA molecule that may result in an altered polypeptide,Biology,Cambridge Assessment International Education,Cambridge International AS & A Level,AS Level,Paper 2 AS Level Structured Questions,Paper 2,75,60,46
Nucleic acids and protein synthesis,Protein synthesis,explain that a gene mutation is a result of substitution or deletion or insertion of nucleotides in DNA and outline how each of these types of mutation may affect the polypeptide produced,Biology,Cambridge Assessment International Education,Cambridge International AS & A Level,AS Level,Paper 2 AS Level Structured Questions,Paper 2,75,60,46
Transport in plants,Structure of transport tissues,"draw plan diagrams of transverse sections of stems, roots and leaves of herbaceous dicotyledonous plants from microscope slides and photomicrographs",Biology,Cambridge Assessment International Education,Cambridge International AS & A Level,AS Level,Paper 2 AS Level Structured Questions,Paper 2,75,60,46
Transport in plants,Structure of transport tissues,"describe the distribution of xylem and phloem in transverse sections of stems, roots and leaves of herbaceous dicotyledonous plants",Biology,Cambridge Assessment International Education,Cambridge International AS & A Level,AS Level,Paper 2 AS Level Structured Questions,Paper 2,75,60,46
Transport in plants,Structure of transport tissues,"draw and label xylem vessel elements, phloem sieve tube elements and companion cells from microscope slides, photomicrographs and electron micrographs",Biology,Cambridge Assessment International Education,Cambridge International AS & A Level,AS Level,Paper 2 AS Level Structured Questions,Paper 2,75,60,46
Transport in plants,Structure of transport tissues,"relate the structure of xylem vessel elements, phloem sieve tube elements and companion cells to their functions",Biology,Cambridge Assessment International Education,Cambridge International AS & A Level,AS Level,Paper 2 AS Level Structured Questions,Paper 2,75,60,46
Transport in plants,Transport mechanisms,state that some mineral ions and organic compounds can be transported within plants dissolved in water,Biology,Cambridge Assessment International Education,Cambridge International AS & A Level,AS Level,Paper 2 AS Level Structured Questions,Paper 2,75,60,46
Transport in plants,Transport mechanisms,"describe the transport of water from the soil to the xylem through the: • apoplast pathway, including reference to lignin and cellulose • symplast pathway, including reference to the endodermis, Casparian strip and suberin",Biology,Cambridge Assessment International Education,Cambridge International AS & A Level,AS Level,Paper 2 AS Level Structured Questions,Paper 2,75,60,46
Transport in plants,Transport mechanisms,explain that transpiration involves the evaporation of water from the internal surfaces of leaves followed by diffusion of water vapour to the atmosphere,Biology,Cambridge Assessment International Education,Cambridge International AS & A Level,AS Level,Paper 2 AS Level Structured Questions,Paper 2,75,60,46
Transport in plants,Transport mechanisms,explain how hydrogen bonding of water molecules is involved with movement of water in the xylem by cohesion-tension in transpiration pull and by adhesion to cellulose in cell walls,Biology,Cambridge Assessment International Education,Cambridge International AS & A Level,AS Level,Paper 2 AS Level Structured Questions,Paper 2,75,60,46
Transport in plants,Transport mechanisms,make annotated drawings of transverse sections of leaves from xerophytic plants to explain how they are adapted to reduce water loss by transpiration,Biology,Cambridge Assessment International Education,Cambridge International AS & A Level,AS Level,Paper 2 AS Level Structured Questions,Paper 2,75,60,46
Transport in plants,Transport mechanisms,"state that assimilates dissolved in water, such as sucrose and amino acids, move from sources to sinks in phloem sieve tubes",Biology,Cambridge Assessment International Education,Cambridge International AS & A Level,AS Level,Paper 2 AS Level Structured Questions,Paper 2,75,60,46
Transport in plants,Transport mechanisms,"explain how companion cells transfer assimilates to phloem sieve tubes, with reference to proton pumps and cotransporter proteins",Biology,Cambridge Assessment International Education,Cambridge International AS & A Level,AS Level,Paper 2 AS Level Structured Questions,Paper 2,75,60,46
Transport in plants,Transport mechanisms,explain mass flow in phloem sieve tubes down a hydrostatic pressure gradient from source to sink,Biology,Cambridge Assessment International Education,Cambridge International AS & A Level,AS Level,Paper 2 AS Level Structured Questions,Paper 2,75,60,46
Transport in mammals,The circulatory system,"state that the mammalian circulatory system is a closed double circulation consisting of a heart, blood and blood vessels including arteries, arterioles, capillaries, venules and veins",Biology,Cambridge Assessment International Education,Cambridge International AS & A Level,AS Level,Paper 2 AS Level Structured Questions,Paper 2,75,60,46
Transport in mammals,The circulatory system,"describe the functions of the main blood vessels of the pulmonary and systemic circulations, limited to pulmonary artery, pulmonary vein, aorta and vena cava",Biology,Cambridge Assessment International Education,Cambridge International AS & A Level,AS Level,Paper 2 AS Level Structured Questions,Paper 2,75,60,46
Transport in mammals,The circulatory system,"recognise arteries, veins and capillaries from microscope slides, photomicrographs and electron micrographs and make plan diagrams showing the structure of arteries and veins in transverse section (TS) and longitudinal section (LS)",Biology,Cambridge Assessment International Education,Cambridge International AS & A Level,AS Level,Paper 2 AS Level Structured Questions,Paper 2,75,60,46
Transport in mammals,The circulatory system,"explain how the structure of muscular arteries, elastic arteries, veins and capillaries are each related to their functions",Biology,Cambridge Assessment International Education,Cambridge International AS & A Level,AS Level,Paper 2 AS Level Structured Questions,Paper 2,75,60,46
Transport in mammals,The circulatory system,"recognise and draw red blood cells, monocytes, neutrophils and lymphocytes from microscope slides, photomicrographs and electron micrographs",Biology,Cambridge Assessment International Education,Cambridge International AS & A Level,AS Level,Paper 2 AS Level Structured Questions,Paper 2,75,60,46
Transport in mammals,The circulatory system,"state that water is the main component of blood and tissue fluid and relate the properties of water to its role in transport in mammals, limited to solvent action and high specific heat capacity",Biology,Cambridge Assessment International Education,Cambridge International AS & A Level,AS Level,Paper 2 AS Level Structured Questions,Paper 2,75,60,46
Transport in mammals,The circulatory system,state the functions of tissue fluid and describe the formation of tissue fluid in a capillary network,Biology,Cambridge Assessment International Education,Cambridge International AS & A Level,AS Level,Paper 2 AS Level Structured Questions,Paper 2,75,60,46
Transport in mammals,Transport of oxygen and carbon dioxide,describe the role of red blood cells in transporting oxygen and carbon dioxide with reference to the roles of: • haemoglobin • carbonic anhydrase • the formation of haemoglobinic acid • the formation of carbaminohaemoglobin,Biology,Cambridge Assessment International Education,Cambridge International AS & A Level,AS Level,Paper 2 AS Level Structured Questions,Paper 2,75,60,46
Transport in mammals,Transport of oxygen and carbon dioxide,describe the chloride shift and explain the importance of the chloride shift,Biology,Cambridge Assessment International Education,Cambridge International AS & A Level,AS Level,Paper 2 AS Level Structured Questions,Paper 2,75,60,46
Transport in mammals,Transport of oxygen and carbon dioxide,describe the role of plasma in the transport of carbon dioxide,Biology,Cambridge Assessment International Education,Cambridge International AS & A Level,AS Level,Paper 2 AS Level Structured Questions,Paper 2,75,60,46
Transport in mammals,Transport of oxygen and carbon dioxide,describe and explain the oxygen dissociation curve of adult haemoglobin,Biology,Cambridge Assessment International Education,Cambridge International AS & A Level,AS Level,Paper 2 AS Level Structured Questions,Paper 2,75,60,46
Transport in mammals,Transport of oxygen and carbon dioxide,explain the importance of the oxygen dissociation curve at partial pressures of oxygen in the lungs and in respiring tissues,Biology,Cambridge Assessment International Education,Cambridge International AS & A Level,AS Level,Paper 2 AS Level Structured Questions,Paper 2,75,60,46
Transport in mammals,Transport of oxygen and carbon dioxide,describe the Bohr shift and explain the importance of the Bohr shift,Biology,Cambridge Assessment International Education,Cambridge International AS & A Level,AS Level,Paper 2 AS Level Structured Questions,Paper 2,75,60,46
Transport in mammals,The heart,describe the external and internal structure of the mammalian heart,Biology,Cambridge Assessment International Education,Cambridge International AS & A Level,AS Level,Paper 2 AS Level Structured Questions,Paper 2,75,60,46
Transport in mammals,The heart,explain the differences in the thickness of the walls of the: • atria and ventricles • left ventricle and right ventricle,Biology,Cambridge Assessment International Education,Cambridge International AS & A Level,AS Level,Paper 2 AS Level Structured Questions,Paper 2,75,60,46
Transport in mammals,The heart,"describe the cardiac cycle, with reference to the relationship between blood pressure changes during systole and diastole and the opening and closing of valves",Biology,Cambridge Assessment International Education,Cambridge International AS & A Level,AS Level,Paper 2 AS Level Structured Questions,Paper 2,75,60,46
Transport in mammals,The heart,"explain the roles of the sinoatrial node, the atrioventricular node and the Purkyne tissue in the cardiac cycle (knowledge of nervous and hormonal control is not expected)",Biology,Cambridge Assessment International Education,Cambridge International AS & A Level,AS Level,Paper 2 AS Level Structured Questions,Paper 2,75,60,46
Gas exchange,The gas exchange system,"describe the structure of the human gas exchange system, limited to: • lungs • trachea • bronchi • bronchioles • alveoli • capillary network",Biology,Cambridge Assessment International Education,Cambridge International AS & A Level,AS Level,Paper 2 AS Level Structured Questions,Paper 2,75,60,46
Gas exchange,The gas exchange system,"describe the distribution in the gas exchange system of cartilage, ciliated epithelium, goblet cells, squamous epithelium of alveoli, smooth muscle and capillaries",Biology,Cambridge Assessment International Education,Cambridge International AS & A Level,AS Level,Paper 2 AS Level Structured Questions,Paper 2,75,60,46
Gas exchange,The gas exchange system,"recognise cartilage, ciliated epithelium, goblet cells, squamous epithelium of alveoli, smooth muscle and capillaries in microscope slides, photomicrographs and electron micrographs",Biology,Cambridge Assessment International Education,Cambridge International AS & A Level,AS Level,Paper 2 AS Level Structured Questions,Paper 2,75,60,46
Gas exchange,The gas exchange system,"recognise trachea, bronchi, bronchioles and alveoli in microscope slides, photomicrographs and electron micrographs and make plan diagrams of transverse sections of the walls of the trachea and bronchus",Biology,Cambridge Assessment International Education,Cambridge International AS & A Level,AS Level,Paper 2 AS Level Structured Questions,Paper 2,75,60,46
Gas exchange,The gas exchange system,"describe the functions of ciliated epithelial cells, goblet cells and mucous glands in maintaining the health of the gas exchange system",Biology,Cambridge Assessment International Education,Cambridge International AS & A Level,AS Level,Paper 2 AS Level Structured Questions,Paper 2,75,60,46
Gas exchange,The gas exchange system,"describe the functions in the gas exchange system of cartilage, smooth muscle, elastic fibres and squamous epithelium",Biology,Cambridge Assessment International Education,Cambridge International AS & A Level,AS Level,Paper 2 AS Level Structured Questions,Paper 2,75,60,46
Gas exchange,The gas exchange system,describe gas exchange between air in the alveoli and blood in the capillaries,Biology,Cambridge Assessment International Education,Cambridge International AS & A Level,AS Level,Paper 2 AS Level Structured Questions,Paper 2,75,60,46
Infectious diseases,Infectious diseases,state that infectious diseases are caused by pathogens and are transmissible,Biology,Cambridge Assessment International Education,Cambridge International AS & A Level,AS Level,Paper 2 AS Level Structured Questions,Paper 2,75,60,46
Infectious diseases,Infectious diseases,"state the name and type of pathogen that causes each of the following diseases: • cholera – caused by the bacterium Vibrio cholerae • malaria – caused by the protoctists Plasmodium falciparum, Plasmodium malariae, Plasmodium ovale and Plasmodium vivax • tuberculosis (TB) – caused by the bacteria Mycobacterium tuberculosis and Mycobacterium bovis • HIV/AIDS – caused by the human immunodeficiency virus (HIV)",Biology,Cambridge Assessment International Education,Cambridge International AS & A Level,AS Level,Paper 2 AS Level Structured Questions,Paper 2,75,60,46
Infectious diseases,Infectious diseases,"explain how cholera, malaria, TB and HIV are transmitted",Biology,Cambridge Assessment International Education,Cambridge International AS & A Level,AS Level,Paper 2 AS Level Structured Questions,Paper 2,75,60,46
Infectious diseases,Infectious diseases,"discuss the biological, social and economic factors that need to be considered in the prevention and control of cholera, malaria, TB and HIV (details of the life cycle of the malarial parasite are not expected)",Biology,Cambridge Assessment International Education,Cambridge International AS & A Level,AS Level,Paper 2 AS Level Structured Questions,Paper 2,75,60,46
Infectious diseases,Antibiotics,outline how penicillin acts on bacteria and why antibiotics do not affect viruses,Biology,Cambridge Assessment International Education,Cambridge International AS & A Level,AS Level,Paper 2 AS Level Structured Questions,Paper 2,75,60,46
Infectious diseases,Antibiotics,discuss the consequences of antibiotic resistance and the steps that can be taken to reduce its impact,Biology,Cambridge Assessment International Education,Cambridge International AS & A Level,AS Level,Paper 2 AS Level Structured Questions,Paper 2,75,60,46
Immunity,The immune system,describe the mode of action of phagocytes (macrophages and neutrophils),Biology,Cambridge Assessment International Education,Cambridge International AS & A Level,AS Level,Paper 2 AS Level Structured Questions,Paper 2,75,60,46
Immunity,The immune system,explain what is meant by an antigen (see 4.1.3) and state the difference between self antigens and non-self antigens,Biology,Cambridge Assessment International Education,Cambridge International AS & A Level,AS Level,Paper 2 AS Level Structured Questions,Paper 2,75,60,46
Immunity,The immune system,"describe the sequence of events that occurs during a primary immune response with reference to the roles of: • macrophages • B-lymphocytes, including plasma cells • T-lymphocytes, limited to T-helper cells and T-killer cells",Biology,Cambridge Assessment International Education,Cambridge International AS & A Level,AS Level,Paper 2 AS Level Structured Questions,Paper 2,75,60,46
Immunity,The immune system,explain the role of memory cells in the secondary immune response and in long-term immunity,Biology,Cambridge Assessment International Education,Cambridge International AS & A Level,AS Level,Paper 2 AS Level Structured Questions,Paper 2,75,60,46
Immunity,Antibodies and vaccination,relate the molecular structure of antibodies to their functions,Biology,Cambridge Assessment International Education,Cambridge International AS & A Level,AS Level,Paper 2 AS Level Structured Questions,Paper 2,75,60,46
Immunity,Antibodies and vaccination,outline the hybridoma method for the production of monoclonal antibodies,Biology,Cambridge Assessment International Education,Cambridge International AS & A Level,AS Level,Paper 2 AS Level Structured Questions,Paper 2,75,60,46
Immunity,Antibodies and vaccination,outline the principles of using monoclonal antibodies in the diagnosis of disease and in the treatment of disease,Biology,Cambridge Assessment International Education,Cambridge International AS & A Level,AS Level,Paper 2 AS Level Structured Questions,Paper 2,75,60,46
Immunity,Antibodies and vaccination,describe the differences between active immunity and passive immunity and between natural immunity and artificial immunity,Biology,Cambridge Assessment International Education,Cambridge International AS & A Level,AS Level,Paper 2 AS Level Structured Questions,Paper 2,75,60,46
Immunity,Antibodies and vaccination,explain that vaccines contain antigens that stimulate immune responses to provide long-term immunity,Biology,Cambridge Assessment International Education,Cambridge International AS & A Level,AS Level,Paper 2 AS Level Structured Questions,Paper 2,75,60,46
Immunity,Antibodies and vaccination,explain how vaccination programmes can help to control the spread of infectious diseases,Biology,Cambridge Assessment International Education,Cambridge International AS & A Level,AS Level,Paper 2 AS Level Structured Questions,Paper 2,75,60,46
Assessment objectives,AO3 Experimental skills and investigations,plan experiments and investigations,Biology,Cambridge Assessment International Education,Cambridge International AS & A Level,AS Level,Paper 3 Advanced Practical Skills,Paper 3,120,40,23
Assessment objectives,AO3 Experimental skills and investigations,"collect, record and present observations, measurements and estimates",Biology,Cambridge Assessment International Education,Cambridge International AS & A Level,AS Level,Paper 3 Advanced Practical Skills,Paper 3,120,40,23
Assessment objectives,AO3 Experimental skills and investigations,analyse and interpret experimental data to reach conclusions,Biology,Cambridge Assessment International Education,Cambridge International AS & A Level,AS Level,Paper 3 Advanced Practical Skills,Paper 3,120,40,23
Assessment objectives,AO3 Experimental skills and investigations,evaluate methods and quality of experimental data and suggest possible improvements to experiments.,Biology,Cambridge Assessment International Education,Cambridge International AS & A Level,AS Level,Paper 3 Advanced Practical Skills,Paper 3,120,40,23
Practical assessment,Decisions relating to measurements and observations,Within an investigation: identify the independent variable and dependent variable,Biology,Cambridge Assessment International Education,Cambridge International AS & A Level,AS Level,Paper 3 Advanced Practical Skills,Paper 3,120,40,23
Practical assessment,Decisions relating to measurements and observations,Within an investigation: decide a suitable range of values to use for the independent variable at which measurements of the dependent variable are recorded,Biology,Cambridge Assessment International Education,Cambridge International AS & A Level,AS Level,Paper 3 Advanced Practical Skills,Paper 3,120,40,23
Practical assessment,Decisions relating to measurements and observations,Within an investigation: decide the number of different values of the independent variable (a minimum of five) and the intervals between them,Biology,Cambridge Assessment International Education,Cambridge International AS & A Level,AS Level,Paper 3 Advanced Practical Skills,Paper 3,120,40,23
Practical assessment,Decisions relating to measurements and observations,Within an investigation: decide how to change the value of the independent variable,Biology,Cambridge Assessment International Education,Cambridge International AS & A Level,AS Level,Paper 3 Advanced Practical Skills,Paper 3,120,40,23
Practical assessment,Decisions relating to measurements and observations,Within an investigation: decide how the dependent variable should be measured,Biology,Cambridge Assessment International Education,Cambridge International AS & A Level,AS Level,Paper 3 Advanced Practical Skills,Paper 3,120,40,23
Practical assessment,Decisions relating to measurements and observations,Within an investigation: decide the number of replicates at each value,Biology,Cambridge Assessment International Education,Cambridge International AS & A Level,AS Level,Paper 3 Advanced Practical Skills,Paper 3,120,40,23
Practical assessment,Decisions relating to measurements and observations,Within an investigation: decide on appropriate controls for the experiment or investigation,Biology,Cambridge Assessment International Education,Cambridge International AS & A Level,AS Level,Paper 3 Advanced Practical Skills,Paper 3,120,40,23
Practical assessment,Decisions relating to measurements and observations,"Within an investigation: decide which variables need to be standardised and how to standardise them. (Variables expected to have a minimal effect, such as variation between test-tubes of the same type, do not need to be standardised.)",Biology,Cambridge Assessment International Education,Cambridge International AS & A Level,AS Level,Paper 3 Advanced Practical Skills,Paper 3,120,40,23
Practical assessment,Decisions relating to measurements and observations,When using the light microscope and photomicrographs: set up a light microscope to view and observe specimens,Biology,Cambridge Assessment International Education,Cambridge International AS & A Level,AS Level,Paper 3 Advanced Practical Skills,Paper 3,120,40,23
Practical assessment,Decisions relating to measurements and observations,When using the light microscope and photomicrographs: follow instructions to find and draw particular tissues in plant and animal specimens and label the drawings appropriately,Biology,Cambridge Assessment International Education,Cambridge International AS & A Level,AS Level,Paper 3 Advanced Practical Skills,Paper 3,120,40,23
Practical assessment,Decisions relating to measurements and observations,When using the light microscope and photomicrographs: follow instructions to find and draw particular cells and structures within the cells,Biology,Cambridge Assessment International Education,Cambridge International AS & A Level,AS Level,Paper 3 Advanced Practical Skills,Paper 3,120,40,23
Practical assessment,Decisions relating to measurements and observations,When using the light microscope and photomicrographs: make a temporary slide of stained cells or tissues,Biology,Cambridge Assessment International Education,Cambridge International AS & A Level,AS Level,Paper 3 Advanced Practical Skills,Paper 3,120,40,23
Practical assessment,Decisions relating to measurements and observations,"When using the light microscope and photomicrographs: calculate actual sizes of tissues or cells from measurements of photomicrographs, using magnifications, scale bars or representations of eyepiece graticules and stage micrometers",Biology,Cambridge Assessment International Education,Cambridge International AS & A Level,AS Level,Paper 3 Advanced Practical Skills,Paper 3,120,40,23
Practical assessment,Decisions relating to measurements and observations,"When using the light microscope and photomicrographs: estimate the number of cells or cell organelles in a given area using a sampling method, such as grids or fields of view.",Biology,Cambridge Assessment International Education,Cambridge International AS & A Level,AS Level,Paper 3 Advanced Practical Skills,Paper 3,120,40,23
Practical assessment,Collection of data and observations,Within an investigation: follow instructions to collect results,Biology,Cambridge Assessment International Education,Cambridge International AS & A Level,AS Level,Paper 3 Advanced Practical Skills,Paper 3,120,40,23
Practical assessment,Collection of data and observations,"Within an investigation: consider the hazards of the procedure, including the use of any solutions and reagents, and assess the risk as low, medium or high",Biology,Cambridge Assessment International Education,Cambridge International AS & A Level,AS Level,Paper 3 Advanced Practical Skills,Paper 3,120,40,23
Practical assessment,Collection of data and observations,Within an investigation: take readings to obtain accurate data (quantitative results) or observations (qualitative results).,Biology,Cambridge Assessment International Education,Cambridge International AS & A Level,AS Level,Paper 3 Advanced Practical Skills,Paper 3,120,40,23
Practical assessment,Collection of data and observations,"When using the light microscope and photomicrographs: draw plan diagrams to show the distribution of tissues in a specimen, with no cells drawn and the correct proportions of layers of tissues",Biology,Cambridge Assessment International Education,Cambridge International AS & A Level,AS Level,Paper 3 Advanced Practical Skills,Paper 3,120,40,23
Practical assessment,Collection of data and observations,When using the light microscope and photomicrographs: draw the observable features of cells in a specimen showing: – the correct shapes – the thicknesses of cell walls where applicable (drawn with two lines or drawn with three lines where two cells touch) – the relative sizes and proportions – observable cell contents only,Biology,Cambridge Assessment International Education,Cambridge International AS & A Level,AS Level,Paper 3 Advanced Practical Skills,Paper 3,120,40,23
Practical assessment,Collection of data and observations,"When using the light microscope and photomicrographs: measure tissue layers or cells from photomicrographs using a ruler or given scale, including representations of eyepiece graticules",Biology,Cambridge Assessment International Education,Cambridge International AS & A Level,AS Level,Paper 3 Advanced Practical Skills,Paper 3,120,40,23
Practical assessment,Collection of data and observations,When using the light microscope and photomicrographs: make accurate observations from specimens including counting numbers of cells or cell organelles,Biology,Cambridge Assessment International Education,Cambridge International AS & A Level,AS Level,Paper 3 Advanced Practical Skills,Paper 3,120,40,23
Practical assessment,Collection of data and observations,When using the light microscope and photomicrographs: record similarities and differences between two specimens using only their observable features.,Biology,Cambridge Assessment International Education,Cambridge International AS & A Level,AS Level,Paper 3 Advanced Practical Skills,Paper 3,120,40,23
Practical assessment,Recording data and observations,"Within an investigation: record raw results (unprocessed) and calculated results (processed) in an appropriate table with: – descriptive headings, including any required units (no units in body of table) – heading for the independent variable to the left of (or above, if the table is in rows) the dependent variable",Biology,Cambridge Assessment International Education,Cambridge International AS & A Level,AS Level,Paper 3 Advanced Practical Skills,Paper 3,120,40,23
Practical assessment,Recording data and observations,Within an investigation: record quantitative data to the number of decimal places that is appropriate for the measuring instrument used,Biology,Cambridge Assessment International Education,Cambridge International AS & A Level,AS Level,Paper 3 Advanced Practical Skills,Paper 3,120,40,23
Practical assessment,Recording data and observations,Within an investigation: record qualitative observations using clear descriptions,Biology,Cambridge Assessment International Education,Cambridge International AS & A Level,AS Level,Paper 3 Advanced Practical Skills,Paper 3,120,40,23
Practical assessment,Recording data and observations,Within an investigation: record calculated values (processed results) in an appropriate table.,Biology,Cambridge Assessment International Education,Cambridge International AS & A Level,AS Level,Paper 3 Advanced Practical Skills,Paper 3,120,40,23
Practical assessment,Recording data and observations,"When using the light microscope and photomicrographs: record the fine details of the specimen, including drawing the detailed shapes of layers or outlines of specimens in plan diagrams and drawing the shape and position of observable cell organelles in cells.",Biology,Cambridge Assessment International Education,Cambridge International AS & A Level,AS Level,Paper 3 Advanced Practical Skills,Paper 3,120,40,23
Practical assessment,Display of calculation and reasoning,"Within an investigation and when using the light microscope and photomicrographs: display calculations clearly, showing all the steps and reasoning",Biology,Cambridge Assessment International Education,Cambridge International AS & A Level,AS Level,Paper 3 Advanced Practical Skills,Paper 3,120,40,23
Practical assessment,Display of calculation and reasoning,"Within an investigation and when using the light microscope and photomicrographs: use the correct number of significant figures for calculated quantities. This should be the same as, or one more than, the smallest number of significant figures in the data used in the calculation.",Biology,Cambridge Assessment International Education,Cambridge International AS & A Level,AS Level,Paper 3 Advanced Practical Skills,Paper 3,120,40,23
Practical assessment,Layout of data and observations,"Within an investigation: display data as a graph (continuous data), bar chart (discontinuous or categoric) or histogram (frequency data)",Biology,Cambridge Assessment International Education,Cambridge International AS & A Level,AS Level,Paper 3 Advanced Practical Skills,Paper 3,120,40,23
Practical assessment,Layout of data and observations,"Within an investigation: draw a graph, bar chart or histogram clearly and accurately with: – the independent variable on the x-axis and the dependent variable on the y-axis – axes labelled to match the relevant table headings, including units where appropriate – a scale where both axes should use most or all of the grid available and allow the graph to be read easily to within half a square – all graph points plotted accurately using a sharp pencil, as a small cross or a small dot in a circle, with the intersection of the cross or centre of the dot exactly on the required point – the plotted points of a graph connected with a clear, sharp and unbroken line, either as a line of best fit, a smooth curve or with ruled straight lines joining the points – no extrapolation of graph lines unless this can be assumed from the data – all bars on a bar chart or histogram plotted accurately, with clear, unbroken lines that are drawn with a sharp pencil and ruler.",Biology,Cambridge Assessment International Education,Cambridge International AS & A Level,AS Level,Paper 3 Advanced Practical Skills,Paper 3,120,40,23
Practical assessment,Layout of data and observations,"When using the light microscope and photomicrographs: make drawings, using a sharp pencil to give finely drawn lines that are clear and unbroken",Biology,Cambridge Assessment International Education,Cambridge International AS & A Level,AS Level,Paper 3 Advanced Practical Skills,Paper 3,120,40,23
Practical assessment,Layout of data and observations,"When using the light microscope and photomicrographs: make drawings that use most of the available space and show all the features observed in the specimen, with no shading",Biology,Cambridge Assessment International Education,Cambridge International AS & A Level,AS Level,Paper 3 Advanced Practical Skills,Paper 3,120,40,23
Practical assessment,Layout of data and observations,"When using the light microscope and photomicrographs: organise comparative observations, showing differences and similarities between specimens.",Biology,Cambridge Assessment International Education,Cambridge International AS & A Level,AS Level,Paper 3 Advanced Practical Skills,Paper 3,120,40,23
Practical assessment,Interpreting data and observations,Within an investigation: calculate an answer with the correct number of significant figures using quantitative results or data provided,Biology,Cambridge Assessment International Education,Cambridge International AS & A Level,AS Level,Paper 3 Advanced Practical Skills,Paper 3,120,40,23
Practical assessment,Interpreting data and observations,Within an investigation: use a graph to find unknown values,Biology,Cambridge Assessment International Education,Cambridge International AS & A Level,AS Level,Paper 3 Advanced Practical Skills,Paper 3,120,40,23
Practical assessment,Interpreting data and observations,Within an investigation: estimate the concentrations of unknown solutions from qualitative results,Biology,Cambridge Assessment International Education,Cambridge International AS & A Level,AS Level,Paper 3 Advanced Practical Skills,Paper 3,120,40,23
Practical assessment,Interpreting data and observations,Within an investigation: identify the contents of unknown solutions using biological molecule tests,Biology,Cambridge Assessment International Education,Cambridge International AS & A Level,AS Level,Paper 3 Advanced Practical Skills,Paper 3,120,40,23
Practical assessment,Interpreting data and observations,Within an investigation: identify anomalous results and suggest how to deal with anomalies,Biology,Cambridge Assessment International Education,Cambridge International AS & A Level,AS Level,Paper 3 Advanced Practical Skills,Paper 3,120,40,23
Practical assessment,Interpreting data and observations,Within an investigation: describe patterns and trends using the data provided in tables and graphs,Biology,Cambridge Assessment International Education,Cambridge International AS & A Level,AS Level,Paper 3 Advanced Practical Skills,Paper 3,120,40,23
Practical assessment,Interpreting data and observations,Within an investigation: evaluate the confidence with which conclusions might be made.,Biology,Cambridge Assessment International Education,Cambridge International AS & A Level,AS Level,Paper 3 Advanced Practical Skills,Paper 3,120,40,23
Practical assessment,Interpreting data and observations,When using the light microscope and photomicrographs: calculate an answer with the correct number of significant figures using quantitative results or data provided,Biology,Cambridge Assessment International Education,Cambridge International AS & A Level,AS Level,Paper 3 Advanced Practical Skills,Paper 3,120,40,23
Practical assessment,Interpreting data and observations,When using the light microscope and photomicrographs: compare observable features of specimens of biological material including similarities and differences between specimens on a microscope slide and specimens in photomicrographs.,Biology,Cambridge Assessment International Education,Cambridge International AS & A Level,AS Level,Paper 3 Advanced Practical Skills,Paper 3,120,40,23
Practical assessment,Drawing conclusions,"From results, observations or information provided: summarise the main conclusions",Biology,Cambridge Assessment International Education,Cambridge International AS & A Level,AS Level,Paper 3 Advanced Practical Skills,Paper 3,120,40,23
Practical assessment,Drawing conclusions,"From results, observations or information provided: state and explain whether a hypothesis is supported",Biology,Cambridge Assessment International Education,Cambridge International AS & A Level,AS Level,Paper 3 Advanced Practical Skills,Paper 3,120,40,23
Practical assessment,Drawing conclusions,"From results, observations or information provided: make predictions from the patterns and trends in data",Biology,Cambridge Assessment International Education,Cambridge International AS & A Level,AS Level,Paper 3 Advanced Practical Skills,Paper 3,120,40,23
Practical assessment,Drawing conclusions,"From results, observations or information provided: suggest explanations for observations, results, patterns, trends and conclusions.",Biology,Cambridge Assessment International Education,Cambridge International AS & A Level,AS Level,Paper 3 Advanced Practical Skills,Paper 3,120,40,23
Practical assessment,Identifying sources of error and suggesting improvements,"Within an investigation and when using the light microscope and photomicrographs: identify systematic or random errors in an investigation, understanding that systematic errors may not affect the trend in results whereas a random error may affect the trend",Biology,Cambridge Assessment International Education,Cambridge International AS & A Level,AS Level,Paper 3 Advanced Practical Skills,Paper 3,120,40,23
Practical assessment,Identifying sources of error and suggesting improvements,Within an investigation and when using the light microscope and photomicrographs: identify the main sources of error in a particular investigation,Biology,Cambridge Assessment International Education,Cambridge International AS & A Level,AS Level,Paper 3 Advanced Practical Skills,Paper 3,120,40,23
Practical assessment,Identifying sources of error and suggesting improvements,"Within an investigation and when using the light microscope and photomicrographs: suggest improvements to a procedure that will increase the accuracy of the observations or measurements, including: – using a more effective method to standardise relevant variables – using a more accurate method of measuring the dependent variable – using smaller intervals for the values of the independent variable – collecting replicate measurements so that a mean can be calculated",Biology,Cambridge Assessment International Education,Cambridge International AS & A Level,AS Level,Paper 3 Advanced Practical Skills,Paper 3,120,40,23
Practical assessment,Identifying sources of error and suggesting improvements,"Within an investigation and when using the light microscope and photomicrographs: suggest how to extend the investigation to answer a new question, for example by investigating a different independent variable or applying the method to a new context",Biology,Cambridge Assessment International Education,Cambridge International AS & A Level,AS Level,Paper 3 Advanced Practical Skills,Paper 3,120,40,23
Practical assessment,Identifying sources of error and suggesting improvements,"Within an investigation and when using the light microscope and photomicrographs: describe clearly, in words or diagrams, improvements to the procedure or modifications to extend the investigation.",Biology,Cambridge Assessment International Education,Cambridge International AS & A Level,AS Level,Paper 3 Advanced Practical Skills,Paper 3,120,40,23
Assessment objectives,AO1 Knowledge and understanding,"scientific phenomena, facts, laws, definitions, concepts and theories",Biology,Cambridge Assessment International Education,Cambridge International AS & A Level,A Level,Paper 1 Multiple Choice,Paper 1,75,40,15.5
Assessment objectives,AO1 Knowledge and understanding,"scientific vocabulary, terminology and conventions (including symbols, quantities and units)",Biology,Cambridge Assessment International Education,Cambridge International AS & A Level,A Level,Paper 1 Multiple Choice,Paper 1,75,40,15.5
Assessment objectives,AO1 Knowledge and understanding,"scientific instruments and apparatus, including techniques of operation and aspects of safety",Biology,Cambridge Assessment International Education,Cambridge International AS & A Level,A Level,Paper 1 Multiple Choice,Paper 1,75,40,15.5
Assessment objectives,AO1 Knowledge and understanding,scientific quantities and their determination,Biology,Cambridge Assessment International Education,Cambridge International AS & A Level,A Level,Paper 1 Multiple Choice,Paper 1,75,40,15.5
Assessment objectives,AO1 Knowledge and understanding,"scientific and technological applications with their social, economic and environmental implications.",Biology,Cambridge Assessment International Education,Cambridge International AS & A Level,A Level,Paper 1 Multiple Choice,Paper 1,75,40,15.5
Assessment objectives,"AO2 Handling, applying and evaluating information","locate, select, organise and present information from a variety of sources",Biology,Cambridge Assessment International Education,Cambridge International AS & A Level,A Level,Paper 1 Multiple Choice,Paper 1,75,40,15.5
Assessment objectives,"AO2 Handling, applying and evaluating information",translate information from one form to another,Biology,Cambridge Assessment International Education,Cambridge International AS & A Level,A Level,Paper 1 Multiple Choice,Paper 1,75,40,15.5
Assessment objectives,"AO2 Handling, applying and evaluating information",manipulate numerical and other data,Biology,Cambridge Assessment International Education,Cambridge International AS & A Level,A Level,Paper 1 Multiple Choice,Paper 1,75,40,15.5
Assessment objectives,"AO2 Handling, applying and evaluating information","use information to identify patterns, report trends and draw conclusions",Biology,Cambridge Assessment International Education,Cambridge International AS & A Level,A Level,Paper 1 Multiple Choice,Paper 1,75,40,15.5
Assessment objectives,"AO2 Handling, applying and evaluating information","give reasoned explanations for phenomena, patterns and relationships",Biology,Cambridge Assessment International Education,Cambridge International AS & A Level,A Level,Paper 1 Multiple Choice,Paper 1,75,40,15.5
Assessment objectives,"AO2 Handling, applying and evaluating information",make predictions and construct arguments to support hypotheses,Biology,Cambridge Assessment International Education,Cambridge International AS & A Level,A Level,Paper 1 Multiple Choice,Paper 1,75,40,15.5
Assessment objectives,"AO2 Handling, applying and evaluating information","apply knowledge, including principles, to new situations",Biology,Cambridge Assessment International Education,Cambridge International AS & A Level,A Level,Paper 1 Multiple Choice,Paper 1,75,40,15.5
Assessment objectives,"AO2 Handling, applying and evaluating information",evaluate information and hypotheses,Biology,Cambridge Assessment International Education,Cambridge International AS & A Level,A Level,Paper 1 Multiple Choice,Paper 1,75,40,15.5
Assessment objectives,"AO2 Handling, applying and evaluating information",demonstrate an awareness of the limitations of biological theories and models,Biology,Cambridge Assessment International Education,Cambridge International AS & A Level,A Level,Paper 1 Multiple Choice,Paper 1,75,40,15.5
Assessment objectives,"AO2 Handling, applying and evaluating information",solve problems.,Biology,Cambridge Assessment International Education,Cambridge International AS & A Level,A Level,Paper 1 Multiple Choice,Paper 1,75,40,15.5
Cell structure,The microscope in cell studies,make temporary preparations of cellular material suitable for viewing with a light microscope,Biology,Cambridge Assessment International Education,Cambridge International AS & A Level,A Level,Paper 1 Multiple Choice,Paper 1,75,40,15.5
Cell structure,The microscope in cell studies,draw cells from microscope slides and photomicrographs,Biology,Cambridge Assessment International Education,Cambridge International AS & A Level,A Level,Paper 1 Multiple Choice,Paper 1,75,40,15.5
Cell structure,The microscope in cell studies,"calculate magnifications of images and actual sizes of specimens from drawings, photomicrographs and electron micrographs (scanning and transmission)",Biology,Cambridge Assessment International Education,Cambridge International AS & A Level,A Level,Paper 1 Multiple Choice,Paper 1,75,40,15.5
Cell structure,The microscope in cell studies,"use an eyepiece graticule and stage micrometer scale to make measurements and use the appropriate units, millimetre (mm), micrometre (µm) and nanometre (nm)",Biology,Cambridge Assessment International Education,Cambridge International AS & A Level,A Level,Paper 1 Multiple Choice,Paper 1,75,40,15.5
Cell structure,The microscope in cell studies,"define resolution and magnification and explain the differences between these terms, with reference to light microscopy and electron microscopy",Biology,Cambridge Assessment International Education,Cambridge International AS & A Level,A Level,Paper 1 Multiple Choice,Paper 1,75,40,15.5
Cell structure,Cells as the basic units of living organisms,"recognise organelles and other cell structures found in eukaryotic cells and outline their structures and functions, limited to: • cell surface membrane • nucleus, nuclear envelope and nucleolus • rough endoplasmic reticulum • smooth endoplasmic reticulum • Golgi body (Golgi apparatus or Golgi complex) • mitochondria (including the presence of small circular DNA) • ribosomes (80S in the cytoplasm and 70S in chloroplasts and mitochondria) • lysosomes • centrioles and microtubules • cilia • microvilli • chloroplasts (including the presence of small circular DNA) • cell wall • plasmodesmata • large permanent vacuole and tonoplast of plant cells",Biology,Cambridge Assessment International Education,Cambridge International AS & A Level,A Level,Paper 1 Multiple Choice,Paper 1,75,40,15.5
Cell structure,Cells as the basic units of living organisms,"describe and interpret photomicrographs, electron micrographs and drawings of typical plant and animal cells",Biology,Cambridge Assessment International Education,Cambridge International AS & A Level,A Level,Paper 1 Multiple Choice,Paper 1,75,40,15.5
Cell structure,Cells as the basic units of living organisms,compare the structure of typical plant and animal cells,Biology,Cambridge Assessment International Education,Cambridge International AS & A Level,A Level,Paper 1 Multiple Choice,Paper 1,75,40,15.5
Cell structure,Cells as the basic units of living organisms,state that cells use ATP from respiration for energy-requiring processes,Biology,Cambridge Assessment International Education,Cambridge International AS & A Level,A Level,Paper 1 Multiple Choice,Paper 1,75,40,15.5
Cell structure,Cells as the basic units of living organisms,"outline key structural features of a prokaryotic cell as found in a typical bacterium, including: • unicellular • generally 1–5 µm diameter • peptidoglycan cell walls • circular DNA • 70S ribosomes • absence of organelles surrounded by double membranes",Biology,Cambridge Assessment International Education,Cambridge International AS & A Level,A Level,Paper 1 Multiple Choice,Paper 1,75,40,15.5
Cell structure,Cells as the basic units of living organisms,compare the structure of a prokaryotic cell as found in a typical bacterium with the structures of typical eukaryotic cells in plants and animals,Biology,Cambridge Assessment International Education,Cambridge International AS & A Level,A Level,Paper 1 Multiple Choice,Paper 1,75,40,15.5
Cell structure,Cells as the basic units of living organisms,"state that all viruses are non-cellular structures with a nucleic acid core (either DNA or RNA) and a capsid made of protein, and that some viruses have an outer envelope made of phospholipids",Biology,Cambridge Assessment International Education,Cambridge International AS & A Level,A Level,Paper 1 Multiple Choice,Paper 1,75,40,15.5
Biological molecules,Testing for biological molecules,"describe and carry out the Benedict’s test for reducing sugars, the iodine test for starch, the emulsion test for lipids and the biuret test for proteins",Biology,Cambridge Assessment International Education,Cambridge International AS & A Level,A Level,Paper 1 Multiple Choice,Paper 1,75,40,15.5
Biological molecules,Testing for biological molecules,describe and carry out a semi-quantitative Benedict’s test on a reducing sugar solution by standardising the test and using the results (time to first colour change or comparison to colour standards) to estimate the concentration,Biology,Cambridge Assessment International Education,Cambridge International AS & A Level,A Level,Paper 1 Multiple Choice,Paper 1,75,40,15.5
Biological molecules,Testing for biological molecules,"describe and carry out a test to identify the presence of non-reducing sugars, using acid hydrolysis and Benedict’s solution",Biology,Cambridge Assessment International Education,Cambridge International AS & A Level,A Level,Paper 1 Multiple Choice,Paper 1,75,40,15.5
Biological molecules,Carbohydrates and lipids,describe and draw the ring forms of α-glucose and β-glucose,Biology,Cambridge Assessment International Education,Cambridge International AS & A Level,A Level,Paper 1 Multiple Choice,Paper 1,75,40,15.5
Biological molecules,Carbohydrates and lipids,"define the terms monomer, polymer, macromolecule, monosaccharide, disaccharide and polysaccharide",Biology,Cambridge Assessment International Education,Cambridge International AS & A Level,A Level,Paper 1 Multiple Choice,Paper 1,75,40,15.5
Biological molecules,Carbohydrates and lipids,state the role of covalent bonds in joining smaller molecules together to form polymers,Biology,Cambridge Assessment International Education,Cambridge International AS & A Level,A Level,Paper 1 Multiple Choice,Paper 1,75,40,15.5
Biological molecules,Carbohydrates and lipids,"state that glucose, fructose and maltose are reducing sugars and that sucrose is a non-reducing sugar",Biology,Cambridge Assessment International Education,Cambridge International AS & A Level,A Level,Paper 1 Multiple Choice,Paper 1,75,40,15.5
Biological molecules,Carbohydrates and lipids,"describe the formation of a glycosidic bond by condensation, with reference to disaccharides, including sucrose, and polysaccharides",Biology,Cambridge Assessment International Education,Cambridge International AS & A Level,A Level,Paper 1 Multiple Choice,Paper 1,75,40,15.5
Biological molecules,Carbohydrates and lipids,"describe the breakage of a glycosidic bond in polysaccharides and disaccharides by hydrolysis, with reference to the non-reducing sugar test",Biology,Cambridge Assessment International Education,Cambridge International AS & A Level,A Level,Paper 1 Multiple Choice,Paper 1,75,40,15.5
Biological molecules,Carbohydrates and lipids,describe the molecular structure of the polysaccharides starch (amylose and amylopectin) and glycogen and relate their structures to their functions in living organisms,Biology,Cambridge Assessment International Education,Cambridge International AS & A Level,A Level,Paper 1 Multiple Choice,Paper 1,75,40,15.5
Biological molecules,Carbohydrates and lipids,describe the molecular structure of the polysaccharide cellulose and outline how the arrangement of cellulose molecules contributes to the function of plant cell walls,Biology,Cambridge Assessment International Education,Cambridge International AS & A Level,A Level,Paper 1 Multiple Choice,Paper 1,75,40,15.5
Biological molecules,Carbohydrates and lipids,"state that triglycerides are non-polar hydrophobic molecules and describe the molecular structure of triglycerides with reference to fatty acids (saturated and unsaturated), glycerol and the formation of ester bonds",Biology,Cambridge Assessment International Education,Cambridge International AS & A Level,A Level,Paper 1 Multiple Choice,Paper 1,75,40,15.5
Biological molecules,Carbohydrates and lipids,relate the molecular structure of triglycerides to their functions in living organisms,Biology,Cambridge Assessment International Education,Cambridge International AS & A Level,A Level,Paper 1 Multiple Choice,Paper 1,75,40,15.5
Biological molecules,Carbohydrates and lipids,describe the molecular structure of phospholipids with reference to their hydrophilic (polar) phosphate heads and hydrophobic (non-polar) fatty acid tails,Biology,Cambridge Assessment International Education,Cambridge International AS & A Level,A Level,Paper 1 Multiple Choice,Paper 1,75,40,15.5
Biological molecules,Proteins,describe and draw the general structure of an amino acid and the formation and breakage of a peptide bond,Biology,Cambridge Assessment International Education,Cambridge International AS & A Level,A Level,Paper 1 Multiple Choice,Paper 1,75,40,15.5
Biological molecules,Proteins,"explain the meaning of the terms primary structure, secondary structure, tertiary structure and quaternary structure of proteins",Biology,Cambridge Assessment International Education,Cambridge International AS & A Level,A Level,Paper 1 Multiple Choice,Paper 1,75,40,15.5
Biological molecules,Proteins,"describe the types of interaction that hold protein molecules in shape: • hydrophobic interactions • hydrogen bonding • ionic bonding • covalent bonding, including disulfide bonds",Biology,Cambridge Assessment International Education,Cambridge International AS & A Level,A Level,Paper 1 Multiple Choice,Paper 1,75,40,15.5
Biological molecules,Proteins,state that globular proteins are generally soluble and have physiological roles and fibrous proteins are generally insoluble and have structural roles,Biology,Cambridge Assessment International Education,Cambridge International AS & A Level,A Level,Paper 1 Multiple Choice,Paper 1,75,40,15.5
Biological molecules,Proteins,"describe the structure of a molecule of haemoglobin as an example of a globular protein, including the formation of its quaternary structure from two alpha (α) chains (α–globin), two beta (β) chains (β–globin) and a haem group",Biology,Cambridge Assessment International Education,Cambridge International AS & A Level,A Level,Paper 1 Multiple Choice,Paper 1,75,40,15.5
Biological molecules,Proteins,"relate the structure of haemoglobin to its function, including the importance of iron in the haem group",Biology,Cambridge Assessment International Education,Cambridge International AS & A Level,A Level,Paper 1 Multiple Choice,Paper 1,75,40,15.5
Biological molecules,Proteins,"describe the structure of a molecule of collagen as an example of a fibrous protein, and the arrangement of collagen molecules to form collagen fibres",Biology,Cambridge Assessment International Education,Cambridge International AS & A Level,A Level,Paper 1 Multiple Choice,Paper 1,75,40,15.5
Biological molecules,Proteins,relate the structures of collagen molecules and collagen fibres to their function,Biology,Cambridge Assessment International Education,Cambridge International AS & A Level,A Level,Paper 1 Multiple Choice,Paper 1,75,40,15.5
Biological molecules,Water,"explain how hydrogen bonding occurs between water molecules and relate the properties of water to its roles in living organisms, limited to solvent action, high specific heat capacity and latent heat of vaporisation",Biology,Cambridge Assessment International Education,Cambridge International AS & A Level,A Level,Paper 1 Multiple Choice,Paper 1,75,40,15.5
Enzymes,Mode of action of enzymes,state that enzymes are globular proteins that catalyse reactions inside cells (intracellular enzymes) or are secreted to catalyse reactions outside cells (extracellular enzymes),Biology,Cambridge Assessment International Education,Cambridge International AS & A Level,A Level,Paper 1 Multiple Choice,Paper 1,75,40,15.5
Enzymes,Mode of action of enzymes,"explain the mode of action of enzymes in terms of an active site, enzyme–substrate complex, lowering of activation energy and enzyme specificity, including the lock-and-key hypothesis and the induced-fit hypothesis",Biology,Cambridge Assessment International Education,Cambridge International AS & A Level,A Level,Paper 1 Multiple Choice,Paper 1,75,40,15.5
Enzymes,Mode of action of enzymes,investigate the progress of enzyme-catalysed reactions by measuring rates of formation of products using catalase and rates of disappearance of substrate using amylase,Biology,Cambridge Assessment International Education,Cambridge International AS & A Level,A Level,Paper 1 Multiple Choice,Paper 1,75,40,15.5
Enzymes,Mode of action of enzymes,outline the use of a colorimeter for measuring the progress of enzyme-catalysed reactions that involve colour changes,Biology,Cambridge Assessment International Education,Cambridge International AS & A Level,A Level,Paper 1 Multiple Choice,Paper 1,75,40,15.5
Enzymes,Factors that affect enzyme action,investigate and explain the effects of the following factors on the rate of enzyme-catalysed reactions: • temperature • pH (using buffer solutions) • enzyme concentration • substrate concentration • inhibitor concentration,Biology,Cambridge Assessment International Education,Cambridge International AS & A Level,A Level,Paper 1 Multiple Choice,Paper 1,75,40,15.5
Enzymes,Factors that affect enzyme action,"explain that the maximum rate of reaction (Vmax) is used to derive the Michaelis–Menten constant (Km), which is used to compare the affinity of different enzymes for their substrates",Biology,Cambridge Assessment International Education,Cambridge International AS & A Level,A Level,Paper 1 Multiple Choice,Paper 1,75,40,15.5
Enzymes,Factors that affect enzyme action,"explain the effects of reversible inhibitors, both competitive and non-competitive, on enzyme activity",Biology,Cambridge Assessment International Education,Cambridge International AS & A Level,A Level,Paper 1 Multiple Choice,Paper 1,75,40,15.5
Enzymes,Factors that affect enzyme action,"investigate the difference in activity between an enzyme immobilised in alginate and the same enzyme free in solution, and state the advantages of using immobilised enzymes",Biology,Cambridge Assessment International Education,Cambridge International AS & A Level,A Level,Paper 1 Multiple Choice,Paper 1,75,40,15.5
Cell membranes and transport,Fluid mosaic membranes,describe the fluid mosaic model of membrane structure with reference to the hydrophobic and hydrophilic interactions that account for the formation of the phospholipid bilayer and the arrangement of proteins,Biology,Cambridge Assessment International Education,Cambridge International AS & A Level,A Level,Paper 1 Multiple Choice,Paper 1,75,40,15.5
Cell membranes and transport,Fluid mosaic membranes,"describe the arrangement of cholesterol, glycolipids and glycoproteins in cell surface membranes",Biology,Cambridge Assessment International Education,Cambridge International AS & A Level,A Level,Paper 1 Multiple Choice,Paper 1,75,40,15.5
Cell membranes and transport,Fluid mosaic membranes,"describe the roles of phospholipids, cholesterol, glycolipids, proteins and glycoproteins in cell surface membranes, with reference to stability, fluidity, permeability, transport (carrier proteins and channel proteins), cell signalling (cell surface receptors) and cell recognition (cell surface antigens – see 11.1.2)",Biology,Cambridge Assessment International Education,Cambridge International AS & A Level,A Level,Paper 1 Multiple Choice,Paper 1,75,40,15.5
Cell membranes and transport,Fluid mosaic membranes,outline the main stages in the process of cell signalling leading to specific responses: • secretion of specific chemicals (ligands) from cells • transport of ligands to target cells • binding of ligands to cell surface receptors on target cells,Biology,Cambridge Assessment International Education,Cambridge International AS & A Level,A Level,Paper 1 Multiple Choice,Paper 1,75,40,15.5
Cell membranes and transport,Movement into and out of cells,"describe and explain the processes of simple diffusion, facilitated diffusion, osmosis, active transport, endocytosis and exocytosis",Biology,Cambridge Assessment International Education,Cambridge International AS & A Level,A Level,Paper 1 Multiple Choice,Paper 1,75,40,15.5
Cell membranes and transport,Movement into and out of cells,"investigate simple diffusion and osmosis using plant tissue and non-living materials, including dialysis (Visking) tubing and agar",Biology,Cambridge Assessment International Education,Cambridge International AS & A Level,A Level,Paper 1 Multiple Choice,Paper 1,75,40,15.5
Cell membranes and transport,Movement into and out of cells,illustrate the principle that surface area to volume ratios decrease with increasing size by calculating surface areas and volumes of simple 3-D shapes (as shown in the Mathematical requirements),Biology,Cambridge Assessment International Education,Cambridge International AS & A Level,A Level,Paper 1 Multiple Choice,Paper 1,75,40,15.5
Cell membranes and transport,Movement into and out of cells,investigate the effect of changing surface area to volume ratio on diffusion using agar blocks of different sizes,Biology,Cambridge Assessment International Education,Cambridge International AS & A Level,A Level,Paper 1 Multiple Choice,Paper 1,75,40,15.5
Cell membranes and transport,Movement into and out of cells,"investigate the effects of immersing plant tissues in solutions of different water potentials, using the results to estimate the water potential of the tissues",Biology,Cambridge Assessment International Education,Cambridge International AS & A Level,A Level,Paper 1 Multiple Choice,Paper 1,75,40,15.5
Cell membranes and transport,Movement into and out of cells,explain the movement of water between cells and solutions in terms of water potential and explain the different effects of the movement of water on plant cells and animal cells (knowledge of solute potential and pressure potential is not expected),Biology,Cambridge Assessment International Education,Cambridge International AS & A Level,A Level,Paper 1 Multiple Choice,Paper 1,75,40,15.5
The mitotic cell cycle,Replication and division of nuclei and cells,"describe the structure of a chromosome, limited to: • DNA • histone proteins • sister chromatids • centromere • telomeres",Biology,Cambridge Assessment International Education,Cambridge International AS & A Level,A Level,Paper 1 Multiple Choice,Paper 1,75,40,15.5
The mitotic cell cycle,Replication and division of nuclei and cells,explain the importance of mitosis in the production of genetically identical daughter cells during: • growth of multicellular organisms • replacement of damaged or dead cells • repair of tissues by cell replacement • asexual reproduction,Biology,Cambridge Assessment International Education,Cambridge International AS & A Level,A Level,Paper 1 Multiple Choice,Paper 1,75,40,15.5
The mitotic cell cycle,Replication and division of nuclei and cells,"outline the mitotic cell cycle, including: • interphase (growth in G1 and G2 phases and DNA replication in S phase) • mitosis • cytokinesis",Biology,Cambridge Assessment International Education,Cambridge International AS & A Level,A Level,Paper 1 Multiple Choice,Paper 1,75,40,15.5
The mitotic cell cycle,Replication and division of nuclei and cells,outline the role of telomeres in preventing the loss of genes from the ends of chromosomes during DNA replication,Biology,Cambridge Assessment International Education,Cambridge International AS & A Level,A Level,Paper 1 Multiple Choice,Paper 1,75,40,15.5
The mitotic cell cycle,Replication and division of nuclei and cells,outline the role of stem cells in cell replacement and tissue repair by mitosis,Biology,Cambridge Assessment International Education,Cambridge International AS & A Level,A Level,Paper 1 Multiple Choice,Paper 1,75,40,15.5
The mitotic cell cycle,Replication and division of nuclei and cells,explain how uncontrolled cell division can result in the formation of a tumour,Biology,Cambridge Assessment International Education,Cambridge International AS & A Level,A Level,Paper 1 Multiple Choice,Paper 1,75,40,15.5
The mitotic cell cycle,Chromosome behaviour in mitosis,"describe the behaviour of chromosomes in plant and animal cells during the mitotic cell cycle and the associated behaviour of the nuclear envelope, the cell surface membrane and the spindle (names of the main stages of mitosis are expected: prophase, metaphase, anaphase and telophase)",Biology,Cambridge Assessment International Education,Cambridge International AS & A Level,A Level,Paper 1 Multiple Choice,Paper 1,75,40,15.5
The mitotic cell cycle,Chromosome behaviour in mitosis,"interpret photomicrographs, diagrams and microscope slides of cells in different stages of the mitotic cell cycle and identify the main stages of mitosis",Biology,Cambridge Assessment International Education,Cambridge International AS & A Level,A Level,Paper 1 Multiple Choice,Paper 1,75,40,15.5
Nucleic acids and protein synthesis,Structure of nucleic acids and replication of DNA,"describe the structure of nucleotides, including the phosphorylated nucleotide ATP (structural formulae are not expected)",Biology,Cambridge Assessment International Education,Cambridge International AS & A Level,A Level,Paper 1 Multiple Choice,Paper 1,75,40,15.5
Nucleic acids and protein synthesis,Structure of nucleic acids and replication of DNA,"state that the bases adenine and guanine are purines with a double ring structure, and that the bases cytosine, thymine and uracil are pyrimidines with a single ring structure (structural formulae for bases are not expected)",Biology,Cambridge Assessment International Education,Cambridge International AS & A Level,A Level,Paper 1 Multiple Choice,Paper 1,75,40,15.5
Nucleic acids and protein synthesis,Structure of nucleic acids and replication of DNA,"describe the structure of a DNA molecule as a double helix, including: • the importance of complementary base pairing between the 5′ to 3′ strand and the 3′ to 5′ strand (antiparallel strands) • differences in hydrogen bonding between C–G and A–T base pairs • linking of nucleotides by phosphodiester bonds",Biology,Cambridge Assessment International Education,Cambridge International AS & A Level,A Level,Paper 1 Multiple Choice,Paper 1,75,40,15.5
Nucleic acids and protein synthesis,Structure of nucleic acids and replication of DNA,"describe the semi-conservative replication of DNA during the S phase of the cell cycle, including: • the roles of DNA polymerase and DNA ligase (knowledge of other enzymes in DNA replication in cells and different types of DNA polymerase is not expected) • the differences between leading strand and lagging strand replication as a consequence of DNA polymerase adding nucleotides only in a 5′ to 3′ direction",Biology,Cambridge Assessment International Education,Cambridge International AS & A Level,A Level,Paper 1 Multiple Choice,Paper 1,75,40,15.5
Nucleic acids and protein synthesis,Structure of nucleic acids and replication of DNA,"describe the structure of an RNA molecule, using the example of messenger RNA (mRNA)",Biology,Cambridge Assessment International Education,Cambridge International AS & A Level,A Level,Paper 1 Multiple Choice,Paper 1,75,40,15.5
Nucleic acids and protein synthesis,Protein synthesis,state that a polypeptide is coded for by a gene and that a gene is a sequence of nucleotides that forms part of a DNA molecule,Biology,Cambridge Assessment International Education,Cambridge International AS & A Level,A Level,Paper 1 Multiple Choice,Paper 1,75,40,15.5
Nucleic acids and protein synthesis,Protein synthesis,describe the principle of the universal genetic code in which different triplets of DNA bases either code for specific amino acids or correspond to start and stop codons,Biology,Cambridge Assessment International Education,Cambridge International AS & A Level,A Level,Paper 1 Multiple Choice,Paper 1,75,40,15.5
Nucleic acids and protein synthesis,Protein synthesis,"describe how the information in DNA is used during transcription and translation to construct polypeptides, including the roles of: • RNA polymerase • messenger RNA (mRNA) • codons • transfer RNA (tRNA) • anticodons • ribosomes",Biology,Cambridge Assessment International Education,Cambridge International AS & A Level,A Level,Paper 1 Multiple Choice,Paper 1,75,40,15.5
Nucleic acids and protein synthesis,Protein synthesis,state that the strand of a DNA molecule that is used in transcription is called the transcribed or template strand and that the other strand is called the non-transcribed strand,Biology,Cambridge Assessment International Education,Cambridge International AS & A Level,A Level,Paper 1 Multiple Choice,Paper 1,75,40,15.5
Nucleic acids and protein synthesis,Protein synthesis,"explain that, in eukaryotes, the RNA molecule formed following transcription (primary transcript) is modified by the removal of non-coding sequences (introns) and the joining together of coding sequences (exons) to form mRNA",Biology,Cambridge Assessment International Education,Cambridge International AS & A Level,A Level,Paper 1 Multiple Choice,Paper 1,75,40,15.5
Nucleic acids and protein synthesis,Protein synthesis,state that a gene mutation is a change in the sequence of base pairs in a DNA molecule that may result in an altered polypeptide,Biology,Cambridge Assessment International Education,Cambridge International AS & A Level,A Level,Paper 1 Multiple Choice,Paper 1,75,40,15.5
Nucleic acids and protein synthesis,Protein synthesis,explain that a gene mutation is a result of substitution or deletion or insertion of nucleotides in DNA and outline how each of these types of mutation may affect the polypeptide produced,Biology,Cambridge Assessment International Education,Cambridge International AS & A Level,A Level,Paper 1 Multiple Choice,Paper 1,75,40,15.5
Transport in plants,Structure of transport tissues,"draw plan diagrams of transverse sections of stems, roots and leaves of herbaceous dicotyledonous plants from microscope slides and photomicrographs",Biology,Cambridge Assessment International Education,Cambridge International AS & A Level,A Level,Paper 1 Multiple Choice,Paper 1,75,40,15.5
Transport in plants,Structure of transport tissues,"describe the distribution of xylem and phloem in transverse sections of stems, roots and leaves of herbaceous dicotyledonous plants",Biology,Cambridge Assessment International Education,Cambridge International AS & A Level,A Level,Paper 1 Multiple Choice,Paper 1,75,40,15.5
Transport in plants,Structure of transport tissues,"draw and label xylem vessel elements, phloem sieve tube elements and companion cells from microscope slides, photomicrographs and electron micrographs",Biology,Cambridge Assessment International Education,Cambridge International AS & A Level,A Level,Paper 1 Multiple Choice,Paper 1,75,40,15.5
Transport in plants,Structure of transport tissues,"relate the structure of xylem vessel elements, phloem sieve tube elements and companion cells to their functions",Biology,Cambridge Assessment International Education,Cambridge International AS & A Level,A Level,Paper 1 Multiple Choice,Paper 1,75,40,15.5
Transport in plants,Transport mechanisms,state that some mineral ions and organic compounds can be transported within plants dissolved in water,Biology,Cambridge Assessment International Education,Cambridge International AS & A Level,A Level,Paper 1 Multiple Choice,Paper 1,75,40,15.5
Transport in plants,Transport mechanisms,"describe the transport of water from the soil to the xylem through the: • apoplast pathway, including reference to lignin and cellulose • symplast pathway, including reference to the endodermis, Casparian strip and suberin",Biology,Cambridge Assessment International Education,Cambridge International AS & A Level,A Level,Paper 1 Multiple Choice,Paper 1,75,40,15.5
Transport in plants,Transport mechanisms,explain that transpiration involves the evaporation of water from the internal surfaces of leaves followed by diffusion of water vapour to the atmosphere,Biology,Cambridge Assessment International Education,Cambridge International AS & A Level,A Level,Paper 1 Multiple Choice,Paper 1,75,40,15.5
Transport in plants,Transport mechanisms,explain how hydrogen bonding of water molecules is involved with movement of water in the xylem by cohesion-tension in transpiration pull and by adhesion to cellulose in cell walls,Biology,Cambridge Assessment International Education,Cambridge International AS & A Level,A Level,Paper 1 Multiple Choice,Paper 1,75,40,15.5
Transport in plants,Transport mechanisms,make annotated drawings of transverse sections of leaves from xerophytic plants to explain how they are adapted to reduce water loss by transpiration,Biology,Cambridge Assessment International Education,Cambridge International AS & A Level,A Level,Paper 1 Multiple Choice,Paper 1,75,40,15.5
Transport in plants,Transport mechanisms,"state that assimilates dissolved in water, such as sucrose and amino acids, move from sources to sinks in phloem sieve tubes",Biology,Cambridge Assessment International Education,Cambridge International AS & A Level,A Level,Paper 1 Multiple Choice,Paper 1,75,40,15.5
Transport in plants,Transport mechanisms,"explain how companion cells transfer assimilates to phloem sieve tubes, with reference to proton pumps and cotransporter proteins",Biology,Cambridge Assessment International Education,Cambridge International AS & A Level,A Level,Paper 1 Multiple Choice,Paper 1,75,40,15.5
Transport in plants,Transport mechanisms,explain mass flow in phloem sieve tubes down a hydrostatic pressure gradient from source to sink,Biology,Cambridge Assessment International Education,Cambridge International AS & A Level,A Level,Paper 1 Multiple Choice,Paper 1,75,40,15.5
Transport in mammals,The circulatory system,"state that the mammalian circulatory system is a closed double circulation consisting of a heart, blood and blood vessels including arteries, arterioles, capillaries, venules and veins",Biology,Cambridge Assessment International Education,Cambridge International AS & A Level,A Level,Paper 1 Multiple Choice,Paper 1,75,40,15.5
Transport in mammals,The circulatory system,"describe the functions of the main blood vessels of the pulmonary and systemic circulations, limited to pulmonary artery, pulmonary vein, aorta and vena cava",Biology,Cambridge Assessment International Education,Cambridge International AS & A Level,A Level,Paper 1 Multiple Choice,Paper 1,75,40,15.5
Transport in mammals,The circulatory system,"recognise arteries, veins and capillaries from microscope slides, photomicrographs and electron micrographs and make plan diagrams showing the structure of arteries and veins in transverse section (TS) and longitudinal section (LS)",Biology,Cambridge Assessment International Education,Cambridge International AS & A Level,A Level,Paper 1 Multiple Choice,Paper 1,75,40,15.5
Transport in mammals,The circulatory system,"explain how the structure of muscular arteries, elastic arteries, veins and capillaries are each related to their functions",Biology,Cambridge Assessment International Education,Cambridge International AS & A Level,A Level,Paper 1 Multiple Choice,Paper 1,75,40,15.5
Transport in mammals,The circulatory system,"recognise and draw red blood cells, monocytes, neutrophils and lymphocytes from microscope slides, photomicrographs and electron micrographs",Biology,Cambridge Assessment International Education,Cambridge International AS & A Level,A Level,Paper 1 Multiple Choice,Paper 1,75,40,15.5
Transport in mammals,The circulatory system,"state that water is the main component of blood and tissue fluid and relate the properties of water to its role in transport in mammals, limited to solvent action and high specific heat capacity",Biology,Cambridge Assessment International Education,Cambridge International AS & A Level,A Level,Paper 1 Multiple Choice,Paper 1,75,40,15.5
Transport in mammals,The circulatory system,state the functions of tissue fluid and describe the formation of tissue fluid in a capillary network,Biology,Cambridge Assessment International Education,Cambridge International AS & A Level,A Level,Paper 1 Multiple Choice,Paper 1,75,40,15.5
Transport in mammals,Transport of oxygen and carbon dioxide,describe the role of red blood cells in transporting oxygen and carbon dioxide with reference to the roles of: • haemoglobin • carbonic anhydrase • the formation of haemoglobinic acid • the formation of carbaminohaemoglobin,Biology,Cambridge Assessment International Education,Cambridge International AS & A Level,A Level,Paper 1 Multiple Choice,Paper 1,75,40,15.5
Transport in mammals,Transport of oxygen and carbon dioxide,describe the chloride shift and explain the importance of the chloride shift,Biology,Cambridge Assessment International Education,Cambridge International AS & A Level,A Level,Paper 1 Multiple Choice,Paper 1,75,40,15.5
Transport in mammals,Transport of oxygen and carbon dioxide,describe the role of plasma in the transport of carbon dioxide,Biology,Cambridge Assessment International Education,Cambridge International AS & A Level,A Level,Paper 1 Multiple Choice,Paper 1,75,40,15.5
Transport in mammals,Transport of oxygen and carbon dioxide,describe and explain the oxygen dissociation curve of adult haemoglobin,Biology,Cambridge Assessment International Education,Cambridge International AS & A Level,A Level,Paper 1 Multiple Choice,Paper 1,75,40,15.5
Transport in mammals,Transport of oxygen and carbon dioxide,explain the importance of the oxygen dissociation curve at partial pressures of oxygen in the lungs and in respiring tissues,Biology,Cambridge Assessment International Education,Cambridge International AS & A Level,A Level,Paper 1 Multiple Choice,Paper 1,75,40,15.5
Transport in mammals,Transport of oxygen and carbon dioxide,describe the Bohr shift and explain the importance of the Bohr shift,Biology,Cambridge Assessment International Education,Cambridge International AS & A Level,A Level,Paper 1 Multiple Choice,Paper 1,75,40,15.5
Transport in mammals,The heart,describe the external and internal structure of the mammalian heart,Biology,Cambridge Assessment International Education,Cambridge International AS & A Level,A Level,Paper 1 Multiple Choice,Paper 1,75,40,15.5
Transport in mammals,The heart,explain the differences in the thickness of the walls of the: • atria and ventricles • left ventricle and right ventricle,Biology,Cambridge Assessment International Education,Cambridge International AS & A Level,A Level,Paper 1 Multiple Choice,Paper 1,75,40,15.5
Transport in mammals,The heart,"describe the cardiac cycle, with reference to the relationship between blood pressure changes during systole and diastole and the opening and closing of valves",Biology,Cambridge Assessment International Education,Cambridge International AS & A Level,A Level,Paper 1 Multiple Choice,Paper 1,75,40,15.5
Transport in mammals,The heart,"explain the roles of the sinoatrial node, the atrioventricular node and the Purkyne tissue in the cardiac cycle (knowledge of nervous and hormonal control is not expected)",Biology,Cambridge Assessment International Education,Cambridge International AS & A Level,A Level,Paper 1 Multiple Choice,Paper 1,75,40,15.5
Gas exchange,The gas exchange system,"describe the structure of the human gas exchange system, limited to: • lungs • trachea • bronchi • bronchioles • alveoli • capillary network",Biology,Cambridge Assessment International Education,Cambridge International AS & A Level,A Level,Paper 1 Multiple Choice,Paper 1,75,40,15.5
Gas exchange,The gas exchange system,"describe the distribution in the gas exchange system of cartilage, ciliated epithelium, goblet cells, squamous epithelium of alveoli, smooth muscle and capillaries",Biology,Cambridge Assessment International Education,Cambridge International AS & A Level,A Level,Paper 1 Multiple Choice,Paper 1,75,40,15.5
Gas exchange,The gas exchange system,"recognise cartilage, ciliated epithelium, goblet cells, squamous epithelium of alveoli, smooth muscle and capillaries in microscope slides, photomicrographs and electron micrographs",Biology,Cambridge Assessment International Education,Cambridge International AS & A Level,A Level,Paper 1 Multiple Choice,Paper 1,75,40,15.5
Gas exchange,The gas exchange system,"recognise trachea, bronchi, bronchioles and alveoli in microscope slides, photomicrographs and electron micrographs and make plan diagrams of transverse sections of the walls of the trachea and bronchus",Biology,Cambridge Assessment International Education,Cambridge International AS & A Level,A Level,Paper 1 Multiple Choice,Paper 1,75,40,15.5
Gas exchange,The gas exchange system,"describe the functions of ciliated epithelial cells, goblet cells and mucous glands in maintaining the health of the gas exchange system",Biology,Cambridge Assessment International Education,Cambridge International AS & A Level,A Level,Paper 1 Multiple Choice,Paper 1,75,40,15.5
Gas exchange,The gas exchange system,"describe the functions in the gas exchange system of cartilage, smooth muscle, elastic fibres and squamous epithelium",Biology,Cambridge Assessment International Education,Cambridge International AS & A Level,A Level,Paper 1 Multiple Choice,Paper 1,75,40,15.5
Gas exchange,The gas exchange system,describe gas exchange between air in the alveoli and blood in the capillaries,Biology,Cambridge Assessment International Education,Cambridge International AS & A Level,A Level,Paper 1 Multiple Choice,Paper 1,75,40,15.5
Infectious diseases,Infectious diseases,state that infectious diseases are caused by pathogens and are transmissible,Biology,Cambridge Assessment International Education,Cambridge International AS & A Level,A Level,Paper 1 Multiple Choice,Paper 1,75,40,15.5
Infectious diseases,Infectious diseases,"state the name and type of pathogen that causes each of the following diseases: • cholera – caused by the bacterium Vibrio cholerae • malaria – caused by the protoctists Plasmodium falciparum, Plasmodium malariae, Plasmodium ovale and Plasmodium vivax • tuberculosis (TB) – caused by the bacteria Mycobacterium tuberculosis and Mycobacterium bovis • HIV/AIDS – caused by the human immunodeficiency virus (HIV)",Biology,Cambridge Assessment International Education,Cambridge International AS & A Level,A Level,Paper 1 Multiple Choice,Paper 1,75,40,15.5
Infectious diseases,Infectious diseases,"explain how cholera, malaria, TB and HIV are transmitted",Biology,Cambridge Assessment International Education,Cambridge International AS & A Level,A Level,Paper 1 Multiple Choice,Paper 1,75,40,15.5
Infectious diseases,Infectious diseases,"discuss the biological, social and economic factors that need to be considered in the prevention and control of cholera, malaria, TB and HIV (details of the life cycle of the malarial parasite are not expected)",Biology,Cambridge Assessment International Education,Cambridge International AS & A Level,A Level,Paper 1 Multiple Choice,Paper 1,75,40,15.5
Infectious diseases,Antibiotics,outline how penicillin acts on bacteria and why antibiotics do not affect viruses,Biology,Cambridge Assessment International Education,Cambridge International AS & A Level,A Level,Paper 1 Multiple Choice,Paper 1,75,40,15.5
Infectious diseases,Antibiotics,discuss the consequences of antibiotic resistance and the steps that can be taken to reduce its impact,Biology,Cambridge Assessment International Education,Cambridge International AS & A Level,A Level,Paper 1 Multiple Choice,Paper 1,75,40,15.5
Immunity,The immune system,describe the mode of action of phagocytes (macrophages and neutrophils),Biology,Cambridge Assessment International Education,Cambridge International AS & A Level,A Level,Paper 1 Multiple Choice,Paper 1,75,40,15.5
Immunity,The immune system,explain what is meant by an antigen (see 4.1.3) and state the difference between self antigens and non-self antigens,Biology,Cambridge Assessment International Education,Cambridge International AS & A Level,A Level,Paper 1 Multiple Choice,Paper 1,75,40,15.5
Immunity,The immune system,"describe the sequence of events that occurs during a primary immune response with reference to the roles of: • macrophages • B-lymphocytes, including plasma cells • T-lymphocytes, limited to T-helper cells and T-killer cells",Biology,Cambridge Assessment International Education,Cambridge International AS & A Level,A Level,Paper 1 Multiple Choice,Paper 1,75,40,15.5
Immunity,The immune system,explain the role of memory cells in the secondary immune response and in long-term immunity,Biology,Cambridge Assessment International Education,Cambridge International AS & A Level,A Level,Paper 1 Multiple Choice,Paper 1,75,40,15.5
Immunity,Antibodies and vaccination,relate the molecular structure of antibodies to their functions,Biology,Cambridge Assessment International Education,Cambridge International AS & A Level,A Level,Paper 1 Multiple Choice,Paper 1,75,40,15.5
Immunity,Antibodies and vaccination,outline the hybridoma method for the production of monoclonal antibodies,Biology,Cambridge Assessment International Education,Cambridge International AS & A Level,A Level,Paper 1 Multiple Choice,Paper 1,75,40,15.5
Immunity,Antibodies and vaccination,outline the principles of using monoclonal antibodies in the diagnosis of disease and in the treatment of disease,Biology,Cambridge Assessment International Education,Cambridge International AS & A Level,A Level,Paper 1 Multiple Choice,Paper 1,75,40,15.5
Immunity,Antibodies and vaccination,describe the differences between active immunity and passive immunity and between natural immunity and artificial immunity,Biology,Cambridge Assessment International Education,Cambridge International AS & A Level,A Level,Paper 1 Multiple Choice,Paper 1,75,40,15.5
Immunity,Antibodies and vaccination,explain that vaccines contain antigens that stimulate immune responses to provide long-term immunity,Biology,Cambridge Assessment International Education,Cambridge International AS & A Level,A Level,Paper 1 Multiple Choice,Paper 1,75,40,15.5
Immunity,Antibodies and vaccination,explain how vaccination programmes can help to control the spread of infectious diseases,Biology,Cambridge Assessment International Education,Cambridge International AS & A Level,A Level,Paper 1 Multiple Choice,Paper 1,75,40,15.5
Assessment objectives,AO1 Knowledge and understanding,"scientific phenomena, facts, laws, definitions, concepts and theories",Biology,Cambridge Assessment International Education,Cambridge International AS & A Level,A Level,Paper 2 AS Level Structured Questions,Paper 2,75,60,23
Assessment objectives,AO1 Knowledge and understanding,"scientific vocabulary, terminology and conventions (including symbols, quantities and units)",Biology,Cambridge Assessment International Education,Cambridge International AS & A Level,A Level,Paper 2 AS Level Structured Questions,Paper 2,75,60,23
Assessment objectives,AO1 Knowledge and understanding,"scientific instruments and apparatus, including techniques of operation and aspects of safety",Biology,Cambridge Assessment International Education,Cambridge International AS & A Level,A Level,Paper 2 AS Level Structured Questions,Paper 2,75,60,23
Assessment objectives,AO1 Knowledge and understanding,scientific quantities and their determination,Biology,Cambridge Assessment International Education,Cambridge International AS & A Level,A Level,Paper 2 AS Level Structured Questions,Paper 2,75,60,23
Assessment objectives,AO1 Knowledge and understanding,"scientific and technological applications with their social, economic and environmental implications.",Biology,Cambridge Assessment International Education,Cambridge International AS & A Level,A Level,Paper 2 AS Level Structured Questions,Paper 2,75,60,23
Assessment objectives,"AO2 Handling, applying and evaluating information","locate, select, organise and present information from a variety of sources",Biology,Cambridge Assessment International Education,Cambridge International AS & A Level,A Level,Paper 2 AS Level Structured Questions,Paper 2,75,60,23
Assessment objectives,"AO2 Handling, applying and evaluating information",translate information from one form to another,Biology,Cambridge Assessment International Education,Cambridge International AS & A Level,A Level,Paper 2 AS Level Structured Questions,Paper 2,75,60,23
Assessment objectives,"AO2 Handling, applying and evaluating information",manipulate numerical and other data,Biology,Cambridge Assessment International Education,Cambridge International AS & A Level,A Level,Paper 2 AS Level Structured Questions,Paper 2,75,60,23
Assessment objectives,"AO2 Handling, applying and evaluating information","use information to identify patterns, report trends and draw conclusions",Biology,Cambridge Assessment International Education,Cambridge International AS & A Level,A Level,Paper 2 AS Level Structured Questions,Paper 2,75,60,23
Assessment objectives,"AO2 Handling, applying and evaluating information","give reasoned explanations for phenomena, patterns and relationships",Biology,Cambridge Assessment International Education,Cambridge International AS & A Level,A Level,Paper 2 AS Level Structured Questions,Paper 2,75,60,23
Assessment objectives,"AO2 Handling, applying and evaluating information",make predictions and construct arguments to support hypotheses,Biology,Cambridge Assessment International Education,Cambridge International AS & A Level,A Level,Paper 2 AS Level Structured Questions,Paper 2,75,60,23
Assessment objectives,"AO2 Handling, applying and evaluating information","apply knowledge, including principles, to new situations",Biology,Cambridge Assessment International Education,Cambridge International AS & A Level,A Level,Paper 2 AS Level Structured Questions,Paper 2,75,60,23
Assessment objectives,"AO2 Handling, applying and evaluating information",evaluate information and hypotheses,Biology,Cambridge Assessment International Education,Cambridge International AS & A Level,A Level,Paper 2 AS Level Structured Questions,Paper 2,75,60,23
Assessment objectives,"AO2 Handling, applying and evaluating information",demonstrate an awareness of the limitations of biological theories and models,Biology,Cambridge Assessment International Education,Cambridge International AS & A Level,A Level,Paper 2 AS Level Structured Questions,Paper 2,75,60,23
Assessment objectives,"AO2 Handling, applying and evaluating information",solve problems.,Biology,Cambridge Assessment International Education,Cambridge International AS & A Level,A Level,Paper 2 AS Level Structured Questions,Paper 2,75,60,23
Cell structure,The microscope in cell studies,make temporary preparations of cellular material suitable for viewing with a light microscope,Biology,Cambridge Assessment International Education,Cambridge International AS & A Level,A Level,Paper 2 AS Level Structured Questions,Paper 2,75,60,23
Cell structure,The microscope in cell studies,draw cells from microscope slides and photomicrographs,Biology,Cambridge Assessment International Education,Cambridge International AS & A Level,A Level,Paper 2 AS Level Structured Questions,Paper 2,75,60,23
Cell structure,The microscope in cell studies,"calculate magnifications of images and actual sizes of specimens from drawings, photomicrographs and electron micrographs (scanning and transmission)",Biology,Cambridge Assessment International Education,Cambridge International AS & A Level,A Level,Paper 2 AS Level Structured Questions,Paper 2,75,60,23
Cell structure,The microscope in cell studies,"use an eyepiece graticule and stage micrometer scale to make measurements and use the appropriate units, millimetre (mm), micrometre (µm) and nanometre (nm)",Biology,Cambridge Assessment International Education,Cambridge International AS & A Level,A Level,Paper 2 AS Level Structured Questions,Paper 2,75,60,23
Cell structure,The microscope in cell studies,"define resolution and magnification and explain the differences between these terms, with reference to light microscopy and electron microscopy",Biology,Cambridge Assessment International Education,Cambridge International AS & A Level,A Level,Paper 2 AS Level Structured Questions,Paper 2,75,60,23
Cell structure,Cells as the basic units of living organisms,"recognise organelles and other cell structures found in eukaryotic cells and outline their structures and functions, limited to: • cell surface membrane • nucleus, nuclear envelope and nucleolus • rough endoplasmic reticulum • smooth endoplasmic reticulum • Golgi body (Golgi apparatus or Golgi complex) • mitochondria (including the presence of small circular DNA) • ribosomes (80S in the cytoplasm and 70S in chloroplasts and mitochondria) • lysosomes • centrioles and microtubules • cilia • microvilli • chloroplasts (including the presence of small circular DNA) • cell wall • plasmodesmata • large permanent vacuole and tonoplast of plant cells",Biology,Cambridge Assessment International Education,Cambridge International AS & A Level,A Level,Paper 2 AS Level Structured Questions,Paper 2,75,60,23
Cell structure,Cells as the basic units of living organisms,"describe and interpret photomicrographs, electron micrographs and drawings of typical plant and animal cells",Biology,Cambridge Assessment International Education,Cambridge International AS & A Level,A Level,Paper 2 AS Level Structured Questions,Paper 2,75,60,23
Cell structure,Cells as the basic units of living organisms,compare the structure of typical plant and animal cells,Biology,Cambridge Assessment International Education,Cambridge International AS & A Level,A Level,Paper 2 AS Level Structured Questions,Paper 2,75,60,23
Cell structure,Cells as the basic units of living organisms,state that cells use ATP from respiration for energy-requiring processes,Biology,Cambridge Assessment International Education,Cambridge International AS & A Level,A Level,Paper 2 AS Level Structured Questions,Paper 2,75,60,23
Cell structure,Cells as the basic units of living organisms,"outline key structural features of a prokaryotic cell as found in a typical bacterium, including: • unicellular • generally 1–5 µm diameter • peptidoglycan cell walls • circular DNA • 70S ribosomes • absence of organelles surrounded by double membranes",Biology,Cambridge Assessment International Education,Cambridge International AS & A Level,A Level,Paper 2 AS Level Structured Questions,Paper 2,75,60,23
Cell structure,Cells as the basic units of living organisms,compare the structure of a prokaryotic cell as found in a typical bacterium with the structures of typical eukaryotic cells in plants and animals,Biology,Cambridge Assessment International Education,Cambridge International AS & A Level,A Level,Paper 2 AS Level Structured Questions,Paper 2,75,60,23
Cell structure,Cells as the basic units of living organisms,"state that all viruses are non-cellular structures with a nucleic acid core (either DNA or RNA) and a capsid made of protein, and that some viruses have an outer envelope made of phospholipids",Biology,Cambridge Assessment International Education,Cambridge International AS & A Level,A Level,Paper 2 AS Level Structured Questions,Paper 2,75,60,23
Biological molecules,Testing for biological molecules,"describe and carry out the Benedict’s test for reducing sugars, the iodine test for starch, the emulsion test for lipids and the biuret test for proteins",Biology,Cambridge Assessment International Education,Cambridge International AS & A Level,A Level,Paper 2 AS Level Structured Questions,Paper 2,75,60,23
Biological molecules,Testing for biological molecules,describe and carry out a semi-quantitative Benedict’s test on a reducing sugar solution by standardising the test and using the results (time to first colour change or comparison to colour standards) to estimate the concentration,Biology,Cambridge Assessment International Education,Cambridge International AS & A Level,A Level,Paper 2 AS Level Structured Questions,Paper 2,75,60,23
Biological molecules,Testing for biological molecules,"describe and carry out a test to identify the presence of non-reducing sugars, using acid hydrolysis and Benedict’s solution",Biology,Cambridge Assessment International Education,Cambridge International AS & A Level,A Level,Paper 2 AS Level Structured Questions,Paper 2,75,60,23
Biological molecules,Carbohydrates and lipids,describe and draw the ring forms of α-glucose and β-glucose,Biology,Cambridge Assessment International Education,Cambridge International AS & A Level,A Level,Paper 2 AS Level Structured Questions,Paper 2,75,60,23
Biological molecules,Carbohydrates and lipids,"define the terms monomer, polymer, macromolecule, monosaccharide, disaccharide and polysaccharide",Biology,Cambridge Assessment International Education,Cambridge International AS & A Level,A Level,Paper 2 AS Level Structured Questions,Paper 2,75,60,23
Biological molecules,Carbohydrates and lipids,state the role of covalent bonds in joining smaller molecules together to form polymers,Biology,Cambridge Assessment International Education,Cambridge International AS & A Level,A Level,Paper 2 AS Level Structured Questions,Paper 2,75,60,23
Biological molecules,Carbohydrates and lipids,"state that glucose, fructose and maltose are reducing sugars and that sucrose is a non-reducing sugar",Biology,Cambridge Assessment International Education,Cambridge International AS & A Level,A Level,Paper 2 AS Level Structured Questions,Paper 2,75,60,23
Biological molecules,Carbohydrates and lipids,"describe the formation of a glycosidic bond by condensation, with reference to disaccharides, including sucrose, and polysaccharides",Biology,Cambridge Assessment International Education,Cambridge International AS & A Level,A Level,Paper 2 AS Level Structured Questions,Paper 2,75,60,23
Biological molecules,Carbohydrates and lipids,"describe the breakage of a glycosidic bond in polysaccharides and disaccharides by hydrolysis, with reference to the non-reducing sugar test",Biology,Cambridge Assessment International Education,Cambridge International AS & A Level,A Level,Paper 2 AS Level Structured Questions,Paper 2,75,60,23
Biological molecules,Carbohydrates and lipids,describe the molecular structure of the polysaccharides starch (amylose and amylopectin) and glycogen and relate their structures to their functions in living organisms,Biology,Cambridge Assessment International Education,Cambridge International AS & A Level,A Level,Paper 2 AS Level Structured Questions,Paper 2,75,60,23
Biological molecules,Carbohydrates and lipids,describe the molecular structure of the polysaccharide cellulose and outline how the arrangement of cellulose molecules contributes to the function of plant cell walls,Biology,Cambridge Assessment International Education,Cambridge International AS & A Level,A Level,Paper 2 AS Level Structured Questions,Paper 2,75,60,23
Biological molecules,Carbohydrates and lipids,"state that triglycerides are non-polar hydrophobic molecules and describe the molecular structure of triglycerides with reference to fatty acids (saturated and unsaturated), glycerol and the formation of ester bonds",Biology,Cambridge Assessment International Education,Cambridge International AS & A Level,A Level,Paper 2 AS Level Structured Questions,Paper 2,75,60,23
Biological molecules,Carbohydrates and lipids,relate the molecular structure of triglycerides to their functions in living organisms,Biology,Cambridge Assessment International Education,Cambridge International AS & A Level,A Level,Paper 2 AS Level Structured Questions,Paper 2,75,60,23
Biological molecules,Carbohydrates and lipids,describe the molecular structure of phospholipids with reference to their hydrophilic (polar) phosphate heads and hydrophobic (non-polar) fatty acid tails,Biology,Cambridge Assessment International Education,Cambridge International AS & A Level,A Level,Paper 2 AS Level Structured Questions,Paper 2,75,60,23
Biological molecules,Proteins,describe and draw the general structure of an amino acid and the formation and breakage of a peptide bond,Biology,Cambridge Assessment International Education,Cambridge International AS & A Level,A Level,Paper 2 AS Level Structured Questions,Paper 2,75,60,23
Biological molecules,Proteins,"explain the meaning of the terms primary structure, secondary structure, tertiary structure and quaternary structure of proteins",Biology,Cambridge Assessment International Education,Cambridge International AS & A Level,A Level,Paper 2 AS Level Structured Questions,Paper 2,75,60,23
Biological molecules,Proteins,"describe the types of interaction that hold protein molecules in shape: • hydrophobic interactions • hydrogen bonding • ionic bonding • covalent bonding, including disulfide bonds",Biology,Cambridge Assessment International Education,Cambridge International AS & A Level,A Level,Paper 2 AS Level Structured Questions,Paper 2,75,60,23
Biological molecules,Proteins,state that globular proteins are generally soluble and have physiological roles and fibrous proteins are generally insoluble and have structural roles,Biology,Cambridge Assessment International Education,Cambridge International AS & A Level,A Level,Paper 2 AS Level Structured Questions,Paper 2,75,60,23
Biological molecules,Proteins,"describe the structure of a molecule of haemoglobin as an example of a globular protein, including the formation of its quaternary structure from two alpha (α) chains (α–globin), two beta (β) chains (β–globin) and a haem group",Biology,Cambridge Assessment International Education,Cambridge International AS & A Level,A Level,Paper 2 AS Level Structured Questions,Paper 2,75,60,23
Biological molecules,Proteins,"relate the structure of haemoglobin to its function, including the importance of iron in the haem group",Biology,Cambridge Assessment International Education,Cambridge International AS & A Level,A Level,Paper 2 AS Level Structured Questions,Paper 2,75,60,23
Biological molecules,Proteins,"describe the structure of a molecule of collagen as an example of a fibrous protein, and the arrangement of collagen molecules to form collagen fibres",Biology,Cambridge Assessment International Education,Cambridge International AS & A Level,A Level,Paper 2 AS Level Structured Questions,Paper 2,75,60,23
Biological molecules,Proteins,relate the structures of collagen molecules and collagen fibres to their function,Biology,Cambridge Assessment International Education,Cambridge International AS & A Level,A Level,Paper 2 AS Level Structured Questions,Paper 2,75,60,23
Biological molecules,Water,"explain how hydrogen bonding occurs between water molecules and relate the properties of water to its roles in living organisms, limited to solvent action, high specific heat capacity and latent heat of vaporisation",Biology,Cambridge Assessment International Education,Cambridge International AS & A Level,A Level,Paper 2 AS Level Structured Questions,Paper 2,75,60,23
Enzymes,Mode of action of enzymes,state that enzymes are globular proteins that catalyse reactions inside cells (intracellular enzymes) or are secreted to catalyse reactions outside cells (extracellular enzymes),Biology,Cambridge Assessment International Education,Cambridge International AS & A Level,A Level,Paper 2 AS Level Structured Questions,Paper 2,75,60,23
Enzymes,Mode of action of enzymes,"explain the mode of action of enzymes in terms of an active site, enzyme–substrate complex, lowering of activation energy and enzyme specificity, including the lock-and-key hypothesis and the induced-fit hypothesis",Biology,Cambridge Assessment International Education,Cambridge International AS & A Level,A Level,Paper 2 AS Level Structured Questions,Paper 2,75,60,23
Enzymes,Mode of action of enzymes,investigate the progress of enzyme-catalysed reactions by measuring rates of formation of products using catalase and rates of disappearance of substrate using amylase,Biology,Cambridge Assessment International Education,Cambridge International AS & A Level,A Level,Paper 2 AS Level Structured Questions,Paper 2,75,60,23
Enzymes,Mode of action of enzymes,outline the use of a colorimeter for measuring the progress of enzyme-catalysed reactions that involve colour changes,Biology,Cambridge Assessment International Education,Cambridge International AS & A Level,A Level,Paper 2 AS Level Structured Questions,Paper 2,75,60,23
Enzymes,Factors that affect enzyme action,investigate and explain the effects of the following factors on the rate of enzyme-catalysed reactions: • temperature • pH (using buffer solutions) • enzyme concentration • substrate concentration • inhibitor concentration,Biology,Cambridge Assessment International Education,Cambridge International AS & A Level,A Level,Paper 2 AS Level Structured Questions,Paper 2,75,60,23
Enzymes,Factors that affect enzyme action,"explain that the maximum rate of reaction (Vmax) is used to derive the Michaelis–Menten constant (Km), which is used to compare the affinity of different enzymes for their substrates",Biology,Cambridge Assessment International Education,Cambridge International AS & A Level,A Level,Paper 2 AS Level Structured Questions,Paper 2,75,60,23
Enzymes,Factors that affect enzyme action,"explain the effects of reversible inhibitors, both competitive and non-competitive, on enzyme activity",Biology,Cambridge Assessment International Education,Cambridge International AS & A Level,A Level,Paper 2 AS Level Structured Questions,Paper 2,75,60,23
Enzymes,Factors that affect enzyme action,"investigate the difference in activity between an enzyme immobilised in alginate and the same enzyme free in solution, and state the advantages of using immobilised enzymes",Biology,Cambridge Assessment International Education,Cambridge International AS & A Level,A Level,Paper 2 AS Level Structured Questions,Paper 2,75,60,23
Cell membranes and transport,Fluid mosaic membranes,describe the fluid mosaic model of membrane structure with reference to the hydrophobic and hydrophilic interactions that account for the formation of the phospholipid bilayer and the arrangement of proteins,Biology,Cambridge Assessment International Education,Cambridge International AS & A Level,A Level,Paper 2 AS Level Structured Questions,Paper 2,75,60,23
Cell membranes and transport,Fluid mosaic membranes,"describe the arrangement of cholesterol, glycolipids and glycoproteins in cell surface membranes",Biology,Cambridge Assessment International Education,Cambridge International AS & A Level,A Level,Paper 2 AS Level Structured Questions,Paper 2,75,60,23
Cell membranes and transport,Fluid mosaic membranes,"describe the roles of phospholipids, cholesterol, glycolipids, proteins and glycoproteins in cell surface membranes, with reference to stability, fluidity, permeability, transport (carrier proteins and channel proteins), cell signalling (cell surface receptors) and cell recognition (cell surface antigens – see 11.1.2)",Biology,Cambridge Assessment International Education,Cambridge International AS & A Level,A Level,Paper 2 AS Level Structured Questions,Paper 2,75,60,23
Cell membranes and transport,Fluid mosaic membranes,outline the main stages in the process of cell signalling leading to specific responses: • secretion of specific chemicals (ligands) from cells • transport of ligands to target cells • binding of ligands to cell surface receptors on target cells,Biology,Cambridge Assessment International Education,Cambridge International AS & A Level,A Level,Paper 2 AS Level Structured Questions,Paper 2,75,60,23
Cell membranes and transport,Movement into and out of cells,"describe and explain the processes of simple diffusion, facilitated diffusion, osmosis, active transport, endocytosis and exocytosis",Biology,Cambridge Assessment International Education,Cambridge International AS & A Level,A Level,Paper 2 AS Level Structured Questions,Paper 2,75,60,23
Cell membranes and transport,Movement into and out of cells,"investigate simple diffusion and osmosis using plant tissue and non-living materials, including dialysis (Visking) tubing and agar",Biology,Cambridge Assessment International Education,Cambridge International AS & A Level,A Level,Paper 2 AS Level Structured Questions,Paper 2,75,60,23
Cell membranes and transport,Movement into and out of cells,illustrate the principle that surface area to volume ratios decrease with increasing size by calculating surface areas and volumes of simple 3-D shapes (as shown in the Mathematical requirements),Biology,Cambridge Assessment International Education,Cambridge International AS & A Level,A Level,Paper 2 AS Level Structured Questions,Paper 2,75,60,23
Cell membranes and transport,Movement into and out of cells,investigate the effect of changing surface area to volume ratio on diffusion using agar blocks of different sizes,Biology,Cambridge Assessment International Education,Cambridge International AS & A Level,A Level,Paper 2 AS Level Structured Questions,Paper 2,75,60,23
Cell membranes and transport,Movement into and out of cells,"investigate the effects of immersing plant tissues in solutions of different water potentials, using the results to estimate the water potential of the tissues",Biology,Cambridge Assessment International Education,Cambridge International AS & A Level,A Level,Paper 2 AS Level Structured Questions,Paper 2,75,60,23
Cell membranes and transport,Movement into and out of cells,explain the movement of water between cells and solutions in terms of water potential and explain the different effects of the movement of water on plant cells and animal cells (knowledge of solute potential and pressure potential is not expected),Biology,Cambridge Assessment International Education,Cambridge International AS & A Level,A Level,Paper 2 AS Level Structured Questions,Paper 2,75,60,23
The mitotic cell cycle,Replication and division of nuclei and cells,"describe the structure of a chromosome, limited to: • DNA • histone proteins • sister chromatids • centromere • telomeres",Biology,Cambridge Assessment International Education,Cambridge International AS & A Level,A Level,Paper 2 AS Level Structured Questions,Paper 2,75,60,23
The mitotic cell cycle,Replication and division of nuclei and cells,explain the importance of mitosis in the production of genetically identical daughter cells during: • growth of multicellular organisms • replacement of damaged or dead cells • repair of tissues by cell replacement • asexual reproduction,Biology,Cambridge Assessment International Education,Cambridge International AS & A Level,A Level,Paper 2 AS Level Structured Questions,Paper 2,75,60,23
The mitotic cell cycle,Replication and division of nuclei and cells,"outline the mitotic cell cycle, including: • interphase (growth in G1 and G2 phases and DNA replication in S phase) • mitosis • cytokinesis",Biology,Cambridge Assessment International Education,Cambridge International AS & A Level,A Level,Paper 2 AS Level Structured Questions,Paper 2,75,60,23
The mitotic cell cycle,Replication and division of nuclei and cells,outline the role of telomeres in preventing the loss of genes from the ends of chromosomes during DNA replication,Biology,Cambridge Assessment International Education,Cambridge International AS & A Level,A Level,Paper 2 AS Level Structured Questions,Paper 2,75,60,23
The mitotic cell cycle,Replication and division of nuclei and cells,outline the role of stem cells in cell replacement and tissue repair by mitosis,Biology,Cambridge Assessment International Education,Cambridge International AS & A Level,A Level,Paper 2 AS Level Structured Questions,Paper 2,75,60,23
The mitotic cell cycle,Replication and division of nuclei and cells,explain how uncontrolled cell division can result in the formation of a tumour,Biology,Cambridge Assessment International Education,Cambridge International AS & A Level,A Level,Paper 2 AS Level Structured Questions,Paper 2,75,60,23
The mitotic cell cycle,Chromosome behaviour in mitosis,"describe the behaviour of chromosomes in plant and animal cells during the mitotic cell cycle and the associated behaviour of the nuclear envelope, the cell surface membrane and the spindle (names of the main stages of mitosis are expected: prophase, metaphase, anaphase and telophase)",Biology,Cambridge Assessment International Education,Cambridge International AS & A Level,A Level,Paper 2 AS Level Structured Questions,Paper 2,75,60,23
The mitotic cell cycle,Chromosome behaviour in mitosis,"interpret photomicrographs, diagrams and microscope slides of cells in different stages of the mitotic cell cycle and identify the main stages of mitosis",Biology,Cambridge Assessment International Education,Cambridge International AS & A Level,A Level,Paper 2 AS Level Structured Questions,Paper 2,75,60,23
Nucleic acids and protein synthesis,Structure of nucleic acids and replication of DNA,"describe the structure of nucleotides, including the phosphorylated nucleotide ATP (structural formulae are not expected)",Biology,Cambridge Assessment International Education,Cambridge International AS & A Level,A Level,Paper 2 AS Level Structured Questions,Paper 2,75,60,23
Nucleic acids and protein synthesis,Structure of nucleic acids and replication of DNA,"state that the bases adenine and guanine are purines with a double ring structure, and that the bases cytosine, thymine and uracil are pyrimidines with a single ring structure (structural formulae for bases are not expected)",Biology,Cambridge Assessment International Education,Cambridge International AS & A Level,A Level,Paper 2 AS Level Structured Questions,Paper 2,75,60,23
Nucleic acids and protein synthesis,Structure of nucleic acids and replication of DNA,"describe the structure of a DNA molecule as a double helix, including: • the importance of complementary base pairing between the 5′ to 3′ strand and the 3′ to 5′ strand (antiparallel strands) • differences in hydrogen bonding between C–G and A–T base pairs • linking of nucleotides by phosphodiester bonds",Biology,Cambridge Assessment International Education,Cambridge International AS & A Level,A Level,Paper 2 AS Level Structured Questions,Paper 2,75,60,23
Nucleic acids and protein synthesis,Structure of nucleic acids and replication of DNA,"describe the semi-conservative replication of DNA during the S phase of the cell cycle, including: • the roles of DNA polymerase and DNA ligase (knowledge of other enzymes in DNA replication in cells and different types of DNA polymerase is not expected) • the differences between leading strand and lagging strand replication as a consequence of DNA polymerase adding nucleotides only in a 5′ to 3′ direction",Biology,Cambridge Assessment International Education,Cambridge International AS & A Level,A Level,Paper 2 AS Level Structured Questions,Paper 2,75,60,23
Nucleic acids and protein synthesis,Structure of nucleic acids and replication of DNA,"describe the structure of an RNA molecule, using the example of messenger RNA (mRNA)",Biology,Cambridge Assessment International Education,Cambridge International AS & A Level,A Level,Paper 2 AS Level Structured Questions,Paper 2,75,60,23
Nucleic acids and protein synthesis,Protein synthesis,state that a polypeptide is coded for by a gene and that a gene is a sequence of nucleotides that forms part of a DNA molecule,Biology,Cambridge Assessment International Education,Cambridge International AS & A Level,A Level,Paper 2 AS Level Structured Questions,Paper 2,75,60,23
Nucleic acids and protein synthesis,Protein synthesis,describe the principle of the universal genetic code in which different triplets of DNA bases either code for specific amino acids or correspond to start and stop codons,Biology,Cambridge Assessment International Education,Cambridge International AS & A Level,A Level,Paper 2 AS Level Structured Questions,Paper 2,75,60,23
Nucleic acids and protein synthesis,Protein synthesis,"describe how the information in DNA is used during transcription and translation to construct polypeptides, including the roles of: • RNA polymerase • messenger RNA (mRNA) • codons • transfer RNA (tRNA) • anticodons • ribosomes",Biology,Cambridge Assessment International Education,Cambridge International AS & A Level,A Level,Paper 2 AS Level Structured Questions,Paper 2,75,60,23
Nucleic acids and protein synthesis,Protein synthesis,state that the strand of a DNA molecule that is used in transcription is called the transcribed or template strand and that the other strand is called the non-transcribed strand,Biology,Cambridge Assessment International Education,Cambridge International AS & A Level,A Level,Paper 2 AS Level Structured Questions,Paper 2,75,60,23
Nucleic acids and protein synthesis,Protein synthesis,"explain that, in eukaryotes, the RNA molecule formed following transcription (primary transcript) is modified by the removal of non-coding sequences (introns) and the joining together of coding sequences (exons) to form mRNA",Biology,Cambridge Assessment International Education,Cambridge International AS & A Level,A Level,Paper 2 AS Level Structured Questions,Paper 2,75,60,23
Nucleic acids and protein synthesis,Protein synthesis,state that a gene mutation is a change in the sequence of base pairs in a DNA molecule that may result in an altered polypeptide,Biology,Cambridge Assessment International Education,Cambridge International AS & A Level,A Level,Paper 2 AS Level Structured Questions,Paper 2,75,60,23
Nucleic acids and protein synthesis,Protein synthesis,explain that a gene mutation is a result of substitution or deletion or insertion of nucleotides in DNA and outline how each of these types of mutation may affect the polypeptide produced,Biology,Cambridge Assessment International Education,Cambridge International AS & A Level,A Level,Paper 2 AS Level Structured Questions,Paper 2,75,60,23
Transport in plants,Structure of transport tissues,"draw plan diagrams of transverse sections of stems, roots and leaves of herbaceous dicotyledonous plants from microscope slides and photomicrographs",Biology,Cambridge Assessment International Education,Cambridge International AS & A Level,A Level,Paper 2 AS Level Structured Questions,Paper 2,75,60,23
Transport in plants,Structure of transport tissues,"describe the distribution of xylem and phloem in transverse sections of stems, roots and leaves of herbaceous dicotyledonous plants",Biology,Cambridge Assessment International Education,Cambridge International AS & A Level,A Level,Paper 2 AS Level Structured Questions,Paper 2,75,60,23
Transport in plants,Structure of transport tissues,"draw and label xylem vessel elements, phloem sieve tube elements and companion cells from microscope slides, photomicrographs and electron micrographs",Biology,Cambridge Assessment International Education,Cambridge International AS & A Level,A Level,Paper 2 AS Level Structured Questions,Paper 2,75,60,23
Transport in plants,Structure of transport tissues,"relate the structure of xylem vessel elements, phloem sieve tube elements and companion cells to their functions",Biology,Cambridge Assessment International Education,Cambridge International AS & A Level,A Level,Paper 2 AS Level Structured Questions,Paper 2,75,60,23
Transport in plants,Transport mechanisms,state that some mineral ions and organic compounds can be transported within plants dissolved in water,Biology,Cambridge Assessment International Education,Cambridge International AS & A Level,A Level,Paper 2 AS Level Structured Questions,Paper 2,75,60,23
Transport in plants,Transport mechanisms,"describe the transport of water from the soil to the xylem through the: • apoplast pathway, including reference to lignin and cellulose • symplast pathway, including reference to the endodermis, Casparian strip and suberin",Biology,Cambridge Assessment International Education,Cambridge International AS & A Level,A Level,Paper 2 AS Level Structured Questions,Paper 2,75,60,23
Transport in plants,Transport mechanisms,explain that transpiration involves the evaporation of water from the internal surfaces of leaves followed by diffusion of water vapour to the atmosphere,Biology,Cambridge Assessment International Education,Cambridge International AS & A Level,A Level,Paper 2 AS Level Structured Questions,Paper 2,75,60,23
Transport in plants,Transport mechanisms,explain how hydrogen bonding of water molecules is involved with movement of water in the xylem by cohesion-tension in transpiration pull and by adhesion to cellulose in cell walls,Biology,Cambridge Assessment International Education,Cambridge International AS & A Level,A Level,Paper 2 AS Level Structured Questions,Paper 2,75,60,23
Transport in plants,Transport mechanisms,make annotated drawings of transverse sections of leaves from xerophytic plants to explain how they are adapted to reduce water loss by transpiration,Biology,Cambridge Assessment International Education,Cambridge International AS & A Level,A Level,Paper 2 AS Level Structured Questions,Paper 2,75,60,23
Transport in plants,Transport mechanisms,"state that assimilates dissolved in water, such as sucrose and amino acids, move from sources to sinks in phloem sieve tubes",Biology,Cambridge Assessment International Education,Cambridge International AS & A Level,A Level,Paper 2 AS Level Structured Questions,Paper 2,75,60,23
Transport in plants,Transport mechanisms,"explain how companion cells transfer assimilates to phloem sieve tubes, with reference to proton pumps and cotransporter proteins",Biology,Cambridge Assessment International Education,Cambridge International AS & A Level,A Level,Paper 2 AS Level Structured Questions,Paper 2,75,60,23
Transport in plants,Transport mechanisms,explain mass flow in phloem sieve tubes down a hydrostatic pressure gradient from source to sink,Biology,Cambridge Assessment International Education,Cambridge International AS & A Level,A Level,Paper 2 AS Level Structured Questions,Paper 2,75,60,23
Transport in mammals,The circulatory system,"state that the mammalian circulatory system is a closed double circulation consisting of a heart, blood and blood vessels including arteries, arterioles, capillaries, venules and veins",Biology,Cambridge Assessment International Education,Cambridge International AS & A Level,A Level,Paper 2 AS Level Structured Questions,Paper 2,75,60,23
Transport in mammals,The circulatory system,"describe the functions of the main blood vessels of the pulmonary and systemic circulations, limited to pulmonary artery, pulmonary vein, aorta and vena cava",Biology,Cambridge Assessment International Education,Cambridge International AS & A Level,A Level,Paper 2 AS Level Structured Questions,Paper 2,75,60,23
Transport in mammals,The circulatory system,"recognise arteries, veins and capillaries from microscope slides, photomicrographs and electron micrographs and make plan diagrams showing the structure of arteries and veins in transverse section (TS) and longitudinal section (LS)",Biology,Cambridge Assessment International Education,Cambridge International AS & A Level,A Level,Paper 2 AS Level Structured Questions,Paper 2,75,60,23
Transport in mammals,The circulatory system,"explain how the structure of muscular arteries, elastic arteries, veins and capillaries are each related to their functions",Biology,Cambridge Assessment International Education,Cambridge International AS & A Level,A Level,Paper 2 AS Level Structured Questions,Paper 2,75,60,23
Transport in mammals,The circulatory system,"recognise and draw red blood cells, monocytes, neutrophils and lymphocytes from microscope slides, photomicrographs and electron micrographs",Biology,Cambridge Assessment International Education,Cambridge International AS & A Level,A Level,Paper 2 AS Level Structured Questions,Paper 2,75,60,23
Transport in mammals,The circulatory system,"state that water is the main component of blood and tissue fluid and relate the properties of water to its role in transport in mammals, limited to solvent action and high specific heat capacity",Biology,Cambridge Assessment International Education,Cambridge International AS & A Level,A Level,Paper 2 AS Level Structured Questions,Paper 2,75,60,23
Transport in mammals,The circulatory system,state the functions of tissue fluid and describe the formation of tissue fluid in a capillary network,Biology,Cambridge Assessment International Education,Cambridge International AS & A Level,A Level,Paper 2 AS Level Structured Questions,Paper 2,75,60,23
Transport in mammals,Transport of oxygen and carbon dioxide,describe the role of red blood cells in transporting oxygen and carbon dioxide with reference to the roles of: • haemoglobin • carbonic anhydrase • the formation of haemoglobinic acid • the formation of carbaminohaemoglobin,Biology,Cambridge Assessment International Education,Cambridge International AS & A Level,A Level,Paper 2 AS Level Structured Questions,Paper 2,75,60,23
Transport in mammals,Transport of oxygen and carbon dioxide,describe the chloride shift and explain the importance of the chloride shift,Biology,Cambridge Assessment International Education,Cambridge International AS & A Level,A Level,Paper 2 AS Level Structured Questions,Paper 2,75,60,23
Transport in mammals,Transport of oxygen and carbon dioxide,describe the role of plasma in the transport of carbon dioxide,Biology,Cambridge Assessment International Education,Cambridge International AS & A Level,A Level,Paper 2 AS Level Structured Questions,Paper 2,75,60,23
Transport in mammals,Transport of oxygen and carbon dioxide,describe and explain the oxygen dissociation curve of adult haemoglobin,Biology,Cambridge Assessment International Education,Cambridge International AS & A Level,A Level,Paper 2 AS Level Structured Questions,Paper 2,75,60,23
Transport in mammals,Transport of oxygen and carbon dioxide,explain the importance of the oxygen dissociation curve at partial pressures of oxygen in the lungs and in respiring tissues,Biology,Cambridge Assessment International Education,Cambridge International AS & A Level,A Level,Paper 2 AS Level Structured Questions,Paper 2,75,60,23
Transport in mammals,Transport of oxygen and carbon dioxide,describe the Bohr shift and explain the importance of the Bohr shift,Biology,Cambridge Assessment International Education,Cambridge International AS & A Level,A Level,Paper 2 AS Level Structured Questions,Paper 2,75,60,23
Transport in mammals,The heart,describe the external and internal structure of the mammalian heart,Biology,Cambridge Assessment International Education,Cambridge International AS & A Level,A Level,Paper 2 AS Level Structured Questions,Paper 2,75,60,23
Transport in mammals,The heart,explain the differences in the thickness of the walls of the: • atria and ventricles • left ventricle and right ventricle,Biology,Cambridge Assessment International Education,Cambridge International AS & A Level,A Level,Paper 2 AS Level Structured Questions,Paper 2,75,60,23
Transport in mammals,The heart,"describe the cardiac cycle, with reference to the relationship between blood pressure changes during systole and diastole and the opening and closing of valves",Biology,Cambridge Assessment International Education,Cambridge International AS & A Level,A Level,Paper 2 AS Level Structured Questions,Paper 2,75,60,23
Transport in mammals,The heart,"explain the roles of the sinoatrial node, the atrioventricular node and the Purkyne tissue in the cardiac cycle (knowledge of nervous and hormonal control is not expected)",Biology,Cambridge Assessment International Education,Cambridge International AS & A Level,A Level,Paper 2 AS Level Structured Questions,Paper 2,75,60,23
Gas exchange,The gas exchange system,"describe the structure of the human gas exchange system, limited to: • lungs • trachea • bronchi • bronchioles • alveoli • capillary network",Biology,Cambridge Assessment International Education,Cambridge International AS & A Level,A Level,Paper 2 AS Level Structured Questions,Paper 2,75,60,23
Gas exchange,The gas exchange system,"describe the distribution in the gas exchange system of cartilage, ciliated epithelium, goblet cells, squamous epithelium of alveoli, smooth muscle and capillaries",Biology,Cambridge Assessment International Education,Cambridge International AS & A Level,A Level,Paper 2 AS Level Structured Questions,Paper 2,75,60,23
Gas exchange,The gas exchange system,"recognise cartilage, ciliated epithelium, goblet cells, squamous epithelium of alveoli, smooth muscle and capillaries in microscope slides, photomicrographs and electron micrographs",Biology,Cambridge Assessment International Education,Cambridge International AS & A Level,A Level,Paper 2 AS Level Structured Questions,Paper 2,75,60,23
Gas exchange,The gas exchange system,"recognise trachea, bronchi, bronchioles and alveoli in microscope slides, photomicrographs and electron micrographs and make plan diagrams of transverse sections of the walls of the trachea and bronchus",Biology,Cambridge Assessment International Education,Cambridge International AS & A Level,A Level,Paper 2 AS Level Structured Questions,Paper 2,75,60,23
Gas exchange,The gas exchange system,"describe the functions of ciliated epithelial cells, goblet cells and mucous glands in maintaining the health of the gas exchange system",Biology,Cambridge Assessment International Education,Cambridge International AS & A Level,A Level,Paper 2 AS Level Structured Questions,Paper 2,75,60,23
Gas exchange,The gas exchange system,"describe the functions in the gas exchange system of cartilage, smooth muscle, elastic fibres and squamous epithelium",Biology,Cambridge Assessment International Education,Cambridge International AS & A Level,A Level,Paper 2 AS Level Structured Questions,Paper 2,75,60,23
Gas exchange,The gas exchange system,describe gas exchange between air in the alveoli and blood in the capillaries,Biology,Cambridge Assessment International Education,Cambridge International AS & A Level,A Level,Paper 2 AS Level Structured Questions,Paper 2,75,60,23
Infectious diseases,Infectious diseases,state that infectious diseases are caused by pathogens and are transmissible,Biology,Cambridge Assessment International Education,Cambridge International AS & A Level,A Level,Paper 2 AS Level Structured Questions,Paper 2,75,60,23
Infectious diseases,Infectious diseases,"state the name and type of pathogen that causes each of the following diseases: • cholera – caused by the bacterium Vibrio cholerae • malaria – caused by the protoctists Plasmodium falciparum, Plasmodium malariae, Plasmodium ovale and Plasmodium vivax • tuberculosis (TB) – caused by the bacteria Mycobacterium tuberculosis and Mycobacterium bovis • HIV/AIDS – caused by the human immunodeficiency virus (HIV)",Biology,Cambridge Assessment International Education,Cambridge International AS & A Level,A Level,Paper 2 AS Level Structured Questions,Paper 2,75,60,23
Infectious diseases,Infectious diseases,"explain how cholera, malaria, TB and HIV are transmitted",Biology,Cambridge Assessment International Education,Cambridge International AS & A Level,A Level,Paper 2 AS Level Structured Questions,Paper 2,75,60,23
Infectious diseases,Infectious diseases,"discuss the biological, social and economic factors that need to be considered in the prevention and control of cholera, malaria, TB and HIV (details of the life cycle of the malarial parasite are not expected)",Biology,Cambridge Assessment International Education,Cambridge International AS & A Level,A Level,Paper 2 AS Level Structured Questions,Paper 2,75,60,23
Infectious diseases,Antibiotics,outline how penicillin acts on bacteria and why antibiotics do not affect viruses,Biology,Cambridge Assessment International Education,Cambridge International AS & A Level,A Level,Paper 2 AS Level Structured Questions,Paper 2,75,60,23
Infectious diseases,Antibiotics,discuss the consequences of antibiotic resistance and the steps that can be taken to reduce its impact,Biology,Cambridge Assessment International Education,Cambridge International AS & A Level,A Level,Paper 2 AS Level Structured Questions,Paper 2,75,60,23
Immunity,The immune system,describe the mode of action of phagocytes (macrophages and neutrophils),Biology,Cambridge Assessment International Education,Cambridge International AS & A Level,A Level,Paper 2 AS Level Structured Questions,Paper 2,75,60,23
Immunity,The immune system,explain what is meant by an antigen (see 4.1.3) and state the difference between self antigens and non-self antigens,Biology,Cambridge Assessment International Education,Cambridge International AS & A Level,A Level,Paper 2 AS Level Structured Questions,Paper 2,75,60,23
Immunity,The immune system,"describe the sequence of events that occurs during a primary immune response with reference to the roles of: • macrophages • B-lymphocytes, including plasma cells • T-lymphocytes, limited to T-helper cells and T-killer cells",Biology,Cambridge Assessment International Education,Cambridge International AS & A Level,A Level,Paper 2 AS Level Structured Questions,Paper 2,75,60,23
Immunity,The immune system,explain the role of memory cells in the secondary immune response and in long-term immunity,Biology,Cambridge Assessment International Education,Cambridge International AS & A Level,A Level,Paper 2 AS Level Structured Questions,Paper 2,75,60,23
Immunity,Antibodies and vaccination,relate the molecular structure of antibodies to their functions,Biology,Cambridge Assessment International Education,Cambridge International AS & A Level,A Level,Paper 2 AS Level Structured Questions,Paper 2,75,60,23
Immunity,Antibodies and vaccination,outline the hybridoma method for the production of monoclonal antibodies,Biology,Cambridge Assessment International Education,Cambridge International AS & A Level,A Level,Paper 2 AS Level Structured Questions,Paper 2,75,60,23
Immunity,Antibodies and vaccination,outline the principles of using monoclonal antibodies in the diagnosis of disease and in the treatment of disease,Biology,Cambridge Assessment International Education,Cambridge International AS & A Level,A Level,Paper 2 AS Level Structured Questions,Paper 2,75,60,23
Immunity,Antibodies and vaccination,describe the differences between active immunity and passive immunity and between natural immunity and artificial immunity,Biology,Cambridge Assessment International Education,Cambridge International AS & A Level,A Level,Paper 2 AS Level Structured Questions,Paper 2,75,60,23
Immunity,Antibodies and vaccination,explain that vaccines contain antigens that stimulate immune responses to provide long-term immunity,Biology,Cambridge Assessment International Education,Cambridge International AS & A Level,A Level,Paper 2 AS Level Structured Questions,Paper 2,75,60,23
Immunity,Antibodies and vaccination,explain how vaccination programmes can help to control the spread of infectious diseases,Biology,Cambridge Assessment International Education,Cambridge International AS & A Level,A Level,Paper 2 AS Level Structured Questions,Paper 2,75,60,23
Assessment objectives,AO3 Experimental skills and investigations,plan experiments and investigations,Biology,Cambridge Assessment International Education,Cambridge International AS & A Level,A Level,Paper 3 Advanced Practical Skills,Paper 3,120,40,11.5
Assessment objectives,AO3 Experimental skills and investigations,"collect, record and present observations, measurements and estimates",Biology,Cambridge Assessment International Education,Cambridge International AS & A Level,A Level,Paper 3 Advanced Practical Skills,Paper 3,120,40,11.5
Assessment objectives,AO3 Experimental skills and investigations,analyse and interpret experimental data to reach conclusions,Biology,Cambridge Assessment International Education,Cambridge International AS & A Level,A Level,Paper 3 Advanced Practical Skills,Paper 3,120,40,11.5
Assessment objectives,AO3 Experimental skills and investigations,evaluate methods and quality of experimental data and suggest possible improvements to experiments.,Biology,Cambridge Assessment International Education,Cambridge International AS & A Level,A Level,Paper 3 Advanced Practical Skills,Paper 3,120,40,11.5
Practical assessment,Decisions relating to measurements and observations,Within an investigation: identify the independent variable and dependent variable,Biology,Cambridge Assessment International Education,Cambridge International AS & A Level,A Level,Paper 3 Advanced Practical Skills,Paper 3,120,40,11.5
Practical assessment,Decisions relating to measurements and observations,Within an investigation: decide a suitable range of values to use for the independent variable at which measurements of the dependent variable are recorded,Biology,Cambridge Assessment International Education,Cambridge International AS & A Level,A Level,Paper 3 Advanced Practical Skills,Paper 3,120,40,11.5
Practical assessment,Decisions relating to measurements and observations,Within an investigation: decide the number of different values of the independent variable (a minimum of five) and the intervals between them,Biology,Cambridge Assessment International Education,Cambridge International AS & A Level,A Level,Paper 3 Advanced Practical Skills,Paper 3,120,40,11.5
Practical assessment,Decisions relating to measurements and observations,Within an investigation: decide how to change the value of the independent variable,Biology,Cambridge Assessment International Education,Cambridge International AS & A Level,A Level,Paper 3 Advanced Practical Skills,Paper 3,120,40,11.5
Practical assessment,Decisions relating to measurements and observations,Within an investigation: decide how the dependent variable should be measured,Biology,Cambridge Assessment International Education,Cambridge International AS & A Level,A Level,Paper 3 Advanced Practical Skills,Paper 3,120,40,11.5
Practical assessment,Decisions relating to measurements and observations,Within an investigation: decide the number of replicates at each value,Biology,Cambridge Assessment International Education,Cambridge International AS & A Level,A Level,Paper 3 Advanced Practical Skills,Paper 3,120,40,11.5
Practical assessment,Decisions relating to measurements and observations,Within an investigation: decide on appropriate controls for the experiment or investigation,Biology,Cambridge Assessment International Education,Cambridge International AS & A Level,A Level,Paper 3 Advanced Practical Skills,Paper 3,120,40,11.5
Practical assessment,Decisions relating to measurements and observations,"Within an investigation: decide which variables need to be standardised and how to standardise them. (Variables expected to have a minimal effect, such as variation between test-tubes of the same type, do not need to be standardised.)",Biology,Cambridge Assessment International Education,Cambridge International AS & A Level,A Level,Paper 3 Advanced Practical Skills,Paper 3,120,40,11.5
Practical assessment,Decisions relating to measurements and observations,When using the light microscope and photomicrographs: set up a light microscope to view and observe specimens,Biology,Cambridge Assessment International Education,Cambridge International AS & A Level,A Level,Paper 3 Advanced Practical Skills,Paper 3,120,40,11.5
Practical assessment,Decisions relating to measurements and observations,When using the light microscope and photomicrographs: follow instructions to find and draw particular tissues in plant and animal specimens and label the drawings appropriately,Biology,Cambridge Assessment International Education,Cambridge International AS & A Level,A Level,Paper 3 Advanced Practical Skills,Paper 3,120,40,11.5
Practical assessment,Decisions relating to measurements and observations,When using the light microscope and photomicrographs: follow instructions to find and draw particular cells and structures within the cells,Biology,Cambridge Assessment International Education,Cambridge International AS & A Level,A Level,Paper 3 Advanced Practical Skills,Paper 3,120,40,11.5
Practical assessment,Decisions relating to measurements and observations,When using the light microscope and photomicrographs: make a temporary slide of stained cells or tissues,Biology,Cambridge Assessment International Education,Cambridge International AS & A Level,A Level,Paper 3 Advanced Practical Skills,Paper 3,120,40,11.5
Practical assessment,Decisions relating to measurements and observations,"When using the light microscope and photomicrographs: calculate actual sizes of tissues or cells from measurements of photomicrographs, using magnifications, scale bars or representations of eyepiece graticules and stage micrometers",Biology,Cambridge Assessment International Education,Cambridge International AS & A Level,A Level,Paper 3 Advanced Practical Skills,Paper 3,120,40,11.5
Practical assessment,Decisions relating to measurements and observations,"When using the light microscope and photomicrographs: estimate the number of cells or cell organelles in a given area using a sampling method, such as grids or fields of view.",Biology,Cambridge Assessment International Education,Cambridge International AS & A Level,A Level,Paper 3 Advanced Practical Skills,Paper 3,120,40,11.5
Practical assessment,Collection of data and observations,Within an investigation: follow instructions to collect results,Biology,Cambridge Assessment International Education,Cambridge International AS & A Level,A Level,Paper 3 Advanced Practical Skills,Paper 3,120,40,11.5
Practical assessment,Collection of data and observations,"Within an investigation: consider the hazards of the procedure, including the use of any solutions and reagents, and assess the risk as low, medium or high",Biology,Cambridge Assessment International Education,Cambridge International AS & A Level,A Level,Paper 3 Advanced Practical Skills,Paper 3,120,40,11.5
Practical assessment,Collection of data and observations,Within an investigation: take readings to obtain accurate data (quantitative results) or observations (qualitative results).,Biology,Cambridge Assessment International Education,Cambridge International AS & A Level,A Level,Paper 3 Advanced Practical Skills,Paper 3,120,40,11.5
Practical assessment,Collection of data and observations,"When using the light microscope and photomicrographs: draw plan diagrams to show the distribution of tissues in a specimen, with no cells drawn and the correct proportions of layers of tissues",Biology,Cambridge Assessment International Education,Cambridge International AS & A Level,A Level,Paper 3 Advanced Practical Skills,Paper 3,120,40,11.5
Practical assessment,Collection of data and observations,When using the light microscope and photomicrographs: draw the observable features of cells in a specimen showing: – the correct shapes – the thicknesses of cell walls where applicable (drawn with two lines or drawn with three lines where two cells touch) – the relative sizes and proportions – observable cell contents only,Biology,Cambridge Assessment International Education,Cambridge International AS & A Level,A Level,Paper 3 Advanced Practical Skills,Paper 3,120,40,11.5
Practical assessment,Collection of data and observations,"When using the light microscope and photomicrographs: measure tissue layers or cells from photomicrographs using a ruler or given scale, including representations of eyepiece graticules",Biology,Cambridge Assessment International Education,Cambridge International AS & A Level,A Level,Paper 3 Advanced Practical Skills,Paper 3,120,40,11.5
Practical assessment,Collection of data and observations,When using the light microscope and photomicrographs: make accurate observations from specimens including counting numbers of cells or cell organelles,Biology,Cambridge Assessment International Education,Cambridge International AS & A Level,A Level,Paper 3 Advanced Practical Skills,Paper 3,120,40,11.5
Practical assessment,Collection of data and observations,When using the light microscope and photomicrographs: record similarities and differences between two specimens using only their observable features.,Biology,Cambridge Assessment International Education,Cambridge International AS & A Level,A Level,Paper 3 Advanced Practical Skills,Paper 3,120,40,11.5
Practical assessment,Recording data and observations,"Within an investigation: record raw results (unprocessed) and calculated results (processed) in an appropriate table with: – descriptive headings, including any required units (no units in body of table) – heading for the independent variable to the left of (or above, if the table is in rows) the dependent variable",Biology,Cambridge Assessment International Education,Cambridge International AS & A Level,A Level,Paper 3 Advanced Practical Skills,Paper 3,120,40,11.5
Practical assessment,Recording data and observations,Within an investigation: record quantitative data to the number of decimal places that is appropriate for the measuring instrument used,Biology,Cambridge Assessment International Education,Cambridge International AS & A Level,A Level,Paper 3 Advanced Practical Skills,Paper 3,120,40,11.5
Practical assessment,Recording data and observations,Within an investigation: record qualitative observations using clear descriptions,Biology,Cambridge Assessment International Education,Cambridge International AS & A Level,A Level,Paper 3 Advanced Practical Skills,Paper 3,120,40,11.5
Practical assessment,Recording data and observations,Within an investigation: record calculated values (processed results) in an appropriate table.,Biology,Cambridge Assessment International Education,Cambridge International AS & A Level,A Level,Paper 3 Advanced Practical Skills,Paper 3,120,40,11.5
Practical assessment,Recording data and observations,"When using the light microscope and photomicrographs: record the fine details of the specimen, including drawing the detailed shapes of layers or outlines of specimens in plan diagrams and drawing the shape and position of observable cell organelles in cells.",Biology,Cambridge Assessment International Education,Cambridge International AS & A Level,A Level,Paper 3 Advanced Practical Skills,Paper 3,120,40,11.5
Practical assessment,Display of calculation and reasoning,"Within an investigation and when using the light microscope and photomicrographs: display calculations clearly, showing all the steps and reasoning",Biology,Cambridge Assessment International Education,Cambridge International AS & A Level,A Level,Paper 3 Advanced Practical Skills,Paper 3,120,40,11.5
Practical assessment,Display of calculation and reasoning,"Within an investigation and when using the light microscope and photomicrographs: use the correct number of significant figures for calculated quantities. This should be the same as, or one more than, the smallest number of significant figures in the data used in the calculation.",Biology,Cambridge Assessment International Education,Cambridge International AS & A Level,A Level,Paper 3 Advanced Practical Skills,Paper 3,120,40,11.5
Practical assessment,Layout of data and observations,"Within an investigation: display data as a graph (continuous data), bar chart (discontinuous or categoric) or histogram (frequency data)",Biology,Cambridge Assessment International Education,Cambridge International AS & A Level,A Level,Paper 3 Advanced Practical Skills,Paper 3,120,40,11.5
Practical assessment,Layout of data and observations,"Within an investigation: draw a graph, bar chart or histogram clearly and accurately with: – the independent variable on the x-axis and the dependent variable on the y-axis – axes labelled to match the relevant table headings, including units where appropriate – a scale where both axes should use most or all of the grid available and allow the graph to be read easily to within half a square – all graph points plotted accurately using a sharp pencil, as a small cross or a small dot in a circle, with the intersection of the cross or centre of the dot exactly on the required point – the plotted points of a graph connected with a clear, sharp and unbroken line, either as a line of best fit, a smooth curve or with ruled straight lines joining the points – no extrapolation of graph lines unless this can be assumed from the data – all bars on a bar chart or histogram plotted accurately, with clear, unbroken lines that are drawn with a sharp pencil and ruler.",Biology,Cambridge Assessment International Education,Cambridge International AS & A Level,A Level,Paper 3 Advanced Practical Skills,Paper 3,120,40,11.5
Practical assessment,Layout of data and observations,"When using the light microscope and photomicrographs: make drawings, using a sharp pencil to give finely drawn lines that are clear and unbroken",Biology,Cambridge Assessment International Education,Cambridge International AS & A Level,A Level,Paper 3 Advanced Practical Skills,Paper 3,120,40,11.5
Practical assessment,Layout of data and observations,"When using the light microscope and photomicrographs: make drawings that use most of the available space and show all the features observed in the specimen, with no shading",Biology,Cambridge Assessment International Education,Cambridge International AS & A Level,A Level,Paper 3 Advanced Practical Skills,Paper 3,120,40,11.5
Practical assessment,Layout of data and observations,"When using the light microscope and photomicrographs: organise comparative observations, showing differences and similarities between specimens.",Biology,Cambridge Assessment International Education,Cambridge International AS & A Level,A Level,Paper 3 Advanced Practical Skills,Paper 3,120,40,11.5
Practical assessment,Interpreting data and observations,Within an investigation: calculate an answer with the correct number of significant figures using quantitative results or data provided,Biology,Cambridge Assessment International Education,Cambridge International AS & A Level,A Level,Paper 3 Advanced Practical Skills,Paper 3,120,40,11.5
Practical assessment,Interpreting data and observations,Within an investigation: use a graph to find unknown values,Biology,Cambridge Assessment International Education,Cambridge International AS & A Level,A Level,Paper 3 Advanced Practical Skills,Paper 3,120,40,11.5
Practical assessment,Interpreting data and observations,Within an investigation: estimate the concentrations of unknown solutions from qualitative results,Biology,Cambridge Assessment International Education,Cambridge International AS & A Level,A Level,Paper 3 Advanced Practical Skills,Paper 3,120,40,11.5
Practical assessment,Interpreting data and observations,Within an investigation: identify the contents of unknown solutions using biological molecule tests,Biology,Cambridge Assessment International Education,Cambridge International AS & A Level,A Level,Paper 3 Advanced Practical Skills,Paper 3,120,40,11.5
Practical assessment,Interpreting data and observations,Within an investigation: identify anomalous results and suggest how to deal with anomalies,Biology,Cambridge Assessment International Education,Cambridge International AS & A Level,A Level,Paper 3 Advanced Practical Skills,Paper 3,120,40,11.5
Practical assessment,Interpreting data and observations,Within an investigation: describe patterns and trends using the data provided in tables and graphs,Biology,Cambridge Assessment International Education,Cambridge International AS & A Level,A Level,Paper 3 Advanced Practical Skills,Paper 3,120,40,11.5
Practical assessment,Interpreting data and observations,Within an investigation: evaluate the confidence with which conclusions might be made.,Biology,Cambridge Assessment International Education,Cambridge International AS & A Level,A Level,Paper 3 Advanced Practical Skills,Paper 3,120,40,11.5
Practical assessment,Interpreting data and observations,When using the light microscope and photomicrographs: calculate an answer with the correct number of significant figures using quantitative results or data provided,Biology,Cambridge Assessment International Education,Cambridge International AS & A Level,A Level,Paper 3 Advanced Practical Skills,Paper 3,120,40,11.5
Practical assessment,Interpreting data and observations,When using the light microscope and photomicrographs: compare observable features of specimens of biological material including similarities and differences between specimens on a microscope slide and specimens in photomicrographs.,Biology,Cambridge Assessment International Education,Cambridge International AS & A Level,A Level,Paper 3 Advanced Practical Skills,Paper 3,120,40,11.5
Practical assessment,Drawing conclusions,"From results, observations or information provided: summarise the main conclusions",Biology,Cambridge Assessment International Education,Cambridge International AS & A Level,A Level,Paper 3 Advanced Practical Skills,Paper 3,120,40,11.5
Practical assessment,Drawing conclusions,"From results, observations or information provided: state and explain whether a hypothesis is supported",Biology,Cambridge Assessment International Education,Cambridge International AS & A Level,A Level,Paper 3 Advanced Practical Skills,Paper 3,120,40,11.5
Practical assessment,Drawing conclusions,"From results, observations or information provided: make predictions from the patterns and trends in data",Biology,Cambridge Assessment International Education,Cambridge International AS & A Level,A Level,Paper 3 Advanced Practical Skills,Paper 3,120,40,11.5
Practical assessment,Drawing conclusions,"From results, observations or information provided: suggest explanations for observations, results, patterns, trends and conclusions.",Biology,Cambridge Assessment International Education,Cambridge International AS & A Level,A Level,Paper 3 Advanced Practical Skills,Paper 3,120,40,11.5
Practical assessment,Identifying sources of error and suggesting improvements,"Within an investigation and when using the light microscope and photomicrographs: identify systematic or random errors in an investigation, understanding that systematic errors may not affect the trend in results whereas a random error may affect the trend",Biology,Cambridge Assessment International Education,Cambridge International AS & A Level,A Level,Paper 3 Advanced Practical Skills,Paper 3,120,40,11.5
Practical assessment,Identifying sources of error and suggesting improvements,Within an investigation and when using the light microscope and photomicrographs: identify the main sources of error in a particular investigation,Biology,Cambridge Assessment International Education,Cambridge International AS & A Level,A Level,Paper 3 Advanced Practical Skills,Paper 3,120,40,11.5
Practical assessment,Identifying sources of error and suggesting improvements,"Within an investigation and when using the light microscope and photomicrographs: suggest improvements to a procedure that will increase the accuracy of the observations or measurements, including: – using a more effective method to standardise relevant variables – using a more accurate method of measuring the dependent variable – using smaller intervals for the values of the independent variable – collecting replicate measurements so that a mean can be calculated",Biology,Cambridge Assessment International Education,Cambridge International AS & A Level,A Level,Paper 3 Advanced Practical Skills,Paper 3,120,40,11.5
Practical assessment,Identifying sources of error and suggesting improvements,"Within an investigation and when using the light microscope and photomicrographs: suggest how to extend the investigation to answer a new question, for example by investigating a different independent variable or applying the method to a new context",Biology,Cambridge Assessment International Education,Cambridge International AS & A Level,A Level,Paper 3 Advanced Practical Skills,Paper 3,120,40,11.5
Practical assessment,Identifying sources of error and suggesting improvements,"Within an investigation and when using the light microscope and photomicrographs: describe clearly, in words or diagrams, improvements to the procedure or modifications to extend the investigation.",Biology,Cambridge Assessment International Education,Cambridge International AS & A Level,A Level,Paper 3 Advanced Practical Skills,Paper 3,120,40,11.5
Assessment objectives,AO1 Knowledge and understanding,"scientific phenomena, facts, laws, definitions, concepts and theories",Biology,Cambridge Assessment International Education,Cambridge International AS & A Level,A Level,Paper 4 A Level Structured Questions,Paper 4,120,100,38.5
Assessment objectives,AO1 Knowledge and understanding,"scientific vocabulary, terminology and conventions (including symbols, quantities and units)",Biology,Cambridge Assessment International Education,Cambridge International AS & A Level,A Level,Paper 4 A Level Structured Questions,Paper 4,120,100,38.5
Assessment objectives,AO1 Knowledge and understanding,"scientific instruments and apparatus, including techniques of operation and aspects of safety",Biology,Cambridge Assessment International Education,Cambridge International AS & A Level,A Level,Paper 4 A Level Structured Questions,Paper 4,120,100,38.5
Assessment objectives,AO1 Knowledge and understanding,scientific quantities and their determination,Biology,Cambridge Assessment International Education,Cambridge International AS & A Level,A Level,Paper 4 A Level Structured Questions,Paper 4,120,100,38.5
Assessment objectives,AO1 Knowledge and understanding,"scientific and technological applications with their social, economic and environmental implications.",Biology,Cambridge Assessment International Education,Cambridge International AS & A Level,A Level,Paper 4 A Level Structured Questions,Paper 4,120,100,38.5
Assessment objectives,"AO2 Handling, applying and evaluating information","locate, select, organise and present information from a variety of sources",Biology,Cambridge Assessment International Education,Cambridge International AS & A Level,A Level,Paper 4 A Level Structured Questions,Paper 4,120,100,38.5
Assessment objectives,"AO2 Handling, applying and evaluating information",translate information from one form to another,Biology,Cambridge Assessment International Education,Cambridge International AS & A Level,A Level,Paper 4 A Level Structured Questions,Paper 4,120,100,38.5
Assessment objectives,"AO2 Handling, applying and evaluating information",manipulate numerical and other data,Biology,Cambridge Assessment International Education,Cambridge International AS & A Level,A Level,Paper 4 A Level Structured Questions,Paper 4,120,100,38.5
Assessment objectives,"AO2 Handling, applying and evaluating information","use information to identify patterns, report trends and draw conclusions",Biology,Cambridge Assessment International Education,Cambridge International AS & A Level,A Level,Paper 4 A Level Structured Questions,Paper 4,120,100,38.5
Assessment objectives,"AO2 Handling, applying and evaluating information","give reasoned explanations for phenomena, patterns and relationships",Biology,Cambridge Assessment International Education,Cambridge International AS & A Level,A Level,Paper 4 A Level Structured Questions,Paper 4,120,100,38.5
Assessment objectives,"AO2 Handling, applying and evaluating information",make predictions and construct arguments to support hypotheses,Biology,Cambridge Assessment International Education,Cambridge International AS & A Level,A Level,Paper 4 A Level Structured Questions,Paper 4,120,100,38.5
Assessment objectives,"AO2 Handling, applying and evaluating information","apply knowledge, including principles, to new situations",Biology,Cambridge Assessment International Education,Cambridge International AS & A Level,A Level,Paper 4 A Level Structured Questions,Paper 4,120,100,38.5
Assessment objectives,"AO2 Handling, applying and evaluating information",evaluate information and hypotheses,Biology,Cambridge Assessment International Education,Cambridge International AS & A Level,A Level,Paper 4 A Level Structured Questions,Paper 4,120,100,38.5
Assessment objectives,"AO2 Handling, applying and evaluating information",demonstrate an awareness of the limitations of biological theories and models,Biology,Cambridge Assessment International Education,Cambridge International AS & A Level,A Level,Paper 4 A Level Structured Questions,Paper 4,120,100,38.5
Assessment objectives,"AO2 Handling, applying and evaluating information",solve problems.,Biology,Cambridge Assessment International Education,Cambridge International AS & A Level,A Level,Paper 4 A Level Structured Questions,Paper 4,120,100,38.5
Energy and respiration,Energy,"outline the need for energy in living organisms, as illustrated by active transport, movement and anabolic reactions, such as those occurring in DNA replication and protein synthesis",Biology,Cambridge Assessment International Education,Cambridge International AS & A Level,A Level,Paper 4 A Level Structured Questions,Paper 4,120,100,38.5
Energy and respiration,Energy,describe the features of ATP that make it suitable as the universal energy currency,Biology,Cambridge Assessment International Education,Cambridge International AS & A Level,A Level,Paper 4 A Level Structured Questions,Paper 4,120,100,38.5
Energy and respiration,Energy,state that ATP is synthesised by: • transfer of phosphate in substrate-linked reactions • chemiosmosis in membranes of mitochondria and chloroplasts,Biology,Cambridge Assessment International Education,Cambridge International AS & A Level,A Level,Paper 4 A Level Structured Questions,Paper 4,120,100,38.5
Energy and respiration,Energy,"explain the relative energy values of carbohydrates, lipids and proteins as respiratory substrates",Biology,Cambridge Assessment International Education,Cambridge International AS & A Level,A Level,Paper 4 A Level Structured Questions,Paper 4,120,100,38.5
Energy and respiration,Energy,"state that the respiratory quotient (RQ) is the ratio of the number of molecules of carbon dioxide produced to the number of molecules of oxygen taken in, as a result of respiration",Biology,Cambridge Assessment International Education,Cambridge International AS & A Level,A Level,Paper 4 A Level Structured Questions,Paper 4,120,100,38.5
Energy and respiration,Energy,calculate RQ values of different respiratory substrates from equations for respiration,Biology,Cambridge Assessment International Education,Cambridge International AS & A Level,A Level,Paper 4 A Level Structured Questions,Paper 4,120,100,38.5
Energy and respiration,Energy,"describe and carry out investigations, using simple respirometers, to determine the RQ of germinating seeds or small invertebrates (e.g. blowfly larvae)",Biology,Cambridge Assessment International Education,Cambridge International AS & A Level,A Level,Paper 4 A Level Structured Questions,Paper 4,120,100,38.5
Energy and respiration,Respiration,State where each of the four stages in aerobic respiration occurs in eukaryotic cells: • glycolysis in the cytoplasm • link reaction in the mitochondrial matrix • Krebs cycle in the mitochondrial matrix • oxidative phosphorylation on the inner membrane of mitochondria,Biology,Cambridge Assessment International Education,Cambridge International AS & A Level,A Level,Paper 4 A Level Structured Questions,Paper 4,120,100,38.5
Energy and respiration,Respiration,"outline glycolysis as phosphorylation of glucose and the subsequent splitting of fructose 1,6-bisphosphate (6C) into two triose phosphate molecules (3C), which are then further oxidised to pyruvate (3C), with the production of ATP and reduced NAD",Biology,Cambridge Assessment International Education,Cambridge International AS & A Level,A Level,Paper 4 A Level Structured Questions,Paper 4,120,100,38.5
Energy and respiration,Respiration,"explain that, when oxygen is available, pyruvate enters mitochondria to take part in the link reaction",Biology,Cambridge Assessment International Education,Cambridge International AS & A Level,A Level,Paper 4 A Level Structured Questions,Paper 4,120,100,38.5
Energy and respiration,Respiration,"describe the link reaction, including the role of coenzyme A in the transfer of acetyl (2C) groups",Biology,Cambridge Assessment International Education,Cambridge International AS & A Level,A Level,Paper 4 A Level Structured Questions,Paper 4,120,100,38.5
Energy and respiration,Respiration,"outline the Krebs cycle, explaining that oxaloacetate (4C) acts as an acceptor of the 2C fragment from acetyl coenzyme A to form citrate (6C), which is converted back to oxaloacetate in a series of small steps",Biology,Cambridge Assessment International Education,Cambridge International AS & A Level,A Level,Paper 4 A Level Structured Questions,Paper 4,120,100,38.5
Energy and respiration,Respiration,explain that reactions in the Krebs cycle involve decarboxylation and dehydrogenation and the reduction of the coenzymes NAD and FAD,Biology,Cambridge Assessment International Education,Cambridge International AS & A Level,A Level,Paper 4 A Level Structured Questions,Paper 4,120,100,38.5
Energy and respiration,Respiration,describe the role of NAD and FAD in transferring hydrogen to carriers in the inner mitochondrial membrane,Biology,Cambridge Assessment International Education,Cambridge International AS & A Level,A Level,Paper 4 A Level Structured Questions,Paper 4,120,100,38.5
Energy and respiration,Respiration,"explain that during oxidative phosphorylation: • hydrogen atoms split into protons and energetic electrons • energetic electrons release energy as they pass through the electron transport chain (details of carriers are not expected) • the released energy is used to transfer protons across the inner mitochondrial membrane • protons return to the mitochondrial matrix by facilitated diffusion through ATP synthase, providing energy for ATP synthesis (details of ATP synthase are not expected) • oxygen acts as the final electron acceptor to form water",Biology,Cambridge Assessment International Education,Cambridge International AS & A Level,A Level,Paper 4 A Level Structured Questions,Paper 4,120,100,38.5
Energy and respiration,Respiration,describe the relationship between the structure and function of mitochondria using diagrams and electron micrographs,Biology,Cambridge Assessment International Education,Cambridge International AS & A Level,A Level,Paper 4 A Level Structured Questions,Paper 4,120,100,38.5
Energy and respiration,Respiration,outline respiration in anaerobic conditions in mammals (lactate fermentation) and in yeast cells (ethanol fermentation),Biology,Cambridge Assessment International Education,Cambridge International AS & A Level,A Level,Paper 4 A Level Structured Questions,Paper 4,120,100,38.5
Energy and respiration,Respiration,explain why the energy yield from respiration in aerobic conditions is much greater than the energy yield from respiration in anaerobic conditions (a detailed account of the total yield of ATP from the aerobic respiration of glucose is not expected),Biology,Cambridge Assessment International Education,Cambridge International AS & A Level,A Level,Paper 4 A Level Structured Questions,Paper 4,120,100,38.5
Energy and respiration,Respiration,"explain how rice is adapted to grow with its roots submerged in water, limited to the development of aerenchyma in roots, ethanol fermentation in roots and faster growth of stems",Biology,Cambridge Assessment International Education,Cambridge International AS & A Level,A Level,Paper 4 A Level Structured Questions,Paper 4,120,100,38.5
Energy and respiration,Respiration,"describe and carry out investigations using redox indicators, including DCPIP and methylene blue, to determine the effects of temperature and substrate concentration on the rate of respiration of yeast",Biology,Cambridge Assessment International Education,Cambridge International AS & A Level,A Level,Paper 4 A Level Structured Questions,Paper 4,120,100,38.5
Energy and respiration,Respiration,describe and carry out investigations using simple respirometers to determine the effect of temperature on the rate of respiration,Biology,Cambridge Assessment International Education,Cambridge International AS & A Level,A Level,Paper 4 A Level Structured Questions,Paper 4,120,100,38.5
Photosynthesis,Photosynthesis as an energy transfer process,"describe the relationship between the structure of chloroplasts, as shown in diagrams and electron micrographs, and their function",Biology,Cambridge Assessment International Education,Cambridge International AS & A Level,A Level,Paper 4 A Level Structured Questions,Paper 4,120,100,38.5
Photosynthesis,Photosynthesis as an energy transfer process,explain that energy transferred as ATP and reduced NADP from the light-dependent stage is used during the light-independent stage (Calvin cycle) of photosynthesis to produce complex organic molecules,Biology,Cambridge Assessment International Education,Cambridge International AS & A Level,A Level,Paper 4 A Level Structured Questions,Paper 4,120,100,38.5
Photosynthesis,Photosynthesis as an energy transfer process,"state that within a chloroplast, the thylakoids (thylakoid membranes and thylakoid spaces), which occur in stacks called grana, are the site of the light-dependent stage and the stroma is the site of the light-independent stage",Biology,Cambridge Assessment International Education,Cambridge International AS & A Level,A Level,Paper 4 A Level Structured Questions,Paper 4,120,100,38.5
Photosynthesis,Photosynthesis as an energy transfer process,"describe the role of chloroplast pigments (chlorophyll a, chlorophyll b, carotene and xanthophyll) in light absorption in thylakoids",Biology,Cambridge Assessment International Education,Cambridge International AS & A Level,A Level,Paper 4 A Level Structured Questions,Paper 4,120,100,38.5
Photosynthesis,Photosynthesis as an energy transfer process,interpret absorption spectra of chloroplast pigments and action spectra for photosynthesis,Biology,Cambridge Assessment International Education,Cambridge International AS & A Level,A Level,Paper 4 A Level Structured Questions,Paper 4,120,100,38.5
Photosynthesis,Photosynthesis as an energy transfer process,describe and use chromatography to separate and identify chloroplast pigments (reference should be made to Rf values in identification of chloroplast pigments),Biology,Cambridge Assessment International Education,Cambridge International AS & A Level,A Level,Paper 4 A Level Structured Questions,Paper 4,120,100,38.5
Photosynthesis,Photosynthesis as an energy transfer process,state that cyclic photophosphorylation and non-cyclic photophosphorylation occur during the light-dependent stage of photosynthesis,Biology,Cambridge Assessment International Education,Cambridge International AS & A Level,A Level,Paper 4 A Level Structured Questions,Paper 4,120,100,38.5
Photosynthesis,Photosynthesis as an energy transfer process,explain that in cyclic photophosphorylation: • only photosystem I (PSI) is involved • photoactivation of chlorophyll occurs • ATP is synthesised,Biology,Cambridge Assessment International Education,Cambridge International AS & A Level,A Level,Paper 4 A Level Structured Questions,Paper 4,120,100,38.5
Photosynthesis,Photosynthesis as an energy transfer process,explain that in non-cyclic photophosphorylation: • photosystem I (PSI) and photosystem II (PSII) are both involved • photoactivation of chlorophyll occurs • the oxygen-evolving complex catalyses the photolysis of water • ATP and reduced NADP are synthesised,Biology,Cambridge Assessment International Education,Cambridge International AS & A Level,A Level,Paper 4 A Level Structured Questions,Paper 4,120,100,38.5
Photosynthesis,Photosynthesis as an energy transfer process,"explain that during photophosphorylation: • energetic electrons release energy as they pass through the electron transport chain (details of carriers are not expected) • the released energy is used to transfer protons across the thylakoid membrane • protons return to the stroma from the thylakoid space by facilitated diffusion through ATP synthase, providing energy for ATP synthesis (details of ATP synthase are not expected)",Biology,Cambridge Assessment International Education,Cambridge International AS & A Level,A Level,Paper 4 A Level Structured Questions,Paper 4,120,100,38.5
Photosynthesis,Photosynthesis as an energy transfer process,"outline the three main stages of the Calvin cycle: • rubisco catalyses the fixation of carbon dioxide by combination with a molecule of ribulose bisphosphate (RuBP), a 5C compound, to yield two molecules of glycerate 3-phosphate (GP), a 3C compound • GP is reduced to triose phosphate (TP) in reactions involving reduced NADP and ATP • RuBP is regenerated from TP in reactions that use ATP",Biology,Cambridge Assessment International Education,Cambridge International AS & A Level,A Level,Paper 4 A Level Structured Questions,Paper 4,120,100,38.5
Photosynthesis,Photosynthesis as an energy transfer process,"state that Calvin cycle intermediates are used to produce other molecules, limited to GP to produce some amino acids and TP to produce carbohydrates, lipids and amino acids",Biology,Cambridge Assessment International Education,Cambridge International AS & A Level,A Level,Paper 4 A Level Structured Questions,Paper 4,120,100,38.5
Photosynthesis,Investigation of limiting factors,"state that light intensity, carbon dioxide concentration and temperature are examples of limiting factors of photosynthesis",Biology,Cambridge Assessment International Education,Cambridge International AS & A Level,A Level,Paper 4 A Level Structured Questions,Paper 4,120,100,38.5
Photosynthesis,Investigation of limiting factors,"explain the effects of changes in light intensity, carbon dioxide concentration and temperature on the rate of photosynthesis",Biology,Cambridge Assessment International Education,Cambridge International AS & A Level,A Level,Paper 4 A Level Structured Questions,Paper 4,120,100,38.5
Photosynthesis,Investigation of limiting factors,"describe and carry out investigations using redox indicators, including DCPIP and methylene blue, and a suspension of chloroplasts to determine the effects of light intensity and light wavelength on the rate of photosynthesis",Biology,Cambridge Assessment International Education,Cambridge International AS & A Level,A Level,Paper 4 A Level Structured Questions,Paper 4,120,100,38.5
Photosynthesis,Investigation of limiting factors,"describe and carry out investigations using whole plants, including aquatic plants, to determine the effects of light intensity, carbon dioxide concentration and temperature on the rate of photosynthesis",Biology,Cambridge Assessment International Education,Cambridge International AS & A Level,A Level,Paper 4 A Level Structured Questions,Paper 4,120,100,38.5
Homeostasis,Homeostasis in mammals,explain what is meant by homeostasis and the importance of homeostasis in mammals,Biology,Cambridge Assessment International Education,Cambridge International AS & A Level,A Level,Paper 4 A Level Structured Questions,Paper 4,120,100,38.5
Homeostasis,Homeostasis in mammals,"explain the principles of homeostasis in terms of internal and external stimuli, receptors, coordination systems (nervous system and endocrine system), effectors (muscles and glands) and negative feedback",Biology,Cambridge Assessment International Education,Cambridge International AS & A Level,A Level,Paper 4 A Level Structured Questions,Paper 4,120,100,38.5
Homeostasis,Homeostasis in mammals,state that urea is produced in the liver from the deamination of excess amino acids,Biology,Cambridge Assessment International Education,Cambridge International AS & A Level,A Level,Paper 4 A Level Structured Questions,Paper 4,120,100,38.5
Homeostasis,Homeostasis in mammals,"describe the structure of the human kidney, limited to: • fibrous capsule • cortex • medulla • renal pelvis • ureter • branches of the renal artery and renal vein",Biology,Cambridge Assessment International Education,Cambridge International AS & A Level,A Level,Paper 4 A Level Structured Questions,Paper 4,120,100,38.5
Homeostasis,Homeostasis in mammals,"Identify, in diagrams, photomicrographs and electron micrographs, the parts of a nephron and its associated blood vessels and structures, limited to: • glomerulus • Bowman’s capsule • proximal convoluted tubule • loop of Henle • distal convoluted tubule • collecting duct",Biology,Cambridge Assessment International Education,Cambridge International AS & A Level,A Level,Paper 4 A Level Structured Questions,Paper 4,120,100,38.5
Homeostasis,Homeostasis in mammals,"describe and explain the formation of urine in the nephron, limited to: • the formation of glomerular filtrate by ultrafiltration in the Bowman’s capsule • selective reabsorption in the proximal convoluted tubule",Biology,Cambridge Assessment International Education,Cambridge International AS & A Level,A Level,Paper 4 A Level Structured Questions,Paper 4,120,100,38.5
Homeostasis,Homeostasis in mammals,relate the detailed structure of the Bowman’s capsule and proximal convoluted tubule to their functions in the formation of urine,Biology,Cambridge Assessment International Education,Cambridge International AS & A Level,A Level,Paper 4 A Level Structured Questions,Paper 4,120,100,38.5
Homeostasis,Homeostasis in mammals,"describe the roles of the hypothalamus, posterior pituitary gland, antidiuretic hormone (ADH), aquaporins and collecting ducts in osmoregulation",Biology,Cambridge Assessment International Education,Cambridge International AS & A Level,A Level,Paper 4 A Level Structured Questions,Paper 4,120,100,38.5
Homeostasis,Homeostasis in mammals,"describe the principles of cell signalling using the example of the control of blood glucose concentration by glucagon, limited to: • binding of hormone to cell surface receptor causing conformational change • activation of G-protein leading to stimulation of adenylyl cyclase • formation of the second messenger, cyclic AMP (cAMP) • activation of protein kinase A by cAMP leading to initiation of an enzyme cascade • amplification of the signal through the enzyme cascade as a result of activation of more and more enzymes by phosphorylation • cellular response in which the final enzyme in the pathway is activated, catalysing the breakdown of glycogen",Biology,Cambridge Assessment International Education,Cambridge International AS & A Level,A Level,Paper 4 A Level Structured Questions,Paper 4,120,100,38.5
Homeostasis,Homeostasis in mammals,"explain how negative feedback control mechanisms regulate blood glucose concentration, with reference to the effects of insulin on muscle cells and liver cells and the effect of glucagon on liver cells",Biology,Cambridge Assessment International Education,Cambridge International AS & A Level,A Level,Paper 4 A Level Structured Questions,Paper 4,120,100,38.5
Homeostasis,Homeostasis in mammals,"explain the principles of operation of test strips and biosensors for measuring the concentration of glucose in blood and urine, with reference to glucose oxidase and peroxidase enzymes",Biology,Cambridge Assessment International Education,Cambridge International AS & A Level,A Level,Paper 4 A Level Structured Questions,Paper 4,120,100,38.5
Homeostasis,Homeostasis in plants,explain that stomata respond to changes in environmental conditions by opening and closing and that regulation of stomatal aperture balances the need for carbon dioxide uptake by diffusion with the need to minimise water loss by transpiration,Biology,Cambridge Assessment International Education,Cambridge International AS & A Level,A Level,Paper 4 A Level Structured Questions,Paper 4,120,100,38.5
Homeostasis,Homeostasis in plants,explain that stomata have daily rhythms of opening and closing,Biology,Cambridge Assessment International Education,Cambridge International AS & A Level,A Level,Paper 4 A Level Structured Questions,Paper 4,120,100,38.5
Homeostasis,Homeostasis in plants,describe the structure and function of guard cells and explain the mechanism by which they open and close stomata,Biology,Cambridge Assessment International Education,Cambridge International AS & A Level,A Level,Paper 4 A Level Structured Questions,Paper 4,120,100,38.5
Homeostasis,Homeostasis in plants,"describe the role of abscisic acid in the closure of stomata during times of water stress, including the role of calcium ions as a second messenger",Biology,Cambridge Assessment International Education,Cambridge International AS & A Level,A Level,Paper 4 A Level Structured Questions,Paper 4,120,100,38.5
Control and coordination,Control and coordination in mammals,"describe the features of the endocrine system with reference to the hormones ADH, glucagon and insulin (see 14.1.8, 14.1.9 and 14.1.10)",Biology,Cambridge Assessment International Education,Cambridge International AS & A Level,A Level,Paper 4 A Level Structured Questions,Paper 4,120,100,38.5
Control and coordination,Control and coordination in mammals,compare the features of the nervous system and the endocrine system,Biology,Cambridge Assessment International Education,Cambridge International AS & A Level,A Level,Paper 4 A Level Structured Questions,Paper 4,120,100,38.5
Control and coordination,Control and coordination in mammals,describe the structure and function of a sensory neurone and a motor neurone and state that intermediate neurones connect sensory neurones and motor neurones,Biology,Cambridge Assessment International Education,Cambridge International AS & A Level,A Level,Paper 4 A Level Structured Questions,Paper 4,120,100,38.5
Control and coordination,Control and coordination in mammals,outline the role of sensory receptor cells in detecting stimuli and stimulating the transmission of impulses in sensory neurones,Biology,Cambridge Assessment International Education,Cambridge International AS & A Level,A Level,Paper 4 A Level Structured Questions,Paper 4,120,100,38.5
Control and coordination,Control and coordination in mammals,"describe the sequence of events that results in an action potential in a sensory neurone, using a chemoreceptor cell in a human taste bud as an example",Biology,Cambridge Assessment International Education,Cambridge International AS & A Level,A Level,Paper 4 A Level Structured Questions,Paper 4,120,100,38.5
Control and coordination,Control and coordination in mammals,"describe and explain changes to the membrane potential of neurones, including: • how the resting potential is maintained • the events that occur during an action potential • how the resting potential is restored during the refractory period",Biology,Cambridge Assessment International Education,Cambridge International AS & A Level,A Level,Paper 4 A Level Structured Questions,Paper 4,120,100,38.5
Control and coordination,Control and coordination in mammals,describe and explain the rapid transmission of an impulse in a myelinated neurone with reference to saltatory conduction,Biology,Cambridge Assessment International Education,Cambridge International AS & A Level,A Level,Paper 4 A Level Structured Questions,Paper 4,120,100,38.5
Control and coordination,Control and coordination in mammals,explain the importance of the refractory period in determining the frequency of impulses,Biology,Cambridge Assessment International Education,Cambridge International AS & A Level,A Level,Paper 4 A Level Structured Questions,Paper 4,120,100,38.5
Control and coordination,Control and coordination in mammals,"describe the structure of a cholinergic synapse and explain how it functions, including the role of calcium ions",Biology,Cambridge Assessment International Education,Cambridge International AS & A Level,A Level,Paper 4 A Level Structured Questions,Paper 4,120,100,38.5
Control and coordination,Control and coordination in mammals,"describe the roles of neuromuscular junctions, the T-tubule system and sarcoplasmic reticulum in stimulating contraction in striated muscle",Biology,Cambridge Assessment International Education,Cambridge International AS & A Level,A Level,Paper 4 A Level Structured Questions,Paper 4,120,100,38.5
Control and coordination,Control and coordination in mammals,describe the ultrastructure of striated muscle with reference to sarcomere structure using electron micrographs and diagrams,Biology,Cambridge Assessment International Education,Cambridge International AS & A Level,A Level,Paper 4 A Level Structured Questions,Paper 4,120,100,38.5
Control and coordination,Control and coordination in mammals,"explain the sliding filament model of muscular contraction including the roles of troponin, tropomyosin, calcium ions and ATP",Biology,Cambridge Assessment International Education,Cambridge International AS & A Level,A Level,Paper 4 A Level Structured Questions,Paper 4,120,100,38.5
Control and coordination,Control and coordination in plants,describe the rapid response of the Venus fly trap to stimulation of hairs on the lobes of modified leaves and explain how the closure of the trap is achieved,Biology,Cambridge Assessment International Education,Cambridge International AS & A Level,A Level,Paper 4 A Level Structured Questions,Paper 4,120,100,38.5
Control and coordination,Control and coordination in plants,explain the role of auxin in elongation growth by stimulating proton pumping to acidify cell walls,Biology,Cambridge Assessment International Education,Cambridge International AS & A Level,A Level,Paper 4 A Level Structured Questions,Paper 4,120,100,38.5
Control and coordination,Control and coordination in plants,describe the role of gibberellin in the germination of barley (see 16.3.4),Biology,Cambridge Assessment International Education,Cambridge International AS & A Level,A Level,Paper 4 A Level Structured Questions,Paper 4,120,100,38.5
Inheritance,Passage of information from parents to offspring,explain the meanings of the terms haploid (n) and diploid (2n),Biology,Cambridge Assessment International Education,Cambridge International AS & A Level,A Level,Paper 4 A Level Structured Questions,Paper 4,120,100,38.5
Inheritance,Passage of information from parents to offspring,explain what is meant by homologous pairs of chromosomes,Biology,Cambridge Assessment International Education,Cambridge International AS & A Level,A Level,Paper 4 A Level Structured Questions,Paper 4,120,100,38.5
Inheritance,Passage of information from parents to offspring,explain the need for a reduction division during meiosis in the production of gametes,Biology,Cambridge Assessment International Education,Cambridge International AS & A Level,A Level,Paper 4 A Level Structured Questions,Paper 4,120,100,38.5
Inheritance,Passage of information from parents to offspring,"describe the behaviour of chromosomes in plant and animal cells during meiosis and the associated behaviour of the nuclear envelope, the cell surface membrane and the spindle (names of the main stages of meiosis, but not the sub-divisions of prophase I, are expected: prophase I, metaphase I, anaphase I, telophase I, prophase II, metaphase II, anaphase II and telophase II)",Biology,Cambridge Assessment International Education,Cambridge International AS & A Level,A Level,Paper 4 A Level Structured Questions,Paper 4,120,100,38.5
Inheritance,Passage of information from parents to offspring,interpret photomicrographs and diagrams of cells in different stages of meiosis and identify the main stages of meiosis,Biology,Cambridge Assessment International Education,Cambridge International AS & A Level,A Level,Paper 4 A Level Structured Questions,Paper 4,120,100,38.5
Inheritance,Passage of information from parents to offspring,explain that crossing over and random orientation (independent assortment) of pairs of homologous chromosomes and sister chromatids during meiosis produces genetically different gametes,Biology,Cambridge Assessment International Education,Cambridge International AS & A Level,A Level,Paper 4 A Level Structured Questions,Paper 4,120,100,38.5
Inheritance,Passage of information from parents to offspring,explain that the random fusion of gametes at fertilisation produces genetically different individuals,Biology,Cambridge Assessment International Education,Cambridge International AS & A Level,A Level,Paper 4 A Level Structured Questions,Paper 4,120,100,38.5
Inheritance,The roles of genes in determining the phenotype,"explain the terms gene, locus, allele, dominant, recessive, codominant, linkage, test cross, F1, F2, phenotype, genotype, homozygous and heterozygous",Biology,Cambridge Assessment International Education,Cambridge International AS & A Level,A Level,Paper 4 A Level Structured Questions,Paper 4,120,100,38.5
Inheritance,The roles of genes in determining the phenotype,"interpret and construct genetic diagrams, including Punnett squares, to explain and predict the results of monohybrid crosses and dihybrid crosses that involve dominance, codominance, multiple alleles and sex linkage",Biology,Cambridge Assessment International Education,Cambridge International AS & A Level,A Level,Paper 4 A Level Structured Questions,Paper 4,120,100,38.5
Inheritance,The roles of genes in determining the phenotype,"interpret and construct genetic diagrams, including Punnett squares, to explain and predict the results of dihybrid crosses that involve autosomal linkage and epistasis (knowledge of the expected ratios for different types of epistasis is not expected)",Biology,Cambridge Assessment International Education,Cambridge International AS & A Level,A Level,Paper 4 A Level Structured Questions,Paper 4,120,100,38.5
Inheritance,The roles of genes in determining the phenotype,"interpret and construct genetic diagrams, including Punnett squares, to explain and predict the results of test crosses",Biology,Cambridge Assessment International Education,Cambridge International AS & A Level,A Level,Paper 4 A Level Structured Questions,Paper 4,120,100,38.5
Inheritance,The roles of genes in determining the phenotype,"use the chi-squared test to test the significance of differences between observed and expected results (the formula for the chi-squared test will be provided, as shown in the Mathematical requirements)",Biology,Cambridge Assessment International Education,Cambridge International AS & A Level,A Level,Paper 4 A Level Structured Questions,Paper 4,120,100,38.5
Inheritance,The roles of genes in determining the phenotype,"explain the relationship between genes, proteins and phenotype with respect to the: • TYR gene, tyrosinase and albinism • HBB gene, haemoglobin and sickle cell anaemia • F8 gene, factor VIII and haemophilia • HTT gene, huntingtin and Huntington’s disease",Biology,Cambridge Assessment International Education,Cambridge International AS & A Level,A Level,Paper 4 A Level Structured Questions,Paper 4,120,100,38.5
Inheritance,The roles of genes in determining the phenotype,"explain the role of gibberellin in stem elongation including the role of the dominant allele, Le, that codes for a functional enzyme in the gibberellin synthesis pathway, and the recessive allele, le, that codes for a non-functional enzyme",Biology,Cambridge Assessment International Education,Cambridge International AS & A Level,A Level,Paper 4 A Level Structured Questions,Paper 4,120,100,38.5
Inheritance,Gene control,describe the differences between structural genes and regulatory genes and the differences between repressible enzymes and inducible enzymes,Biology,Cambridge Assessment International Education,Cambridge International AS & A Level,A Level,Paper 4 A Level Structured Questions,Paper 4,120,100,38.5
Inheritance,Gene control,explain genetic control of protein production in a prokaryote using the lac operon (knowledge of the role of cAMP is not expected),Biology,Cambridge Assessment International Education,Cambridge International AS & A Level,A Level,Paper 4 A Level Structured Questions,Paper 4,120,100,38.5
Inheritance,Gene control,state that transcription factors are proteins that bind to DNA and are involved in the control of gene expression in eukaryotes by decreasing or increasing the rate of transcription,Biology,Cambridge Assessment International Education,Cambridge International AS & A Level,A Level,Paper 4 A Level Structured Questions,Paper 4,120,100,38.5
Inheritance,Gene control,"explain how gibberellin activates genes by causing the breakdown of DELLA protein repressors, which normally inhibit factors that promote transcription",Biology,Cambridge Assessment International Education,Cambridge International AS & A Level,A Level,Paper 4 A Level Structured Questions,Paper 4,120,100,38.5
Selection and evolution,Variation,"explain, with examples, that phenotypic variation is due to genetic factors or environmental factors or a combination of genetic and environmental factors",Biology,Cambridge Assessment International Education,Cambridge International AS & A Level,A Level,Paper 4 A Level Structured Questions,Paper 4,120,100,38.5
Selection and evolution,Variation,explain what is meant by discontinuous variation and continuous variation,Biology,Cambridge Assessment International Education,Cambridge International AS & A Level,A Level,Paper 4 A Level Structured Questions,Paper 4,120,100,38.5
Selection and evolution,Variation,explain the genetic basis of discontinuous variation and continuous variation,Biology,Cambridge Assessment International Education,Cambridge International AS & A Level,A Level,Paper 4 A Level Structured Questions,Paper 4,120,100,38.5
Selection and evolution,Variation,"use the t-test to compare the means of two different samples (the formula for the t-test will be provided, as shown in the Mathematical requirements)",Biology,Cambridge Assessment International Education,Cambridge International AS & A Level,A Level,Paper 4 A Level Structured Questions,Paper 4,120,100,38.5
Selection and evolution,Natural and artificial selection,"explain that natural selection occurs because populations have the capacity to produce many offspring that compete for resources; in the ‘struggle for existence’, individuals that are best adapted are most likely to survive to reproduce and pass on their alleles to the next generation",Biology,Cambridge Assessment International Education,Cambridge International AS & A Level,A Level,Paper 4 A Level Structured Questions,Paper 4,120,100,38.5
Selection and evolution,Natural and artificial selection,"explain how environmental factors can act as stabilising, disruptive and directional forces of natural selection",Biology,Cambridge Assessment International Education,Cambridge International AS & A Level,A Level,Paper 4 A Level Structured Questions,Paper 4,120,100,38.5
Selection and evolution,Natural and artificial selection,"explain how selection, the founder effect and genetic drift, including the bottleneck effect, may affect allele frequencies in populations",Biology,Cambridge Assessment International Education,Cambridge International AS & A Level,A Level,Paper 4 A Level Structured Questions,Paper 4,120,100,38.5
Selection and evolution,Natural and artificial selection,outline how bacteria become resistant to antibiotics as an example of natural selection,Biology,Cambridge Assessment International Education,Cambridge International AS & A Level,A Level,Paper 4 A Level Structured Questions,Paper 4,120,100,38.5
Selection and evolution,Natural and artificial selection,"use the Hardy–Weinberg principle to calculate allele and genotype frequencies in populations and state the conditions when this principle can be applied (the two equations for the Hardy–Weinberg principle will be provided, as shown in the Mathematical requirements)",Biology,Cambridge Assessment International Education,Cambridge International AS & A Level,A Level,Paper 4 A Level Structured Questions,Paper 4,120,100,38.5
Selection and evolution,Natural and artificial selection,describe the principles of selective breeding (artificial selection),Biology,Cambridge Assessment International Education,Cambridge International AS & A Level,A Level,Paper 4 A Level Structured Questions,Paper 4,120,100,38.5
Selection and evolution,Natural and artificial selection,"outline the following examples of selective breeding: • the introduction of disease resistance to varieties of wheat and rice • inbreeding and hybridisation to produce vigorous, uniform varieties of maize • improving the milk yield of dairy cattle",Biology,Cambridge Assessment International Education,Cambridge International AS & A Level,A Level,Paper 4 A Level Structured Questions,Paper 4,120,100,38.5
Selection and evolution,Evolution,"outline the theory of evolution as a process leading to the formation of new species from pre-existing species over time, as a result of changes to gene pools from generation to generation",Biology,Cambridge Assessment International Education,Cambridge International AS & A Level,A Level,Paper 4 A Level Structured Questions,Paper 4,120,100,38.5
Selection and evolution,Evolution,discuss how DNA sequence data can show evolutionary relationships between species,Biology,Cambridge Assessment International Education,Cambridge International AS & A Level,A Level,Paper 4 A Level Structured Questions,Paper 4,120,100,38.5
Selection and evolution,Evolution,explain how speciation may occur as a result of genetic isolation by: • geographical separation (allopatric speciation) • ecological and behavioural separation (sympatric speciation),Biology,Cambridge Assessment International Education,Cambridge International AS & A Level,A Level,Paper 4 A Level Structured Questions,Paper 4,120,100,38.5
"Classification, biodiversity and conservation",Classification,"discuss the meaning of the term species, limited to the biological species concept, morphological species concept and ecological species concept",Biology,Cambridge Assessment International Education,Cambridge International AS & A Level,A Level,Paper 4 A Level Structured Questions,Paper 4,120,100,38.5
"Classification, biodiversity and conservation",Classification,"describe the classification of organisms into three domains:Archaea, Bacteria and Eukarya",Biology,Cambridge Assessment International Education,Cambridge International AS & A Level,A Level,Paper 4 A Level Structured Questions,Paper 4,120,100,38.5
"Classification, biodiversity and conservation",Classification,"state that Archaea and Bacteria are prokaryotes and that there are differences between them, limited to differences in membrane lipids, ribosomal RNA and composition of cell walls",Biology,Cambridge Assessment International Education,Cambridge International AS & A Level,A Level,Paper 4 A Level Structured Questions,Paper 4,120,100,38.5
"Classification, biodiversity and conservation",Classification,"describe the classification of organisms in the Eukarya domain into the taxonomic hierarchy of kingdom, phylum, class, order, family, genus and species",Biology,Cambridge Assessment International Education,Cambridge International AS & A Level,A Level,Paper 4 A Level Structured Questions,Paper 4,120,100,38.5
"Classification, biodiversity and conservation",Classification,"outline the characteristic features of the kingdoms Protoctista, Fungi, Plantae and Animalia",Biology,Cambridge Assessment International Education,Cambridge International AS & A Level,A Level,Paper 4 A Level Structured Questions,Paper 4,120,100,38.5
"Classification, biodiversity and conservation",Classification,"outline how viruses are classified, limited to the type of nucleic acid (RNA or DNA) and whether this is single stranded or double stranded",Biology,Cambridge Assessment International Education,Cambridge International AS & A Level,A Level,Paper 4 A Level Structured Questions,Paper 4,120,100,38.5
"Classification, biodiversity and conservation",Biodiversity,define the terms ecosystem and niche,Biology,Cambridge Assessment International Education,Cambridge International AS & A Level,A Level,Paper 4 A Level Structured Questions,Paper 4,120,100,38.5
"Classification, biodiversity and conservation",Biodiversity,"explain that biodiversity can be assessed at different levels, including: • the number and range of different ecosystems and habitats • the number of species and their relative abundance • the genetic variation within each species",Biology,Cambridge Assessment International Education,Cambridge International AS & A Level,A Level,Paper 4 A Level Structured Questions,Paper 4,120,100,38.5
"Classification, biodiversity and conservation",Biodiversity,explain the importance of random sampling in determining the biodiversity of an area,Biology,Cambridge Assessment International Education,Cambridge International AS & A Level,A Level,Paper 4 A Level Structured Questions,Paper 4,120,100,38.5
"Classification, biodiversity and conservation",Biodiversity,"describe and use suitable methods to assess the distribution and abundance of organisms in an area, limited to frame quadrats, line transects, belt transects and mark-release-recapture using the Lincoln index (the formula for the Lincoln index will be provided, as shown in the Mathematical requirements)",Biology,Cambridge Assessment International Education,Cambridge International AS & A Level,A Level,Paper 4 A Level Structured Questions,Paper 4,120,100,38.5
"Classification, biodiversity and conservation",Biodiversity,"use Spearman’s rank correlation and Pearson’s linear correlation to analyse the relationships between two variables, including how biotic and abiotic factors affect the distribution and abundance of species (the formulae for these correlations will be provided, as shown in the Mathematical requirements)",Biology,Cambridge Assessment International Education,Cambridge International AS & A Level,A Level,Paper 4 A Level Structured Questions,Paper 4,120,100,38.5
"Classification, biodiversity and conservation",Biodiversity,"use Simpson’s index of diversity (D) to calculate the biodiversity of an area, and state the significance of different values of D (the formula for Simpson’s index of diversity will be provided, as shown in the Mathematical requirements)",Biology,Cambridge Assessment International Education,Cambridge International AS & A Level,A Level,Paper 4 A Level Structured Questions,Paper 4,120,100,38.5
"Classification, biodiversity and conservation",Conservation,explain why populations and species can become extinct as a result of: • climate change • competition • hunting by humans • degradation and loss of habitats,Biology,Cambridge Assessment International Education,Cambridge International AS & A Level,A Level,Paper 4 A Level Structured Questions,Paper 4,120,100,38.5
"Classification, biodiversity and conservation",Conservation,outline reasons for the need to maintain biodiversity,Biology,Cambridge Assessment International Education,Cambridge International AS & A Level,A Level,Paper 4 A Level Structured Questions,Paper 4,120,100,38.5
"Classification, biodiversity and conservation",Conservation,"outline the roles of zoos, botanic gardens, conserved areas (including national parks and marine parks), ‘frozen zoos’ and seed banks, in the conservation of endangered species",Biology,Cambridge Assessment International Education,Cambridge International AS & A Level,A Level,Paper 4 A Level Structured Questions,Paper 4,120,100,38.5
"Classification, biodiversity and conservation",Conservation,"describe methods of assisted reproduction used in the conservation of endangered mammals, limited to IVF, embryo transfer and surrogacy",Biology,Cambridge Assessment International Education,Cambridge International AS & A Level,A Level,Paper 4 A Level Structured Questions,Paper 4,120,100,38.5
"Classification, biodiversity and conservation",Conservation,explain reasons for controlling invasive alien species,Biology,Cambridge Assessment International Education,Cambridge International AS & A Level,A Level,Paper 4 A Level Structured Questions,Paper 4,120,100,38.5
"Classification, biodiversity and conservation",Conservation,outline the role in conservation of the International Union for Conservation of Nature (IUCN) and the Convention on International Trade in Endangered Species of Wild Fauna and Flora (CITES),Biology,Cambridge Assessment International Education,Cambridge International AS & A Level,A Level,Paper 4 A Level Structured Questions,Paper 4,120,100,38.5
Genetic technology,Principles of genetic technology,define the term recombinant DNA,Biology,Cambridge Assessment International Education,Cambridge International AS & A Level,A Level,Paper 4 A Level Structured Questions,Paper 4,120,100,38.5
Genetic technology,Principles of genetic technology,explain that genetic engineering is the deliberate manipulation of genetic material to modify specific characteristics of an organism and that this may involve transferring a gene into an organism so that the gene is expressed,Biology,Cambridge Assessment International Education,Cambridge International AS & A Level,A Level,Paper 4 A Level Structured Questions,Paper 4,120,100,38.5
Genetic technology,Principles of genetic technology,explain that genes to be transferred into an organism may be: • extracted from the DNA of a donor organism • synthesised from the mRNA of a donor organism • synthesised chemically from nucleotides,Biology,Cambridge Assessment International Education,Cambridge International AS & A Level,A Level,Paper 4 A Level Structured Questions,Paper 4,120,100,38.5
Genetic technology,Principles of genetic technology,"explain the roles of restriction endonucleases, DNA ligase, plasmids, DNA polymerase and reverse transcriptase in the transfer of a gene into an organism",Biology,Cambridge Assessment International Education,Cambridge International AS & A Level,A Level,Paper 4 A Level Structured Questions,Paper 4,120,100,38.5
Genetic technology,Principles of genetic technology,explain why a promoter may have to be transferred into an organism as well as the desired gene,Biology,Cambridge Assessment International Education,Cambridge International AS & A Level,A Level,Paper 4 A Level Structured Questions,Paper 4,120,100,38.5
Genetic technology,Principles of genetic technology,explain how gene expression may be confirmed by the use of marker genes coding for fluorescent products,Biology,Cambridge Assessment International Education,Cambridge International AS & A Level,A Level,Paper 4 A Level Structured Questions,Paper 4,120,100,38.5
Genetic technology,Principles of genetic technology,"explain that gene editing is a form of genetic engineering involving the insertion, deletion or replacement of DNA at specific sites in the genome",Biology,Cambridge Assessment International Education,Cambridge International AS & A Level,A Level,Paper 4 A Level Structured Questions,Paper 4,120,100,38.5
Genetic technology,Principles of genetic technology,"describe and explain the steps involved in the polymerase chain reaction (PCR) to clone and amplify DNA, including the role of Taq polymerase",Biology,Cambridge Assessment International Education,Cambridge International AS & A Level,A Level,Paper 4 A Level Structured Questions,Paper 4,120,100,38.5
Genetic technology,Principles of genetic technology,describe and explain how gel electrophoresis is used to separate DNA fragments of different lengths,Biology,Cambridge Assessment International Education,Cambridge International AS & A Level,A Level,Paper 4 A Level Structured Questions,Paper 4,120,100,38.5
Genetic technology,Principles of genetic technology,outline how microarrays are used in the analysis of genomes and in detecting mRNA in studies of gene expression,Biology,Cambridge Assessment International Education,Cambridge International AS & A Level,A Level,Paper 4 A Level Structured Questions,Paper 4,120,100,38.5
Genetic technology,Principles of genetic technology,"outline the benefits of using databases that provide information about nucleotide sequences of genes and genomes, and amino acid sequences of proteins and protein structures",Biology,Cambridge Assessment International Education,Cambridge International AS & A Level,A Level,Paper 4 A Level Structured Questions,Paper 4,120,100,38.5
Genetic technology,Genetic technology applied to medicine,"explain the advantages of using recombinant human proteins to treat disease, using the examples insulin, factor VIII and adenosine deaminase",Biology,Cambridge Assessment International Education,Cambridge International AS & A Level,A Level,Paper 4 A Level Structured Questions,Paper 4,120,100,38.5
Genetic technology,Genetic technology applied to medicine,"outline the advantages of genetic screening, using the examples of breast cancer (BRCA1 and BRCA2), Huntington’s disease and cystic fibrosis",Biology,Cambridge Assessment International Education,Cambridge International AS & A Level,A Level,Paper 4 A Level Structured Questions,Paper 4,120,100,38.5
Genetic technology,Genetic technology applied to medicine,"outline how genetic diseases can be treated with gene therapy, using the examples severe combined immunodeficiency (SCID) and inherited eye diseases",Biology,Cambridge Assessment International Education,Cambridge International AS & A Level,A Level,Paper 4 A Level Structured Questions,Paper 4,120,100,38.5
Genetic technology,Genetic technology applied to medicine,discuss the social and ethical considerations of using genetic screening and gene therapy in medicine,Biology,Cambridge Assessment International Education,Cambridge International AS & A Level,A Level,Paper 4 A Level Structured Questions,Paper 4,120,100,38.5
Genetic technology,Genetically modified organisms in agriculture,"explain that genetic engineering may help to solve the global demand for food by improving the quality and productivity of farmed animals and crop plants, using the examples of GM salmon, herbicide resistance in soybean and insect resistance in cotton",Biology,Cambridge Assessment International Education,Cambridge International AS & A Level,A Level,Paper 4 A Level Structured Questions,Paper 4,120,100,38.5
Genetic technology,Genetically modified organisms in agriculture,discuss the ethical and social implications of using genetically modified organisms (GMOs) in food production,Biology,Cambridge Assessment International Education,Cambridge International AS & A Level,A Level,Paper 4 A Level Structured Questions,Paper 4,120,100,38.5
Assessment objectives,AO3 Experimental skills and investigations,plan experiments and investigations,Biology,Cambridge Assessment International Education,Cambridge International AS & A Level,A Level,"Paper 5 Planning, Analysis and Evaluation",Paper 5,75,30,11.5
Assessment objectives,AO3 Experimental skills and investigations,"collect, record and present observations, measurements and estimates",Biology,Cambridge Assessment International Education,Cambridge International AS & A Level,A Level,"Paper 5 Planning, Analysis and Evaluation",Paper 5,75,30,11.5
Assessment objectives,AO3 Experimental skills and investigations,analyse and interpret experimental data to reach conclusions,Biology,Cambridge Assessment International Education,Cambridge International AS & A Level,A Level,"Paper 5 Planning, Analysis and Evaluation",Paper 5,75,30,11.5
Assessment objectives,AO3 Experimental skills and investigations,evaluate methods and quality of experimental data and suggest possible improvements to experiments.,Biology,Cambridge Assessment International Education,Cambridge International AS & A Level,A Level,"Paper 5 Planning, Analysis and Evaluation",Paper 5,75,30,11.5
Practical assessment,Defining the problem,"Using the context provided: state a relevant prediction, either in words or in the form of a sketch graph showing the expected result, and link this to an underlying hypothesis",Biology,Cambridge Assessment International Education,Cambridge International AS & A Level,A Level,"Paper 5 Planning, Analysis and Evaluation",Paper 5,75,30,11.5
Practical assessment,Defining the problem,Using the context provided: identify the independent and dependent variables,Biology,Cambridge Assessment International Education,Cambridge International AS & A Level,A Level,"Paper 5 Planning, Analysis and Evaluation",Paper 5,75,30,11.5
Practical assessment,Defining the problem,"Using the context provided: identify which key variables must be standardised in order to test a hypothesis. (Variables expected to have a minimal effect, such as variation between test-tubes of the same type, do not need to be standardised.)",Biology,Cambridge Assessment International Education,Cambridge International AS & A Level,A Level,"Paper 5 Planning, Analysis and Evaluation",Paper 5,75,30,11.5
Practical assessment,Methods,Using the context provided: describe how to vary the independent variable,Biology,Cambridge Assessment International Education,Cambridge International AS & A Level,A Level,"Paper 5 Planning, Analysis and Evaluation",Paper 5,75,30,11.5
Practical assessment,Methods,Using the context provided: describe how to measure the values of the independent and dependent variables accurately and to an appropriate precision,Biology,Cambridge Assessment International Education,Cambridge International AS & A Level,A Level,"Paper 5 Planning, Analysis and Evaluation",Paper 5,75,30,11.5
Practical assessment,Methods,Using the context provided: describe how to standardise each of the other key variables,Biology,Cambridge Assessment International Education,Cambridge International AS & A Level,A Level,"Paper 5 Planning, Analysis and Evaluation",Paper 5,75,30,11.5
Practical assessment,Methods,"Using the context provided: describe, where appropriate, suitable volumes and concentrations of reagents. Concentrations may be specified in % (w/v), or mol dm –3",Biology,Cambridge Assessment International Education,Cambridge International AS & A Level,A Level,"Paper 5 Planning, Analysis and Evaluation",Paper 5,75,30,11.5
Practical assessment,Methods,Using the context provided: describe how different concentrations would be prepared by serial dilution or proportional dilution,Biology,Cambridge Assessment International Education,Cambridge International AS & A Level,A Level,"Paper 5 Planning, Analysis and Evaluation",Paper 5,75,30,11.5
Practical assessment,Methods,Using the context provided: describe appropriate control experiments,Biology,Cambridge Assessment International Education,Cambridge International AS & A Level,A Level,"Paper 5 Planning, Analysis and Evaluation",Paper 5,75,30,11.5
Practical assessment,Methods,"Using the context provided: describe, in a logical sequence, the steps involved in the procedure, including how to use the apparatus to collect results",Biology,Cambridge Assessment International Education,Cambridge International AS & A Level,A Level,"Paper 5 Planning, Analysis and Evaluation",Paper 5,75,30,11.5
Practical assessment,Methods,"Using the context provided: describe how the quality of results can be assessed by considering: – the occurrence of anomalous results – the spread of results including the use of standard deviation, standard error and/or 95% confidence intervals (95% CI).",Biology,Cambridge Assessment International Education,Cambridge International AS & A Level,A Level,"Paper 5 Planning, Analysis and Evaluation",Paper 5,75,30,11.5
Practical assessment,Methods,Using the context provided: describe how to assess the validity of the results by considering both the accuracy of the measurements and the repeatability of the results,Biology,Cambridge Assessment International Education,Cambridge International AS & A Level,A Level,"Paper 5 Planning, Analysis and Evaluation",Paper 5,75,30,11.5
Practical assessment,Methods,"Using the context provided: prepare a simple risk assessment of their plans, taking into account the severity of any hazards and the probability that a problem could occur",Biology,Cambridge Assessment International Education,Cambridge International AS & A Level,A Level,"Paper 5 Planning, Analysis and Evaluation",Paper 5,75,30,11.5
Practical assessment,Methods,"Using the context provided: describe the precautions that would need to be taken to minimise risks where possible. Analysis, conclusions and evaluation tests the ability of candidates to process given data in a variety of ways.",Biology,Cambridge Assessment International Education,Cambridge International AS & A Level,A Level,"Paper 5 Planning, Analysis and Evaluation",Paper 5,75,30,11.5
Practical assessment,Dealing with data,From provided data: use tables and graphs to show the key points in quantitative data,Biology,Cambridge Assessment International Education,Cambridge International AS & A Level,A Level,"Paper 5 Planning, Analysis and Evaluation",Paper 5,75,30,11.5
Practical assessment,Dealing with data,"From provided data: sketch or draw suitable graphs, displaying the independent variable on the x-axis and the dependent variable on the y-axis including, where required, confidence limit error bars",Biology,Cambridge Assessment International Education,Cambridge International AS & A Level,A Level,"Paper 5 Planning, Analysis and Evaluation",Paper 5,75,30,11.5
Practical assessment,Dealing with data,From provided data: decide which calculations are necessary in order to draw conclusions,Biology,Cambridge Assessment International Education,Cambridge International AS & A Level,A Level,"Paper 5 Planning, Analysis and Evaluation",Paper 5,75,30,11.5
Practical assessment,Dealing with data,"From provided data: carry out appropriate calculations to simplify or explain data, including means, percentages and rates of change",Biology,Cambridge Assessment International Education,Cambridge International AS & A Level,A Level,"Paper 5 Planning, Analysis and Evaluation",Paper 5,75,30,11.5
Practical assessment,Dealing with data,"From provided data: carry out calculations in order to compare data, including percentage gain or loss",Biology,Cambridge Assessment International Education,Cambridge International AS & A Level,A Level,"Paper 5 Planning, Analysis and Evaluation",Paper 5,75,30,11.5
Practical assessment,Dealing with data,"From provided data: use values of standard deviation or standard error, or graphs with standard error bars, to determine whether differences in mean values are likely to be statistically significant",Biology,Cambridge Assessment International Education,Cambridge International AS & A Level,A Level,"Paper 5 Planning, Analysis and Evaluation",Paper 5,75,30,11.5
Practical assessment,Dealing with data,From provided data: choose and carry out statistical tests (limited to those described in the Mathematical requirements section of the syllabus) appropriate to the type of data collected and justify use of these tests,Biology,Cambridge Assessment International Education,Cambridge International AS & A Level,A Level,"Paper 5 Planning, Analysis and Evaluation",Paper 5,75,30,11.5
Practical assessment,Dealing with data,From provided data: state a null hypothesis for a statistical test,Biology,Cambridge Assessment International Education,Cambridge International AS & A Level,A Level,"Paper 5 Planning, Analysis and Evaluation",Paper 5,75,30,11.5
Practical assessment,Dealing with data,"From provided data: recognise the different types of variable and the different types of data presented, as shown in the table below. Type of variable Type of data Qualitative categoric nominal, i.e. values or observations belonging to it can be sorted according to category, e.g. colour of flowers ordered ordinal, where values can be placed in an order or rank and the interval between them may not be equal, e.g. the order in which test-tubes containing starch and iodine become colourless after adding amylase Quantitative continuous, which can have any value within a specific range, e.g. body mass, leaf length",Biology,Cambridge Assessment International Education,Cambridge International AS & A Level,A Level,"Paper 5 Planning, Analysis and Evaluation",Paper 5,75,30,11.5
Practical assessment,Conclusions,summarise the main conclusions from the results,Biology,Cambridge Assessment International Education,Cambridge International AS & A Level,A Level,"Paper 5 Planning, Analysis and Evaluation",Paper 5,75,30,11.5
Practical assessment,Conclusions,"identify key points of the raw data and processed data, including graphs and statistical test results",Biology,Cambridge Assessment International Education,Cambridge International AS & A Level,A Level,"Paper 5 Planning, Analysis and Evaluation",Paper 5,75,30,11.5
Practical assessment,Conclusions,discuss the extent to which a given hypothesis is supported by experimental data and the strengths and weaknesses of the evidence,Biology,Cambridge Assessment International Education,Cambridge International AS & A Level,A Level,"Paper 5 Planning, Analysis and Evaluation",Paper 5,75,30,11.5
Practical assessment,Conclusions,give detailed scientific explanations of the conclusions,Biology,Cambridge Assessment International Education,Cambridge International AS & A Level,A Level,"Paper 5 Planning, Analysis and Evaluation",Paper 5,75,30,11.5
Practical assessment,Conclusions,make further predictions and hypotheses based on the conclusions.,Biology,Cambridge Assessment International Education,Cambridge International AS & A Level,A Level,"Paper 5 Planning, Analysis and Evaluation",Paper 5,75,30,11.5
Practical assessment,Evaluation,identify anomalous values in a table or graph of data and suggest how to deal with anomalies,Biology,Cambridge Assessment International Education,Cambridge International AS & A Level,A Level,"Paper 5 Planning, Analysis and Evaluation",Paper 5,75,30,11.5
Practical assessment,Evaluation,suggest possible explanations for anomalous readings,Biology,Cambridge Assessment International Education,Cambridge International AS & A Level,A Level,"Paper 5 Planning, Analysis and Evaluation",Paper 5,75,30,11.5
Practical assessment,Evaluation,assess whether the results have been replicated sufficiently,Biology,Cambridge Assessment International Education,Cambridge International AS & A Level,A Level,"Paper 5 Planning, Analysis and Evaluation",Paper 5,75,30,11.5
Practical assessment,Evaluation,assess whether the range of values of the independent variable and the intervals between the values were appropriate,Biology,Cambridge Assessment International Education,Cambridge International AS & A Level,A Level,"Paper 5 Planning, Analysis and Evaluation",Paper 5,75,30,11.5
Practical assessment,Evaluation,assess whether the method of measuring is appropriate for the dependent variable,Biology,Cambridge Assessment International Education,Cambridge International AS & A Level,A Level,"Paper 5 Planning, Analysis and Evaluation",Paper 5,75,30,11.5
Practical assessment,Evaluation,assess the extent to which selected variables have been effectively controlled,Biology,Cambridge Assessment International Education,Cambridge International AS & A Level,A Level,"Paper 5 Planning, Analysis and Evaluation",Paper 5,75,30,11.5
Practical assessment,Evaluation,make informed judgements about: – the validity of the investigation – the extent to which the data can be used to test the hypothesis – how much confidence can be put in the conclusions,Biology,Cambridge Assessment International Education,Cambridge International AS & A Level,A Level,"Paper 5 Planning, Analysis and Evaluation",Paper 5,75,30,11.5
Practical assessment,Evaluation,suggest how an investigation could be improved to increase confidence in the results.,Biology,Cambridge Assessment International Education,Cambridge International AS & A Level,A Level,"Paper 5 Planning, Analysis and Evaluation",Paper 5,75,30,11.5
Mathematical requirements,At AS Level and A Level,"understand and use the prefixes: giga (G), mega (M), kilo (k), milli (m), micro (µ) and nano (n)",Biology,Cambridge Assessment International Education,Cambridge International AS & A Level,AS & A Level,,,,,
Mathematical requirements,At AS Level and A Level,select and use the most appropriate units for recording data and the results of calculations,Biology,Cambridge Assessment International Education,Cambridge International AS & A Level,AS & A Level,,,,,
Mathematical requirements,At AS Level and A Level,recognise and use numbers in decimal and standard form,Biology,Cambridge Assessment International Education,Cambridge International AS & A Level,AS & A Level,,,,,
Mathematical requirements,At AS Level and A Level,"understand and use the symbols: < (less than), > (greater than), ⩽ (less than or equal to), ⩾ (greater than or equal to), / (solidus followed by unit in table headings and labels for graph axes), ∝ (is directly proportional to) and Σ (sum of)",Biology,Cambridge Assessment International Education,Cambridge International AS & A Level,AS & A Level,,,,,
Mathematical requirements,At AS Level and A Level,make estimations of the results of calculations,Biology,Cambridge Assessment International Education,Cambridge International AS & A Level,AS & A Level,,,,,
Mathematical requirements,At AS Level and A Level,"use a calculator for addition, subtraction, multiplication and division, and to calculate squares (x²), square roots (√x), reciprocals (1/x), logs (lg) and means (x̄)",Biology,Cambridge Assessment International Education,Cambridge International AS & A Level,AS & A Level,,,,,
Mathematical requirements,At AS Level and A Level,"take account of significant figures in calculations so that significant figures are neither lost unnecessarily nor carried beyond what is justified. (The correct number of significant figures for calculated quantities is the same as, or one more than, the smallest number of significant figures in the data used in the calculation.)",Biology,Cambridge Assessment International Education,Cambridge International AS & A Level,AS & A Level,,,,,
Mathematical requirements,At AS Level and A Level,record data from experiments to an appropriate and consistent precision,Biology,Cambridge Assessment International Education,Cambridge International AS & A Level,AS & A Level,,,,,
Mathematical requirements,At AS Level and A Level,calculate magnifications and actual sizes,Biology,Cambridge Assessment International Education,Cambridge International AS & A Level,AS & A Level,,,,,
Mathematical requirements,At AS Level and A Level,"calculate areas of triangles, rectangles and circles",Biology,Cambridge Assessment International Education,Cambridge International AS & A Level,AS & A Level,,,,,
Mathematical requirements,At AS Level and A Level,calculate perimeters of rectangles and circumferences of circles,Biology,Cambridge Assessment International Education,Cambridge International AS & A Level,AS & A Level,,,,,
Mathematical requirements,At AS Level and A Level,calculate surface areas and volumes of cuboids and cylinders,Biology,Cambridge Assessment International Education,Cambridge International AS & A Level,AS & A Level,,,,,
Mathematical requirements,At AS Level and A Level,"calculate the mean, median, mode and range of a set of values",Biology,Cambridge Assessment International Education,Cambridge International AS & A Level,AS & A Level,,,,,
Mathematical requirements,At AS Level and A Level,recognise and use ratios,Biology,Cambridge Assessment International Education,Cambridge International AS & A Level,AS & A Level,,,,,
Mathematical requirements,At AS Level and A Level,calculate percentages and percentage changes,Biology,Cambridge Assessment International Education,Cambridge International AS & A Level,AS & A Level,,,,,
Mathematical requirements,At AS Level and A Level,express errors in experimental work as percentage errors,Biology,Cambridge Assessment International Education,Cambridge International AS & A Level,AS & A Level,,,,,
Mathematical requirements,At AS Level and A Level,"translate information between graphical, numerical, and algebraic forms",Biology,Cambridge Assessment International Education,Cambridge International AS & A Level,AS & A Level,,,,,
Mathematical requirements,At AS Level and A Level,"construct and interpret diagrammatic representations of data, including line graphs, pie charts, bar charts and histograms",Biology,Cambridge Assessment International Education,Cambridge International AS & A Level,AS & A Level,,,,,
Mathematical requirements,At AS Level and A Level,"understand when data should be presented in the form of a bar chart, histogram or line graph",Biology,Cambridge Assessment International Education,Cambridge International AS & A Level,AS & A Level,,,,,
Mathematical requirements,At AS Level and A Level,plot data on graph paper with the variables correctly orientated on the axes and with each axis scaled appropriately,Biology,Cambridge Assessment International Education,Cambridge International AS & A Level,AS & A Level,,,,,
Mathematical requirements,At AS Level and A Level,recognise when it is appropriate to join the points on a graph with straight ruled lines and when it is appropriate to use a line (straight or curved) of best fit,Biology,Cambridge Assessment International Education,Cambridge International AS & A Level,AS & A Level,,,,,
Mathematical requirements,At AS Level and A Level,calculate the rate of change from the gradient of a straight line on a graph,Biology,Cambridge Assessment International Education,Cambridge International AS & A Level,AS & A Level,,,,,
Mathematical requirements,At AS Level and A Level,calculate the rate of change from the gradient of a tangent to a curved line on a graph.,Biology,Cambridge Assessment International Education,Cambridge International AS & A Level,AS & A Level,,,,,
Mathematical requirements,At A Level only,relate genetic ratios to probabilities,Biology,Cambridge Assessment International Education,Cambridge International AS & A Level,A Level,,,,,
Mathematical requirements,At A Level only,understand the principles of sampling as applied to biological situations and data,Biology,Cambridge Assessment International Education,Cambridge International AS & A Level,A Level,,,,,
Mathematical requirements,At A Level only,understand the importance of chance and probability when interpreting data,Biology,Cambridge Assessment International Education,Cambridge International AS & A Level,A Level,,,,,
Mathematical requirements,At A Level only,use the Hardy–Weinberg equations to calculate allele and genotype frequencies in populations (formulae will be provided – see Mathematical formulae),Biology,Cambridge Assessment International Education,Cambridge International AS & A Level,A Level,,,,,
Mathematical requirements,At A Level only,use the Lincoln index to calculate an estimate of population size using mark-release-recapture data (formula will be provided – see Mathematical formulae),Biology,Cambridge Assessment International Education,Cambridge International AS & A Level,A Level,,,,,
Mathematical requirements,At A Level only,calculate Simpson’s index of diversity (D) (formula will be provided – see Mathematical formulae),Biology,Cambridge Assessment International Education,Cambridge International AS & A Level,A Level,,,,,
Mathematical requirements,At A Level only,understand the difference between a normal distribution and a distribution that is non-normal,Biology,Cambridge Assessment International Education,Cambridge International AS & A Level,A Level,,,,,
Mathematical requirements,At A Level only,"understand the use of descriptive statistics to simplify data, including the mean, median, mode, range, standard deviation, standard error and 95% confidence intervals (mean, median, mode and range are also expected at AS Level)",Biology,Cambridge Assessment International Education,Cambridge International AS & A Level,A Level,,,,,
Mathematical requirements,At A Level only,"calculate sample standard deviation, standard error and 95% confidence intervals (formulae will be provided – see Mathematical formulae)",Biology,Cambridge Assessment International Education,Cambridge International AS & A Level,A Level,,,,,
Mathematical requirements,At A Level only,"use standard deviations, standard errors or 95% confidence intervals to plot error bars on graphs",Biology,Cambridge Assessment International Education,Cambridge International AS & A Level,A Level,,,,,
Mathematical requirements,At A Level only,understand the difference between correlation and causation and that a correlation does not necessarily imply a causative relationship,Biology,Cambridge Assessment International Education,Cambridge International AS & A Level,A Level,,,,,
Mathematical requirements,At A Level only,calculate the results of chi-squared tests and t-tests (formulae will be provided – see Mathematical formulae),Biology,Cambridge Assessment International Education,Cambridge International AS & A Level,A Level,,,,,
Mathematical requirements,At A Level only,calculate the number of degrees of freedom for chi-squared tests and t-tests (formulae will not be provided – see Mathematical formulae),Biology,Cambridge Assessment International Education,Cambridge International AS & A Level,A Level,,,,,
Mathematical requirements,At A Level only,"use the results of chi-squared tests and t-tests, together with the relevant probability tables of critical values, to assess the significance of differences (tables of critical values will be provided)",Biology,Cambridge Assessment International Education,Cambridge International AS & A Level,A Level,,,,,
Mathematical requirements,At A Level only,use Pearson’s linear correlation and Spearman’s rank correlation to test for correlation (formulae will be provided – see Mathematical formulae),Biology,Cambridge Assessment International Education,Cambridge International AS & A Level,A Level,,,,,
Mathematical requirements,At A Level only,"understand when it is appropriate to use the different statistical tests (chi-squared test, t-test, Pearson’s linear correlation and Spearman’s rank correlation) and the conditions in which each is valid.",Biology,Cambridge Assessment International Education,Cambridge International AS & A Level,A Level,,,,,
