Main Topic,Subtopic,Learning Outcome,Subject,Exam Board,Qualification,Level,Component Name,Paper Code,Duration (min),Total Marks,Weighting (%)
Atomic structure,Particles in the atom and atomic radius,Understand that atoms are mostly empty space surrounding a very small dense nucleus that contains protons and neutrons; electrons are found in shells in the empty space around the nucleus,Chemistry,Cambridge Assessment International Education,Cambridge International AS & A Level,AS Level,Paper 1,9701/1,75,40,31
Atomic structure,Particles in the atom and atomic radius,Understand that atoms are mostly empty space surrounding a very small dense nucleus that contains protons and neutrons; electrons are found in shells in the empty space around the nucleus,Chemistry,Cambridge Assessment International Education,Cambridge International AS & A Level,AS Level,Paper 2,9701/2,75,60,46
Atomic structure,Particles in the atom and atomic radius,"Identify and describe protons, neutrons and electrons in terms of their relative charges and relative masses",Chemistry,Cambridge Assessment International Education,Cambridge International AS & A Level,AS Level,Paper 1,9701/1,75,40,31
Atomic structure,Particles in the atom and atomic radius,"Identify and describe protons, neutrons and electrons in terms of their relative charges and relative masses",Chemistry,Cambridge Assessment International Education,Cambridge International AS & A Level,AS Level,Paper 2,9701/2,75,60,46
Atomic structure,Particles in the atom and atomic radius,Understand the terms atomic and proton number; mass and nucleon number,Chemistry,Cambridge Assessment International Education,Cambridge International AS & A Level,AS Level,Paper 1,9701/1,75,40,31
Atomic structure,Particles in the atom and atomic radius,Understand the terms atomic and proton number; mass and nucleon number,Chemistry,Cambridge Assessment International Education,Cambridge International AS & A Level,AS Level,Paper 2,9701/2,75,60,46
Atomic structure,Particles in the atom and atomic radius,Describe the distribution of mass and charge within an atom,Chemistry,Cambridge Assessment International Education,Cambridge International AS & A Level,AS Level,Paper 1,9701/1,75,40,31
Atomic structure,Particles in the atom and atomic radius,Describe the distribution of mass and charge within an atom,Chemistry,Cambridge Assessment International Education,Cambridge International AS & A Level,AS Level,Paper 2,9701/2,75,60,46
Atomic structure,Particles in the atom and atomic radius,"Describe the behaviour of beams of protons, neutrons and electrons moving at the same velocity in an electric field",Chemistry,Cambridge Assessment International Education,Cambridge International AS & A Level,AS Level,Paper 1,9701/1,75,40,31
Atomic structure,Particles in the atom and atomic radius,"Describe the behaviour of beams of protons, neutrons and electrons moving at the same velocity in an electric field",Chemistry,Cambridge Assessment International Education,Cambridge International AS & A Level,AS Level,Paper 2,9701/2,75,60,46
Atomic structure,Particles in the atom and atomic radius,"Determine the numbers of protons, neutrons and electrons present in both atoms and ions given atomic or proton number, mass or nucleon number and charge",Chemistry,Cambridge Assessment International Education,Cambridge International AS & A Level,AS Level,Paper 1,9701/1,75,40,31
Atomic structure,Particles in the atom and atomic radius,"Determine the numbers of protons, neutrons and electrons present in both atoms and ions given atomic or proton number, mass or nucleon number and charge",Chemistry,Cambridge Assessment International Education,Cambridge International AS & A Level,AS Level,Paper 2,9701/2,75,60,46
Atomic structure,Particles in the atom and atomic radius,State and explain qualitatively the variations in atomic radius and ionic radius across a period and down a group,Chemistry,Cambridge Assessment International Education,Cambridge International AS & A Level,AS Level,Paper 1,9701/1,75,40,31
Atomic structure,Particles in the atom and atomic radius,State and explain qualitatively the variations in atomic radius and ionic radius across a period and down a group,Chemistry,Cambridge Assessment International Education,Cambridge International AS & A Level,AS Level,Paper 2,9701/2,75,60,46
Atomic structure,Isotopes,Define the term isotope in terms of numbers of protons and neutrons,Chemistry,Cambridge Assessment International Education,Cambridge International AS & A Level,AS Level,Paper 1,9701/1,75,40,31
Atomic structure,Isotopes,Define the term isotope in terms of numbers of protons and neutrons,Chemistry,Cambridge Assessment International Education,Cambridge International AS & A Level,AS Level,Paper 2,9701/2,75,60,46
Atomic structure,Isotopes,Understand the notation ^A_y X for isotopes where x is the mass or nucleon number and y is the atomic or proton number,Chemistry,Cambridge Assessment International Education,Cambridge International AS & A Level,AS Level,Paper 1,9701/1,75,40,31
Atomic structure,Isotopes,Understand the notation ^A_y X for isotopes where x is the mass or nucleon number and y is the atomic or proton number,Chemistry,Cambridge Assessment International Education,Cambridge International AS & A Level,AS Level,Paper 2,9701/2,75,60,46
Atomic structure,Isotopes,State that and explain why isotopes of the same element have the same chemical properties,Chemistry,Cambridge Assessment International Education,Cambridge International AS & A Level,AS Level,Paper 1,9701/1,75,40,31
Atomic structure,Isotopes,State that and explain why isotopes of the same element have the same chemical properties,Chemistry,Cambridge Assessment International Education,Cambridge International AS & A Level,AS Level,Paper 2,9701/2,75,60,46
Atomic structure,Isotopes,State that and explain why isotopes of the same element have different physical properties limited to mass and density,Chemistry,Cambridge Assessment International Education,Cambridge International AS & A Level,AS Level,Paper 1,9701/1,75,40,31
Atomic structure,Isotopes,State that and explain why isotopes of the same element have different physical properties limited to mass and density,Chemistry,Cambridge Assessment International Education,Cambridge International AS & A Level,AS Level,Paper 2,9701/2,75,60,46
Atomic structure,"Electrons, energy levels and atomic orbitals","Understand the terms: shells, sub-shells and orbitals; principal quantum number (n); ground state limited to electronic configuration",Chemistry,Cambridge Assessment International Education,Cambridge International AS & A Level,AS Level,Paper 1,9701/1,75,40,31
Atomic structure,"Electrons, energy levels and atomic orbitals","Understand the terms: shells, sub-shells and orbitals; principal quantum number (n); ground state limited to electronic configuration",Chemistry,Cambridge Assessment International Education,Cambridge International AS & A Level,AS Level,Paper 2,9701/2,75,60,46
Atomic structure,"Electrons, energy levels and atomic orbitals","Describe the number of orbitals making up s, p and d sub-shells and the number of electrons that can fill s, p and d sub-shells",Chemistry,Cambridge Assessment International Education,Cambridge International AS & A Level,AS Level,Paper 1,9701/1,75,40,31
Atomic structure,"Electrons, energy levels and atomic orbitals","Describe the number of orbitals making up s, p and d sub-shells and the number of electrons that can fill s, p and d sub-shells",Chemistry,Cambridge Assessment International Education,Cambridge International AS & A Level,AS Level,Paper 2,9701/2,75,60,46
Atomic structure,"Electrons, energy levels and atomic orbitals",Describe the order of increasing energy of the sub-shells within the first three shells and the 4s and 4p sub-shells,Chemistry,Cambridge Assessment International Education,Cambridge International AS & A Level,AS Level,Paper 1,9701/1,75,40,31
Atomic structure,"Electrons, energy levels and atomic orbitals",Describe the order of increasing energy of the sub-shells within the first three shells and the 4s and 4p sub-shells,Chemistry,Cambridge Assessment International Education,Cambridge International AS & A Level,AS Level,Paper 2,9701/2,75,60,46
Atomic structure,"Electrons, energy levels and atomic orbitals","Describe the electronic configurations to include the number of electrons in each shell, sub-shell and orbital",Chemistry,Cambridge Assessment International Education,Cambridge International AS & A Level,AS Level,Paper 1,9701/1,75,40,31
Atomic structure,"Electrons, energy levels and atomic orbitals","Describe the electronic configurations to include the number of electrons in each shell, sub-shell and orbital",Chemistry,Cambridge Assessment International Education,Cambridge International AS & A Level,AS Level,Paper 2,9701/2,75,60,46
Atomic structure,"Electrons, energy levels and atomic orbitals",Explain the electronic configurations in terms of energy of the electrons and inter-electron repulsion,Chemistry,Cambridge Assessment International Education,Cambridge International AS & A Level,AS Level,Paper 1,9701/1,75,40,31
Atomic structure,"Electrons, energy levels and atomic orbitals",Explain the electronic configurations in terms of energy of the electrons and inter-electron repulsion,Chemistry,Cambridge Assessment International Education,Cambridge International AS & A Level,AS Level,Paper 2,9701/2,75,60,46
Atomic structure,"Electrons, energy levels and atomic orbitals",Determine the electronic configuration of atoms and ions given the atomic or proton number and charge using either convention,Chemistry,Cambridge Assessment International Education,Cambridge International AS & A Level,AS Level,Paper 1,9701/1,75,40,31
Atomic structure,"Electrons, energy levels and atomic orbitals",Determine the electronic configuration of atoms and ions given the atomic or proton number and charge using either convention,Chemistry,Cambridge Assessment International Education,Cambridge International AS & A Level,AS Level,Paper 2,9701/2,75,60,46
Atomic structure,"Electrons, energy levels and atomic orbitals",Understand and use the electrons in boxes notation,Chemistry,Cambridge Assessment International Education,Cambridge International AS & A Level,AS Level,Paper 1,9701/1,75,40,31
Atomic structure,"Electrons, energy levels and atomic orbitals",Understand and use the electrons in boxes notation,Chemistry,Cambridge Assessment International Education,Cambridge International AS & A Level,AS Level,Paper 2,9701/2,75,60,46
Atomic structure,"Electrons, energy levels and atomic orbitals",Describe and sketch the shapes of s and p orbitals,Chemistry,Cambridge Assessment International Education,Cambridge International AS & A Level,AS Level,Paper 1,9701/1,75,40,31
Atomic structure,"Electrons, energy levels and atomic orbitals",Describe and sketch the shapes of s and p orbitals,Chemistry,Cambridge Assessment International Education,Cambridge International AS & A Level,AS Level,Paper 2,9701/2,75,60,46
Atomic structure,"Electrons, energy levels and atomic orbitals",Describe a free radical as a species with one or more unpaired electrons,Chemistry,Cambridge Assessment International Education,Cambridge International AS & A Level,AS Level,Paper 1,9701/1,75,40,31
Atomic structure,"Electrons, energy levels and atomic orbitals",Describe a free radical as a species with one or more unpaired electrons,Chemistry,Cambridge Assessment International Education,Cambridge International AS & A Level,AS Level,Paper 2,9701/2,75,60,46
Atomic structure,Ionisation energy,Define and use the term first ionisation energy IE,Chemistry,Cambridge Assessment International Education,Cambridge International AS & A Level,AS Level,Paper 1,9701/1,75,40,31
Atomic structure,Ionisation energy,Define and use the term first ionisation energy IE,Chemistry,Cambridge Assessment International Education,Cambridge International AS & A Level,AS Level,Paper 2,9701/2,75,60,46
Atomic structure,Ionisation energy,"Construct equations to represent first, second and subsequent ionisation energies",Chemistry,Cambridge Assessment International Education,Cambridge International AS & A Level,AS Level,Paper 1,9701/1,75,40,31
Atomic structure,Ionisation energy,"Construct equations to represent first, second and subsequent ionisation energies",Chemistry,Cambridge Assessment International Education,Cambridge International AS & A Level,AS Level,Paper 2,9701/2,75,60,46
Atomic structure,Ionisation energy,Identify and explain the trends in ionisation energies across a period and down a group of the Periodic Table,Chemistry,Cambridge Assessment International Education,Cambridge International AS & A Level,AS Level,Paper 1,9701/1,75,40,31
Atomic structure,Ionisation energy,Identify and explain the trends in ionisation energies across a period and down a group of the Periodic Table,Chemistry,Cambridge Assessment International Education,Cambridge International AS & A Level,AS Level,Paper 2,9701/2,75,60,46
Atomic structure,Ionisation energy,Identify and explain the variation in successive ionisation energies of an element,Chemistry,Cambridge Assessment International Education,Cambridge International AS & A Level,AS Level,Paper 1,9701/1,75,40,31
Atomic structure,Ionisation energy,Identify and explain the variation in successive ionisation energies of an element,Chemistry,Cambridge Assessment International Education,Cambridge International AS & A Level,AS Level,Paper 2,9701/2,75,60,46
Atomic structure,Ionisation energy,Understand that ionisation energies are due to the attraction between the nucleus and the outer electron,Chemistry,Cambridge Assessment International Education,Cambridge International AS & A Level,AS Level,Paper 1,9701/1,75,40,31
Atomic structure,Ionisation energy,Understand that ionisation energies are due to the attraction between the nucleus and the outer electron,Chemistry,Cambridge Assessment International Education,Cambridge International AS & A Level,AS Level,Paper 2,9701/2,75,60,46
Atomic structure,Ionisation energy,"Explain the factors influencing the ionisation energies of elements in terms of nuclear charge, atomic/ionic radius, shielding by inner shells and sub-shells and spin-pair repulsion",Chemistry,Cambridge Assessment International Education,Cambridge International AS & A Level,AS Level,Paper 1,9701/1,75,40,31
Atomic structure,Ionisation energy,"Explain the factors influencing the ionisation energies of elements in terms of nuclear charge, atomic/ionic radius, shielding by inner shells and sub-shells and spin-pair repulsion",Chemistry,Cambridge Assessment International Education,Cambridge International AS & A Level,AS Level,Paper 2,9701/2,75,60,46
Atomic structure,Ionisation energy,Deduce the electronic configurations of elements using successive ionisation energy data,Chemistry,Cambridge Assessment International Education,Cambridge International AS & A Level,AS Level,Paper 1,9701/1,75,40,31
Atomic structure,Ionisation energy,Deduce the electronic configurations of elements using successive ionisation energy data,Chemistry,Cambridge Assessment International Education,Cambridge International AS & A Level,AS Level,Paper 2,9701/2,75,60,46
Atomic structure,Ionisation energy,Deduce the position of an element in the Periodic Table using successive ionisation energy data,Chemistry,Cambridge Assessment International Education,Cambridge International AS & A Level,AS Level,Paper 1,9701/1,75,40,31
Atomic structure,Ionisation energy,Deduce the position of an element in the Periodic Table using successive ionisation energy data,Chemistry,Cambridge Assessment International Education,Cambridge International AS & A Level,AS Level,Paper 2,9701/2,75,60,46
"Atoms, molecules and stoichiometry",Relative masses of atoms and molecules,Define the unified atomic mass unit as one twelfth of the mass of a carbon-12 atom,Chemistry,Cambridge Assessment International Education,Cambridge International AS & A Level,AS Level,Paper 1,9701/1,75,40,31
"Atoms, molecules and stoichiometry",Relative masses of atoms and molecules,Define the unified atomic mass unit as one twelfth of the mass of a carbon-12 atom,Chemistry,Cambridge Assessment International Education,Cambridge International AS & A Level,AS Level,Paper 2,9701/2,75,60,46
"Atoms, molecules and stoichiometry",Relative masses of atoms and molecules,Define relative atomic mass Ar relative isotopic mass relative molecular mass Mr and relative formula mass in terms of the unified atomic mass unit,Chemistry,Cambridge Assessment International Education,Cambridge International AS & A Level,AS Level,Paper 1,9701/1,75,40,31
"Atoms, molecules and stoichiometry",Relative masses of atoms and molecules,Define relative atomic mass Ar relative isotopic mass relative molecular mass Mr and relative formula mass in terms of the unified atomic mass unit,Chemistry,Cambridge Assessment International Education,Cambridge International AS & A Level,AS Level,Paper 2,9701/2,75,60,46
"Atoms, molecules and stoichiometry",The mole and the Avogadro constant,Define and use the term mole in terms of the Avogadro constant,Chemistry,Cambridge Assessment International Education,Cambridge International AS & A Level,AS Level,Paper 1,9701/1,75,40,31
"Atoms, molecules and stoichiometry",The mole and the Avogadro constant,Define and use the term mole in terms of the Avogadro constant,Chemistry,Cambridge Assessment International Education,Cambridge International AS & A Level,AS Level,Paper 2,9701/2,75,60,46
"Atoms, molecules and stoichiometry",Formulas,Write formulas of ionic compounds from ionic charges and oxidation numbers including prediction of ionic charge from position in Periodic Table and recall of names and formulas for specified ions,Chemistry,Cambridge Assessment International Education,Cambridge International AS & A Level,AS Level,Paper 1,9701/1,75,40,31
"Atoms, molecules and stoichiometry",Formulas,Write formulas of ionic compounds from ionic charges and oxidation numbers including prediction of ionic charge from position in Periodic Table and recall of names and formulas for specified ions,Chemistry,Cambridge Assessment International Education,Cambridge International AS & A Level,AS Level,Paper 2,9701/2,75,60,46
"Atoms, molecules and stoichiometry",Formulas,Write and construct equations including ionic equations and use appropriate state symbols in equations,Chemistry,Cambridge Assessment International Education,Cambridge International AS & A Level,AS Level,Paper 1,9701/1,75,40,31
"Atoms, molecules and stoichiometry",Formulas,Write and construct equations including ionic equations and use appropriate state symbols in equations,Chemistry,Cambridge Assessment International Education,Cambridge International AS & A Level,AS Level,Paper 2,9701/2,75,60,46
"Atoms, molecules and stoichiometry",Formulas,Define and use the terms empirical and molecular formula,Chemistry,Cambridge Assessment International Education,Cambridge International AS & A Level,AS Level,Paper 1,9701/1,75,40,31
"Atoms, molecules and stoichiometry",Formulas,Define and use the terms empirical and molecular formula,Chemistry,Cambridge Assessment International Education,Cambridge International AS & A Level,AS Level,Paper 2,9701/2,75,60,46
"Atoms, molecules and stoichiometry",Formulas,Understand and use the terms anhydrous hydrated and water of crystallisation,Chemistry,Cambridge Assessment International Education,Cambridge International AS & A Level,AS Level,Paper 1,9701/1,75,40,31
"Atoms, molecules and stoichiometry",Formulas,Understand and use the terms anhydrous hydrated and water of crystallisation,Chemistry,Cambridge Assessment International Education,Cambridge International AS & A Level,AS Level,Paper 2,9701/2,75,60,46
"Atoms, molecules and stoichiometry",Formulas,Calculate empirical and molecular formulas using given data,Chemistry,Cambridge Assessment International Education,Cambridge International AS & A Level,AS Level,Paper 1,9701/1,75,40,31
"Atoms, molecules and stoichiometry",Formulas,Calculate empirical and molecular formulas using given data,Chemistry,Cambridge Assessment International Education,Cambridge International AS & A Level,AS Level,Paper 2,9701/2,75,60,46
"Atoms, molecules and stoichiometry",Reacting masses and volumes (of solutions and gases),Perform calculations including use of the mole concept involving reacting masses including percentage yield calculations,Chemistry,Cambridge Assessment International Education,Cambridge International AS & A Level,AS Level,Paper 1,9701/1,75,40,31
"Atoms, molecules and stoichiometry",Reacting masses and volumes (of solutions and gases),Perform calculations including use of the mole concept involving reacting masses including percentage yield calculations,Chemistry,Cambridge Assessment International Education,Cambridge International AS & A Level,AS Level,Paper 2,9701/2,75,60,46
"Atoms, molecules and stoichiometry",Reacting masses and volumes (of solutions and gases),Perform calculations including use of the mole concept involving volumes of gases,Chemistry,Cambridge Assessment International Education,Cambridge International AS & A Level,AS Level,Paper 1,9701/1,75,40,31
"Atoms, molecules and stoichiometry",Reacting masses and volumes (of solutions and gases),Perform calculations including use of the mole concept involving volumes of gases,Chemistry,Cambridge Assessment International Education,Cambridge International AS & A Level,AS Level,Paper 2,9701/2,75,60,46
"Atoms, molecules and stoichiometry",Reacting masses and volumes (of solutions and gases),Perform calculations including use of the mole concept involving volumes and concentrations of solutions,Chemistry,Cambridge Assessment International Education,Cambridge International AS & A Level,AS Level,Paper 1,9701/1,75,40,31
"Atoms, molecules and stoichiometry",Reacting masses and volumes (of solutions and gases),Perform calculations including use of the mole concept involving volumes and concentrations of solutions,Chemistry,Cambridge Assessment International Education,Cambridge International AS & A Level,AS Level,Paper 2,9701/2,75,60,46
"Atoms, molecules and stoichiometry",Reacting masses and volumes (of solutions and gases),Perform calculations including use of the mole concept involving limiting reagent and excess reagent,Chemistry,Cambridge Assessment International Education,Cambridge International AS & A Level,AS Level,Paper 1,9701/1,75,40,31
"Atoms, molecules and stoichiometry",Reacting masses and volumes (of solutions and gases),Perform calculations including use of the mole concept involving limiting reagent and excess reagent,Chemistry,Cambridge Assessment International Education,Cambridge International AS & A Level,AS Level,Paper 2,9701/2,75,60,46
"Atoms, molecules and stoichiometry",Reacting masses and volumes (of solutions and gases),Deduce stoichiometric relationships from calculations,Chemistry,Cambridge Assessment International Education,Cambridge International AS & A Level,AS Level,Paper 1,9701/1,75,40,31
"Atoms, molecules and stoichiometry",Reacting masses and volumes (of solutions and gases),Deduce stoichiometric relationships from calculations,Chemistry,Cambridge Assessment International Education,Cambridge International AS & A Level,AS Level,Paper 2,9701/2,75,60,46
Chemical bonding,Electronegativity and bonding,Define electronegativity as the power of an atom to attract electrons to itself,Chemistry,Cambridge Assessment International Education,Cambridge International AS & A Level,AS Level,Paper 1,9701/1,75,40,31
Chemical bonding,Electronegativity and bonding,Define electronegativity as the power of an atom to attract electrons to itself,Chemistry,Cambridge Assessment International Education,Cambridge International AS & A Level,AS Level,Paper 2,9701/2,75,60,46
Chemical bonding,Electronegativity and bonding,Explain the factors influencing the electronegativities of the elements in terms of nuclear charge atomic radius and shielding by inner shells and sub-shells,Chemistry,Cambridge Assessment International Education,Cambridge International AS & A Level,AS Level,Paper 1,9701/1,75,40,31
Chemical bonding,Electronegativity and bonding,Explain the factors influencing the electronegativities of the elements in terms of nuclear charge atomic radius and shielding by inner shells and sub-shells,Chemistry,Cambridge Assessment International Education,Cambridge International AS & A Level,AS Level,Paper 2,9701/2,75,60,46
Chemical bonding,Electronegativity and bonding,State and explain the trends in electronegativity across a period and down a group of the Periodic Table,Chemistry,Cambridge Assessment International Education,Cambridge International AS & A Level,AS Level,Paper 1,9701/1,75,40,31
Chemical bonding,Electronegativity and bonding,State and explain the trends in electronegativity across a period and down a group of the Periodic Table,Chemistry,Cambridge Assessment International Education,Cambridge International AS & A Level,AS Level,Paper 2,9701/2,75,60,46
Chemical bonding,Electronegativity and bonding,Use the differences in Pauling electronegativity values to predict the formation of ionic and covalent bonds,Chemistry,Cambridge Assessment International Education,Cambridge International AS & A Level,AS Level,Paper 1,9701/1,75,40,31
Chemical bonding,Electronegativity and bonding,Use the differences in Pauling electronegativity values to predict the formation of ionic and covalent bonds,Chemistry,Cambridge Assessment International Education,Cambridge International AS & A Level,AS Level,Paper 2,9701/2,75,60,46
Chemical bonding,Ionic bonding,Define ionic bonding as the electrostatic attraction between oppositely charged ions,Chemistry,Cambridge Assessment International Education,Cambridge International AS & A Level,AS Level,Paper 1,9701/1,75,40,31
Chemical bonding,Ionic bonding,Define ionic bonding as the electrostatic attraction between oppositely charged ions,Chemistry,Cambridge Assessment International Education,Cambridge International AS & A Level,AS Level,Paper 2,9701/2,75,60,46
Chemical bonding,Ionic bonding,Describe ionic bonding including the examples of sodium chloride magnesium oxide and calcium fluoride,Chemistry,Cambridge Assessment International Education,Cambridge International AS & A Level,AS Level,Paper 1,9701/1,75,40,31
Chemical bonding,Ionic bonding,Describe ionic bonding including the examples of sodium chloride magnesium oxide and calcium fluoride,Chemistry,Cambridge Assessment International Education,Cambridge International AS & A Level,AS Level,Paper 2,9701/2,75,60,46
Chemical bonding,Metallic bonding,Define metallic bonding as the electrostatic attraction between positive metal ions and delocalised electrons,Chemistry,Cambridge Assessment International Education,Cambridge International AS & A Level,AS Level,Paper 1,9701/1,75,40,31
Chemical bonding,Metallic bonding,Define metallic bonding as the electrostatic attraction between positive metal ions and delocalised electrons,Chemistry,Cambridge Assessment International Education,Cambridge International AS & A Level,AS Level,Paper 2,9701/2,75,60,46
Chemical bonding,Covalent bonding and coordinate (dative covalent) bonding,Define covalent bonding as electrostatic attraction between the nuclei of two atoms and a shared pair of electrons,Chemistry,Cambridge Assessment International Education,Cambridge International AS & A Level,AS Level,Paper 1,9701/1,75,40,31
Chemical bonding,Covalent bonding and coordinate (dative covalent) bonding,Define covalent bonding as electrostatic attraction between the nuclei of two atoms and a shared pair of electrons,Chemistry,Cambridge Assessment International Education,Cambridge International AS & A Level,AS Level,Paper 2,9701/2,75,60,46
Chemical bonding,Covalent bonding and coordinate (dative covalent) bonding,Describe covalent bonding in molecules including hydrogen oxygen nitrogen chlorine hydrogen chloride carbon dioxide ammonia methane ethane and ethene,Chemistry,Cambridge Assessment International Education,Cambridge International AS & A Level,AS Level,Paper 1,9701/1,75,40,31
Chemical bonding,Covalent bonding and coordinate (dative covalent) bonding,Describe covalent bonding in molecules including hydrogen oxygen nitrogen chlorine hydrogen chloride carbon dioxide ammonia methane ethane and ethene,Chemistry,Cambridge Assessment International Education,Cambridge International AS & A Level,AS Level,Paper 2,9701/2,75,60,46
Chemical bonding,Covalent bonding and coordinate (dative covalent) bonding,Understand that elements in period 3 can expand their octet including in the compounds sulfur dioxide phosphorus pentachloride and sulfur hexafluoride,Chemistry,Cambridge Assessment International Education,Cambridge International AS & A Level,AS Level,Paper 1,9701/1,75,40,31
Chemical bonding,Covalent bonding and coordinate (dative covalent) bonding,Understand that elements in period 3 can expand their octet including in the compounds sulfur dioxide phosphorus pentachloride and sulfur hexafluoride,Chemistry,Cambridge Assessment International Education,Cambridge International AS & A Level,AS Level,Paper 2,9701/2,75,60,46
Chemical bonding,Covalent bonding and coordinate (dative covalent) bonding,Describe coordinate (dative covalent) bonding including in the reaction between ammonia and hydrogen chloride to form the ammonium ion and in the Al2Cl6 molecule,Chemistry,Cambridge Assessment International Education,Cambridge International AS & A Level,AS Level,Paper 1,9701/1,75,40,31
Chemical bonding,Covalent bonding and coordinate (dative covalent) bonding,Describe coordinate (dative covalent) bonding including in the reaction between ammonia and hydrogen chloride to form the ammonium ion and in the Al2Cl6 molecule,Chemistry,Cambridge Assessment International Education,Cambridge International AS & A Level,AS Level,Paper 2,9701/2,75,60,46
Chemical bonding,Covalent bonding and coordinate (dative covalent) bonding,Describe covalent bonds in terms of orbital overlap giving sigma and pi bonds,Chemistry,Cambridge Assessment International Education,Cambridge International AS & A Level,AS Level,Paper 1,9701/1,75,40,31
Chemical bonding,Covalent bonding and coordinate (dative covalent) bonding,Describe covalent bonds in terms of orbital overlap giving sigma and pi bonds,Chemistry,Cambridge Assessment International Education,Cambridge International AS & A Level,AS Level,Paper 2,9701/2,75,60,46
Chemical bonding,Covalent bonding and coordinate (dative covalent) bonding,Describe how the sigma and pi bonds form in molecules including H2 C2H6 C2H4 HCN and N2,Chemistry,Cambridge Assessment International Education,Cambridge International AS & A Level,AS Level,Paper 1,9701/1,75,40,31
Chemical bonding,Covalent bonding and coordinate (dative covalent) bonding,Describe how the sigma and pi bonds form in molecules including H2 C2H6 C2H4 HCN and N2,Chemistry,Cambridge Assessment International Education,Cambridge International AS & A Level,AS Level,Paper 2,9701/2,75,60,46
Chemical bonding,Covalent bonding and coordinate (dative covalent) bonding,Use the concept of hybridisation to describe sp sp2 and sp3 orbitals,Chemistry,Cambridge Assessment International Education,Cambridge International AS & A Level,AS Level,Paper 1,9701/1,75,40,31
Chemical bonding,Covalent bonding and coordinate (dative covalent) bonding,Use the concept of hybridisation to describe sp sp2 and sp3 orbitals,Chemistry,Cambridge Assessment International Education,Cambridge International AS & A Level,AS Level,Paper 2,9701/2,75,60,46
Chemical bonding,Covalent bonding and coordinate (dative covalent) bonding,Define the terms bond energy and bond length,Chemistry,Cambridge Assessment International Education,Cambridge International AS & A Level,AS Level,Paper 1,9701/1,75,40,31
Chemical bonding,Covalent bonding and coordinate (dative covalent) bonding,Define the terms bond energy and bond length,Chemistry,Cambridge Assessment International Education,Cambridge International AS & A Level,AS Level,Paper 2,9701/2,75,60,46
Chemical bonding,Covalent bonding and coordinate (dative covalent) bonding,Use bond energy values and the concept of bond length to compare the reactivity of covalent molecules,Chemistry,Cambridge Assessment International Education,Cambridge International AS & A Level,AS Level,Paper 1,9701/1,75,40,31
Chemical bonding,Covalent bonding and coordinate (dative covalent) bonding,Use bond energy values and the concept of bond length to compare the reactivity of covalent molecules,Chemistry,Cambridge Assessment International Education,Cambridge International AS & A Level,AS Level,Paper 2,9701/2,75,60,46
Chemical bonding,Shapes of molecules,State and explain the shapes of and bond angles in molecules by using VSEPR theory including BF3 CO2 CH4 NH3 H2O SF6 and PF5,Chemistry,Cambridge Assessment International Education,Cambridge International AS & A Level,AS Level,Paper 1,9701/1,75,40,31
Chemical bonding,Shapes of molecules,State and explain the shapes of and bond angles in molecules by using VSEPR theory including BF3 CO2 CH4 NH3 H2O SF6 and PF5,Chemistry,Cambridge Assessment International Education,Cambridge International AS & A Level,AS Level,Paper 2,9701/2,75,60,46
Chemical bonding,Shapes of molecules,Predict the shapes of and bond angles in molecules and ions analogous to those specified,Chemistry,Cambridge Assessment International Education,Cambridge International AS & A Level,AS Level,Paper 1,9701/1,75,40,31
Chemical bonding,Shapes of molecules,Predict the shapes of and bond angles in molecules and ions analogous to those specified,Chemistry,Cambridge Assessment International Education,Cambridge International AS & A Level,AS Level,Paper 2,9701/2,75,60,46
Chemical bonding,"Intermolecular forces, electronegativity and bond properties",Describe hydrogen bonding limited to molecules containing N-H and O-H groups including ammonia and water,Chemistry,Cambridge Assessment International Education,Cambridge International AS & A Level,AS Level,Paper 1,9701/1,75,40,31
Chemical bonding,"Intermolecular forces, electronegativity and bond properties",Describe hydrogen bonding limited to molecules containing N-H and O-H groups including ammonia and water,Chemistry,Cambridge Assessment International Education,Cambridge International AS & A Level,AS Level,Paper 2,9701/2,75,60,46
Chemical bonding,"Intermolecular forces, electronegativity and bond properties","Use the concept of hydrogen bonding to explain the anomalous properties of H2O including its relatively high melting and boiling points, high surface tension and density of ice compared with liquid water",Chemistry,Cambridge Assessment International Education,Cambridge International AS & A Level,AS Level,Paper 1,9701/1,75,40,31
Chemical bonding,"Intermolecular forces, electronegativity and bond properties","Use the concept of hydrogen bonding to explain the anomalous properties of H2O including its relatively high melting and boiling points, high surface tension and density of ice compared with liquid water",Chemistry,Cambridge Assessment International Education,Cambridge International AS & A Level,AS Level,Paper 2,9701/2,75,60,46
Chemical bonding,"Intermolecular forces, electronegativity and bond properties",Use the concept of electronegativity to explain bond polarity and dipole moments of molecules,Chemistry,Cambridge Assessment International Education,Cambridge International AS & A Level,AS Level,Paper 1,9701/1,75,40,31
Chemical bonding,"Intermolecular forces, electronegativity and bond properties",Use the concept of electronegativity to explain bond polarity and dipole moments of molecules,Chemistry,Cambridge Assessment International Education,Cambridge International AS & A Level,AS Level,Paper 2,9701/2,75,60,46
Chemical bonding,"Intermolecular forces, electronegativity and bond properties",Describe van der Waals' forces as the intermolecular forces between molecular entities other than those due to bond formation,Chemistry,Cambridge Assessment International Education,Cambridge International AS & A Level,AS Level,Paper 1,9701/1,75,40,31
Chemical bonding,"Intermolecular forces, electronegativity and bond properties",Describe van der Waals' forces as the intermolecular forces between molecular entities other than those due to bond formation,Chemistry,Cambridge Assessment International Education,Cambridge International AS & A Level,AS Level,Paper 2,9701/2,75,60,46
Chemical bonding,"Intermolecular forces, electronegativity and bond properties",Describe the types of van der Waals' forces: instantaneous dipole-induced dipole forces and permanent dipole-permanent dipole forces including hydrogen bonding,Chemistry,Cambridge Assessment International Education,Cambridge International AS & A Level,AS Level,Paper 1,9701/1,75,40,31
Chemical bonding,"Intermolecular forces, electronegativity and bond properties",Describe the types of van der Waals' forces: instantaneous dipole-induced dipole forces and permanent dipole-permanent dipole forces including hydrogen bonding,Chemistry,Cambridge Assessment International Education,Cambridge International AS & A Level,AS Level,Paper 2,9701/2,75,60,46
Chemical bonding,"Intermolecular forces, electronegativity and bond properties",State that in general ionic covalent and metallic bonding are stronger than intermolecular forces,Chemistry,Cambridge Assessment International Education,Cambridge International AS & A Level,AS Level,Paper 1,9701/1,75,40,31
Chemical bonding,"Intermolecular forces, electronegativity and bond properties",State that in general ionic covalent and metallic bonding are stronger than intermolecular forces,Chemistry,Cambridge Assessment International Education,Cambridge International AS & A Level,AS Level,Paper 2,9701/2,75,60,46
Chemical bonding,Dot-and-cross diagrams,Use dot-and-cross diagrams to illustrate ionic covalent and coordinate bonding including the representation of any compounds stated,Chemistry,Cambridge Assessment International Education,Cambridge International AS & A Level,AS Level,Paper 1,9701/1,75,40,31
Chemical bonding,Dot-and-cross diagrams,Use dot-and-cross diagrams to illustrate ionic covalent and coordinate bonding including the representation of any compounds stated,Chemistry,Cambridge Assessment International Education,Cambridge International AS & A Level,AS Level,Paper 2,9701/2,75,60,46
States of matter,The gaseous state: ideal and real gases and pV = nRT,Explain the origin of pressure in a gas in terms of collisions between gas molecules and the wall of the container,Chemistry,Cambridge Assessment International Education,Cambridge International AS & A Level,AS Level,Paper 1,9701/1,75,40,31
States of matter,The gaseous state: ideal and real gases and pV = nRT,Explain the origin of pressure in a gas in terms of collisions between gas molecules and the wall of the container,Chemistry,Cambridge Assessment International Education,Cambridge International AS & A Level,AS Level,Paper 2,9701/2,75,60,46
States of matter,The gaseous state: ideal and real gases and pV = nRT,Understand that ideal gases have zero particle volume and no intermolecular forces of attraction,Chemistry,Cambridge Assessment International Education,Cambridge International AS & A Level,AS Level,Paper 1,9701/1,75,40,31
States of matter,The gaseous state: ideal and real gases and pV = nRT,Understand that ideal gases have zero particle volume and no intermolecular forces of attraction,Chemistry,Cambridge Assessment International Education,Cambridge International AS & A Level,AS Level,Paper 2,9701/2,75,60,46
States of matter,The gaseous state: ideal and real gases and pV = nRT,State and use the ideal gas equation pV = nRT in calculations including in the determination of Mr,Chemistry,Cambridge Assessment International Education,Cambridge International AS & A Level,AS Level,Paper 1,9701/1,75,40,31
States of matter,The gaseous state: ideal and real gases and pV = nRT,State and use the ideal gas equation pV = nRT in calculations including in the determination of Mr,Chemistry,Cambridge Assessment International Education,Cambridge International AS & A Level,AS Level,Paper 2,9701/2,75,60,46
States of matter,Bonding and structure,Describe in simple terms the lattice structure of a crystalline solid which is giant ionic including sodium chloride and magnesium oxide,Chemistry,Cambridge Assessment International Education,Cambridge International AS & A Level,AS Level,Paper 1,9701/1,75,40,31
States of matter,Bonding and structure,Describe in simple terms the lattice structure of a crystalline solid which is giant ionic including sodium chloride and magnesium oxide,Chemistry,Cambridge Assessment International Education,Cambridge International AS & A Level,AS Level,Paper 2,9701/2,75,60,46
States of matter,Bonding and structure,Describe in simple terms the lattice structure of a crystalline solid which is simple molecular including iodine buckminsterfullerene C60 and ice,Chemistry,Cambridge Assessment International Education,Cambridge International AS & A Level,AS Level,Paper 1,9701/1,75,40,31
States of matter,Bonding and structure,Describe in simple terms the lattice structure of a crystalline solid which is simple molecular including iodine buckminsterfullerene C60 and ice,Chemistry,Cambridge Assessment International Education,Cambridge International AS & A Level,AS Level,Paper 2,9701/2,75,60,46
States of matter,Bonding and structure,Describe in simple terms the lattice structure of a crystalline solid which is giant molecular including silicon(IV) oxide graphite and diamond,Chemistry,Cambridge Assessment International Education,Cambridge International AS & A Level,AS Level,Paper 1,9701/1,75,40,31
States of matter,Bonding and structure,Describe in simple terms the lattice structure of a crystalline solid which is giant molecular including silicon(IV) oxide graphite and diamond,Chemistry,Cambridge Assessment International Education,Cambridge International AS & A Level,AS Level,Paper 2,9701/2,75,60,46
States of matter,Bonding and structure,Describe in simple terms the lattice structure of a crystalline solid which is giant metallic including copper,Chemistry,Cambridge Assessment International Education,Cambridge International AS & A Level,AS Level,Paper 1,9701/1,75,40,31
States of matter,Bonding and structure,Describe in simple terms the lattice structure of a crystalline solid which is giant metallic including copper,Chemistry,Cambridge Assessment International Education,Cambridge International AS & A Level,AS Level,Paper 2,9701/2,75,60,46
States of matter,Bonding and structure,Describe interpret and predict the effect of different types of structure and bonding on the physical properties of substances including melting point boiling point electrical conductivity and solubility,Chemistry,Cambridge Assessment International Education,Cambridge International AS & A Level,AS Level,Paper 1,9701/1,75,40,31
States of matter,Bonding and structure,Describe interpret and predict the effect of different types of structure and bonding on the physical properties of substances including melting point boiling point electrical conductivity and solubility,Chemistry,Cambridge Assessment International Education,Cambridge International AS & A Level,AS Level,Paper 2,9701/2,75,60,46
States of matter,Bonding and structure,Deduce the type of structure and bonding present in a substance from given information,Chemistry,Cambridge Assessment International Education,Cambridge International AS & A Level,AS Level,Paper 1,9701/1,75,40,31
States of matter,Bonding and structure,Deduce the type of structure and bonding present in a substance from given information,Chemistry,Cambridge Assessment International Education,Cambridge International AS & A Level,AS Level,Paper 2,9701/2,75,60,46
Chemical energetics,"Enthalpy change, Delta H",Understand that chemical reactions are accompanied by enthalpy changes and these changes can be exothermic or endothermic,Chemistry,Cambridge Assessment International Education,Cambridge International AS & A Level,AS Level,Paper 1,9701/1,75,40,31
Chemical energetics,"Enthalpy change, Delta H",Understand that chemical reactions are accompanied by enthalpy changes and these changes can be exothermic or endothermic,Chemistry,Cambridge Assessment International Education,Cambridge International AS & A Level,AS Level,Paper 2,9701/2,75,60,46
Chemical energetics,"Enthalpy change, Delta H",Construct and interpret a reaction pathway diagram in terms of the enthalpy change of the reaction and of the activation energy,Chemistry,Cambridge Assessment International Education,Cambridge International AS & A Level,AS Level,Paper 1,9701/1,75,40,31
Chemical energetics,"Enthalpy change, Delta H",Construct and interpret a reaction pathway diagram in terms of the enthalpy change of the reaction and of the activation energy,Chemistry,Cambridge Assessment International Education,Cambridge International AS & A Level,AS Level,Paper 2,9701/2,75,60,46
Chemical energetics,"Enthalpy change, Delta H",Define and use the terms standard conditions and enthalpy change with particular reference to reaction formation combustion and neutralisation,Chemistry,Cambridge Assessment International Education,Cambridge International AS & A Level,AS Level,Paper 1,9701/1,75,40,31
Chemical energetics,"Enthalpy change, Delta H",Define and use the terms standard conditions and enthalpy change with particular reference to reaction formation combustion and neutralisation,Chemistry,Cambridge Assessment International Education,Cambridge International AS & A Level,AS Level,Paper 2,9701/2,75,60,46
Chemical energetics,"Enthalpy change, Delta H",Understand that energy transfers occur during chemical reactions because of the breaking and making of chemical bonds,Chemistry,Cambridge Assessment International Education,Cambridge International AS & A Level,AS Level,Paper 1,9701/1,75,40,31
Chemical energetics,"Enthalpy change, Delta H",Understand that energy transfers occur during chemical reactions because of the breaking and making of chemical bonds,Chemistry,Cambridge Assessment International Education,Cambridge International AS & A Level,AS Level,Paper 2,9701/2,75,60,46
Chemical energetics,"Enthalpy change, Delta H",Use bond energies to calculate enthalpy change of reaction,Chemistry,Cambridge Assessment International Education,Cambridge International AS & A Level,AS Level,Paper 1,9701/1,75,40,31
Chemical energetics,"Enthalpy change, Delta H",Use bond energies to calculate enthalpy change of reaction,Chemistry,Cambridge Assessment International Education,Cambridge International AS & A Level,AS Level,Paper 2,9701/2,75,60,46
Chemical energetics,"Enthalpy change, Delta H",Understand that some bond energies are exact and some bond energies are averages,Chemistry,Cambridge Assessment International Education,Cambridge International AS & A Level,AS Level,Paper 1,9701/1,75,40,31
Chemical energetics,"Enthalpy change, Delta H",Understand that some bond energies are exact and some bond energies are averages,Chemistry,Cambridge Assessment International Education,Cambridge International AS & A Level,AS Level,Paper 2,9701/2,75,60,46
Chemical energetics,"Enthalpy change, Delta H",Calculate enthalpy changes from appropriate experimental results including the use of the relationships q = mcDeltaT and DeltaH = -mcDeltaT/n,Chemistry,Cambridge Assessment International Education,Cambridge International AS & A Level,AS Level,Paper 1,9701/1,75,40,31
Chemical energetics,"Enthalpy change, Delta H",Calculate enthalpy changes from appropriate experimental results including the use of the relationships q = mcDeltaT and DeltaH = -mcDeltaT/n,Chemistry,Cambridge Assessment International Education,Cambridge International AS & A Level,AS Level,Paper 2,9701/2,75,60,46
Chemical energetics,Hess's law,Apply Hess's law to construct simple energy cycles,Chemistry,Cambridge Assessment International Education,Cambridge International AS & A Level,AS Level,Paper 1,9701/1,75,40,31
Chemical energetics,Hess's law,Apply Hess's law to construct simple energy cycles,Chemistry,Cambridge Assessment International Education,Cambridge International AS & A Level,AS Level,Paper 2,9701/2,75,60,46
Chemical energetics,Hess's law,Carry out calculations using cycles and relevant energy terms including determining enthalpy changes that cannot be found by direct experiment and use of bond energy data,Chemistry,Cambridge Assessment International Education,Cambridge International AS & A Level,AS Level,Paper 1,9701/1,75,40,31
Chemical energetics,Hess's law,Carry out calculations using cycles and relevant energy terms including determining enthalpy changes that cannot be found by direct experiment and use of bond energy data,Chemistry,Cambridge Assessment International Education,Cambridge International AS & A Level,AS Level,Paper 2,9701/2,75,60,46
Electrochemistry,Redox processes: electron transfer and changes in oxidation number,Calculate oxidation numbers of elements in compounds and ions,Chemistry,Cambridge Assessment International Education,Cambridge International AS & A Level,AS Level,Paper 1,9701/1,75,40,31
Electrochemistry,Redox processes: electron transfer and changes in oxidation number,Calculate oxidation numbers of elements in compounds and ions,Chemistry,Cambridge Assessment International Education,Cambridge International AS & A Level,AS Level,Paper 2,9701/2,75,60,46
Electrochemistry,Redox processes: electron transfer and changes in oxidation number,Use changes in oxidation numbers to help balance chemical equations,Chemistry,Cambridge Assessment International Education,Cambridge International AS & A Level,AS Level,Paper 1,9701/1,75,40,31
Electrochemistry,Redox processes: electron transfer and changes in oxidation number,Use changes in oxidation numbers to help balance chemical equations,Chemistry,Cambridge Assessment International Education,Cambridge International AS & A Level,AS Level,Paper 2,9701/2,75,60,46
Electrochemistry,Redox processes: electron transfer and changes in oxidation number,Explain and use the terms redox oxidation reduction and disproportionation in terms of electron transfer and changes in oxidation number,Chemistry,Cambridge Assessment International Education,Cambridge International AS & A Level,AS Level,Paper 1,9701/1,75,40,31
Electrochemistry,Redox processes: electron transfer and changes in oxidation number,Explain and use the terms redox oxidation reduction and disproportionation in terms of electron transfer and changes in oxidation number,Chemistry,Cambridge Assessment International Education,Cambridge International AS & A Level,AS Level,Paper 2,9701/2,75,60,46
Electrochemistry,Redox processes: electron transfer and changes in oxidation number,Explain and use the terms oxidising agent and reducing agent,Chemistry,Cambridge Assessment International Education,Cambridge International AS & A Level,AS Level,Paper 1,9701/1,75,40,31
Electrochemistry,Redox processes: electron transfer and changes in oxidation number,Explain and use the terms oxidising agent and reducing agent,Chemistry,Cambridge Assessment International Education,Cambridge International AS & A Level,AS Level,Paper 2,9701/2,75,60,46
Electrochemistry,Redox processes: electron transfer and changes in oxidation number,Use a Roman numeral to indicate the magnitude of the oxidation number of an element,Chemistry,Cambridge Assessment International Education,Cambridge International AS & A Level,AS Level,Paper 1,9701/1,75,40,31
Electrochemistry,Redox processes: electron transfer and changes in oxidation number,Use a Roman numeral to indicate the magnitude of the oxidation number of an element,Chemistry,Cambridge Assessment International Education,Cambridge International AS & A Level,AS Level,Paper 2,9701/2,75,60,46
Equilibria,"Chemical equilibria: reversible reactions, dynamic equilibrium",Understand what is meant by a reversible reaction,Chemistry,Cambridge Assessment International Education,Cambridge International AS & A Level,AS Level,Paper 1,9701/1,75,40,31
Equilibria,"Chemical equilibria: reversible reactions, dynamic equilibrium",Understand what is meant by a reversible reaction,Chemistry,Cambridge Assessment International Education,Cambridge International AS & A Level,AS Level,Paper 2,9701/2,75,60,46
Equilibria,"Chemical equilibria: reversible reactions, dynamic equilibrium",Understand what is meant by dynamic equilibrium in terms of the rate of forward and reverse reactions being equal and the concentration of reactants and products remaining constant,Chemistry,Cambridge Assessment International Education,Cambridge International AS & A Level,AS Level,Paper 1,9701/1,75,40,31
Equilibria,"Chemical equilibria: reversible reactions, dynamic equilibrium",Understand what is meant by dynamic equilibrium in terms of the rate of forward and reverse reactions being equal and the concentration of reactants and products remaining constant,Chemistry,Cambridge Assessment International Education,Cambridge International AS & A Level,AS Level,Paper 2,9701/2,75,60,46
Equilibria,"Chemical equilibria: reversible reactions, dynamic equilibrium",Understand the need for a closed system in order to establish dynamic equilibrium,Chemistry,Cambridge Assessment International Education,Cambridge International AS & A Level,AS Level,Paper 1,9701/1,75,40,31
Equilibria,"Chemical equilibria: reversible reactions, dynamic equilibrium",Understand the need for a closed system in order to establish dynamic equilibrium,Chemistry,Cambridge Assessment International Education,Cambridge International AS & A Level,AS Level,Paper 2,9701/2,75,60,46
Equilibria,"Chemical equilibria: reversible reactions, dynamic equilibrium",Define Le Chatelier's principle as if a change is made to a system at dynamic equilibrium the position of equilibrium moves to minimise this change,Chemistry,Cambridge Assessment International Education,Cambridge International AS & A Level,AS Level,Paper 1,9701/1,75,40,31
Equilibria,"Chemical equilibria: reversible reactions, dynamic equilibrium",Define Le Chatelier's principle as if a change is made to a system at dynamic equilibrium the position of equilibrium moves to minimise this change,Chemistry,Cambridge Assessment International Education,Cambridge International AS & A Level,AS Level,Paper 2,9701/2,75,60,46
Equilibria,"Chemical equilibria: reversible reactions, dynamic equilibrium",Use Le Chatelier's principle to deduce qualitatively the effects of changes in temperature concentration pressure or presence of a catalyst on a system at equilibrium,Chemistry,Cambridge Assessment International Education,Cambridge International AS & A Level,AS Level,Paper 1,9701/1,75,40,31
Equilibria,"Chemical equilibria: reversible reactions, dynamic equilibrium",Use Le Chatelier's principle to deduce qualitatively the effects of changes in temperature concentration pressure or presence of a catalyst on a system at equilibrium,Chemistry,Cambridge Assessment International Education,Cambridge International AS & A Level,AS Level,Paper 2,9701/2,75,60,46
Equilibria,"Chemical equilibria: reversible reactions, dynamic equilibrium",Deduce expressions for equilibrium constants in terms of concentrations Kc,Chemistry,Cambridge Assessment International Education,Cambridge International AS & A Level,AS Level,Paper 1,9701/1,75,40,31
Equilibria,"Chemical equilibria: reversible reactions, dynamic equilibrium",Deduce expressions for equilibrium constants in terms of concentrations Kc,Chemistry,Cambridge Assessment International Education,Cambridge International AS & A Level,AS Level,Paper 2,9701/2,75,60,46
Equilibria,"Chemical equilibria: reversible reactions, dynamic equilibrium",Use the terms mole fraction and partial pressure,Chemistry,Cambridge Assessment International Education,Cambridge International AS & A Level,AS Level,Paper 1,9701/1,75,40,31
Equilibria,"Chemical equilibria: reversible reactions, dynamic equilibrium",Use the terms mole fraction and partial pressure,Chemistry,Cambridge Assessment International Education,Cambridge International AS & A Level,AS Level,Paper 2,9701/2,75,60,46
Equilibria,"Chemical equilibria: reversible reactions, dynamic equilibrium",Deduce expressions for equilibrium constants in terms of partial pressures Kp,Chemistry,Cambridge Assessment International Education,Cambridge International AS & A Level,AS Level,Paper 1,9701/1,75,40,31
Equilibria,"Chemical equilibria: reversible reactions, dynamic equilibrium",Deduce expressions for equilibrium constants in terms of partial pressures Kp,Chemistry,Cambridge Assessment International Education,Cambridge International AS & A Level,AS Level,Paper 2,9701/2,75,60,46
Equilibria,"Chemical equilibria: reversible reactions, dynamic equilibrium",Use the Kc and Kp expressions to carry out calculations,Chemistry,Cambridge Assessment International Education,Cambridge International AS & A Level,AS Level,Paper 1,9701/1,75,40,31
Equilibria,"Chemical equilibria: reversible reactions, dynamic equilibrium",Use the Kc and Kp expressions to carry out calculations,Chemistry,Cambridge Assessment International Education,Cambridge International AS & A Level,AS Level,Paper 2,9701/2,75,60,46
Equilibria,"Chemical equilibria: reversible reactions, dynamic equilibrium",Calculate the quantities present at equilibrium given appropriate data,Chemistry,Cambridge Assessment International Education,Cambridge International AS & A Level,AS Level,Paper 1,9701/1,75,40,31
Equilibria,"Chemical equilibria: reversible reactions, dynamic equilibrium",Calculate the quantities present at equilibrium given appropriate data,Chemistry,Cambridge Assessment International Education,Cambridge International AS & A Level,AS Level,Paper 2,9701/2,75,60,46
Equilibria,"Chemical equilibria: reversible reactions, dynamic equilibrium",State whether changes in temperature concentration or pressure or the presence of a catalyst affect the value of the equilibrium constant for a reaction,Chemistry,Cambridge Assessment International Education,Cambridge International AS & A Level,AS Level,Paper 1,9701/1,75,40,31
Equilibria,"Chemical equilibria: reversible reactions, dynamic equilibrium",State whether changes in temperature concentration or pressure or the presence of a catalyst affect the value of the equilibrium constant for a reaction,Chemistry,Cambridge Assessment International Education,Cambridge International AS & A Level,AS Level,Paper 2,9701/2,75,60,46
Equilibria,"Chemical equilibria: reversible reactions, dynamic equilibrium",Describe and explain the conditions used in the Haber process and the Contact process as examples of the importance of an understanding of dynamic equilibrium in the chemical industry,Chemistry,Cambridge Assessment International Education,Cambridge International AS & A Level,AS Level,Paper 1,9701/1,75,40,31
Equilibria,"Chemical equilibria: reversible reactions, dynamic equilibrium",Describe and explain the conditions used in the Haber process and the Contact process as examples of the importance of an understanding of dynamic equilibrium in the chemical industry,Chemistry,Cambridge Assessment International Education,Cambridge International AS & A Level,AS Level,Paper 2,9701/2,75,60,46
Equilibria,Bronsted-Lowry theory of acids and bases,State the names and formulas of the common acids limited to hydrochloric acid sulfuric acid nitric acid and ethanoic acid,Chemistry,Cambridge Assessment International Education,Cambridge International AS & A Level,AS Level,Paper 1,9701/1,75,40,31
Equilibria,Bronsted-Lowry theory of acids and bases,State the names and formulas of the common acids limited to hydrochloric acid sulfuric acid nitric acid and ethanoic acid,Chemistry,Cambridge Assessment International Education,Cambridge International AS & A Level,AS Level,Paper 2,9701/2,75,60,46
Equilibria,Bronsted-Lowry theory of acids and bases,State the names and formulas of the common alkalis limited to sodium hydroxide potassium hydroxide and ammonia,Chemistry,Cambridge Assessment International Education,Cambridge International AS & A Level,AS Level,Paper 1,9701/1,75,40,31
Equilibria,Bronsted-Lowry theory of acids and bases,State the names and formulas of the common alkalis limited to sodium hydroxide potassium hydroxide and ammonia,Chemistry,Cambridge Assessment International Education,Cambridge International AS & A Level,AS Level,Paper 2,9701/2,75,60,46
Equilibria,Bronsted-Lowry theory of acids and bases,Describe the Bronsted-Lowry theory of acids and bases,Chemistry,Cambridge Assessment International Education,Cambridge International AS & A Level,AS Level,Paper 1,9701/1,75,40,31
Equilibria,Bronsted-Lowry theory of acids and bases,Describe the Bronsted-Lowry theory of acids and bases,Chemistry,Cambridge Assessment International Education,Cambridge International AS & A Level,AS Level,Paper 2,9701/2,75,60,46
Equilibria,Bronsted-Lowry theory of acids and bases,Describe strong acids and strong bases as fully dissociated in aqueous solution and weak acids and weak bases as partially dissociated in aqueous solution,Chemistry,Cambridge Assessment International Education,Cambridge International AS & A Level,AS Level,Paper 1,9701/1,75,40,31
Equilibria,Bronsted-Lowry theory of acids and bases,Describe strong acids and strong bases as fully dissociated in aqueous solution and weak acids and weak bases as partially dissociated in aqueous solution,Chemistry,Cambridge Assessment International Education,Cambridge International AS & A Level,AS Level,Paper 2,9701/2,75,60,46
Equilibria,Bronsted-Lowry theory of acids and bases,"Appreciate that water has pH of 7, acid solutions pH of below 7 and alkaline solutions pH of above 7",Chemistry,Cambridge Assessment International Education,Cambridge International AS & A Level,AS Level,Paper 1,9701/1,75,40,31
Equilibria,Bronsted-Lowry theory of acids and bases,"Appreciate that water has pH of 7, acid solutions pH of below 7 and alkaline solutions pH of above 7",Chemistry,Cambridge Assessment International Education,Cambridge International AS & A Level,AS Level,Paper 2,9701/2,75,60,46
Equilibria,Bronsted-Lowry theory of acids and bases,Explain qualitatively the differences in behaviour between strong and weak acids including the reaction with a reactive metal and difference in pH values by use of a pH meter universal indicator or conductivity,Chemistry,Cambridge Assessment International Education,Cambridge International AS & A Level,AS Level,Paper 1,9701/1,75,40,31
Equilibria,Bronsted-Lowry theory of acids and bases,Explain qualitatively the differences in behaviour between strong and weak acids including the reaction with a reactive metal and difference in pH values by use of a pH meter universal indicator or conductivity,Chemistry,Cambridge Assessment International Education,Cambridge International AS & A Level,AS Level,Paper 2,9701/2,75,60,46
Equilibria,Bronsted-Lowry theory of acids and bases,Understand that neutralisation reactions occur when H+(aq) and OH-(aq) form H2O(l),Chemistry,Cambridge Assessment International Education,Cambridge International AS & A Level,AS Level,Paper 1,9701/1,75,40,31
Equilibria,Bronsted-Lowry theory of acids and bases,Understand that neutralisation reactions occur when H+(aq) and OH-(aq) form H2O(l),Chemistry,Cambridge Assessment International Education,Cambridge International AS & A Level,AS Level,Paper 2,9701/2,75,60,46
Equilibria,Bronsted-Lowry theory of acids and bases,Understand that salts are formed in neutralisation reactions,Chemistry,Cambridge Assessment International Education,Cambridge International AS & A Level,AS Level,Paper 1,9701/1,75,40,31
Equilibria,Bronsted-Lowry theory of acids and bases,Understand that salts are formed in neutralisation reactions,Chemistry,Cambridge Assessment International Education,Cambridge International AS & A Level,AS Level,Paper 2,9701/2,75,60,46
Equilibria,Bronsted-Lowry theory of acids and bases,Sketch the pH titration curves of titrations using combinations of strong and weak acids with strong and weak alkalis,Chemistry,Cambridge Assessment International Education,Cambridge International AS & A Level,AS Level,Paper 1,9701/1,75,40,31
Equilibria,Bronsted-Lowry theory of acids and bases,Sketch the pH titration curves of titrations using combinations of strong and weak acids with strong and weak alkalis,Chemistry,Cambridge Assessment International Education,Cambridge International AS & A Level,AS Level,Paper 2,9701/2,75,60,46
Equilibria,Bronsted-Lowry theory of acids and bases,Select suitable indicators for acid-alkali titrations given appropriate data,Chemistry,Cambridge Assessment International Education,Cambridge International AS & A Level,AS Level,Paper 1,9701/1,75,40,31
Equilibria,Bronsted-Lowry theory of acids and bases,Select suitable indicators for acid-alkali titrations given appropriate data,Chemistry,Cambridge Assessment International Education,Cambridge International AS & A Level,AS Level,Paper 2,9701/2,75,60,46
Reaction kinetics,Rate of reaction,Explain and use the term rate of reaction frequency of collisions effective collisions and non-effective collisions,Chemistry,Cambridge Assessment International Education,Cambridge International AS & A Level,AS Level,Paper 1,9701/1,75,40,31
Reaction kinetics,Rate of reaction,Explain and use the term rate of reaction frequency of collisions effective collisions and non-effective collisions,Chemistry,Cambridge Assessment International Education,Cambridge International AS & A Level,AS Level,Paper 2,9701/2,75,60,46
Reaction kinetics,Rate of reaction,Explain qualitatively in terms of frequency of effective collisions the effect of concentration and pressure changes on the rate of a reaction,Chemistry,Cambridge Assessment International Education,Cambridge International AS & A Level,AS Level,Paper 1,9701/1,75,40,31
Reaction kinetics,Rate of reaction,Explain qualitatively in terms of frequency of effective collisions the effect of concentration and pressure changes on the rate of a reaction,Chemistry,Cambridge Assessment International Education,Cambridge International AS & A Level,AS Level,Paper 2,9701/2,75,60,46
Reaction kinetics,Rate of reaction,Use experimental data to calculate the rate of a reaction,Chemistry,Cambridge Assessment International Education,Cambridge International AS & A Level,AS Level,Paper 1,9701/1,75,40,31
Reaction kinetics,Rate of reaction,Use experimental data to calculate the rate of a reaction,Chemistry,Cambridge Assessment International Education,Cambridge International AS & A Level,AS Level,Paper 2,9701/2,75,60,46
Reaction kinetics,Effect of temperature on reaction rates and the concept of activation energy,Define activation energy EA as the minimum energy required for a collision to be effective,Chemistry,Cambridge Assessment International Education,Cambridge International AS & A Level,AS Level,Paper 1,9701/1,75,40,31
Reaction kinetics,Effect of temperature on reaction rates and the concept of activation energy,Define activation energy EA as the minimum energy required for a collision to be effective,Chemistry,Cambridge Assessment International Education,Cambridge International AS & A Level,AS Level,Paper 2,9701/2,75,60,46
Reaction kinetics,Effect of temperature on reaction rates and the concept of activation energy,Sketch and use the Boltzmann distribution to explain the significance of activation energy,Chemistry,Cambridge Assessment International Education,Cambridge International AS & A Level,AS Level,Paper 1,9701/1,75,40,31
Reaction kinetics,Effect of temperature on reaction rates and the concept of activation energy,Sketch and use the Boltzmann distribution to explain the significance of activation energy,Chemistry,Cambridge Assessment International Education,Cambridge International AS & A Level,AS Level,Paper 2,9701/2,75,60,46
Reaction kinetics,Effect of temperature on reaction rates and the concept of activation energy,Explain qualitatively in terms both of the Boltzmann distribution and of frequency of effective collisions the effect of temperature change on the rate of a reaction,Chemistry,Cambridge Assessment International Education,Cambridge International AS & A Level,AS Level,Paper 1,9701/1,75,40,31
Reaction kinetics,Effect of temperature on reaction rates and the concept of activation energy,Explain qualitatively in terms both of the Boltzmann distribution and of frequency of effective collisions the effect of temperature change on the rate of a reaction,Chemistry,Cambridge Assessment International Education,Cambridge International AS & A Level,AS Level,Paper 2,9701/2,75,60,46
Reaction kinetics,Homogeneous and heterogeneous catalysts,Explain and use the terms catalyst and catalysis,Chemistry,Cambridge Assessment International Education,Cambridge International AS & A Level,AS Level,Paper 1,9701/1,75,40,31
Reaction kinetics,Homogeneous and heterogeneous catalysts,Explain and use the terms catalyst and catalysis,Chemistry,Cambridge Assessment International Education,Cambridge International AS & A Level,AS Level,Paper 2,9701/2,75,60,46
Reaction kinetics,Homogeneous and heterogeneous catalysts,Explain that in the presence of a catalyst a reaction has a different mechanism i.e. one of lower activation energy,Chemistry,Cambridge Assessment International Education,Cambridge International AS & A Level,AS Level,Paper 1,9701/1,75,40,31
Reaction kinetics,Homogeneous and heterogeneous catalysts,Explain that in the presence of a catalyst a reaction has a different mechanism i.e. one of lower activation energy,Chemistry,Cambridge Assessment International Education,Cambridge International AS & A Level,AS Level,Paper 2,9701/2,75,60,46
Reaction kinetics,Homogeneous and heterogeneous catalysts,Explain this catalytic effect in terms of the Boltzmann distribution,Chemistry,Cambridge Assessment International Education,Cambridge International AS & A Level,AS Level,Paper 1,9701/1,75,40,31
Reaction kinetics,Homogeneous and heterogeneous catalysts,Explain this catalytic effect in terms of the Boltzmann distribution,Chemistry,Cambridge Assessment International Education,Cambridge International AS & A Level,AS Level,Paper 2,9701/2,75,60,46
Reaction kinetics,Homogeneous and heterogeneous catalysts,Construct and interpret a reaction pathway diagram for a reaction in the presence and absence of an effective catalyst,Chemistry,Cambridge Assessment International Education,Cambridge International AS & A Level,AS Level,Paper 1,9701/1,75,40,31
Reaction kinetics,Homogeneous and heterogeneous catalysts,Construct and interpret a reaction pathway diagram for a reaction in the presence and absence of an effective catalyst,Chemistry,Cambridge Assessment International Education,Cambridge International AS & A Level,AS Level,Paper 2,9701/2,75,60,46
The Periodic Table: chemical periodicity,Periodicity of physical properties of the elements in Period 3,Describe qualitatively the variations in atomic radius ionic radius melting point and electrical conductivity of the elements,Chemistry,Cambridge Assessment International Education,Cambridge International AS & A Level,AS Level,Paper 1,9701/1,75,40,31
The Periodic Table: chemical periodicity,Periodicity of physical properties of the elements in Period 3,Describe qualitatively the variations in atomic radius ionic radius melting point and electrical conductivity of the elements,Chemistry,Cambridge Assessment International Education,Cambridge International AS & A Level,AS Level,Paper 2,9701/2,75,60,46
The Periodic Table: chemical periodicity,Periodicity of physical properties of the elements in Period 3,Explain the variation in melting point and electrical conductivity in terms of the structure and bonding of the elements,Chemistry,Cambridge Assessment International Education,Cambridge International AS & A Level,AS Level,Paper 1,9701/1,75,40,31
The Periodic Table: chemical periodicity,Periodicity of physical properties of the elements in Period 3,Explain the variation in melting point and electrical conductivity in terms of the structure and bonding of the elements,Chemistry,Cambridge Assessment International Education,Cambridge International AS & A Level,AS Level,Paper 2,9701/2,75,60,46
The Periodic Table: chemical periodicity,Periodicity of chemical properties of the elements in Period 3,Describe and write equations for the reactions of the elements with oxygen chlorine and water,Chemistry,Cambridge Assessment International Education,Cambridge International AS & A Level,AS Level,Paper 1,9701/1,75,40,31
The Periodic Table: chemical periodicity,Periodicity of chemical properties of the elements in Period 3,Describe and write equations for the reactions of the elements with oxygen chlorine and water,Chemistry,Cambridge Assessment International Education,Cambridge International AS & A Level,AS Level,Paper 2,9701/2,75,60,46
The Periodic Table: chemical periodicity,Periodicity of chemical properties of the elements in Period 3,State and explain the variation in the oxidation number of the oxides and chlorides,Chemistry,Cambridge Assessment International Education,Cambridge International AS & A Level,AS Level,Paper 1,9701/1,75,40,31
The Periodic Table: chemical periodicity,Periodicity of chemical properties of the elements in Period 3,State and explain the variation in the oxidation number of the oxides and chlorides,Chemistry,Cambridge Assessment International Education,Cambridge International AS & A Level,AS Level,Paper 2,9701/2,75,60,46
The Periodic Table: chemical periodicity,Periodicity of chemical properties of the elements in Period 3,Describe and write equations for the reactions of the oxides with water including the likely pHs of the solutions obtained,Chemistry,Cambridge Assessment International Education,Cambridge International AS & A Level,AS Level,Paper 1,9701/1,75,40,31
The Periodic Table: chemical periodicity,Periodicity of chemical properties of the elements in Period 3,Describe and write equations for the reactions of the oxides with water including the likely pHs of the solutions obtained,Chemistry,Cambridge Assessment International Education,Cambridge International AS & A Level,AS Level,Paper 2,9701/2,75,60,46
The Periodic Table: chemical periodicity,Periodicity of chemical properties of the elements in Period 3,Describe explain and write equations for the acid/base behaviour of the oxides and the hydroxides including amphoteric behaviour,Chemistry,Cambridge Assessment International Education,Cambridge International AS & A Level,AS Level,Paper 1,9701/1,75,40,31
The Periodic Table: chemical periodicity,Periodicity of chemical properties of the elements in Period 3,Describe explain and write equations for the acid/base behaviour of the oxides and the hydroxides including amphoteric behaviour,Chemistry,Cambridge Assessment International Education,Cambridge International AS & A Level,AS Level,Paper 2,9701/2,75,60,46
The Periodic Table: chemical periodicity,Periodicity of chemical properties of the elements in Period 3,Describe explain and write equations for the reactions of the chlorides with water including the likely pHs of the solutions obtained,Chemistry,Cambridge Assessment International Education,Cambridge International AS & A Level,AS Level,Paper 1,9701/1,75,40,31
The Periodic Table: chemical periodicity,Periodicity of chemical properties of the elements in Period 3,Describe explain and write equations for the reactions of the chlorides with water including the likely pHs of the solutions obtained,Chemistry,Cambridge Assessment International Education,Cambridge International AS & A Level,AS Level,Paper 2,9701/2,75,60,46
The Periodic Table: chemical periodicity,Periodicity of chemical properties of the elements in Period 3,Explain the variations and trends in terms of bonding and electronegativity,Chemistry,Cambridge Assessment International Education,Cambridge International AS & A Level,AS Level,Paper 1,9701/1,75,40,31
The Periodic Table: chemical periodicity,Periodicity of chemical properties of the elements in Period 3,Explain the variations and trends in terms of bonding and electronegativity,Chemistry,Cambridge Assessment International Education,Cambridge International AS & A Level,AS Level,Paper 2,9701/2,75,60,46
The Periodic Table: chemical periodicity,Periodicity of chemical properties of the elements in Period 3,Suggest the types of chemical bonding present in the chlorides and oxides from observations of their chemical and physical properties,Chemistry,Cambridge Assessment International Education,Cambridge International AS & A Level,AS Level,Paper 1,9701/1,75,40,31
The Periodic Table: chemical periodicity,Periodicity of chemical properties of the elements in Period 3,Suggest the types of chemical bonding present in the chlorides and oxides from observations of their chemical and physical properties,Chemistry,Cambridge Assessment International Education,Cambridge International AS & A Level,AS Level,Paper 2,9701/2,75,60,46
The Periodic Table: chemical periodicity,Chemical periodicity of other elements,Predict the characteristic properties of an element in a given group by using knowledge of chemical periodicity,Chemistry,Cambridge Assessment International Education,Cambridge International AS & A Level,AS Level,Paper 1,9701/1,75,40,31
The Periodic Table: chemical periodicity,Chemical periodicity of other elements,Predict the characteristic properties of an element in a given group by using knowledge of chemical periodicity,Chemistry,Cambridge Assessment International Education,Cambridge International AS & A Level,AS Level,Paper 2,9701/2,75,60,46
The Periodic Table: chemical periodicity,Chemical periodicity of other elements,Deduce the nature possible position in the Periodic Table and identity of unknown elements from given information about physical and chemical properties,Chemistry,Cambridge Assessment International Education,Cambridge International AS & A Level,AS Level,Paper 1,9701/1,75,40,31
The Periodic Table: chemical periodicity,Chemical periodicity of other elements,Deduce the nature possible position in the Periodic Table and identity of unknown elements from given information about physical and chemical properties,Chemistry,Cambridge Assessment International Education,Cambridge International AS & A Level,AS Level,Paper 2,9701/2,75,60,46
Group 2,Similarities and trends in the properties of the Group 2 metals magnesium to barium and their compounds,Describe and write equations for the reactions of the elements with oxygen water and dilute hydrochloric and sulfuric acids,Chemistry,Cambridge Assessment International Education,Cambridge International AS & A Level,AS Level,Paper 1,9701/1,75,40,31
Group 2,Similarities and trends in the properties of the Group 2 metals magnesium to barium and their compounds,Describe and write equations for the reactions of the elements with oxygen water and dilute hydrochloric and sulfuric acids,Chemistry,Cambridge Assessment International Education,Cambridge International AS & A Level,AS Level,Paper 2,9701/2,75,60,46
Group 2,Similarities and trends in the properties of the Group 2 metals magnesium to barium and their compounds,Describe and write equations for the reactions of the oxides hydroxides and carbonates with water and dilute hydrochloric and sulfuric acids,Chemistry,Cambridge Assessment International Education,Cambridge International AS & A Level,AS Level,Paper 1,9701/1,75,40,31
Group 2,Similarities and trends in the properties of the Group 2 metals magnesium to barium and their compounds,Describe and write equations for the reactions of the oxides hydroxides and carbonates with water and dilute hydrochloric and sulfuric acids,Chemistry,Cambridge Assessment International Education,Cambridge International AS & A Level,AS Level,Paper 2,9701/2,75,60,46
Group 2,Similarities and trends in the properties of the Group 2 metals magnesium to barium and their compounds,Describe and write equations for the thermal decomposition of the nitrates and carbonates to include the trend in thermal stabilities,Chemistry,Cambridge Assessment International Education,Cambridge International AS & A Level,AS Level,Paper 1,9701/1,75,40,31
Group 2,Similarities and trends in the properties of the Group 2 metals magnesium to barium and their compounds,Describe and write equations for the thermal decomposition of the nitrates and carbonates to include the trend in thermal stabilities,Chemistry,Cambridge Assessment International Education,Cambridge International AS & A Level,AS Level,Paper 2,9701/2,75,60,46
Group 2,Similarities and trends in the properties of the Group 2 metals magnesium to barium and their compounds,Describe and make predictions from the trends in physical and chemical properties of the elements and compounds,Chemistry,Cambridge Assessment International Education,Cambridge International AS & A Level,AS Level,Paper 1,9701/1,75,40,31
Group 2,Similarities and trends in the properties of the Group 2 metals magnesium to barium and their compounds,Describe and make predictions from the trends in physical and chemical properties of the elements and compounds,Chemistry,Cambridge Assessment International Education,Cambridge International AS & A Level,AS Level,Paper 2,9701/2,75,60,46
Group 2,Similarities and trends in the properties of the Group 2 metals magnesium to barium and their compounds,State the variation in the solubilities of the hydroxides and sulfates,Chemistry,Cambridge Assessment International Education,Cambridge International AS & A Level,AS Level,Paper 1,9701/1,75,40,31
Group 2,Similarities and trends in the properties of the Group 2 metals magnesium to barium and their compounds,State the variation in the solubilities of the hydroxides and sulfates,Chemistry,Cambridge Assessment International Education,Cambridge International AS & A Level,AS Level,Paper 2,9701/2,75,60,46
Group 17,Physical properties of the Group 17 elements,Describe the colours and the trend in volatility of chlorine bromine and iodine,Chemistry,Cambridge Assessment International Education,Cambridge International AS & A Level,AS Level,Paper 1,9701/1,75,40,31
Group 17,Physical properties of the Group 17 elements,Describe the colours and the trend in volatility of chlorine bromine and iodine,Chemistry,Cambridge Assessment International Education,Cambridge International AS & A Level,AS Level,Paper 2,9701/2,75,60,46
Group 17,Physical properties of the Group 17 elements,Describe and explain the trend in the bond strength of the halogen molecules,Chemistry,Cambridge Assessment International Education,Cambridge International AS & A Level,AS Level,Paper 1,9701/1,75,40,31
Group 17,Physical properties of the Group 17 elements,Describe and explain the trend in the bond strength of the halogen molecules,Chemistry,Cambridge Assessment International Education,Cambridge International AS & A Level,AS Level,Paper 2,9701/2,75,60,46
Group 17,Physical properties of the Group 17 elements,Interpret the volatility of the elements in terms of instantaneous dipole-induced dipole forces,Chemistry,Cambridge Assessment International Education,Cambridge International AS & A Level,AS Level,Paper 1,9701/1,75,40,31
Group 17,Physical properties of the Group 17 elements,Interpret the volatility of the elements in terms of instantaneous dipole-induced dipole forces,Chemistry,Cambridge Assessment International Education,Cambridge International AS & A Level,AS Level,Paper 2,9701/2,75,60,46
Group 17,The chemical properties of the halogen elements and the hydrogen halides,Describe the relative reactivity of the elements as oxidising agents,Chemistry,Cambridge Assessment International Education,Cambridge International AS & A Level,AS Level,Paper 1,9701/1,75,40,31
Group 17,The chemical properties of the halogen elements and the hydrogen halides,Describe the relative reactivity of the elements as oxidising agents,Chemistry,Cambridge Assessment International Education,Cambridge International AS & A Level,AS Level,Paper 2,9701/2,75,60,46
Group 17,The chemical properties of the halogen elements and the hydrogen halides,Describe the reactions of the elements with hydrogen and explain their relative reactivity in these reactions,Chemistry,Cambridge Assessment International Education,Cambridge International AS & A Level,AS Level,Paper 1,9701/1,75,40,31
Group 17,The chemical properties of the halogen elements and the hydrogen halides,Describe the reactions of the elements with hydrogen and explain their relative reactivity in these reactions,Chemistry,Cambridge Assessment International Education,Cambridge International AS & A Level,AS Level,Paper 2,9701/2,75,60,46
Group 17,The chemical properties of the halogen elements and the hydrogen halides,Describe the relative thermal stabilities of the hydrogen halides and explain these in terms of bond strengths,Chemistry,Cambridge Assessment International Education,Cambridge International AS & A Level,AS Level,Paper 1,9701/1,75,40,31
Group 17,The chemical properties of the halogen elements and the hydrogen halides,Describe the relative thermal stabilities of the hydrogen halides and explain these in terms of bond strengths,Chemistry,Cambridge Assessment International Education,Cambridge International AS & A Level,AS Level,Paper 2,9701/2,75,60,46
Group 17,Some reactions of the halide ions,Describe the relative reactivity of halide ions as reducing agents,Chemistry,Cambridge Assessment International Education,Cambridge International AS & A Level,AS Level,Paper 1,9701/1,75,40,31
Group 17,Some reactions of the halide ions,Describe the relative reactivity of halide ions as reducing agents,Chemistry,Cambridge Assessment International Education,Cambridge International AS & A Level,AS Level,Paper 2,9701/2,75,60,46
Group 17,Some reactions of the halide ions,Describe and explain the reactions of halide ions with aqueous silver ions followed by aqueous ammonia,Chemistry,Cambridge Assessment International Education,Cambridge International AS & A Level,AS Level,Paper 1,9701/1,75,40,31
Group 17,Some reactions of the halide ions,Describe and explain the reactions of halide ions with aqueous silver ions followed by aqueous ammonia,Chemistry,Cambridge Assessment International Education,Cambridge International AS & A Level,AS Level,Paper 2,9701/2,75,60,46
Group 17,Some reactions of the halide ions,Describe and explain the reactions of halide ions with concentrated sulfuric acid to include balanced chemical equations,Chemistry,Cambridge Assessment International Education,Cambridge International AS & A Level,AS Level,Paper 1,9701/1,75,40,31
Group 17,Some reactions of the halide ions,Describe and explain the reactions of halide ions with concentrated sulfuric acid to include balanced chemical equations,Chemistry,Cambridge Assessment International Education,Cambridge International AS & A Level,AS Level,Paper 2,9701/2,75,60,46
Group 17,The reactions of chlorine,Describe and interpret in terms of changes in oxidation number the reaction of chlorine with cold and with hot aqueous sodium hydroxide and recognise these as disproportionation reactions,Chemistry,Cambridge Assessment International Education,Cambridge International AS & A Level,AS Level,Paper 1,9701/1,75,40,31
Group 17,The reactions of chlorine,Describe and interpret in terms of changes in oxidation number the reaction of chlorine with cold and with hot aqueous sodium hydroxide and recognise these as disproportionation reactions,Chemistry,Cambridge Assessment International Education,Cambridge International AS & A Level,AS Level,Paper 2,9701/2,75,60,46
Group 17,The reactions of chlorine,Explain including by use of an equation the use of chlorine in water purification to include the production of the active species HOCl and ClO which kill bacteria,Chemistry,Cambridge Assessment International Education,Cambridge International AS & A Level,AS Level,Paper 1,9701/1,75,40,31
Group 17,The reactions of chlorine,Explain including by use of an equation the use of chlorine in water purification to include the production of the active species HOCl and ClO which kill bacteria,Chemistry,Cambridge Assessment International Education,Cambridge International AS & A Level,AS Level,Paper 2,9701/2,75,60,46
Nitrogen and sulfur,Nitrogen and sulfur,Explain the lack of reactivity of nitrogen with reference to triple bond strength and lack of polarity,Chemistry,Cambridge Assessment International Education,Cambridge International AS & A Level,AS Level,Paper 1,9701/1,75,40,31
Nitrogen and sulfur,Nitrogen and sulfur,Explain the lack of reactivity of nitrogen with reference to triple bond strength and lack of polarity,Chemistry,Cambridge Assessment International Education,Cambridge International AS & A Level,AS Level,Paper 2,9701/2,75,60,46
Nitrogen and sulfur,Nitrogen and sulfur,Describe and explain the basicity of ammonia using the Bronsted-Lowry theory,Chemistry,Cambridge Assessment International Education,Cambridge International AS & A Level,AS Level,Paper 1,9701/1,75,40,31
Nitrogen and sulfur,Nitrogen and sulfur,Describe and explain the basicity of ammonia using the Bronsted-Lowry theory,Chemistry,Cambridge Assessment International Education,Cambridge International AS & A Level,AS Level,Paper 2,9701/2,75,60,46
Nitrogen and sulfur,Nitrogen and sulfur,Describe and explain the structure of the ammonium ion and its formation by an acid-base reaction,Chemistry,Cambridge Assessment International Education,Cambridge International AS & A Level,AS Level,Paper 1,9701/1,75,40,31
Nitrogen and sulfur,Nitrogen and sulfur,Describe and explain the structure of the ammonium ion and its formation by an acid-base reaction,Chemistry,Cambridge Assessment International Education,Cambridge International AS & A Level,AS Level,Paper 2,9701/2,75,60,46
Nitrogen and sulfur,Nitrogen and sulfur,Describe and explain the displacement of ammonia from ammonium salts by an acid-base reaction,Chemistry,Cambridge Assessment International Education,Cambridge International AS & A Level,AS Level,Paper 1,9701/1,75,40,31
Nitrogen and sulfur,Nitrogen and sulfur,Describe and explain the displacement of ammonia from ammonium salts by an acid-base reaction,Chemistry,Cambridge Assessment International Education,Cambridge International AS & A Level,AS Level,Paper 2,9701/2,75,60,46
Nitrogen and sulfur,Nitrogen and sulfur,State and explain the natural and man-made occurrences of oxides of nitrogen and their catalytic removal from the exhaust gases of internal combustion engines,Chemistry,Cambridge Assessment International Education,Cambridge International AS & A Level,AS Level,Paper 1,9701/1,75,40,31
Nitrogen and sulfur,Nitrogen and sulfur,State and explain the natural and man-made occurrences of oxides of nitrogen and their catalytic removal from the exhaust gases of internal combustion engines,Chemistry,Cambridge Assessment International Education,Cambridge International AS & A Level,AS Level,Paper 2,9701/2,75,60,46
Nitrogen and sulfur,Nitrogen and sulfur,Understand that atmospheric oxides of nitrogen NO and NO2 can react with unburned hydrocarbons to form peroxyacetyl nitrate PAN which is a component of photochemical smog,Chemistry,Cambridge Assessment International Education,Cambridge International AS & A Level,AS Level,Paper 1,9701/1,75,40,31
Nitrogen and sulfur,Nitrogen and sulfur,Understand that atmospheric oxides of nitrogen NO and NO2 can react with unburned hydrocarbons to form peroxyacetyl nitrate PAN which is a component of photochemical smog,Chemistry,Cambridge Assessment International Education,Cambridge International AS & A Level,AS Level,Paper 2,9701/2,75,60,46
Nitrogen and sulfur,Nitrogen and sulfur,Describe the role of NO and NO2 in the formation of acid rain both directly and in their catalytic role in the oxidation of atmospheric sulfur dioxide,Chemistry,Cambridge Assessment International Education,Cambridge International AS & A Level,AS Level,Paper 1,9701/1,75,40,31
Nitrogen and sulfur,Nitrogen and sulfur,Describe the role of NO and NO2 in the formation of acid rain both directly and in their catalytic role in the oxidation of atmospheric sulfur dioxide,Chemistry,Cambridge Assessment International Education,Cambridge International AS & A Level,AS Level,Paper 2,9701/2,75,60,46
An introduction to AS Level organic chemistry,"Formulas, functional groups and the naming of organic compounds",Define the term hydrocarbon as a compound made up of C and H atoms only,Chemistry,Cambridge Assessment International Education,Cambridge International AS & A Level,AS Level,Paper 1,9701/1,75,40,31
An introduction to AS Level organic chemistry,"Formulas, functional groups and the naming of organic compounds",Define the term hydrocarbon as a compound made up of C and H atoms only,Chemistry,Cambridge Assessment International Education,Cambridge International AS & A Level,AS Level,Paper 2,9701/2,75,60,46
An introduction to AS Level organic chemistry,"Formulas, functional groups and the naming of organic compounds",Understand that alkanes are simple hydrocarbons with no functional group,Chemistry,Cambridge Assessment International Education,Cambridge International AS & A Level,AS Level,Paper 1,9701/1,75,40,31
An introduction to AS Level organic chemistry,"Formulas, functional groups and the naming of organic compounds",Understand that alkanes are simple hydrocarbons with no functional group,Chemistry,Cambridge Assessment International Education,Cambridge International AS & A Level,AS Level,Paper 2,9701/2,75,60,46
An introduction to AS Level organic chemistry,"Formulas, functional groups and the naming of organic compounds",Understand that the compounds in the table contain a functional group which dictates their physical and chemical properties,Chemistry,Cambridge Assessment International Education,Cambridge International AS & A Level,AS Level,Paper 1,9701/1,75,40,31
An introduction to AS Level organic chemistry,"Formulas, functional groups and the naming of organic compounds",Understand that the compounds in the table contain a functional group which dictates their physical and chemical properties,Chemistry,Cambridge Assessment International Education,Cambridge International AS & A Level,AS Level,Paper 2,9701/2,75,60,46
An introduction to AS Level organic chemistry,"Formulas, functional groups and the naming of organic compounds",Interpret and use the general structural displayed and skeletal formulas of the classes of compound stated,Chemistry,Cambridge Assessment International Education,Cambridge International AS & A Level,AS Level,Paper 1,9701/1,75,40,31
An introduction to AS Level organic chemistry,"Formulas, functional groups and the naming of organic compounds",Interpret and use the general structural displayed and skeletal formulas of the classes of compound stated,Chemistry,Cambridge Assessment International Education,Cambridge International AS & A Level,AS Level,Paper 2,9701/2,75,60,46
An introduction to AS Level organic chemistry,"Formulas, functional groups and the naming of organic compounds",Understand and use systematic nomenclature of simple aliphatic organic molecules with functional groups detailed up to six carbon atoms,Chemistry,Cambridge Assessment International Education,Cambridge International AS & A Level,AS Level,Paper 1,9701/1,75,40,31
An introduction to AS Level organic chemistry,"Formulas, functional groups and the naming of organic compounds",Understand and use systematic nomenclature of simple aliphatic organic molecules with functional groups detailed up to six carbon atoms,Chemistry,Cambridge Assessment International Education,Cambridge International AS & A Level,AS Level,Paper 2,9701/2,75,60,46
An introduction to AS Level organic chemistry,"Formulas, functional groups and the naming of organic compounds",Deduce the molecular and/or empirical formula of a compound given its structural displayed or skeletal formula,Chemistry,Cambridge Assessment International Education,Cambridge International AS & A Level,AS Level,Paper 1,9701/1,75,40,31
An introduction to AS Level organic chemistry,"Formulas, functional groups and the naming of organic compounds",Deduce the molecular and/or empirical formula of a compound given its structural displayed or skeletal formula,Chemistry,Cambridge Assessment International Education,Cambridge International AS & A Level,AS Level,Paper 2,9701/2,75,60,46
An introduction to AS Level organic chemistry,Characteristic organic reactions,Interpret and use the following terminology associated with types of organic compounds and reactions,Chemistry,Cambridge Assessment International Education,Cambridge International AS & A Level,AS Level,Paper 1,9701/1,75,40,31
An introduction to AS Level organic chemistry,Characteristic organic reactions,Interpret and use the following terminology associated with types of organic compounds and reactions,Chemistry,Cambridge Assessment International Education,Cambridge International AS & A Level,AS Level,Paper 2,9701/2,75,60,46
An introduction to AS Level organic chemistry,Characteristic organic reactions,"Understand and use the following terminology associated with types of organic mechanisms: free-radical substitution, electrophilic addition, nucleophilic substitution, nucleophilic addition",Chemistry,Cambridge Assessment International Education,Cambridge International AS & A Level,AS Level,Paper 1,9701/1,75,40,31
An introduction to AS Level organic chemistry,Characteristic organic reactions,"Understand and use the following terminology associated with types of organic mechanisms: free-radical substitution, electrophilic addition, nucleophilic substitution, nucleophilic addition",Chemistry,Cambridge Assessment International Education,Cambridge International AS & A Level,AS Level,Paper 2,9701/2,75,60,46
An introduction to AS Level organic chemistry,Shapes of organic molecules; sigma and pi bonds,Describe organic molecules as either straight-chained branched or cyclic,Chemistry,Cambridge Assessment International Education,Cambridge International AS & A Level,AS Level,Paper 1,9701/1,75,40,31
An introduction to AS Level organic chemistry,Shapes of organic molecules; sigma and pi bonds,Describe organic molecules as either straight-chained branched or cyclic,Chemistry,Cambridge Assessment International Education,Cambridge International AS & A Level,AS Level,Paper 2,9701/2,75,60,46
An introduction to AS Level organic chemistry,Shapes of organic molecules; sigma and pi bonds,Describe and explain the shape of and bond angles in molecules containing sp sp2 and sp3 hybridised atoms,Chemistry,Cambridge Assessment International Education,Cambridge International AS & A Level,AS Level,Paper 1,9701/1,75,40,31
An introduction to AS Level organic chemistry,Shapes of organic molecules; sigma and pi bonds,Describe and explain the shape of and bond angles in molecules containing sp sp2 and sp3 hybridised atoms,Chemistry,Cambridge Assessment International Education,Cambridge International AS & A Level,AS Level,Paper 2,9701/2,75,60,46
An introduction to AS Level organic chemistry,Shapes of organic molecules; sigma and pi bonds,Describe the arrangement of sigma and pi bonds in molecules containing sp sp2 and sp3 hybridised atoms,Chemistry,Cambridge Assessment International Education,Cambridge International AS & A Level,AS Level,Paper 1,9701/1,75,40,31
An introduction to AS Level organic chemistry,Shapes of organic molecules; sigma and pi bonds,Describe the arrangement of sigma and pi bonds in molecules containing sp sp2 and sp3 hybridised atoms,Chemistry,Cambridge Assessment International Education,Cambridge International AS & A Level,AS Level,Paper 2,9701/2,75,60,46
An introduction to AS Level organic chemistry,Shapes of organic molecules; sigma and pi bonds,Understand and use the term planar when describing the arrangement of atoms in organic molecules,Chemistry,Cambridge Assessment International Education,Cambridge International AS & A Level,AS Level,Paper 1,9701/1,75,40,31
An introduction to AS Level organic chemistry,Shapes of organic molecules; sigma and pi bonds,Understand and use the term planar when describing the arrangement of atoms in organic molecules,Chemistry,Cambridge Assessment International Education,Cambridge International AS & A Level,AS Level,Paper 2,9701/2,75,60,46
An introduction to AS Level organic chemistry,Isomerism: structural isomerism and stereoisomerism,Describe structural isomerism and its division into chain positional and functional group isomerism,Chemistry,Cambridge Assessment International Education,Cambridge International AS & A Level,AS Level,Paper 1,9701/1,75,40,31
An introduction to AS Level organic chemistry,Isomerism: structural isomerism and stereoisomerism,Describe structural isomerism and its division into chain positional and functional group isomerism,Chemistry,Cambridge Assessment International Education,Cambridge International AS & A Level,AS Level,Paper 2,9701/2,75,60,46
An introduction to AS Level organic chemistry,Isomerism: structural isomerism and stereoisomerism,Describe stereoisomerism and its division into geometrical (cis/trans) and optical isomerism,Chemistry,Cambridge Assessment International Education,Cambridge International AS & A Level,AS Level,Paper 1,9701/1,75,40,31
An introduction to AS Level organic chemistry,Isomerism: structural isomerism and stereoisomerism,Describe stereoisomerism and its division into geometrical (cis/trans) and optical isomerism,Chemistry,Cambridge Assessment International Education,Cambridge International AS & A Level,AS Level,Paper 2,9701/2,75,60,46
An introduction to AS Level organic chemistry,Isomerism: structural isomerism and stereoisomerism,Describe geometrical (cis/trans) isomerism in alkenes and explain its origin in terms of restricted rotation due to the presence of pi bonds,Chemistry,Cambridge Assessment International Education,Cambridge International AS & A Level,AS Level,Paper 1,9701/1,75,40,31
An introduction to AS Level organic chemistry,Isomerism: structural isomerism and stereoisomerism,Describe geometrical (cis/trans) isomerism in alkenes and explain its origin in terms of restricted rotation due to the presence of pi bonds,Chemistry,Cambridge Assessment International Education,Cambridge International AS & A Level,AS Level,Paper 2,9701/2,75,60,46
An introduction to AS Level organic chemistry,Isomerism: structural isomerism and stereoisomerism,Explain what is meant by a chiral centre and that such a centre gives rise to two optical isomers (enantiomers),Chemistry,Cambridge Assessment International Education,Cambridge International AS & A Level,AS Level,Paper 1,9701/1,75,40,31
An introduction to AS Level organic chemistry,Isomerism: structural isomerism and stereoisomerism,Explain what is meant by a chiral centre and that such a centre gives rise to two optical isomers (enantiomers),Chemistry,Cambridge Assessment International Education,Cambridge International AS & A Level,AS Level,Paper 2,9701/2,75,60,46
An introduction to AS Level organic chemistry,Isomerism: structural isomerism and stereoisomerism,Identify chiral centres and geometrical (cis/trans) isomerism in a molecule of given structural formula including cyclic compounds,Chemistry,Cambridge Assessment International Education,Cambridge International AS & A Level,AS Level,Paper 1,9701/1,75,40,31
An introduction to AS Level organic chemistry,Isomerism: structural isomerism and stereoisomerism,Identify chiral centres and geometrical (cis/trans) isomerism in a molecule of given structural formula including cyclic compounds,Chemistry,Cambridge Assessment International Education,Cambridge International AS & A Level,AS Level,Paper 2,9701/2,75,60,46
An introduction to AS Level organic chemistry,Isomerism: structural isomerism and stereoisomerism,Deduce the possible isomers for an organic molecule of known molecular formula,Chemistry,Cambridge Assessment International Education,Cambridge International AS & A Level,AS Level,Paper 1,9701/1,75,40,31
An introduction to AS Level organic chemistry,Isomerism: structural isomerism and stereoisomerism,Deduce the possible isomers for an organic molecule of known molecular formula,Chemistry,Cambridge Assessment International Education,Cambridge International AS & A Level,AS Level,Paper 2,9701/2,75,60,46
Hydrocarbons,Alkanes,Recall the reactions (reagents and conditions) by which alkanes can be produced: addition of hydrogen to an alkene and cracking of a longer chain alkane,Chemistry,Cambridge Assessment International Education,Cambridge International AS & A Level,AS Level,Paper 1,9701/1,75,40,31
Hydrocarbons,Alkanes,Recall the reactions (reagents and conditions) by which alkanes can be produced: addition of hydrogen to an alkene and cracking of a longer chain alkane,Chemistry,Cambridge Assessment International Education,Cambridge International AS & A Level,AS Level,Paper 2,9701/2,75,60,46
Hydrocarbons,Alkanes,Describe the complete and incomplete combustion of alkanes,Chemistry,Cambridge Assessment International Education,Cambridge International AS & A Level,AS Level,Paper 1,9701/1,75,40,31
Hydrocarbons,Alkanes,Describe the complete and incomplete combustion of alkanes,Chemistry,Cambridge Assessment International Education,Cambridge International AS & A Level,AS Level,Paper 2,9701/2,75,60,46
Hydrocarbons,Alkanes,Describe the free-radical substitution of alkanes by Cl2 or Br2 in the presence of ultraviolet light,Chemistry,Cambridge Assessment International Education,Cambridge International AS & A Level,AS Level,Paper 1,9701/1,75,40,31
Hydrocarbons,Alkanes,Describe the free-radical substitution of alkanes by Cl2 or Br2 in the presence of ultraviolet light,Chemistry,Cambridge Assessment International Education,Cambridge International AS & A Level,AS Level,Paper 2,9701/2,75,60,46
Hydrocarbons,Alkanes,Describe the mechanism of free-radical substitution with reference to the initiation propagation and termination steps,Chemistry,Cambridge Assessment International Education,Cambridge International AS & A Level,AS Level,Paper 1,9701/1,75,40,31
Hydrocarbons,Alkanes,Describe the mechanism of free-radical substitution with reference to the initiation propagation and termination steps,Chemistry,Cambridge Assessment International Education,Cambridge International AS & A Level,AS Level,Paper 2,9701/2,75,60,46
Hydrocarbons,Alkanes,Suggest how cracking can be used to obtain more useful alkanes and alkenes of lower Mr from heavier crude oil fractions,Chemistry,Cambridge Assessment International Education,Cambridge International AS & A Level,AS Level,Paper 1,9701/1,75,40,31
Hydrocarbons,Alkanes,Suggest how cracking can be used to obtain more useful alkanes and alkenes of lower Mr from heavier crude oil fractions,Chemistry,Cambridge Assessment International Education,Cambridge International AS & A Level,AS Level,Paper 2,9701/2,75,60,46
Hydrocarbons,Alkanes,Understand the general unreactivity of alkanes including towards polar reagents in terms of the strength of the C-H bonds and their relative lack of polarity,Chemistry,Cambridge Assessment International Education,Cambridge International AS & A Level,AS Level,Paper 1,9701/1,75,40,31
Hydrocarbons,Alkanes,Understand the general unreactivity of alkanes including towards polar reagents in terms of the strength of the C-H bonds and their relative lack of polarity,Chemistry,Cambridge Assessment International Education,Cambridge International AS & A Level,AS Level,Paper 2,9701/2,75,60,46
Hydrocarbons,Alkanes,Recognise the environmental consequences of carbon monoxide oxides of nitrogen and unburnt hydrocarbons arising from the combustion of alkanes in the internal combustion engine and of their catalytic removal,Chemistry,Cambridge Assessment International Education,Cambridge International AS & A Level,AS Level,Paper 1,9701/1,75,40,31
Hydrocarbons,Alkanes,Recognise the environmental consequences of carbon monoxide oxides of nitrogen and unburnt hydrocarbons arising from the combustion of alkanes in the internal combustion engine and of their catalytic removal,Chemistry,Cambridge Assessment International Education,Cambridge International AS & A Level,AS Level,Paper 2,9701/2,75,60,46
Hydrocarbons,Alkenes,"Recall the reactions by which alkenes can be produced: elimination of HX from a halogenoalkane, dehydration of an alcohol, cracking of a longer chain alkane",Chemistry,Cambridge Assessment International Education,Cambridge International AS & A Level,AS Level,Paper 1,9701/1,75,40,31
Hydrocarbons,Alkenes,"Recall the reactions by which alkenes can be produced: elimination of HX from a halogenoalkane, dehydration of an alcohol, cracking of a longer chain alkane",Chemistry,Cambridge Assessment International Education,Cambridge International AS & A Level,AS Level,Paper 2,9701/2,75,60,46
Hydrocarbons,Alkenes,"Describe the electrophilic addition of hydrogen, steam, hydrogen halide and halogen to alkenes",Chemistry,Cambridge Assessment International Education,Cambridge International AS & A Level,AS Level,Paper 1,9701/1,75,40,31
Hydrocarbons,Alkenes,"Describe the electrophilic addition of hydrogen, steam, hydrogen halide and halogen to alkenes",Chemistry,Cambridge Assessment International Education,Cambridge International AS & A Level,AS Level,Paper 2,9701/2,75,60,46
Hydrocarbons,Alkenes,Describe the oxidation by cold dilute acidified KMnO4 to form the diol,Chemistry,Cambridge Assessment International Education,Cambridge International AS & A Level,AS Level,Paper 1,9701/1,75,40,31
Hydrocarbons,Alkenes,Describe the oxidation by cold dilute acidified KMnO4 to form the diol,Chemistry,Cambridge Assessment International Education,Cambridge International AS & A Level,AS Level,Paper 2,9701/2,75,60,46
Hydrocarbons,Alkenes,Describe the oxidation by hot concentrated acidified KMnO4 leading to the rupture of the carbon-carbon double bond and the identities of the subsequent products,Chemistry,Cambridge Assessment International Education,Cambridge International AS & A Level,AS Level,Paper 1,9701/1,75,40,31
Hydrocarbons,Alkenes,Describe the oxidation by hot concentrated acidified KMnO4 leading to the rupture of the carbon-carbon double bond and the identities of the subsequent products,Chemistry,Cambridge Assessment International Education,Cambridge International AS & A Level,AS Level,Paper 2,9701/2,75,60,46
Hydrocarbons,Alkenes,Describe addition polymerisation exemplified by the reactions of ethene and propene,Chemistry,Cambridge Assessment International Education,Cambridge International AS & A Level,AS Level,Paper 1,9701/1,75,40,31
Hydrocarbons,Alkenes,Describe addition polymerisation exemplified by the reactions of ethene and propene,Chemistry,Cambridge Assessment International Education,Cambridge International AS & A Level,AS Level,Paper 2,9701/2,75,60,46
Hydrocarbons,Alkenes,Describe the use of aqueous bromine to show the presence of a C=C bond,Chemistry,Cambridge Assessment International Education,Cambridge International AS & A Level,AS Level,Paper 1,9701/1,75,40,31
Hydrocarbons,Alkenes,Describe the use of aqueous bromine to show the presence of a C=C bond,Chemistry,Cambridge Assessment International Education,Cambridge International AS & A Level,AS Level,Paper 2,9701/2,75,60,46
Hydrocarbons,Alkenes,Describe the mechanism of electrophilic addition in alkenes using bromine/ethene and hydrogen bromide/propene as examples,Chemistry,Cambridge Assessment International Education,Cambridge International AS & A Level,AS Level,Paper 1,9701/1,75,40,31
Hydrocarbons,Alkenes,Describe the mechanism of electrophilic addition in alkenes using bromine/ethene and hydrogen bromide/propene as examples,Chemistry,Cambridge Assessment International Education,Cambridge International AS & A Level,AS Level,Paper 2,9701/2,75,60,46
Hydrocarbons,Alkenes,Describe and explain the inductive effects of alkyl groups on the stability of primary secondary and tertiary cations formed during electrophilic addition,Chemistry,Cambridge Assessment International Education,Cambridge International AS & A Level,AS Level,Paper 1,9701/1,75,40,31
Hydrocarbons,Alkenes,Describe and explain the inductive effects of alkyl groups on the stability of primary secondary and tertiary cations formed during electrophilic addition,Chemistry,Cambridge Assessment International Education,Cambridge International AS & A Level,AS Level,Paper 2,9701/2,75,60,46
Halogen compounds,Halogenoalkanes,Recall the reactions (reagents and conditions) by which halogenoalkanes can be produced,Chemistry,Cambridge Assessment International Education,Cambridge International AS & A Level,AS Level,Paper 1,9701/1,75,40,31
Halogen compounds,Halogenoalkanes,Recall the reactions (reagents and conditions) by which halogenoalkanes can be produced,Chemistry,Cambridge Assessment International Education,Cambridge International AS & A Level,AS Level,Paper 2,9701/2,75,60,46
Halogen compounds,Halogenoalkanes,Classify halogenoalkanes into primary secondary and tertiary,Chemistry,Cambridge Assessment International Education,Cambridge International AS & A Level,AS Level,Paper 1,9701/1,75,40,31
Halogen compounds,Halogenoalkanes,Classify halogenoalkanes into primary secondary and tertiary,Chemistry,Cambridge Assessment International Education,Cambridge International AS & A Level,AS Level,Paper 2,9701/2,75,60,46
Halogen compounds,Halogenoalkanes,"Describe the nucleophilic substitution reactions with NaOH(aq), KCN in ethanol, NH3 in ethanol, and aqueous silver nitrate in ethanol",Chemistry,Cambridge Assessment International Education,Cambridge International AS & A Level,AS Level,Paper 1,9701/1,75,40,31
Halogen compounds,Halogenoalkanes,"Describe the nucleophilic substitution reactions with NaOH(aq), KCN in ethanol, NH3 in ethanol, and aqueous silver nitrate in ethanol",Chemistry,Cambridge Assessment International Education,Cambridge International AS & A Level,AS Level,Paper 2,9701/2,75,60,46
Halogen compounds,Halogenoalkanes,Describe the elimination reaction with NaOH in ethanol and heat to produce an alkene,Chemistry,Cambridge Assessment International Education,Cambridge International AS & A Level,AS Level,Paper 1,9701/1,75,40,31
Halogen compounds,Halogenoalkanes,Describe the elimination reaction with NaOH in ethanol and heat to produce an alkene,Chemistry,Cambridge Assessment International Education,Cambridge International AS & A Level,AS Level,Paper 2,9701/2,75,60,46
Halogen compounds,Halogenoalkanes,Describe the SN1 and SN2 mechanisms of nucleophilic substitution in halogenoalkanes including the inductive effects of alkyl groups,Chemistry,Cambridge Assessment International Education,Cambridge International AS & A Level,AS Level,Paper 1,9701/1,75,40,31
Halogen compounds,Halogenoalkanes,Describe the SN1 and SN2 mechanisms of nucleophilic substitution in halogenoalkanes including the inductive effects of alkyl groups,Chemistry,Cambridge Assessment International Education,Cambridge International AS & A Level,AS Level,Paper 2,9701/2,75,60,46
Halogen compounds,Halogenoalkanes,Recall that primary halogenoalkanes tend to react via the SN2 mechanism; tertiary halogenoalkanes via the SN1 mechanism; secondary by a mixture,Chemistry,Cambridge Assessment International Education,Cambridge International AS & A Level,AS Level,Paper 1,9701/1,75,40,31
Halogen compounds,Halogenoalkanes,Recall that primary halogenoalkanes tend to react via the SN2 mechanism; tertiary halogenoalkanes via the SN1 mechanism; secondary by a mixture,Chemistry,Cambridge Assessment International Education,Cambridge International AS & A Level,AS Level,Paper 2,9701/2,75,60,46
Halogen compounds,Halogenoalkanes,Describe and explain the different reactivities of halogenoalkanes with particular reference to the relative strengths of the C-X bonds,Chemistry,Cambridge Assessment International Education,Cambridge International AS & A Level,AS Level,Paper 1,9701/1,75,40,31
Halogen compounds,Halogenoalkanes,Describe and explain the different reactivities of halogenoalkanes with particular reference to the relative strengths of the C-X bonds,Chemistry,Cambridge Assessment International Education,Cambridge International AS & A Level,AS Level,Paper 2,9701/2,75,60,46
Hydroxy compounds,Alcohols,Recall the reactions by which alcohols can be produced,Chemistry,Cambridge Assessment International Education,Cambridge International AS & A Level,AS Level,Paper 1,9701/1,75,40,31
Hydroxy compounds,Alcohols,Recall the reactions by which alcohols can be produced,Chemistry,Cambridge Assessment International Education,Cambridge International AS & A Level,AS Level,Paper 2,9701/2,75,60,46
Hydroxy compounds,Alcohols,Describe the reaction with oxygen (combustion),Chemistry,Cambridge Assessment International Education,Cambridge International AS & A Level,AS Level,Paper 1,9701/1,75,40,31
Hydroxy compounds,Alcohols,Describe the reaction with oxygen (combustion),Chemistry,Cambridge Assessment International Education,Cambridge International AS & A Level,AS Level,Paper 2,9701/2,75,60,46
Hydroxy compounds,Alcohols,Describe substitution to form halogenoalkanes,Chemistry,Cambridge Assessment International Education,Cambridge International AS & A Level,AS Level,Paper 1,9701/1,75,40,31
Hydroxy compounds,Alcohols,Describe substitution to form halogenoalkanes,Chemistry,Cambridge Assessment International Education,Cambridge International AS & A Level,AS Level,Paper 2,9701/2,75,60,46
Hydroxy compounds,Alcohols,Describe the reaction with Na(s),Chemistry,Cambridge Assessment International Education,Cambridge International AS & A Level,AS Level,Paper 1,9701/1,75,40,31
Hydroxy compounds,Alcohols,Describe the reaction with Na(s),Chemistry,Cambridge Assessment International Education,Cambridge International AS & A Level,AS Level,Paper 2,9701/2,75,60,46
Hydroxy compounds,Alcohols,Describe oxidation with acidified K2Cr2O7 or acidified KMnO4 to carbonyl compounds and carboxylic acids,Chemistry,Cambridge Assessment International Education,Cambridge International AS & A Level,AS Level,Paper 1,9701/1,75,40,31
Hydroxy compounds,Alcohols,Describe oxidation with acidified K2Cr2O7 or acidified KMnO4 to carbonyl compounds and carboxylic acids,Chemistry,Cambridge Assessment International Education,Cambridge International AS & A Level,AS Level,Paper 2,9701/2,75,60,46
Hydroxy compounds,Alcohols,Describe dehydration to an alkene,Chemistry,Cambridge Assessment International Education,Cambridge International AS & A Level,AS Level,Paper 1,9701/1,75,40,31
Hydroxy compounds,Alcohols,Describe dehydration to an alkene,Chemistry,Cambridge Assessment International Education,Cambridge International AS & A Level,AS Level,Paper 2,9701/2,75,60,46
Hydroxy compounds,Alcohols,Describe formation of esters by reaction with carboxylic acids,Chemistry,Cambridge Assessment International Education,Cambridge International AS & A Level,AS Level,Paper 1,9701/1,75,40,31
Hydroxy compounds,Alcohols,Describe formation of esters by reaction with carboxylic acids,Chemistry,Cambridge Assessment International Education,Cambridge International AS & A Level,AS Level,Paper 2,9701/2,75,60,46
Hydroxy compounds,Alcohols,Classify alcohols as primary secondary and tertiary alcohols to include examples with more than one alcohol group,Chemistry,Cambridge Assessment International Education,Cambridge International AS & A Level,AS Level,Paper 1,9701/1,75,40,31
Hydroxy compounds,Alcohols,Classify alcohols as primary secondary and tertiary alcohols to include examples with more than one alcohol group,Chemistry,Cambridge Assessment International Education,Cambridge International AS & A Level,AS Level,Paper 2,9701/2,75,60,46
Hydroxy compounds,Alcohols,State characteristic distinguishing reactions e.g. mild oxidation with acidified K2Cr2O7 colour change from orange to green,Chemistry,Cambridge Assessment International Education,Cambridge International AS & A Level,AS Level,Paper 1,9701/1,75,40,31
Hydroxy compounds,Alcohols,State characteristic distinguishing reactions e.g. mild oxidation with acidified K2Cr2O7 colour change from orange to green,Chemistry,Cambridge Assessment International Education,Cambridge International AS & A Level,AS Level,Paper 2,9701/2,75,60,46
Hydroxy compounds,Alcohols,Deduce the presence of a CH3CH(OH)- group in an alcohol from its reaction with alkaline I2(aq) to form a yellow precipitate of tri-iodomethane,Chemistry,Cambridge Assessment International Education,Cambridge International AS & A Level,AS Level,Paper 1,9701/1,75,40,31
Hydroxy compounds,Alcohols,Deduce the presence of a CH3CH(OH)- group in an alcohol from its reaction with alkaline I2(aq) to form a yellow precipitate of tri-iodomethane,Chemistry,Cambridge Assessment International Education,Cambridge International AS & A Level,AS Level,Paper 2,9701/2,75,60,46
Hydroxy compounds,Alcohols,Explain the acidity of alcohols compared with water,Chemistry,Cambridge Assessment International Education,Cambridge International AS & A Level,AS Level,Paper 1,9701/1,75,40,31
Hydroxy compounds,Alcohols,Explain the acidity of alcohols compared with water,Chemistry,Cambridge Assessment International Education,Cambridge International AS & A Level,AS Level,Paper 2,9701/2,75,60,46
Carbonyl compounds,Aldehydes and ketones,Recall the reactions by which aldehydes and ketones can be produced,Chemistry,Cambridge Assessment International Education,Cambridge International AS & A Level,AS Level,Paper 1,9701/1,75,40,31
Carbonyl compounds,Aldehydes and ketones,Recall the reactions by which aldehydes and ketones can be produced,Chemistry,Cambridge Assessment International Education,Cambridge International AS & A Level,AS Level,Paper 2,9701/2,75,60,46
Carbonyl compounds,Aldehydes and ketones,Describe the reduction of aldehydes and ketones using NaBH4 or LiAlH4 to produce alcohols,Chemistry,Cambridge Assessment International Education,Cambridge International AS & A Level,AS Level,Paper 1,9701/1,75,40,31
Carbonyl compounds,Aldehydes and ketones,Describe the reduction of aldehydes and ketones using NaBH4 or LiAlH4 to produce alcohols,Chemistry,Cambridge Assessment International Education,Cambridge International AS & A Level,AS Level,Paper 2,9701/2,75,60,46
Carbonyl compounds,Aldehydes and ketones,Describe the reaction of aldehydes and ketones with HCN with KCN as catalyst and heat to produce hydroxynitriles,Chemistry,Cambridge Assessment International Education,Cambridge International AS & A Level,AS Level,Paper 1,9701/1,75,40,31
Carbonyl compounds,Aldehydes and ketones,Describe the reaction of aldehydes and ketones with HCN with KCN as catalyst and heat to produce hydroxynitriles,Chemistry,Cambridge Assessment International Education,Cambridge International AS & A Level,AS Level,Paper 2,9701/2,75,60,46
Carbonyl compounds,Aldehydes and ketones,Describe the mechanism of the nucleophilic addition reactions of hydrogen cyanide with aldehydes and ketones,Chemistry,Cambridge Assessment International Education,Cambridge International AS & A Level,AS Level,Paper 1,9701/1,75,40,31
Carbonyl compounds,Aldehydes and ketones,Describe the mechanism of the nucleophilic addition reactions of hydrogen cyanide with aldehydes and ketones,Chemistry,Cambridge Assessment International Education,Cambridge International AS & A Level,AS Level,Paper 2,9701/2,75,60,46
Carbonyl compounds,Aldehydes and ketones,"Describe the use of 2,4-dinitrophenylhydrazine (2,4-DNPH reagent) to detect the presence of carbonyl compounds",Chemistry,Cambridge Assessment International Education,Cambridge International AS & A Level,AS Level,Paper 1,9701/1,75,40,31
Carbonyl compounds,Aldehydes and ketones,"Describe the use of 2,4-dinitrophenylhydrazine (2,4-DNPH reagent) to detect the presence of carbonyl compounds",Chemistry,Cambridge Assessment International Education,Cambridge International AS & A Level,AS Level,Paper 2,9701/2,75,60,46
Carbonyl compounds,Aldehydes and ketones,Deduce the nature (aldehyde or ketone) of an unknown carbonyl compound from the results of simple tests (Fehling's and Tollens' reagents; ease of oxidation),Chemistry,Cambridge Assessment International Education,Cambridge International AS & A Level,AS Level,Paper 1,9701/1,75,40,31
Carbonyl compounds,Aldehydes and ketones,Deduce the nature (aldehyde or ketone) of an unknown carbonyl compound from the results of simple tests (Fehling's and Tollens' reagents; ease of oxidation),Chemistry,Cambridge Assessment International Education,Cambridge International AS & A Level,AS Level,Paper 2,9701/2,75,60,46
Carbonyl compounds,Aldehydes and ketones,Deduce the presence of a CH3CO- group in an aldehyde or ketone from its reaction with alkaline I2(aq) to form a yellow precipitate of tri-iodomethane,Chemistry,Cambridge Assessment International Education,Cambridge International AS & A Level,AS Level,Paper 1,9701/1,75,40,31
Carbonyl compounds,Aldehydes and ketones,Deduce the presence of a CH3CO- group in an aldehyde or ketone from its reaction with alkaline I2(aq) to form a yellow precipitate of tri-iodomethane,Chemistry,Cambridge Assessment International Education,Cambridge International AS & A Level,AS Level,Paper 2,9701/2,75,60,46
Carboxylic acids and derivatives,Carboxylic acids,"Recall the reactions by which carboxylic acids can be produced: oxidation of primary alcohols and aldehydes, hydrolysis of nitriles, hydrolysis of esters",Chemistry,Cambridge Assessment International Education,Cambridge International AS & A Level,AS Level,Paper 1,9701/1,75,40,31
Carboxylic acids and derivatives,Carboxylic acids,"Recall the reactions by which carboxylic acids can be produced: oxidation of primary alcohols and aldehydes, hydrolysis of nitriles, hydrolysis of esters",Chemistry,Cambridge Assessment International Education,Cambridge International AS & A Level,AS Level,Paper 2,9701/2,75,60,46
Carboxylic acids and derivatives,Carboxylic acids,Describe the redox reaction with reactive metals to produce a salt and H2(g),Chemistry,Cambridge Assessment International Education,Cambridge International AS & A Level,AS Level,Paper 1,9701/1,75,40,31
Carboxylic acids and derivatives,Carboxylic acids,Describe the redox reaction with reactive metals to produce a salt and H2(g),Chemistry,Cambridge Assessment International Education,Cambridge International AS & A Level,AS Level,Paper 2,9701/2,75,60,46
Carboxylic acids and derivatives,Carboxylic acids,Describe the neutralisation reaction with alkalis to produce a salt and H2O(l),Chemistry,Cambridge Assessment International Education,Cambridge International AS & A Level,AS Level,Paper 1,9701/1,75,40,31
Carboxylic acids and derivatives,Carboxylic acids,Describe the neutralisation reaction with alkalis to produce a salt and H2O(l),Chemistry,Cambridge Assessment International Education,Cambridge International AS & A Level,AS Level,Paper 2,9701/2,75,60,46
Carboxylic acids and derivatives,Carboxylic acids,Describe the acid-base reaction with carbonates to produce a salt and H2O(l) and CO2(g),Chemistry,Cambridge Assessment International Education,Cambridge International AS & A Level,AS Level,Paper 1,9701/1,75,40,31
Carboxylic acids and derivatives,Carboxylic acids,Describe the acid-base reaction with carbonates to produce a salt and H2O(l) and CO2(g),Chemistry,Cambridge Assessment International Education,Cambridge International AS & A Level,AS Level,Paper 2,9701/2,75,60,46
Carboxylic acids and derivatives,Carboxylic acids,Describe esterification with alcohols with concentrated H2SO4 as catalyst,Chemistry,Cambridge Assessment International Education,Cambridge International AS & A Level,AS Level,Paper 1,9701/1,75,40,31
Carboxylic acids and derivatives,Carboxylic acids,Describe esterification with alcohols with concentrated H2SO4 as catalyst,Chemistry,Cambridge Assessment International Education,Cambridge International AS & A Level,AS Level,Paper 2,9701/2,75,60,46
Carboxylic acids and derivatives,Carboxylic acids,Describe reduction by LiAlH4 to form a primary alcohol,Chemistry,Cambridge Assessment International Education,Cambridge International AS & A Level,AS Level,Paper 1,9701/1,75,40,31
Carboxylic acids and derivatives,Carboxylic acids,Describe reduction by LiAlH4 to form a primary alcohol,Chemistry,Cambridge Assessment International Education,Cambridge International AS & A Level,AS Level,Paper 2,9701/2,75,60,46
Carboxylic acids and derivatives,Esters,Recall the reaction by which esters can be produced: the condensation reaction between an alcohol and a carboxylic acid with concentrated H2SO4 as catalyst,Chemistry,Cambridge Assessment International Education,Cambridge International AS & A Level,AS Level,Paper 1,9701/1,75,40,31
Carboxylic acids and derivatives,Esters,Recall the reaction by which esters can be produced: the condensation reaction between an alcohol and a carboxylic acid with concentrated H2SO4 as catalyst,Chemistry,Cambridge Assessment International Education,Cambridge International AS & A Level,AS Level,Paper 2,9701/2,75,60,46
Carboxylic acids and derivatives,Esters,Describe the hydrolysis of esters by dilute acid and by dilute alkali and heat,Chemistry,Cambridge Assessment International Education,Cambridge International AS & A Level,AS Level,Paper 1,9701/1,75,40,31
Carboxylic acids and derivatives,Esters,Describe the hydrolysis of esters by dilute acid and by dilute alkali and heat,Chemistry,Cambridge Assessment International Education,Cambridge International AS & A Level,AS Level,Paper 2,9701/2,75,60,46
Nitrogen compounds,Primary amines,Recall the reactions by which amines can be produced: reaction of a halogenalkane with NH3 in ethanol heated under pressure,Chemistry,Cambridge Assessment International Education,Cambridge International AS & A Level,AS Level,Paper 1,9701/1,75,40,31
Nitrogen compounds,Primary amines,Recall the reactions by which amines can be produced: reaction of a halogenalkane with NH3 in ethanol heated under pressure,Chemistry,Cambridge Assessment International Education,Cambridge International AS & A Level,AS Level,Paper 2,9701/2,75,60,46
Nitrogen compounds,Nitriles and hydroxynitriles,Recall the reactions by which nitriles can be produced: reaction of a halogenalkane with KCN in ethanol and heat,Chemistry,Cambridge Assessment International Education,Cambridge International AS & A Level,AS Level,Paper 1,9701/1,75,40,31
Nitrogen compounds,Nitriles and hydroxynitriles,Recall the reactions by which nitriles can be produced: reaction of a halogenalkane with KCN in ethanol and heat,Chemistry,Cambridge Assessment International Education,Cambridge International AS & A Level,AS Level,Paper 2,9701/2,75,60,46
Nitrogen compounds,Nitriles and hydroxynitriles,Recall the reactions by which hydroxynitriles can be produced: the reaction of aldehydes and ketones with HCN with KCN as catalyst and heat,Chemistry,Cambridge Assessment International Education,Cambridge International AS & A Level,AS Level,Paper 1,9701/1,75,40,31
Nitrogen compounds,Nitriles and hydroxynitriles,Recall the reactions by which hydroxynitriles can be produced: the reaction of aldehydes and ketones with HCN with KCN as catalyst and heat,Chemistry,Cambridge Assessment International Education,Cambridge International AS & A Level,AS Level,Paper 2,9701/2,75,60,46
Nitrogen compounds,Nitriles and hydroxynitriles,Describe the hydrolysis of nitriles with dilute acid or dilute alkali followed by acidification to produce a carboxylic acid,Chemistry,Cambridge Assessment International Education,Cambridge International AS & A Level,AS Level,Paper 1,9701/1,75,40,31
Nitrogen compounds,Nitriles and hydroxynitriles,Describe the hydrolysis of nitriles with dilute acid or dilute alkali followed by acidification to produce a carboxylic acid,Chemistry,Cambridge Assessment International Education,Cambridge International AS & A Level,AS Level,Paper 2,9701/2,75,60,46
Polymerisation,Addition polymerisation,"Describe addition polymerisation as exemplified by poly(ethene) and poly(chloroethene), PVC",Chemistry,Cambridge Assessment International Education,Cambridge International AS & A Level,AS Level,Paper 1,9701/1,75,40,31
Polymerisation,Addition polymerisation,"Describe addition polymerisation as exemplified by poly(ethene) and poly(chloroethene), PVC",Chemistry,Cambridge Assessment International Education,Cambridge International AS & A Level,AS Level,Paper 2,9701/2,75,60,46
Polymerisation,Addition polymerisation,Deduce the repeat unit of an addition polymer obtained from a given monomer,Chemistry,Cambridge Assessment International Education,Cambridge International AS & A Level,AS Level,Paper 1,9701/1,75,40,31
Polymerisation,Addition polymerisation,Deduce the repeat unit of an addition polymer obtained from a given monomer,Chemistry,Cambridge Assessment International Education,Cambridge International AS & A Level,AS Level,Paper 2,9701/2,75,60,46
Polymerisation,Addition polymerisation,Identify the monomer(s) present in a given section of an addition polymer molecule,Chemistry,Cambridge Assessment International Education,Cambridge International AS & A Level,AS Level,Paper 1,9701/1,75,40,31
Polymerisation,Addition polymerisation,Identify the monomer(s) present in a given section of an addition polymer molecule,Chemistry,Cambridge Assessment International Education,Cambridge International AS & A Level,AS Level,Paper 2,9701/2,75,60,46
Polymerisation,Addition polymerisation,Recognise the difficulty of the disposal of poly(alkenes) i.e. non-biodegradability and harmful combustion products,Chemistry,Cambridge Assessment International Education,Cambridge International AS & A Level,AS Level,Paper 1,9701/1,75,40,31
Polymerisation,Addition polymerisation,Recognise the difficulty of the disposal of poly(alkenes) i.e. non-biodegradability and harmful combustion products,Chemistry,Cambridge Assessment International Education,Cambridge International AS & A Level,AS Level,Paper 2,9701/2,75,60,46
Organic synthesis,Organic synthesis,For an organic molecule containing several functional groups: identify organic functional groups using the reactions in the syllabus,Chemistry,Cambridge Assessment International Education,Cambridge International AS & A Level,AS Level,Paper 1,9701/1,75,40,31
Organic synthesis,Organic synthesis,For an organic molecule containing several functional groups: identify organic functional groups using the reactions in the syllabus,Chemistry,Cambridge Assessment International Education,Cambridge International AS & A Level,AS Level,Paper 2,9701/2,75,60,46
Organic synthesis,Organic synthesis,For an organic molecule containing several functional groups: predict properties and reactions,Chemistry,Cambridge Assessment International Education,Cambridge International AS & A Level,AS Level,Paper 1,9701/1,75,40,31
Organic synthesis,Organic synthesis,For an organic molecule containing several functional groups: predict properties and reactions,Chemistry,Cambridge Assessment International Education,Cambridge International AS & A Level,AS Level,Paper 2,9701/2,75,60,46
Organic synthesis,Organic synthesis,Devise multi-step synthetic routes for preparing organic molecules using the reactions in the syllabus,Chemistry,Cambridge Assessment International Education,Cambridge International AS & A Level,AS Level,Paper 1,9701/1,75,40,31
Organic synthesis,Organic synthesis,Devise multi-step synthetic routes for preparing organic molecules using the reactions in the syllabus,Chemistry,Cambridge Assessment International Education,Cambridge International AS & A Level,AS Level,Paper 2,9701/2,75,60,46
Organic synthesis,Organic synthesis,Analyse a given synthetic route in terms of type of reaction and reagents used for each step and possible by-products,Chemistry,Cambridge Assessment International Education,Cambridge International AS & A Level,AS Level,Paper 1,9701/1,75,40,31
Organic synthesis,Organic synthesis,Analyse a given synthetic route in terms of type of reaction and reagents used for each step and possible by-products,Chemistry,Cambridge Assessment International Education,Cambridge International AS & A Level,AS Level,Paper 2,9701/2,75,60,46
Analytical techniques,Infrared spectroscopy,Analyse an infrared spectrum of a simple molecule to identify functional groups,Chemistry,Cambridge Assessment International Education,Cambridge International AS & A Level,AS Level,Paper 1,9701/1,75,40,31
Analytical techniques,Infrared spectroscopy,Analyse an infrared spectrum of a simple molecule to identify functional groups,Chemistry,Cambridge Assessment International Education,Cambridge International AS & A Level,AS Level,Paper 2,9701/2,75,60,46
Analytical techniques,Mass spectrometry,Analyse mass spectra in terms of m/e values and isotopic abundances,Chemistry,Cambridge Assessment International Education,Cambridge International AS & A Level,AS Level,Paper 1,9701/1,75,40,31
Analytical techniques,Mass spectrometry,Analyse mass spectra in terms of m/e values and isotopic abundances,Chemistry,Cambridge Assessment International Education,Cambridge International AS & A Level,AS Level,Paper 2,9701/2,75,60,46
Analytical techniques,Mass spectrometry,Calculate the relative atomic mass of an element given the relative abundances of its isotopes or its mass spectrum,Chemistry,Cambridge Assessment International Education,Cambridge International AS & A Level,AS Level,Paper 1,9701/1,75,40,31
Analytical techniques,Mass spectrometry,Calculate the relative atomic mass of an element given the relative abundances of its isotopes or its mass spectrum,Chemistry,Cambridge Assessment International Education,Cambridge International AS & A Level,AS Level,Paper 2,9701/2,75,60,46
Analytical techniques,Mass spectrometry,Deduce the molecular mass of an organic molecule from the molecular ion peak in a mass spectrum,Chemistry,Cambridge Assessment International Education,Cambridge International AS & A Level,AS Level,Paper 1,9701/1,75,40,31
Analytical techniques,Mass spectrometry,Deduce the molecular mass of an organic molecule from the molecular ion peak in a mass spectrum,Chemistry,Cambridge Assessment International Education,Cambridge International AS & A Level,AS Level,Paper 2,9701/2,75,60,46
Analytical techniques,Mass spectrometry,Suggest the identity of molecules formed by simple fragmentation in a given mass spectrum,Chemistry,Cambridge Assessment International Education,Cambridge International AS & A Level,AS Level,Paper 1,9701/1,75,40,31
Analytical techniques,Mass spectrometry,Suggest the identity of molecules formed by simple fragmentation in a given mass spectrum,Chemistry,Cambridge Assessment International Education,Cambridge International AS & A Level,AS Level,Paper 2,9701/2,75,60,46
Analytical techniques,Mass spectrometry,Deduce the number of carbon atoms n in a compound using the [M+1]+ peak and the formula,Chemistry,Cambridge Assessment International Education,Cambridge International AS & A Level,AS Level,Paper 1,9701/1,75,40,31
Analytical techniques,Mass spectrometry,Deduce the number of carbon atoms n in a compound using the [M+1]+ peak and the formula,Chemistry,Cambridge Assessment International Education,Cambridge International AS & A Level,AS Level,Paper 2,9701/2,75,60,46
Analytical techniques,Mass spectrometry,Deduce the presence of bromine and chlorine atoms in a compound using the [M+2]+ peak,Chemistry,Cambridge Assessment International Education,Cambridge International AS & A Level,AS Level,Paper 1,9701/1,75,40,31
Analytical techniques,Mass spectrometry,Deduce the presence of bromine and chlorine atoms in a compound using the [M+2]+ peak,Chemistry,Cambridge Assessment International Education,Cambridge International AS & A Level,AS Level,Paper 2,9701/2,75,60,46
Chemical energetics,Lattice energy and Born-Haber cycles,Define and use the terms enthalpy change of atomisation and lattice energy,Chemistry,Cambridge Assessment International Education,Cambridge International AS & A Level,A Level,Paper 4,9701/4,120,100,38.5
Chemical energetics,Lattice energy and Born-Haber cycles,Define and use the term first electron affinity,Chemistry,Cambridge Assessment International Education,Cambridge International AS & A Level,A Level,Paper 4,9701/4,120,100,38.5
Chemical energetics,Lattice energy and Born-Haber cycles,Explain the factors affecting the electron affinities of elements,Chemistry,Cambridge Assessment International Education,Cambridge International AS & A Level,A Level,Paper 4,9701/4,120,100,38.5
Chemical energetics,Lattice energy and Born-Haber cycles,Describe and explain the trends in the electron affinities of the Group 16 and Group 17 elements,Chemistry,Cambridge Assessment International Education,Cambridge International AS & A Level,A Level,Paper 4,9701/4,120,100,38.5
Chemical energetics,Lattice energy and Born-Haber cycles,Construct and use Born-Haber cycles for ionic solids,Chemistry,Cambridge Assessment International Education,Cambridge International AS & A Level,A Level,Paper 4,9701/4,120,100,38.5
Chemical energetics,Lattice energy and Born-Haber cycles,Carry out calculations involving Born-Haber cycles,Chemistry,Cambridge Assessment International Education,Cambridge International AS & A Level,A Level,Paper 4,9701/4,120,100,38.5
Chemical energetics,Lattice energy and Born-Haber cycles,Explain in qualitative terms the effect of ionic charge and of ionic radius on the numerical magnitude of a lattice energy,Chemistry,Cambridge Assessment International Education,Cambridge International AS & A Level,A Level,Paper 4,9701/4,120,100,38.5
Chemical energetics,Enthalpies of solution and hydration,Define and use the term enthalpy change with reference to hydration and solution,Chemistry,Cambridge Assessment International Education,Cambridge International AS & A Level,A Level,Paper 4,9701/4,120,100,38.5
Chemical energetics,Enthalpies of solution and hydration,"Construct and use an energy cycle involving enthalpy change of solution, lattice energy and enthalpy change of hydration",Chemistry,Cambridge Assessment International Education,Cambridge International AS & A Level,A Level,Paper 4,9701/4,120,100,38.5
Chemical energetics,Enthalpies of solution and hydration,Carry out calculations involving the energy cycles,Chemistry,Cambridge Assessment International Education,Cambridge International AS & A Level,A Level,Paper 4,9701/4,120,100,38.5
Chemical energetics,Enthalpies of solution and hydration,Explain in qualitative terms the effect of ionic charge and of ionic radius on the numerical magnitude of an enthalpy change of hydration,Chemistry,Cambridge Assessment International Education,Cambridge International AS & A Level,A Level,Paper 4,9701/4,120,100,38.5
Chemical energetics,"Entropy change, Delta S",Define the term entropy S as the number of possible arrangements of the particles and their energy in a given system,Chemistry,Cambridge Assessment International Education,Cambridge International AS & A Level,A Level,Paper 4,9701/4,120,100,38.5
Chemical energetics,"Entropy change, Delta S",Predict and explain the sign of the entropy changes that occur during a change in state,Chemistry,Cambridge Assessment International Education,Cambridge International AS & A Level,A Level,Paper 4,9701/4,120,100,38.5
Chemical energetics,"Entropy change, Delta S",Predict and explain the sign of the entropy changes that occur during a temperature change,Chemistry,Cambridge Assessment International Education,Cambridge International AS & A Level,A Level,Paper 4,9701/4,120,100,38.5
Chemical energetics,"Entropy change, Delta S",Predict and explain the sign of the entropy changes that occur during a reaction in which there is a change in the number of gaseous molecules,Chemistry,Cambridge Assessment International Education,Cambridge International AS & A Level,A Level,Paper 4,9701/4,120,100,38.5
Chemical energetics,"Entropy change, Delta S",Calculate the entropy change for a reaction given the standard entropies of the reactants and products,Chemistry,Cambridge Assessment International Education,Cambridge International AS & A Level,A Level,Paper 4,9701/4,120,100,38.5
Chemical energetics,"Gibbs free energy change, Delta G",State and use the Gibbs equation DeltaG° = DeltaH° - TDeltaS°,Chemistry,Cambridge Assessment International Education,Cambridge International AS & A Level,A Level,Paper 4,9701/4,120,100,38.5
Chemical energetics,"Gibbs free energy change, Delta G",Perform calculations using the equation DeltaG° = DeltaH° - TDeltaS°,Chemistry,Cambridge Assessment International Education,Cambridge International AS & A Level,A Level,Paper 4,9701/4,120,100,38.5
Chemical energetics,"Gibbs free energy change, Delta G",State whether a reaction or process will be feasible by using the sign of DeltaG,Chemistry,Cambridge Assessment International Education,Cambridge International AS & A Level,A Level,Paper 4,9701/4,120,100,38.5
Chemical energetics,"Gibbs free energy change, Delta G",Predict the effect of temperature change on the feasibility of a reaction given standard enthalpy and entropy changes,Chemistry,Cambridge Assessment International Education,Cambridge International AS & A Level,A Level,Paper 4,9701/4,120,100,38.5
Electrochemistry,Electrolysis,"Predict the identities of substances liberated during electrolysis from the state of electrolyte, position in the redox series and concentration",Chemistry,Cambridge Assessment International Education,Cambridge International AS & A Level,A Level,Paper 4,9701/4,120,100,38.5
Electrochemistry,Electrolysis,"State and apply the relationship F=Le between the Faraday constant, the Avogadro constant and the charge on the electron",Chemistry,Cambridge Assessment International Education,Cambridge International AS & A Level,A Level,Paper 4,9701/4,120,100,38.5
Electrochemistry,Electrolysis,Calculate the quantity of charge passed during electrolysis using Q=It,Chemistry,Cambridge Assessment International Education,Cambridge International AS & A Level,A Level,Paper 4,9701/4,120,100,38.5
Electrochemistry,Electrolysis,Calculate the mass and/or volume of substance liberated during electrolysis,Chemistry,Cambridge Assessment International Education,Cambridge International AS & A Level,A Level,Paper 4,9701/4,120,100,38.5
Electrochemistry,Electrolysis,Describe the determination of a value of the Avogadro constant by an electrolytic method,Chemistry,Cambridge Assessment International Education,Cambridge International AS & A Level,A Level,Paper 4,9701/4,120,100,38.5
Electrochemistry,"Standard electrode potentials, standard cell potentials and the Nernst equation",Define the terms standard electrode (reduction) potential and standard cell potential,Chemistry,Cambridge Assessment International Education,Cambridge International AS & A Level,A Level,Paper 4,9701/4,120,100,38.5
Electrochemistry,"Standard electrode potentials, standard cell potentials and the Nernst equation",Describe the standard hydrogen electrode,Chemistry,Cambridge Assessment International Education,Cambridge International AS & A Level,A Level,Paper 4,9701/4,120,100,38.5
Electrochemistry,"Standard electrode potentials, standard cell potentials and the Nernst equation",Describe methods used to measure the standard electrode potentials of metals or non-metals in contact with their ions in aqueous solution,Chemistry,Cambridge Assessment International Education,Cambridge International AS & A Level,A Level,Paper 4,9701/4,120,100,38.5
Electrochemistry,"Standard electrode potentials, standard cell potentials and the Nernst equation",Describe methods used to measure the standard electrode potentials of ions of the same element in different oxidation states,Chemistry,Cambridge Assessment International Education,Cambridge International AS & A Level,A Level,Paper 4,9701/4,120,100,38.5
Electrochemistry,"Standard electrode potentials, standard cell potentials and the Nernst equation",Calculate a standard cell potential by combining two standard electrode potentials,Chemistry,Cambridge Assessment International Education,Cambridge International AS & A Level,A Level,Paper 4,9701/4,120,100,38.5
Electrochemistry,"Standard electrode potentials, standard cell potentials and the Nernst equation",Use standard cell potentials to deduce the polarity of each electrode and hence explain/deduce the direction of electron flow,Chemistry,Cambridge Assessment International Education,Cambridge International AS & A Level,A Level,Paper 4,9701/4,120,100,38.5
Electrochemistry,"Standard electrode potentials, standard cell potentials and the Nernst equation",Use standard cell potentials to predict the feasibility of a reaction,Chemistry,Cambridge Assessment International Education,Cambridge International AS & A Level,A Level,Paper 4,9701/4,120,100,38.5
Electrochemistry,"Standard electrode potentials, standard cell potentials and the Nernst equation","Deduce from E° values the relative reactivity of elements, compounds and ions as oxidising agents or as reducing agents",Chemistry,Cambridge Assessment International Education,Cambridge International AS & A Level,A Level,Paper 4,9701/4,120,100,38.5
Electrochemistry,"Standard electrode potentials, standard cell potentials and the Nernst equation",Construct redox equations using the relevant half-equations,Chemistry,Cambridge Assessment International Education,Cambridge International AS & A Level,A Level,Paper 4,9701/4,120,100,38.5
Electrochemistry,"Standard electrode potentials, standard cell potentials and the Nernst equation",Predict qualitatively how the value of an electrode potential varies with the concentrations of the aqueous ions,Chemistry,Cambridge Assessment International Education,Cambridge International AS & A Level,A Level,Paper 4,9701/4,120,100,38.5
Electrochemistry,"Standard electrode potentials, standard cell potentials and the Nernst equation",Use the Nernst equation to predict quantitatively how the value of an electrode potential varies with the concentrations of the aqueous ions,Chemistry,Cambridge Assessment International Education,Cambridge International AS & A Level,A Level,Paper 4,9701/4,120,100,38.5
Electrochemistry,"Standard electrode potentials, standard cell potentials and the Nernst equation",Understand and use the equation DeltaG° = -nEcell°F,Chemistry,Cambridge Assessment International Education,Cambridge International AS & A Level,A Level,Paper 4,9701/4,120,100,38.5
Equilibria,Acids and bases,Understand and use the terms conjugate acid and conjugate base,Chemistry,Cambridge Assessment International Education,Cambridge International AS & A Level,A Level,Paper 4,9701/4,120,100,38.5
Equilibria,Acids and bases,Define conjugate acid-base pairs identifying such pairs in reactions,Chemistry,Cambridge Assessment International Education,Cambridge International AS & A Level,A Level,Paper 4,9701/4,120,100,38.5
Equilibria,Acids and bases,"Define mathematically the terms pH, Ka, pKa and Kw and use them in calculations",Chemistry,Cambridge Assessment International Education,Cambridge International AS & A Level,A Level,Paper 4,9701/4,120,100,38.5
Equilibria,Acids and bases,Calculate [H+(aq)] and pH values for strong acids,Chemistry,Cambridge Assessment International Education,Cambridge International AS & A Level,A Level,Paper 4,9701/4,120,100,38.5
Equilibria,Acids and bases,Calculate [H+(aq)] and pH values for strong alkalis,Chemistry,Cambridge Assessment International Education,Cambridge International AS & A Level,A Level,Paper 4,9701/4,120,100,38.5
Equilibria,Acids and bases,Calculate [H+(aq)] and pH values for weak acids,Chemistry,Cambridge Assessment International Education,Cambridge International AS & A Level,A Level,Paper 4,9701/4,120,100,38.5
Equilibria,Acids and bases,Define a buffer solution,Chemistry,Cambridge Assessment International Education,Cambridge International AS & A Level,A Level,Paper 4,9701/4,120,100,38.5
Equilibria,Acids and bases,Explain how a buffer solution can be made,Chemistry,Cambridge Assessment International Education,Cambridge International AS & A Level,A Level,Paper 4,9701/4,120,100,38.5
Equilibria,Acids and bases,Explain how buffer solutions control pH; use chemical equations in these explanations,Chemistry,Cambridge Assessment International Education,Cambridge International AS & A Level,A Level,Paper 4,9701/4,120,100,38.5
Equilibria,Acids and bases,Describe and explain the uses of buffer solutions including the role of HCO3 in controlling pH in blood,Chemistry,Cambridge Assessment International Education,Cambridge International AS & A Level,A Level,Paper 4,9701/4,120,100,38.5
Equilibria,Acids and bases,Calculate the pH of buffer solutions given appropriate data,Chemistry,Cambridge Assessment International Education,Cambridge International AS & A Level,A Level,Paper 4,9701/4,120,100,38.5
Equilibria,Acids and bases,Understand and use the term solubility product Ksp,Chemistry,Cambridge Assessment International Education,Cambridge International AS & A Level,A Level,Paper 4,9701/4,120,100,38.5
Equilibria,Acids and bases,Write an expression for Ksp,Chemistry,Cambridge Assessment International Education,Cambridge International AS & A Level,A Level,Paper 4,9701/4,120,100,38.5
Equilibria,Acids and bases,Calculate Ksp from concentrations and vice versa,Chemistry,Cambridge Assessment International Education,Cambridge International AS & A Level,A Level,Paper 4,9701/4,120,100,38.5
Equilibria,Acids and bases,Understand and use the common ion effect to explain the different solubility of a compound in a solution containing a common ion,Chemistry,Cambridge Assessment International Education,Cambridge International AS & A Level,A Level,Paper 4,9701/4,120,100,38.5
Equilibria,Acids and bases,Perform calculations using Ksp values and concentration of a common ion,Chemistry,Cambridge Assessment International Education,Cambridge International AS & A Level,A Level,Paper 4,9701/4,120,100,38.5
Equilibria,Partition coefficients,State what is meant by the term partition coefficient Kpc,Chemistry,Cambridge Assessment International Education,Cambridge International AS & A Level,A Level,Paper 4,9701/4,120,100,38.5
Equilibria,Partition coefficients,Calculate and use a partition coefficient for a system in which the solute is in the same physical state in the two solvents,Chemistry,Cambridge Assessment International Education,Cambridge International AS & A Level,A Level,Paper 4,9701/4,120,100,38.5
Equilibria,Partition coefficients,Understand the factors affecting the numerical value of a partition coefficient in terms of the polarities of the solute and the solvents used,Chemistry,Cambridge Assessment International Education,Cambridge International AS & A Level,A Level,Paper 4,9701/4,120,100,38.5
Reaction kinetics,Simple rate equations orders of reaction and rate constants,"Explain and use the terms rate equation, order of reaction, overall order of reaction, rate constant, half-life, rate-determining step and intermediate",Chemistry,Cambridge Assessment International Education,Cambridge International AS & A Level,A Level,Paper 4,9701/4,120,100,38.5
Reaction kinetics,Simple rate equations orders of reaction and rate constants,Understand and use rate equations of the form rate = k[A]m[B]n,Chemistry,Cambridge Assessment International Education,Cambridge International AS & A Level,A Level,Paper 4,9701/4,120,100,38.5
Reaction kinetics,Simple rate equations orders of reaction and rate constants,Deduce the order of a reaction from concentration-time graphs or from experimental data relating to the initial rates method and half-life method,Chemistry,Cambridge Assessment International Education,Cambridge International AS & A Level,A Level,Paper 4,9701/4,120,100,38.5
Reaction kinetics,Simple rate equations orders of reaction and rate constants,Interpret experimental data in graphical form including concentration-time and rate-concentration graphs,Chemistry,Cambridge Assessment International Education,Cambridge International AS & A Level,A Level,Paper 4,9701/4,120,100,38.5
Reaction kinetics,Simple rate equations orders of reaction and rate constants,Calculate an initial rate using concentration data,Chemistry,Cambridge Assessment International Education,Cambridge International AS & A Level,A Level,Paper 4,9701/4,120,100,38.5
Reaction kinetics,Simple rate equations orders of reaction and rate constants,Construct a rate equation,Chemistry,Cambridge Assessment International Education,Cambridge International AS & A Level,A Level,Paper 4,9701/4,120,100,38.5
Reaction kinetics,Simple rate equations orders of reaction and rate constants,Show understanding that the half-life of a first-order reaction is independent of concentration,Chemistry,Cambridge Assessment International Education,Cambridge International AS & A Level,A Level,Paper 4,9701/4,120,100,38.5
Reaction kinetics,Simple rate equations orders of reaction and rate constants,Use the half-life of a first-order reaction in calculations,Chemistry,Cambridge Assessment International Education,Cambridge International AS & A Level,A Level,Paper 4,9701/4,120,100,38.5
Reaction kinetics,Simple rate equations orders of reaction and rate constants,Calculate the numerical value of a rate constant using the initial rates and the rate equation,Chemistry,Cambridge Assessment International Education,Cambridge International AS & A Level,A Level,Paper 4,9701/4,120,100,38.5
Reaction kinetics,Simple rate equations orders of reaction and rate constants,Calculate the numerical value of a rate constant using the half-life and the equation k = 0.693/t1/2,Chemistry,Cambridge Assessment International Education,Cambridge International AS & A Level,A Level,Paper 4,9701/4,120,100,38.5
Reaction kinetics,Simple rate equations orders of reaction and rate constants,For a multi-step reaction: suggest a reaction mechanism that is consistent with the rate equation and the equation for the overall reaction,Chemistry,Cambridge Assessment International Education,Cambridge International AS & A Level,A Level,Paper 4,9701/4,120,100,38.5
Reaction kinetics,Simple rate equations orders of reaction and rate constants,For a multi-step reaction: predict the order that would result from a given reaction mechanism and rate-determining step,Chemistry,Cambridge Assessment International Education,Cambridge International AS & A Level,A Level,Paper 4,9701/4,120,100,38.5
Reaction kinetics,Simple rate equations orders of reaction and rate constants,For a multi-step reaction: deduce a rate equation using a given reaction mechanism and rate-determining step,Chemistry,Cambridge Assessment International Education,Cambridge International AS & A Level,A Level,Paper 4,9701/4,120,100,38.5
Reaction kinetics,Simple rate equations orders of reaction and rate constants,For a multi-step reaction: identify an intermediate or catalyst from a given reaction mechanism,Chemistry,Cambridge Assessment International Education,Cambridge International AS & A Level,A Level,Paper 4,9701/4,120,100,38.5
Reaction kinetics,Simple rate equations orders of reaction and rate constants,For a multi-step reaction: identify the rate determining step from a rate equation and a given reaction mechanism,Chemistry,Cambridge Assessment International Education,Cambridge International AS & A Level,A Level,Paper 4,9701/4,120,100,38.5
Reaction kinetics,Simple rate equations orders of reaction and rate constants,Describe qualitatively the effect of temperature change on the rate constant and hence the rate of a reaction,Chemistry,Cambridge Assessment International Education,Cambridge International AS & A Level,A Level,Paper 4,9701/4,120,100,38.5
Reaction kinetics,Homogeneous and heterogeneous catalysts,Explain that catalysts can be homogeneous or heterogeneous,Chemistry,Cambridge Assessment International Education,Cambridge International AS & A Level,A Level,Paper 4,9701/4,120,100,38.5
Reaction kinetics,Homogeneous and heterogeneous catalysts,"Describe the mode of action of a heterogeneous catalyst to include adsorption of reactants, bond weakening and desorption of products",Chemistry,Cambridge Assessment International Education,Cambridge International AS & A Level,A Level,Paper 4,9701/4,120,100,38.5
Reaction kinetics,Homogeneous and heterogeneous catalysts,Describe the mode of action of a homogeneous catalyst by being used in one step and reformed in a later step,Chemistry,Cambridge Assessment International Education,Cambridge International AS & A Level,A Level,Paper 4,9701/4,120,100,38.5
Group 2,Similarities and trends in the properties of the Group 2 metals magnesium to barium and their compounds,Describe and explain qualitatively the trend in the thermal stability of the nitrates and carbonates including the effect of ionic radius on the polarisation of the large anion,Chemistry,Cambridge Assessment International Education,Cambridge International AS & A Level,A Level,Paper 4,9701/4,120,100,38.5
Group 2,Similarities and trends in the properties of the Group 2 metals magnesium to barium and their compounds,Describe and explain qualitatively the variation in solubility and of enthalpy change of solution of the hydroxides and sulfates in terms of relative magnitudes of the enthalpy change of hydration and the lattice energy,Chemistry,Cambridge Assessment International Education,Cambridge International AS & A Level,A Level,Paper 4,9701/4,120,100,38.5
Chemistry of transition elements,General physical and chemical properties of the first row of transition elements titanium to copper,Define a transition element as a d-block element which forms one or more stable ions with incomplete d orbitals,Chemistry,Cambridge Assessment International Education,Cambridge International AS & A Level,A Level,Paper 4,9701/4,120,100,38.5
Chemistry of transition elements,General physical and chemical properties of the first row of transition elements titanium to copper,Sketch the shape of a 3dxy orbital and 3dz2 orbital,Chemistry,Cambridge Assessment International Education,Cambridge International AS & A Level,A Level,Paper 4,9701/4,120,100,38.5
Chemistry of transition elements,General physical and chemical properties of the first row of transition elements titanium to copper,Understand that transition elements have variable oxidation states,Chemistry,Cambridge Assessment International Education,Cambridge International AS & A Level,A Level,Paper 4,9701/4,120,100,38.5
Chemistry of transition elements,General physical and chemical properties of the first row of transition elements titanium to copper,Understand that transition elements behave as catalysts,Chemistry,Cambridge Assessment International Education,Cambridge International AS & A Level,A Level,Paper 4,9701/4,120,100,38.5
Chemistry of transition elements,General physical and chemical properties of the first row of transition elements titanium to copper,Understand that transition elements form complex ions,Chemistry,Cambridge Assessment International Education,Cambridge International AS & A Level,A Level,Paper 4,9701/4,120,100,38.5
Chemistry of transition elements,General physical and chemical properties of the first row of transition elements titanium to copper,Understand that transition elements form coloured compounds,Chemistry,Cambridge Assessment International Education,Cambridge International AS & A Level,A Level,Paper 4,9701/4,120,100,38.5
Chemistry of transition elements,General physical and chemical properties of the first row of transition elements titanium to copper,Explain why transition elements have variable oxidation states in terms of the similarity in energy of the 3d and the 4s sub-shells,Chemistry,Cambridge Assessment International Education,Cambridge International AS & A Level,A Level,Paper 4,9701/4,120,100,38.5
Chemistry of transition elements,General physical and chemical properties of the first row of transition elements titanium to copper,Explain why transition elements behave as catalysts in terms of having more than one stable oxidation state and vacant d orbitals that are energetically accessible and can form dative bonds with ligands,Chemistry,Cambridge Assessment International Education,Cambridge International AS & A Level,A Level,Paper 4,9701/4,120,100,38.5
Chemistry of transition elements,General physical and chemical properties of the first row of transition elements titanium to copper,Explain why transition elements form complex ions in terms of vacant d orbitals that are energetically accessible,Chemistry,Cambridge Assessment International Education,Cambridge International AS & A Level,A Level,Paper 4,9701/4,120,100,38.5
Chemistry of transition elements,General characteristic chemical properties of the first set of transition elements titanium to copper,Describe and explain the reactions of transition elements with ligands to form complexes including the complexes of copper(II) and cobalt(II) ions,Chemistry,Cambridge Assessment International Education,Cambridge International AS & A Level,A Level,Paper 4,9701/4,120,100,38.5
Chemistry of transition elements,General characteristic chemical properties of the first set of transition elements titanium to copper,Define the term ligand as a species that contains a lone pair of electrons that forms a dative covalent bond to a central metal atom/ion,Chemistry,Cambridge Assessment International Education,Cambridge International AS & A Level,A Level,Paper 4,9701/4,120,100,38.5
Chemistry of transition elements,General characteristic chemical properties of the first set of transition elements titanium to copper,"Understand and use the terms monodentate, bidentate and polydentate ligand",Chemistry,Cambridge Assessment International Education,Cambridge International AS & A Level,A Level,Paper 4,9701/4,120,100,38.5
Chemistry of transition elements,General characteristic chemical properties of the first set of transition elements titanium to copper,Define the term complex as a molecule or ion formed by a central metal atom/ion surrounded by one or more ligands,Chemistry,Cambridge Assessment International Education,Cambridge International AS & A Level,A Level,Paper 4,9701/4,120,100,38.5
Chemistry of transition elements,General characteristic chemical properties of the first set of transition elements titanium to copper,"Describe the geometry (shape and bond angles) of transition element complexes which are linear, square planar, tetrahedral or octahedral",Chemistry,Cambridge Assessment International Education,Cambridge International AS & A Level,A Level,Paper 4,9701/4,120,100,38.5
Chemistry of transition elements,General characteristic chemical properties of the first set of transition elements titanium to copper,State what is meant by coordination number,Chemistry,Cambridge Assessment International Education,Cambridge International AS & A Level,A Level,Paper 4,9701/4,120,100,38.5
Chemistry of transition elements,General characteristic chemical properties of the first set of transition elements titanium to copper,"Predict the formula and charge of a complex ion given the metal ion, its charge or oxidation state, the ligand and its coordination number or geometry",Chemistry,Cambridge Assessment International Education,Cambridge International AS & A Level,A Level,Paper 4,9701/4,120,100,38.5
Chemistry of transition elements,General characteristic chemical properties of the first set of transition elements titanium to copper,Explain qualitatively that ligand exchange can occur including the complexes of copper(II) ions and cobalt(II) ions,Chemistry,Cambridge Assessment International Education,Cambridge International AS & A Level,A Level,Paper 4,9701/4,120,100,38.5
Chemistry of transition elements,General characteristic chemical properties of the first set of transition elements titanium to copper,Predict using E° values the feasibility of redox reactions involving transition elements and their ions,Chemistry,Cambridge Assessment International Education,Cambridge International AS & A Level,A Level,Paper 4,9701/4,120,100,38.5
Chemistry of transition elements,General characteristic chemical properties of the first set of transition elements titanium to copper,Describe the reactions of and perform calculations involving MnO4-/C2O42- in acid solution given suitable data,Chemistry,Cambridge Assessment International Education,Cambridge International AS & A Level,A Level,Paper 4,9701/4,120,100,38.5
Chemistry of transition elements,General characteristic chemical properties of the first set of transition elements titanium to copper,Describe the reactions of and perform calculations involving MnO4-/Fe2+ in acid solution given suitable data,Chemistry,Cambridge Assessment International Education,Cambridge International AS & A Level,A Level,Paper 4,9701/4,120,100,38.5
Chemistry of transition elements,General characteristic chemical properties of the first set of transition elements titanium to copper,Describe the reactions of and perform calculations involving Cu2+/I- given suitable data,Chemistry,Cambridge Assessment International Education,Cambridge International AS & A Level,A Level,Paper 4,9701/4,120,100,38.5
Chemistry of transition elements,General characteristic chemical properties of the first set of transition elements titanium to copper,Perform calculations involving other redox systems given suitable data,Chemistry,Cambridge Assessment International Education,Cambridge International AS & A Level,A Level,Paper 4,9701/4,120,100,38.5
Chemistry of transition elements,Colour of complexes,Define and use the terms degenerate and non-degenerate d orbitals,Chemistry,Cambridge Assessment International Education,Cambridge International AS & A Level,A Level,Paper 4,9701/4,120,100,38.5
Chemistry of transition elements,Colour of complexes,Describe the splitting of degenerate d orbitals into two non-degenerate sets of d orbitals of higher energy and use of DeltaE in octahedral and tetrahedral complexes,Chemistry,Cambridge Assessment International Education,Cambridge International AS & A Level,A Level,Paper 4,9701/4,120,100,38.5
Chemistry of transition elements,Colour of complexes,Explain why transition elements form coloured compounds in terms of the frequency of light absorbed as an electron is promoted between two non-degenerate d orbitals,Chemistry,Cambridge Assessment International Education,Cambridge International AS & A Level,A Level,Paper 4,9701/4,120,100,38.5
Chemistry of transition elements,Colour of complexes,"Describe in qualitative terms the effects of different ligands on DeltaE, frequency of light absorbed and hence the complementary colour that is observed",Chemistry,Cambridge Assessment International Education,Cambridge International AS & A Level,A Level,Paper 4,9701/4,120,100,38.5
Chemistry of transition elements,Colour of complexes,Use the complexes of copper(II) ions and cobalt(II) ions with water and ammonia molecules and hydroxide and chloride ions as examples of ligand exchange affecting the colour observed,Chemistry,Cambridge Assessment International Education,Cambridge International AS & A Level,A Level,Paper 4,9701/4,120,100,38.5
Chemistry of transition elements,Stereoisomerism in transition element complexes,Describe the types of stereoisomerism shown by complexes including those associated with bidentate ligands,Chemistry,Cambridge Assessment International Education,Cambridge International AS & A Level,A Level,Paper 4,9701/4,120,100,38.5
Chemistry of transition elements,Stereoisomerism in transition element complexes,Deduce the overall polarity of complexes,Chemistry,Cambridge Assessment International Education,Cambridge International AS & A Level,A Level,Paper 4,9701/4,120,100,38.5
Chemistry of transition elements,Stability constants Kstab,Define the stability constant Kstab of a complex as the equilibrium constant for the formation of the complex ion in a solvent,Chemistry,Cambridge Assessment International Education,Cambridge International AS & A Level,A Level,Paper 4,9701/4,120,100,38.5
Chemistry of transition elements,Stability constants Kstab,Write an expression for a Kstab of a complex,Chemistry,Cambridge Assessment International Education,Cambridge International AS & A Level,A Level,Paper 4,9701/4,120,100,38.5
Chemistry of transition elements,Stability constants Kstab,Use Kstab expressions to perform calculations,Chemistry,Cambridge Assessment International Education,Cambridge International AS & A Level,A Level,Paper 4,9701/4,120,100,38.5
Chemistry of transition elements,Stability constants Kstab,Describe and explain ligand exchanges in terms of Kstab values and understand that a large Kstab is due to the formation of a stable complex ion,Chemistry,Cambridge Assessment International Education,Cambridge International AS & A Level,A Level,Paper 4,9701/4,120,100,38.5
An introduction to A Level organic chemistry,"Formulas, functional groups and the naming of organic compounds",Understand that the compounds in the table contain a functional group which dictates their physical and chemical properties,Chemistry,Cambridge Assessment International Education,Cambridge International AS & A Level,A Level,Paper 4,9701/4,120,100,38.5
An introduction to A Level organic chemistry,"Formulas, functional groups and the naming of organic compounds",Interpret and use the general structural displayed and skeletal formulas of the classes of compound stated,Chemistry,Cambridge Assessment International Education,Cambridge International AS & A Level,A Level,Paper 4,9701/4,120,100,38.5
An introduction to A Level organic chemistry,"Formulas, functional groups and the naming of organic compounds",Understand and use systematic nomenclature of simple aliphatic organic molecules including cyclic compounds with functional groups detailed,Chemistry,Cambridge Assessment International Education,Cambridge International AS & A Level,A Level,Paper 4,9701/4,120,100,38.5
An introduction to A Level organic chemistry,"Formulas, functional groups and the naming of organic compounds",Understand and use systematic nomenclature of simple aromatic molecules with one benzene ring and one or more simple substituents,Chemistry,Cambridge Assessment International Education,Cambridge International AS & A Level,A Level,Paper 4,9701/4,120,100,38.5
An introduction to A Level organic chemistry,Characteristic organic reactions,Understand and use the following terminology associated with types of organic mechanisms: electrophilic substitution and addition-elimination,Chemistry,Cambridge Assessment International Education,Cambridge International AS & A Level,A Level,Paper 4,9701/4,120,100,38.5
An introduction to A Level organic chemistry,Shapes of aromatic organic molecules; sigma and pi bonds,Describe and explain the shape of benzene and other aromatic molecules including sp2 hybridisation in terms of sigma bonds and a delocalised pi system,Chemistry,Cambridge Assessment International Education,Cambridge International AS & A Level,A Level,Paper 4,9701/4,120,100,38.5
An introduction to A Level organic chemistry,Isomerism: optical,Understand that enantiomers have identical physical and chemical properties apart from their ability to rotate plane polarised light and their potential biological activity,Chemistry,Cambridge Assessment International Education,Cambridge International AS & A Level,A Level,Paper 4,9701/4,120,100,38.5
An introduction to A Level organic chemistry,Isomerism: optical,Understand and use the terms optically active and racemic mixture,Chemistry,Cambridge Assessment International Education,Cambridge International AS & A Level,A Level,Paper 4,9701/4,120,100,38.5
An introduction to A Level organic chemistry,Isomerism: optical,Describe the effect on plane polarised light of the two optical isomers of a single substance,Chemistry,Cambridge Assessment International Education,Cambridge International AS & A Level,A Level,Paper 4,9701/4,120,100,38.5
An introduction to A Level organic chemistry,Isomerism: optical,Explain the relevance of chirality to the synthetic preparation of drug molecules,Chemistry,Cambridge Assessment International Education,Cambridge International AS & A Level,A Level,Paper 4,9701/4,120,100,38.5
Hydrocarbons,Arenes,Describe the chemistry of arenes as exemplified by the following reactions of benzene and methylbenzene: substitution reactions with Cl2 and with Br2 in the presence of a catalyst,Chemistry,Cambridge Assessment International Education,Cambridge International AS & A Level,A Level,Paper 4,9701/4,120,100,38.5
Hydrocarbons,Arenes,Describe the chemistry of arenes as exemplified by the following reactions of benzene and methylbenzene: nitration with a mixture of concentrated HNO3 and concentrated H2SO4,Chemistry,Cambridge Assessment International Education,Cambridge International AS & A Level,A Level,Paper 4,9701/4,120,100,38.5
Hydrocarbons,Arenes,Describe the chemistry of arenes as exemplified by the following reactions of benzene and methylbenzene: Friedel-Crafts alkylation by CH3Cl and AlCl3,Chemistry,Cambridge Assessment International Education,Cambridge International AS & A Level,A Level,Paper 4,9701/4,120,100,38.5
Hydrocarbons,Arenes,Describe the chemistry of arenes as exemplified by the following reactions of benzene and methylbenzene: Friedel-Crafts alkylation by CH3COCl and AlCl3,Chemistry,Cambridge Assessment International Education,Cambridge International AS & A Level,A Level,Paper 4,9701/4,120,100,38.5
Hydrocarbons,Arenes,Describe the chemistry of arenes as exemplified by the following reactions of benzene and methylbenzene: complete oxidation of the side-chain using hot alkaline KMnO4 and then dilute acid to give a benzoic acid,Chemistry,Cambridge Assessment International Education,Cambridge International AS & A Level,A Level,Paper 4,9701/4,120,100,38.5
Hydrocarbons,Arenes,Describe the chemistry of arenes as exemplified by the following reactions of benzene and methylbenzene: hydrogenation of the benzene ring using H2 and Pt/Ni catalyst and heat to form a cyclohexane ring,Chemistry,Cambridge Assessment International Education,Cambridge International AS & A Level,A Level,Paper 4,9701/4,120,100,38.5
Hydrocarbons,Arenes,Describe the mechanism of electrophilic substitution in arenes as exemplified by the formation of nitrobenzene and bromobenzene,Chemistry,Cambridge Assessment International Education,Cambridge International AS & A Level,A Level,Paper 4,9701/4,120,100,38.5
Hydrocarbons,Arenes,Describe the mechanism of electrophilic substitution in arenes with regards to the effect of delocalisation of electrons to explain the predomination of substitution over addition,Chemistry,Cambridge Assessment International Education,Cambridge International AS & A Level,A Level,Paper 4,9701/4,120,100,38.5
Hydrocarbons,Arenes,Predict whether halogenation will occur in the side-chain or in the aromatic ring in arenes depending on reaction conditions,Chemistry,Cambridge Assessment International Education,Cambridge International AS & A Level,A Level,Paper 4,9701/4,120,100,38.5
Hydrocarbons,Arenes,Describe that in the electrophilic substitution of arenes different substituents direct to different ring positions,Chemistry,Cambridge Assessment International Education,Cambridge International AS & A Level,A Level,Paper 4,9701/4,120,100,38.5
Halogen compounds,Halogen compounds,Recall the reactions by which halogenoarenes can be produced: substitution of an arene with Cl2 or Br2 in the presence of a catalyst,Chemistry,Cambridge Assessment International Education,Cambridge International AS & A Level,A Level,Paper 4,9701/4,120,100,38.5
Halogen compounds,Halogen compounds,Explain the difference in reactivity between a halogenoalkane and a halogenoarene as exemplified by chloroethane and chlorobenzene,Chemistry,Cambridge Assessment International Education,Cambridge International AS & A Level,A Level,Paper 4,9701/4,120,100,38.5
Hydroxy compounds,Alcohols,Describe the reaction with acyl chlorides to form esters using ethyl ethanoate,Chemistry,Cambridge Assessment International Education,Cambridge International AS & A Level,A Level,Paper 4,9701/4,120,100,38.5
Hydroxy compounds,Phenol,Recall the reactions by which phenol can be produced: reaction of phenylamine with HNO2 or NaNO2 and dilute acid below 10°C to produce the diazonium salt; further warming with H2O to give phenol,Chemistry,Cambridge Assessment International Education,Cambridge International AS & A Level,A Level,Paper 4,9701/4,120,100,38.5
Hydroxy compounds,Phenol,Recall the chemistry of phenol as exemplified by the following reactions: with bases to produce sodium phenoxide,Chemistry,Cambridge Assessment International Education,Cambridge International AS & A Level,A Level,Paper 4,9701/4,120,100,38.5
Hydroxy compounds,Phenol,Recall the chemistry of phenol as exemplified by the following reactions: with Na(s) to produce sodium phenoxide and H2(g),Chemistry,Cambridge Assessment International Education,Cambridge International AS & A Level,A Level,Paper 4,9701/4,120,100,38.5
Hydroxy compounds,Phenol,Recall the chemistry of phenol as exemplified by the following reactions: in NaOH(aq) with diazonium salts to give azo compounds,Chemistry,Cambridge Assessment International Education,Cambridge International AS & A Level,A Level,Paper 4,9701/4,120,100,38.5
Hydroxy compounds,Phenol,Recall the chemistry of phenol as exemplified by the following reactions: nitration of the aromatic ring with dilute HNO3(aq) at room temperature to give a mixture of 2-nitrophenol and 4-nitrophenol,Chemistry,Cambridge Assessment International Education,Cambridge International AS & A Level,A Level,Paper 4,9701/4,120,100,38.5
Hydroxy compounds,Phenol,"Recall the chemistry of phenol as exemplified by the following reactions: bromination of the aromatic ring with Br2(aq) to form 2,4,6-tribromophenol",Chemistry,Cambridge Assessment International Education,Cambridge International AS & A Level,A Level,Paper 4,9701/4,120,100,38.5
Hydroxy compounds,Phenol,Explain the acidity of phenol,Chemistry,Cambridge Assessment International Education,Cambridge International AS & A Level,A Level,Paper 4,9701/4,120,100,38.5
Hydroxy compounds,Phenol,"Describe and explain the relative acidities of water, phenol and ethanol",Chemistry,Cambridge Assessment International Education,Cambridge International AS & A Level,A Level,Paper 4,9701/4,120,100,38.5
Hydroxy compounds,Phenol,Explain why the reagents and conditions for the nitration and bromination of phenol are different from those for benzene,Chemistry,Cambridge Assessment International Education,Cambridge International AS & A Level,A Level,Paper 4,9701/4,120,100,38.5
Hydroxy compounds,Phenol,"Recall that the hydroxyl group of a phenol directs to the 2-, 4- and 6-positions",Chemistry,Cambridge Assessment International Education,Cambridge International AS & A Level,A Level,Paper 4,9701/4,120,100,38.5
Hydroxy compounds,Phenol,Apply knowledge of the reactions of phenol to those of other phenolic compounds e.g. naphthol,Chemistry,Cambridge Assessment International Education,Cambridge International AS & A Level,A Level,Paper 4,9701/4,120,100,38.5
Carboxylic acids and derivatives,Carboxylic acids,Recall the reaction by which benzoic acid can be produced: reaction of an alkylbenzene with hot alkaline KMnO4 and then dilute acid,Chemistry,Cambridge Assessment International Education,Cambridge International AS & A Level,A Level,Paper 4,9701/4,120,100,38.5
Carboxylic acids and derivatives,Carboxylic acids,"Describe the reaction of carboxylic acids with PCl3 and heat, PCl5 or SOCl2 to form acyl chlorides",Chemistry,Cambridge Assessment International Education,Cambridge International AS & A Level,A Level,Paper 4,9701/4,120,100,38.5
Carboxylic acids and derivatives,Carboxylic acids,Recognise that some carboxylic acids can be further oxidised: the oxidation of methanoic acid with Fehling's reagent or Tollens' reagent or acidified KMnO4 or acidified K2Cr2O7 to carbon dioxide and water,Chemistry,Cambridge Assessment International Education,Cambridge International AS & A Level,A Level,Paper 4,9701/4,120,100,38.5
Carboxylic acids and derivatives,Carboxylic acids,Recognise that some carboxylic acids can be further oxidised: the oxidation of ethanedioic acid with warm acidified KMnO4 to carbon dioxide,Chemistry,Cambridge Assessment International Education,Cambridge International AS & A Level,A Level,Paper 4,9701/4,120,100,38.5
Carboxylic acids and derivatives,Carboxylic acids,"Describe and explain the relative acidities of carboxylic acids, phenols and alcohols",Chemistry,Cambridge Assessment International Education,Cambridge International AS & A Level,A Level,Paper 4,9701/4,120,100,38.5
Carboxylic acids and derivatives,Carboxylic acids,Describe and explain the relative acidities of chlorine-substituted carboxylic acids,Chemistry,Cambridge Assessment International Education,Cambridge International AS & A Level,A Level,Paper 4,9701/4,120,100,38.5
Carboxylic acids and derivatives,Esters,Recall the reaction by which esters can be produced: reaction of alcohols with acyl chlorides using the formation of ethyl ethanoate and phenyl benzoate as examples,Chemistry,Cambridge Assessment International Education,Cambridge International AS & A Level,A Level,Paper 4,9701/4,120,100,38.5
Carboxylic acids and derivatives,Acyl chlorides,"Recall the reactions by which acyl chlorides can be produced: reaction of carboxylic acids with PCl3 and heat, PCl5 or SOCl2",Chemistry,Cambridge Assessment International Education,Cambridge International AS & A Level,A Level,Paper 4,9701/4,120,100,38.5
Carboxylic acids and derivatives,Acyl chlorides,Describe the following reactions of acyl chlorides: hydrolysis on addition of water at room temperature to give the carboxylic acid and HCl,Chemistry,Cambridge Assessment International Education,Cambridge International AS & A Level,A Level,Paper 4,9701/4,120,100,38.5
Carboxylic acids and derivatives,Acyl chlorides,Describe the following reactions of acyl chlorides: reaction with an alcohol at room temperature to produce an ester and HCl,Chemistry,Cambridge Assessment International Education,Cambridge International AS & A Level,A Level,Paper 4,9701/4,120,100,38.5
Carboxylic acids and derivatives,Acyl chlorides,Describe the following reactions of acyl chlorides: reaction with phenol at room temperature to produce an ester and HCl,Chemistry,Cambridge Assessment International Education,Cambridge International AS & A Level,A Level,Paper 4,9701/4,120,100,38.5
Carboxylic acids and derivatives,Acyl chlorides,Describe the following reactions of acyl chlorides: reaction with ammonia at room temperature to produce an amide and HCl,Chemistry,Cambridge Assessment International Education,Cambridge International AS & A Level,A Level,Paper 4,9701/4,120,100,38.5
Carboxylic acids and derivatives,Acyl chlorides,Describe the following reactions of acyl chlorides: reaction with a primary or secondary amine at room temperature to produce an amide and HCl,Chemistry,Cambridge Assessment International Education,Cambridge International AS & A Level,A Level,Paper 4,9701/4,120,100,38.5
Carboxylic acids and derivatives,Acyl chlorides,Describe the addition-elimination mechanism of acyl chlorides in reactions,Chemistry,Cambridge Assessment International Education,Cambridge International AS & A Level,A Level,Paper 4,9701/4,120,100,38.5
Carboxylic acids and derivatives,Acyl chlorides,"Explain the relative ease of hydrolysis of acyl chlorides, alkyl chlorides and halogenoarenes (aryl chlorides)",Chemistry,Cambridge Assessment International Education,Cambridge International AS & A Level,A Level,Paper 4,9701/4,120,100,38.5
Nitrogen compounds,Primary and secondary amines,Recall the reactions by which primary and secondary amines are produced,Chemistry,Cambridge Assessment International Education,Cambridge International AS & A Level,A Level,Paper 4,9701/4,120,100,38.5
Nitrogen compounds,Primary and secondary amines,Describe the condensation reaction of ammonia or an amine with an acyl chloride at room temperature to give an amide,Chemistry,Cambridge Assessment International Education,Cambridge International AS & A Level,A Level,Paper 4,9701/4,120,100,38.5
Nitrogen compounds,Primary and secondary amines,Describe and explain the basicity of aqueous solutions of amines,Chemistry,Cambridge Assessment International Education,Cambridge International AS & A Level,A Level,Paper 4,9701/4,120,100,38.5
Nitrogen compounds,Phenylamine and azo compounds,Describe the preparation of phenylamine via the nitration of benzene to form nitrobenzene followed by reduction with hot Sn/concentrated HCl followed by NaOH(aq),Chemistry,Cambridge Assessment International Education,Cambridge International AS & A Level,A Level,Paper 4,9701/4,120,100,38.5
Nitrogen compounds,Phenylamine and azo compounds,Describe the reaction of phenylamine with Br2(aq) at room temperature,Chemistry,Cambridge Assessment International Education,Cambridge International AS & A Level,A Level,Paper 4,9701/4,120,100,38.5
Nitrogen compounds,Phenylamine and azo compounds,Describe the reaction of phenylamine with HNO2 or NaNO2 and dilute acid below 10°C to produce the diazonium salt; further warming with H2O to give phenol,Chemistry,Cambridge Assessment International Education,Cambridge International AS & A Level,A Level,Paper 4,9701/4,120,100,38.5
Nitrogen compounds,Phenylamine and azo compounds,"Describe and explain the relative basicities of aqueous ammonia, ethylamine and phenylamine",Chemistry,Cambridge Assessment International Education,Cambridge International AS & A Level,A Level,Paper 4,9701/4,120,100,38.5
Nitrogen compounds,Phenylamine and azo compounds,Describe the coupling of benzenediazonium chloride with phenol in NaOH(aq) to form an azo compound,Chemistry,Cambridge Assessment International Education,Cambridge International AS & A Level,A Level,Paper 4,9701/4,120,100,38.5
Nitrogen compounds,Phenylamine and azo compounds,Identify the azo group,Chemistry,Cambridge Assessment International Education,Cambridge International AS & A Level,A Level,Paper 4,9701/4,120,100,38.5
Nitrogen compounds,Phenylamine and azo compounds,State that azo compounds are often used as dyes,Chemistry,Cambridge Assessment International Education,Cambridge International AS & A Level,A Level,Paper 4,9701/4,120,100,38.5
Nitrogen compounds,Phenylamine and azo compounds,State that other azo dyes can be formed via a similar route,Chemistry,Cambridge Assessment International Education,Cambridge International AS & A Level,A Level,Paper 4,9701/4,120,100,38.5
Nitrogen compounds,Amides,Recall the reactions by which amides are produced: the reaction between ammonia and an acyl chloride at room temperature,Chemistry,Cambridge Assessment International Education,Cambridge International AS & A Level,A Level,Paper 4,9701/4,120,100,38.5
Nitrogen compounds,Amides,Recall the reactions by which amides are produced: the reaction between a primary amine and an acyl chloride at room temperature,Chemistry,Cambridge Assessment International Education,Cambridge International AS & A Level,A Level,Paper 4,9701/4,120,100,38.5
Nitrogen compounds,Amides,Describe the reactions of amides: hydrolysis with aqueous alkali or aqueous acid,Chemistry,Cambridge Assessment International Education,Cambridge International AS & A Level,A Level,Paper 4,9701/4,120,100,38.5
Nitrogen compounds,Amides,Describe the reactions of amides: the reduction of the CO group in amides with LiAlH4 to form an amine,Chemistry,Cambridge Assessment International Education,Cambridge International AS & A Level,A Level,Paper 4,9701/4,120,100,38.5
Nitrogen compounds,Amides,State and explain why amides are much weaker bases than amines,Chemistry,Cambridge Assessment International Education,Cambridge International AS & A Level,A Level,Paper 4,9701/4,120,100,38.5
Nitrogen compounds,Amino acids,Describe the acid/base properties of amino acids and the formation of zwitterions to include the isoelectric point,Chemistry,Cambridge Assessment International Education,Cambridge International AS & A Level,A Level,Paper 4,9701/4,120,100,38.5
Nitrogen compounds,Amino acids,Describe the formation of amide (peptide) bonds between amino acids to give di- and tripeptides,Chemistry,Cambridge Assessment International Education,Cambridge International AS & A Level,A Level,Paper 4,9701/4,120,100,38.5
Nitrogen compounds,Amino acids,Interpret and predict the results of electrophoresis on mixtures of amino acids and dipeptides at varying pHs,Chemistry,Cambridge Assessment International Education,Cambridge International AS & A Level,A Level,Paper 4,9701/4,120,100,38.5
Polymerisation,Condensation polymerisation,Describe the formation of polyesters: the reaction between a dial and a dicarboxylic acid or dioyl chloride,Chemistry,Cambridge Assessment International Education,Cambridge International AS & A Level,A Level,Paper 4,9701/4,120,100,38.5
Polymerisation,Condensation polymerisation,Describe the formation of polyesters: the reaction of a hydroxycarboxylic acid,Chemistry,Cambridge Assessment International Education,Cambridge International AS & A Level,A Level,Paper 4,9701/4,120,100,38.5
Polymerisation,Condensation polymerisation,Describe the formation of polyamides: the reaction between a diamine and a dicarboxylic acid or dioyl chloride,Chemistry,Cambridge Assessment International Education,Cambridge International AS & A Level,A Level,Paper 4,9701/4,120,100,38.5
Polymerisation,Condensation polymerisation,Describe the formation of polyamides: the reaction of an aminocarboxylic acid,Chemistry,Cambridge Assessment International Education,Cambridge International AS & A Level,A Level,Paper 4,9701/4,120,100,38.5
Polymerisation,Condensation polymerisation,Describe the formation of polyamides: the reaction between amino acids,Chemistry,Cambridge Assessment International Education,Cambridge International AS & A Level,A Level,Paper 4,9701/4,120,100,38.5
Polymerisation,Condensation polymerisation,Deduce the repeat unit of a condensation polymer obtained from a given monomer or pair of monomers,Chemistry,Cambridge Assessment International Education,Cambridge International AS & A Level,A Level,Paper 4,9701/4,120,100,38.5
Polymerisation,Condensation polymerisation,Identify the monomer(s) present in a given section of a condensation polymer molecule,Chemistry,Cambridge Assessment International Education,Cambridge International AS & A Level,A Level,Paper 4,9701/4,120,100,38.5
Polymerisation,Predicting the type of polymerisation,Predict the type of polymerisation reaction for a given monomer or pair of monomers,Chemistry,Cambridge Assessment International Education,Cambridge International AS & A Level,A Level,Paper 4,9701/4,120,100,38.5
Polymerisation,Predicting the type of polymerisation,Deduce the type of polymerisation reaction which produces a given section of a polymer molecule,Chemistry,Cambridge Assessment International Education,Cambridge International AS & A Level,A Level,Paper 4,9701/4,120,100,38.5
Polymerisation,Degradable polymers,Recognise that poly(alkenes) are chemically inert and can therefore be difficult to biodegrade,Chemistry,Cambridge Assessment International Education,Cambridge International AS & A Level,A Level,Paper 4,9701/4,120,100,38.5
Polymerisation,Degradable polymers,Recognise that some polymers can be degraded by the action of light,Chemistry,Cambridge Assessment International Education,Cambridge International AS & A Level,A Level,Paper 4,9701/4,120,100,38.5
Polymerisation,Degradable polymers,Recognise that polyesters and polyamides are biodegradable by acidic and alkaline hydrolysis,Chemistry,Cambridge Assessment International Education,Cambridge International AS & A Level,A Level,Paper 4,9701/4,120,100,38.5
Organic synthesis,Organic synthesis,For an organic molecule containing several functional groups: identify organic functional groups using the reactions in the syllabus,Chemistry,Cambridge Assessment International Education,Cambridge International AS & A Level,A Level,Paper 4,9701/4,120,100,38.5
Organic synthesis,Organic synthesis,For an organic molecule containing several functional groups: predict properties and reactions,Chemistry,Cambridge Assessment International Education,Cambridge International AS & A Level,A Level,Paper 4,9701/4,120,100,38.5
Organic synthesis,Organic synthesis,Devise multi-step synthetic routes for preparing organic molecules using the reactions in the syllabus,Chemistry,Cambridge Assessment International Education,Cambridge International AS & A Level,A Level,Paper 4,9701/4,120,100,38.5
Organic synthesis,Organic synthesis,Analyse a given synthetic route in terms of type of reaction and reagents used for each step and possible by-products,Chemistry,Cambridge Assessment International Education,Cambridge International AS & A Level,A Level,Paper 4,9701/4,120,100,38.5
Analytical techniques,Thin-layer chromatography,"Describe and understand the terms stationary phase, mobile phase, Rf value, solvent front and baseline",Chemistry,Cambridge Assessment International Education,Cambridge International AS & A Level,A Level,Paper 4,9701/4,120,100,38.5
Analytical techniques,Thin-layer chromatography,Interpret Rf values,Chemistry,Cambridge Assessment International Education,Cambridge International AS & A Level,A Level,Paper 4,9701/4,120,100,38.5
Analytical techniques,Thin-layer chromatography,Explain the differences in Rf values in terms of interaction with the stationary phase and of relative solubility in the mobile phase,Chemistry,Cambridge Assessment International Education,Cambridge International AS & A Level,A Level,Paper 4,9701/4,120,100,38.5
Analytical techniques,Gas/liquid chromatography,"Describe and understand the terms stationary phase, mobile phase and retention time",Chemistry,Cambridge Assessment International Education,Cambridge International AS & A Level,A Level,Paper 4,9701/4,120,100,38.5
Analytical techniques,Gas/liquid chromatography,Interpret gas/liquid chromatograms in terms of the percentage composition of a mixture,Chemistry,Cambridge Assessment International Education,Cambridge International AS & A Level,A Level,Paper 4,9701/4,120,100,38.5
Analytical techniques,Gas/liquid chromatography,Explain retention times in terms of interaction with the stationary phase,Chemistry,Cambridge Assessment International Education,Cambridge International AS & A Level,A Level,Paper 4,9701/4,120,100,38.5
Analytical techniques,Carbon-13 NMR spectroscopy,Analyse and interpret a carbon-13 NMR spectrum of a simple molecule to deduce the different environments of the carbon atoms present,Chemistry,Cambridge Assessment International Education,Cambridge International AS & A Level,A Level,Paper 4,9701/4,120,100,38.5
Analytical techniques,Carbon-13 NMR spectroscopy,Analyse and interpret a carbon-13 NMR spectrum of a simple molecule to deduce the possible structures for the molecule,Chemistry,Cambridge Assessment International Education,Cambridge International AS & A Level,A Level,Paper 4,9701/4,120,100,38.5
Analytical techniques,Carbon-13 NMR spectroscopy,Predict or explain the number of peaks in a carbon-13 NMR spectrum for a given molecule,Chemistry,Cambridge Assessment International Education,Cambridge International AS & A Level,A Level,Paper 4,9701/4,120,100,38.5
Analytical techniques,Proton (H) NMR spectroscopy,Analyse and interpret a proton NMR spectrum of a simple molecule to deduce the different environments of proton present using chemical shift values,Chemistry,Cambridge Assessment International Education,Cambridge International AS & A Level,A Level,Paper 4,9701/4,120,100,38.5
Analytical techniques,Proton (H) NMR spectroscopy,Analyse and interpret a proton NMR spectrum of a simple molecule to deduce the relative numbers of each type of proton present from relative peak areas,Chemistry,Cambridge Assessment International Education,Cambridge International AS & A Level,A Level,Paper 4,9701/4,120,100,38.5
Analytical techniques,Proton (H) NMR spectroscopy,Analyse and interpret a proton NMR spectrum of a simple molecule to deduce the number of equivalent protons on the carbon atom adjacent using the n+1 rule,Chemistry,Cambridge Assessment International Education,Cambridge International AS & A Level,A Level,Paper 4,9701/4,120,100,38.5
Analytical techniques,Proton (H) NMR spectroscopy,Analyse and interpret a proton NMR spectrum of a simple molecule to deduce the possible structures for the molecule,Chemistry,Cambridge Assessment International Education,Cambridge International AS & A Level,A Level,Paper 4,9701/4,120,100,38.5
Analytical techniques,Proton (H) NMR spectroscopy,Predict the chemical shifts and splitting patterns of the protons in a given molecule,Chemistry,Cambridge Assessment International Education,Cambridge International AS & A Level,A Level,Paper 4,9701/4,120,100,38.5
Analytical techniques,Proton (H) NMR spectroscopy,Describe the use of tetramethylsilane TMS as the standard for chemical shift measurements,Chemistry,Cambridge Assessment International Education,Cambridge International AS & A Level,A Level,Paper 4,9701/4,120,100,38.5
Analytical techniques,Proton (H) NMR spectroscopy,State the need for deuterated solvents e.g. CDCl3 when obtaining a proton NMR spectrum,Chemistry,Cambridge Assessment International Education,Cambridge International AS & A Level,A Level,Paper 4,9701/4,120,100,38.5
Analytical techniques,Proton (H) NMR spectroscopy,Describe the identification of O-H and N-H protons by proton exchange using D2O,Chemistry,Cambridge Assessment International Education,Cambridge International AS & A Level,A Level,Paper 4,9701/4,120,100,38.5
Practical assessment,Successful collection of data and observations,Set up laboratory apparatus correctly for the required experiment.,Chemistry,Cambridge Assessment International Education,Cambridge International AS & A Level,AS Level,Paper 3 Advanced Practical Skills,9701/3,120,40,23
Practical assessment,Successful collection of data and observations,Follow experimental instructions presented as text or diagrams.,Chemistry,Cambridge Assessment International Education,Cambridge International AS & A Level,AS Level,Paper 3 Advanced Practical Skills,9701/3,120,40,23
Practical assessment,Successful collection of data and observations,Use apparatus to collect a sufficient and appropriate quantity of experimental data.,Chemistry,Cambridge Assessment International Education,Cambridge International AS & A Level,AS Level,Paper 3 Advanced Practical Skills,9701/3,120,40,23
Practical assessment,Successful collection of data and observations,"Make careful observations, including small differences in colour, solubility and amount of material.",Chemistry,Cambridge Assessment International Education,Cambridge International AS & A Level,AS Level,Paper 3 Advanced Practical Skills,9701/3,120,40,23
Practical assessment,Successful collection of data and observations,Use common laboratory measuring equipment at an appropriate precision.,Chemistry,Cambridge Assessment International Education,Cambridge International AS & A Level,AS Level,Paper 3 Advanced Practical Skills,9701/3,120,40,23
Practical assessment,Quality of measurements or observations,"Obtain accurate, consistent measurements and observations using the precision allowed by the apparatus.",Chemistry,Cambridge Assessment International Education,Cambridge International AS & A Level,AS Level,Paper 3 Advanced Practical Skills,9701/3,120,40,23
Practical assessment,Quality of measurements or observations,"Produce repeatable quantitative results, including concordant titration values where appropriate.",Chemistry,Cambridge Assessment International Education,Cambridge International AS & A Level,AS Level,Paper 3 Advanced Practical Skills,9701/3,120,40,23
Practical assessment,Decisions relating to measurements or observations,Decide how many tests or observations are needed for a reliable investigation.,Chemistry,Cambridge Assessment International Education,Cambridge International AS & A Level,AS Level,Paper 3 Advanced Practical Skills,9701/3,120,40,23
Practical assessment,Decisions relating to measurements or observations,Choose measurements that cover an appropriate range and distribution.,Chemistry,Cambridge Assessment International Education,Cambridge International AS & A Level,AS Level,Paper 3 Advanced Practical Skills,9701/3,120,40,23
Practical assessment,Decisions relating to measurements or observations,Recognise when repeat measurements or observations are needed.,Chemistry,Cambridge Assessment International Education,Cambridge International AS & A Level,AS Level,Paper 3 Advanced Practical Skills,9701/3,120,40,23
Practical assessment,Decisions relating to measurements or observations,Repeat readings when an anomalous result is suspected.,Chemistry,Cambridge Assessment International Education,Cambridge International AS & A Level,AS Level,Paper 3 Advanced Practical Skills,9701/3,120,40,23
Practical assessment,Decisions relating to measurements or observations,Recognise when a confirmatory test is needed and select a suitable test.,Chemistry,Cambridge Assessment International Education,Cambridge International AS & A Level,AS Level,Paper 3 Advanced Practical Skills,9701/3,120,40,23
Practical assessment,Decisions relating to measurements or observations,Select suitable reagents for distinguishing between specified ions.,Chemistry,Cambridge Assessment International Education,Cambridge International AS & A Level,AS Level,Paper 3 Advanced Practical Skills,9701/3,120,40,23
Practical assessment,Recording data and observations,Record numerical results and observations in a single clearly headed table using appropriate units.,Chemistry,Cambridge Assessment International Education,Cambridge International AS & A Level,AS Level,Paper 3 Advanced Practical Skills,9701/3,120,40,23
Practical assessment,Recording data and observations,Record raw measurements consistently at a precision appropriate to the measuring instrument.,Chemistry,Cambridge Assessment International Education,Cambridge International AS & A Level,AS Level,Paper 3 Advanced Practical Skills,9701/3,120,40,23
Practical assessment,Recording data and observations,Record qualitative observations consistently and with enough detail to distinguish meaningful changes.,Chemistry,Cambridge Assessment International Education,Cambridge International AS & A Level,AS Level,Paper 3 Advanced Practical Skills,9701/3,120,40,23
Practical assessment,Recording data and observations,Use scientific symbols and abbreviations only where their meaning is clear in context.,Chemistry,Cambridge Assessment International Education,Cambridge International AS & A Level,AS Level,Paper 3 Advanced Practical Skills,9701/3,120,40,23
Practical assessment,Display of calculation and reasoning,Show all important working and reasoning steps in calculations.,Chemistry,Cambridge Assessment International Education,Cambridge International AS & A Level,AS Level,Paper 3 Advanced Practical Skills,9701/3,120,40,23
Practical assessment,Display of calculation and reasoning,Report calculated quantities to an appropriate number of significant figures based on the source data.,Chemistry,Cambridge Assessment International Education,Cambridge International AS & A Level,AS Level,Paper 3 Advanced Practical Skills,9701/3,120,40,23
Practical assessment,Data layout,Prepare a suitable results table before measurements are taken when appropriate.,Chemistry,Cambridge Assessment International Education,Cambridge International AS & A Level,AS Level,Paper 3 Advanced Practical Skills,9701/3,120,40,23
Practical assessment,Data layout,Keep all relevant experimental data together in the results table.,Chemistry,Cambridge Assessment International Education,Cambridge International AS & A Level,AS Level,Paper 3 Advanced Practical Skills,9701/3,120,40,23
Practical assessment,Data layout,"Present experimental information clearly using an appropriate table, graph or other display.",Chemistry,Cambridge Assessment International Education,Cambridge International AS & A Level,AS Level,Paper 3 Advanced Practical Skills,9701/3,120,40,23
Practical assessment,Data layout,Plot suitable variables on clearly labelled axes with correct quantities and units.,Chemistry,Cambridge Assessment International Education,Cambridge International AS & A Level,AS Level,Paper 3 Advanced Practical Skills,9701/3,120,40,23
Practical assessment,Data layout,Choose graph scales that use the available plotting area effectively and remain easy to read.,Chemistry,Cambridge Assessment International Education,Cambridge International AS & A Level,AS Level,Paper 3 Advanced Practical Skills,9701/3,120,40,23
Practical assessment,Data layout,Plot points accurately using a consistent plotting convention.,Chemistry,Cambridge Assessment International Education,Cambridge International AS & A Level,AS Level,Paper 3 Advanced Practical Skills,9701/3,120,40,23
Practical assessment,Data layout,Draw an appropriate best-fit straight line or smooth curve and identify anomalous points.,Chemistry,Cambridge Assessment International Education,Cambridge International AS & A Level,AS Level,Paper 3 Advanced Practical Skills,9701/3,120,40,23
Practical assessment,Interpretation of data or observations,Describe patterns and trends shown in tables and graphs.,Chemistry,Cambridge Assessment International Education,Cambridge International AS & A Level,AS Level,Paper 3 Advanced Practical Skills,9701/3,120,40,23
Practical assessment,Interpretation of data or observations,Summarise the important features of a set of qualitative observations.,Chemistry,Cambridge Assessment International Education,Cambridge International AS & A Level,AS Level,Paper 3 Advanced Practical Skills,9701/3,120,40,23
Practical assessment,Interpretation of data or observations,"Calculate required quantities from experimental data, including means where appropriate.",Chemistry,Cambridge Assessment International Education,Cambridge International AS & A Level,AS Level,Paper 3 Advanced Practical Skills,9701/3,120,40,23
Practical assessment,Interpretation of data or observations,"Use graph coordinates, intersections or intercepts to determine an unknown value.",Chemistry,Cambridge Assessment International Education,Cambridge International AS & A Level,AS Level,Paper 3 Advanced Practical Skills,9701/3,120,40,23
Practical assessment,Interpretation of data or observations,Determine the gradient of a straight-line graph using well-separated points.,Chemistry,Cambridge Assessment International Education,Cambridge International AS & A Level,AS Level,Paper 3 Advanced Practical Skills,9701/3,120,40,23
Practical assessment,Interpretation of data or observations,Extrapolate a graph only where the experimental context justifies doing so.,Chemistry,Cambridge Assessment International Education,Cambridge International AS & A Level,AS Level,Paper 3 Advanced Practical Skills,9701/3,120,40,23
Practical assessment,Drawing conclusions,Draw a conclusion that reflects the main features of the experimental data and whether a hypothesis is supported.,Chemistry,Cambridge Assessment International Education,Cambridge International AS & A Level,AS Level,Paper 3 Advanced Practical Skills,9701/3,120,40,23
Practical assessment,Drawing conclusions,"Draw conclusions from observations, numerical results and calculated values.",Chemistry,Cambridge Assessment International Education,Cambridge International AS & A Level,AS Level,Paper 3 Advanced Practical Skills,9701/3,120,40,23
Practical assessment,Drawing conclusions,"Use relevant chemical understanding to explain experimental data, observations and conclusions.",Chemistry,Cambridge Assessment International Education,Cambridge International AS & A Level,AS Level,Paper 3 Advanced Practical Skills,9701/3,120,40,23
Practical assessment,Identifying sources of error and suggesting improvements,Evaluate whether control variables were managed effectively.,Chemistry,Cambridge Assessment International Education,Cambridge International AS & A Level,AS Level,Paper 3 Advanced Practical Skills,9701/3,120,40,23
Practical assessment,Identifying sources of error and suggesting improvements,Recognise limitations caused by measuring instruments or by the experimental method.,Chemistry,Cambridge Assessment International Education,Cambridge International AS & A Level,AS Level,Paper 3 Advanced Practical Skills,9701/3,120,40,23
Practical assessment,Identifying sources of error and suggesting improvements,Distinguish systematic errors from random errors in an experimental context.,Chemistry,Cambridge Assessment International Education,Cambridge International AS & A Level,AS Level,Paper 3 Advanced Practical Skills,9701/3,120,40,23
Practical assessment,Identifying sources of error and suggesting improvements,Identify the most important sources of uncertainty or error in an experiment.,Chemistry,Cambridge Assessment International Education,Cambridge International AS & A Level,AS Level,Paper 3 Advanced Practical Skills,9701/3,120,40,23
Practical assessment,Identifying sources of error and suggesting improvements,"State measurement uncertainty and, where needed, convert it to a percentage uncertainty.",Chemistry,Cambridge Assessment International Education,Cambridge International AS & A Level,AS Level,Paper 3 Advanced Practical Skills,9701/3,120,40,23
Practical assessment,Identifying sources of error and suggesting improvements,Suggest realistic changes that would improve the accuracy or quality of measurements and observations.,Chemistry,Cambridge Assessment International Education,Cambridge International AS & A Level,AS Level,Paper 3 Advanced Practical Skills,9701/3,120,40,23
Practical assessment,Identifying sources of error and suggesting improvements,Suggest a sensible extension of an investigation that could answer a further question.,Chemistry,Cambridge Assessment International Education,Cambridge International AS & A Level,AS Level,Paper 3 Advanced Practical Skills,9701/3,120,40,23
Practical assessment,Titration experiments,Set up and use a burette correctly for titration work.,Chemistry,Cambridge Assessment International Education,Cambridge International AS & A Level,AS Level,Paper 3 Advanced Practical Skills,9701/3,120,40,23
Practical assessment,Titration experiments,Carry out an initial rough titration before obtaining accurate titres.,Chemistry,Cambridge Assessment International Education,Cambridge International AS & A Level,AS Level,Paper 3 Advanced Practical Skills,9701/3,120,40,23
Practical assessment,Titration experiments,Repeat titrations until concordant results are obtained.,Chemistry,Cambridge Assessment International Education,Cambridge International AS & A Level,AS Level,Paper 3 Advanced Practical Skills,9701/3,120,40,23
Practical assessment,Titration experiments,Carry out acid–alkali titrations using a suitable indicator.,Chemistry,Cambridge Assessment International Education,Cambridge International AS & A Level,AS Level,Paper 3 Advanced Practical Skills,9701/3,120,40,23
Practical assessment,Titration experiments,Carry out common redox and iodine/thiosulfate titrations when the necessary information is provided.,Chemistry,Cambridge Assessment International Education,Cambridge International AS & A Level,AS Level,Paper 3 Advanced Practical Skills,9701/3,120,40,23
Practical assessment,Rates experiments,Mix reagents as instructed and measure the time taken for a specified observable change in a rate experiment.,Chemistry,Cambridge Assessment International Education,Cambridge International AS & A Level,AS Level,Paper 3 Advanced Practical Skills,9701/3,120,40,23
Practical assessment,Gravimetric experiments,"Heat a solid safely, determine a mass change and use the measurements in a gravimetric calculation.",Chemistry,Cambridge Assessment International Education,Cambridge International AS & A Level,AS Level,Paper 3 Advanced Practical Skills,9701/3,120,40,23
Practical assessment,Thermometric experiments,Measure temperature changes accurately and use them in thermochemical calculations such as enthalpy-change determinations.,Chemistry,Cambridge Assessment International Education,Cambridge International AS & A Level,AS Level,Paper 3 Advanced Practical Skills,9701/3,120,40,23
Practical assessment,Gas volume experiments,Set up suitable apparatus for collecting a gas and use measured gas volumes in quantitative analysis.,Chemistry,Cambridge Assessment International Education,Cambridge International AS & A Level,AS Level,Paper 3 Advanced Practical Skills,9701/3,120,40,23
Practical assessment,Qualitative analysis,Handle unknown substances cautiously and use only appropriate quantities for qualitative tests.,Chemistry,Cambridge Assessment International Education,Cambridge International AS & A Level,AS Level,Paper 3 Advanced Practical Skills,9701/3,120,40,23
Practical assessment,Qualitative analysis,Add reagents in controlled amounts and follow safe heating procedures.,Chemistry,Cambridge Assessment International Education,Cambridge International AS & A Level,AS Level,Paper 3 Advanced Practical Skills,9701/3,120,40,23
Practical assessment,Qualitative analysis,"Record all qualitative observations, including observations where no visible change occurs.",Chemistry,Cambridge Assessment International Education,Cambridge International AS & A Level,AS Level,Paper 3 Advanced Practical Skills,9701/3,120,40,23
Practical assessment,Qualitative analysis,Use excess aqueous alkali when needed to test whether a precipitate dissolves.,Chemistry,Cambridge Assessment International Education,Cambridge International AS & A Level,AS Level,Paper 3 Advanced Practical Skills,9701/3,120,40,23
Practical assessment,Qualitative analysis,Recognise gas evolution and apply an appropriate confirmatory gas test.,Chemistry,Cambridge Assessment International Education,Cambridge International AS & A Level,AS Level,Paper 3 Advanced Practical Skills,9701/3,120,40,23
Practical assessment,Qualitative analysis,Use prescribed inorganic qualitative-analysis tests to infer information about an unknown substance.,Chemistry,Cambridge Assessment International Education,Cambridge International AS & A Level,AS Level,Paper 3 Advanced Practical Skills,9701/3,120,40,23
Practical assessment,Qualitative analysis,Use observations from qualitative tests to draw general conclusions even when an ion is not directly identified.,Chemistry,Cambridge Assessment International Education,Cambridge International AS & A Level,AS Level,Paper 3 Advanced Practical Skills,9701/3,120,40,23
Practical assessment,Qualitative analysis,Use Fehling-type observations as evidence for an aldehyde functional group where appropriate.,Chemistry,Cambridge Assessment International Education,Cambridge International AS & A Level,AS Level,Paper 3 Advanced Practical Skills,9701/3,120,40,23
Practical assessment,Qualitative analysis,Use Tollens-type observations as evidence for an aldehyde functional group where appropriate.,Chemistry,Cambridge Assessment International Education,Cambridge International AS & A Level,AS Level,Paper 3 Advanced Practical Skills,9701/3,120,40,23
Practical assessment,Qualitative analysis,Use the iodoform reaction to identify structures capable of giving the characteristic positive result.,Chemistry,Cambridge Assessment International Education,Cambridge International AS & A Level,AS Level,Paper 3 Advanced Practical Skills,9701/3,120,40,23
Practical assessment,Qualitative analysis,Use acidified manganate(VII) observations to identify substances that can be oxidised.,Chemistry,Cambridge Assessment International Education,Cambridge International AS & A Level,AS Level,Paper 3 Advanced Practical Skills,9701/3,120,40,23
Practical assessment,Qualitative analysis,Combine evidence from several qualitative tests to reach a chemically justified identification or conclusion.,Chemistry,Cambridge Assessment International Education,Cambridge International AS & A Level,AS Level,Paper 3 Advanced Practical Skills,9701/3,120,40,23
Practical assessment,Defining the problem,Choose a safe and efficient experimental approach capable of producing a reliable result.,Chemistry,Cambridge Assessment International Education,Cambridge International AS & A Level,A Level,"Paper 5 Planning, Analysis and Evaluation",9701/5,75,30,11.5
Practical assessment,Defining the problem,Identify the main stages needed to complete an investigation.,Chemistry,Cambridge Assessment International Education,Cambridge International AS & A Level,A Level,"Paper 5 Planning, Analysis and Evaluation",9701/5,75,30,11.5
Practical assessment,Defining the problem,Select apparatus appropriate for each stage of the proposed procedure.,Chemistry,Cambridge Assessment International Education,Cambridge International AS & A Level,A Level,"Paper 5 Planning, Analysis and Evaluation",9701/5,75,30,11.5
Practical assessment,Defining the problem,Identify significant hazards and risks associated with the proposed experiment.,Chemistry,Cambridge Assessment International Education,Cambridge International AS & A Level,A Level,"Paper 5 Planning, Analysis and Evaluation",9701/5,75,30,11.5
Practical assessment,Defining the problem,Identify the independent variable.,Chemistry,Cambridge Assessment International Education,Cambridge International AS & A Level,A Level,"Paper 5 Planning, Analysis and Evaluation",9701/5,75,30,11.5
Practical assessment,Defining the problem,Identify the dependent variable.,Chemistry,Cambridge Assessment International Education,Cambridge International AS & A Level,A Level,"Paper 5 Planning, Analysis and Evaluation",9701/5,75,30,11.5
Practical assessment,Defining the problem,Express the experimental aim as a testable prediction in words or as an expected graph.,Chemistry,Cambridge Assessment International Education,Cambridge International AS & A Level,A Level,"Paper 5 Planning, Analysis and Evaluation",9701/5,75,30,11.5
Practical assessment,Defining the problem,Identify important variables that must be controlled.,Chemistry,Cambridge Assessment International Education,Cambridge International AS & A Level,A Level,"Paper 5 Planning, Analysis and Evaluation",9701/5,75,30,11.5
Practical assessment,Defining the problem,Explain why the proposed procedure should produce evidence capable of testing the prediction.,Chemistry,Cambridge Assessment International Education,Cambridge International AS & A Level,A Level,"Paper 5 Planning, Analysis and Evaluation",9701/5,75,30,11.5
Practical assessment,Method,Describe a complete experimental method from preparation through collection and use of results.,Chemistry,Cambridge Assessment International Education,Cambridge International AS & A Level,A Level,"Paper 5 Planning, Analysis and Evaluation",9701/5,75,30,11.5
Practical assessment,Method,Describe or diagram the apparatus arrangement and the sequence of operations needed to collect relevant data.,Chemistry,Cambridge Assessment International Education,Cambridge International AS & A Level,A Level,"Paper 5 Planning, Analysis and Evaluation",9701/5,75,30,11.5
Practical assessment,Method,Select measuring instruments that provide suitable precision.,Chemistry,Cambridge Assessment International Education,Cambridge International AS & A Level,A Level,"Paper 5 Planning, Analysis and Evaluation",9701/5,75,30,11.5
Practical assessment,Method,Choose appropriate reagent quantities and concentrations.,Chemistry,Cambridge Assessment International Education,Cambridge International AS & A Level,A Level,"Paper 5 Planning, Analysis and Evaluation",9701/5,75,30,11.5
Practical assessment,Method,Specify safety precautions that reduce the identified risks.,Chemistry,Cambridge Assessment International Education,Cambridge International AS & A Level,A Level,"Paper 5 Planning, Analysis and Evaluation",9701/5,75,30,11.5
Practical assessment,Method,Explain how to vary the independent variable and measure the dependent variable.,Chemistry,Cambridge Assessment International Education,Cambridge International AS & A Level,A Level,"Paper 5 Planning, Analysis and Evaluation",9701/5,75,30,11.5
Practical assessment,Method,Explain how important control variables will be kept constant.,Chemistry,Cambridge Assessment International Education,Cambridge International AS & A Level,A Level,"Paper 5 Planning, Analysis and Evaluation",9701/5,75,30,11.5
Practical assessment,Method,Explain how a control experiment could show that the independent variable is responsible for the observed effect.,Chemistry,Cambridge Assessment International Education,Cambridge International AS & A Level,A Level,"Paper 5 Planning, Analysis and Evaluation",9701/5,75,30,11.5
Practical assessment,Method,Prepare suitable results-table headings and explain how the recorded data would be used.,Chemistry,Cambridge Assessment International Education,Cambridge International AS & A Level,A Level,"Paper 5 Planning, Analysis and Evaluation",9701/5,75,30,11.5
Practical assessment,Method,"Apply appropriate quantitative laboratory practices such as preparing solutions accurately, weighing by difference, obtaining concordant titres or heating to constant mass.",Chemistry,Cambridge Assessment International Education,Cambridge International AS & A Level,A Level,"Paper 5 Planning, Analysis and Evaluation",9701/5,75,30,11.5
Practical assessment,Dealing with data,Identify the calculations and data presentation needed to support a valid conclusion.,Chemistry,Cambridge Assessment International Education,Cambridge International AS & A Level,A Level,"Paper 5 Planning, Analysis and Evaluation",9701/5,75,30,11.5
Practical assessment,Dealing with data,"Use calculations such as means, percentages and percentage changes to process data.",Chemistry,Cambridge Assessment International Education,Cambridge International AS & A Level,A Level,"Paper 5 Planning, Analysis and Evaluation",9701/5,75,30,11.5
Practical assessment,Dealing with data,Use tables and graphs to highlight important quantitative patterns and variability.,Chemistry,Cambridge Assessment International Education,Cambridge International AS & A Level,A Level,"Paper 5 Planning, Analysis and Evaluation",9701/5,75,30,11.5
Practical assessment,Dealing with data,Analyse supplied or calculated data to draw an appropriate conclusion.,Chemistry,Cambridge Assessment International Education,Cambridge International AS & A Level,A Level,"Paper 5 Planning, Analysis and Evaluation",9701/5,75,30,11.5
Practical assessment,Dealing with data,Plot a suitable graph accurately from supplied or processed values.,Chemistry,Cambridge Assessment International Education,Cambridge International AS & A Level,A Level,"Paper 5 Planning, Analysis and Evaluation",9701/5,75,30,11.5
Practical assessment,Dealing with data,Use a linear graph to determine constants in a relationship of the form y = mx + c.,Chemistry,Cambridge Assessment International Education,Cambridge International AS & A Level,A Level,"Paper 5 Planning, Analysis and Evaluation",9701/5,75,30,11.5
Practical assessment,Dealing with data,Choose suitable graph axes and scales from a set of data values.,Chemistry,Cambridge Assessment International Education,Cambridge International AS & A Level,A Level,"Paper 5 Planning, Analysis and Evaluation",9701/5,75,30,11.5
Practical assessment,Dealing with data,Calculate percentage uncertainty or percentage error from measurement information.,Chemistry,Cambridge Assessment International Education,Cambridge International AS & A Level,A Level,"Paper 5 Planning, Analysis and Evaluation",9701/5,75,30,11.5
Practical assessment,Dealing with data,Calculate relevant chemical quantities from raw experimental data and report them to suitable significant figures.,Chemistry,Cambridge Assessment International Education,Cambridge International AS & A Level,A Level,"Paper 5 Planning, Analysis and Evaluation",9701/5,75,30,11.5
Practical assessment,Conclusion,Draw a detailed conclusion from an investigation using the important features of the data and analysis.,Chemistry,Cambridge Assessment International Education,Cambridge International AS & A Level,A Level,"Paper 5 Planning, Analysis and Evaluation",9701/5,75,30,11.5
Practical assessment,Conclusion,Give chemically valid explanations for the observed data and the conclusion reached.,Chemistry,Cambridge Assessment International Education,Cambridge International AS & A Level,A Level,"Paper 5 Planning, Analysis and Evaluation",9701/5,75,30,11.5
Practical assessment,Conclusion,Make further predictions or propose improvements that follow logically from the evidence.,Chemistry,Cambridge Assessment International Education,Cambridge International AS & A Level,A Level,"Paper 5 Planning, Analysis and Evaluation",9701/5,75,30,11.5
Practical assessment,Conclusion,Judge whether discrepancies in experimental values can reasonably be explained by measurement uncertainty or other factors.,Chemistry,Cambridge Assessment International Education,Cambridge International AS & A Level,A Level,"Paper 5 Planning, Analysis and Evaluation",9701/5,75,30,11.5
Practical assessment,Evaluation,Identify anomalous data and suggest plausible explanations and appropriate ways to handle them.,Chemistry,Cambridge Assessment International Education,Cambridge International AS & A Level,A Level,"Paper 5 Planning, Analysis and Evaluation",9701/5,75,30,11.5
Practical assessment,Evaluation,Judge whether measurements have been repeated sufficiently and explain the value of replication.,Chemistry,Cambridge Assessment International Education,Cambridge International AS & A Level,A Level,"Paper 5 Planning, Analysis and Evaluation",9701/5,75,30,11.5
Practical assessment,Evaluation,Evaluate whether the range of collected data is adequate.,Chemistry,Cambridge Assessment International Education,Cambridge International AS & A Level,A Level,"Paper 5 Planning, Analysis and Evaluation",9701/5,75,30,11.5
Practical assessment,Evaluation,Assess how effectively important variables were controlled.,Chemistry,Cambridge Assessment International Education,Cambridge International AS & A Level,A Level,"Paper 5 Planning, Analysis and Evaluation",9701/5,75,30,11.5
Practical assessment,Evaluation,Identify and explain weaknesses in an experimental procedure.,Chemistry,Cambridge Assessment International Education,Cambridge International AS & A Level,A Level,"Paper 5 Planning, Analysis and Evaluation",9701/5,75,30,11.5
Practical assessment,Evaluation,Predict how changes in reagent concentration or experimental conditions would affect the results.,Chemistry,Cambridge Assessment International Education,Cambridge International AS & A Level,A Level,"Paper 5 Planning, Analysis and Evaluation",9701/5,75,30,11.5
Practical assessment,Evaluation,Explain how incorrect use of apparatus could influence the results.,Chemistry,Cambridge Assessment International Education,Cambridge International AS & A Level,A Level,"Paper 5 Planning, Analysis and Evaluation",9701/5,75,30,11.5
Practical assessment,Evaluation,Judge reliability from the scatter of data and the presence or absence of anomalous points.,Chemistry,Cambridge Assessment International Education,Cambridge International AS & A Level,A Level,"Paper 5 Planning, Analysis and Evaluation",9701/5,75,30,11.5
Practical assessment,Evaluation,Assess whether the available data are suitable for testing a stated prediction.,Chemistry,Cambridge Assessment International Education,Cambridge International AS & A Level,A Level,"Paper 5 Planning, Analysis and Evaluation",9701/5,75,30,11.5
Practical assessment,Evaluation,Identify when additional readings would improve the range or completeness of the evidence.,Chemistry,Cambridge Assessment International Education,Cambridge International AS & A Level,A Level,"Paper 5 Planning, Analysis and Evaluation",9701/5,75,30,11.5
Practical assessment,Evaluation,Combine all available evidence to judge the reliability of an investigation and the trustworthiness of its outcome.,Chemistry,Cambridge Assessment International Education,Cambridge International AS & A Level,A Level,"Paper 5 Planning, Analysis and Evaluation",9701/5,75,30,11.5
Practical assessment,Evaluation,State how confidently a conclusion can be drawn from the quality of the data and the evaluation.,Chemistry,Cambridge Assessment International Education,Cambridge International AS & A Level,A Level,"Paper 5 Planning, Analysis and Evaluation",9701/5,75,30,11.5
