Main Topic,Subtopic,Learning Outcome,Subject,Exam Board,Qualification,Level,Component Name,Paper Code,Duration (min),Total Marks,Weighting (%)
1 Physical quantities and units,1.1 Physical quantities,1 understand that all physical quantities consist of a numerical magnitude and a unit,Physics,Cambridge Assessment International Education,Cambridge International AS & A Level,AS Level,Paper 1 Multiple Choice,9702/1,75,40,31
1 Physical quantities and units,1.1 Physical quantities,1 understand that all physical quantities consist of a numerical magnitude and a unit,Physics,Cambridge Assessment International Education,Cambridge International AS & A Level,AS Level,Paper 2 AS Level Structured Questions,9702/2,75,60,46
1 Physical quantities and units,1.1 Physical quantities,2 make reasonable estimates of physical quantities included within the syllabus,Physics,Cambridge Assessment International Education,Cambridge International AS & A Level,AS Level,Paper 1 Multiple Choice,9702/1,75,40,31
1 Physical quantities and units,1.1 Physical quantities,2 make reasonable estimates of physical quantities included within the syllabus,Physics,Cambridge Assessment International Education,Cambridge International AS & A Level,AS Level,Paper 2 AS Level Structured Questions,9702/2,75,60,46
1 Physical quantities and units,1.2 SI units,"1 recall the following SI base quantities and their units: mass (kg), length (m), time (s), current (A), temperature (K)",Physics,Cambridge Assessment International Education,Cambridge International AS & A Level,AS Level,Paper 1 Multiple Choice,9702/1,75,40,31
1 Physical quantities and units,1.2 SI units,"1 recall the following SI base quantities and their units: mass (kg), length (m), time (s), current (A), temperature (K)",Physics,Cambridge Assessment International Education,Cambridge International AS & A Level,AS Level,Paper 2 AS Level Structured Questions,9702/2,75,60,46
1 Physical quantities and units,1.2 SI units,2 express derived units as products or quotients of the SI base units and use the derived units for quantities listed in this syllabus as appropriate,Physics,Cambridge Assessment International Education,Cambridge International AS & A Level,AS Level,Paper 1 Multiple Choice,9702/1,75,40,31
1 Physical quantities and units,1.2 SI units,2 express derived units as products or quotients of the SI base units and use the derived units for quantities listed in this syllabus as appropriate,Physics,Cambridge Assessment International Education,Cambridge International AS & A Level,AS Level,Paper 2 AS Level Structured Questions,9702/2,75,60,46
1 Physical quantities and units,1.2 SI units,3 use SI base units to check the homogeneity of physical equations,Physics,Cambridge Assessment International Education,Cambridge International AS & A Level,AS Level,Paper 1 Multiple Choice,9702/1,75,40,31
1 Physical quantities and units,1.2 SI units,3 use SI base units to check the homogeneity of physical equations,Physics,Cambridge Assessment International Education,Cambridge International AS & A Level,AS Level,Paper 2 AS Level Structured Questions,9702/2,75,60,46
1 Physical quantities and units,1.2 SI units,"4 recall and use the following prefixes and their symbols to indicate decimal submultiples or multiples of both base and derived units: pico (p), nano (n), micro (μ), milli (m), centi (c), deci (d), kilo (k), mega (M), giga (G), tera (T)",Physics,Cambridge Assessment International Education,Cambridge International AS & A Level,AS Level,Paper 1 Multiple Choice,9702/1,75,40,31
1 Physical quantities and units,1.2 SI units,"4 recall and use the following prefixes and their symbols to indicate decimal submultiples or multiples of both base and derived units: pico (p), nano (n), micro (μ), milli (m), centi (c), deci (d), kilo (k), mega (M), giga (G), tera (T)",Physics,Cambridge Assessment International Education,Cambridge International AS & A Level,AS Level,Paper 2 AS Level Structured Questions,9702/2,75,60,46
1 Physical quantities and units,1.3 Errors and uncertainties,1 understand and explain the effects of systematic errors (including zero errors) and random errors in measurements,Physics,Cambridge Assessment International Education,Cambridge International AS & A Level,AS Level,Paper 1 Multiple Choice,9702/1,75,40,31
1 Physical quantities and units,1.3 Errors and uncertainties,1 understand and explain the effects of systematic errors (including zero errors) and random errors in measurements,Physics,Cambridge Assessment International Education,Cambridge International AS & A Level,AS Level,Paper 2 AS Level Structured Questions,9702/2,75,60,46
1 Physical quantities and units,1.3 Errors and uncertainties,2 understand the distinction between precision and accuracy,Physics,Cambridge Assessment International Education,Cambridge International AS & A Level,AS Level,Paper 1 Multiple Choice,9702/1,75,40,31
1 Physical quantities and units,1.3 Errors and uncertainties,2 understand the distinction between precision and accuracy,Physics,Cambridge Assessment International Education,Cambridge International AS & A Level,AS Level,Paper 2 AS Level Structured Questions,9702/2,75,60,46
1 Physical quantities and units,1.3 Errors and uncertainties,3 assess the uncertainty in a derived quantity by simple addition of absolute or percentage uncertainties,Physics,Cambridge Assessment International Education,Cambridge International AS & A Level,AS Level,Paper 1 Multiple Choice,9702/1,75,40,31
1 Physical quantities and units,1.3 Errors and uncertainties,3 assess the uncertainty in a derived quantity by simple addition of absolute or percentage uncertainties,Physics,Cambridge Assessment International Education,Cambridge International AS & A Level,AS Level,Paper 2 AS Level Structured Questions,9702/2,75,60,46
1 Physical quantities and units,1.4 Scalars and vectors,1 understand the difference between scalar and vector quantities and give examples of scalar and vector quantities included in the syllabus,Physics,Cambridge Assessment International Education,Cambridge International AS & A Level,AS Level,Paper 1 Multiple Choice,9702/1,75,40,31
1 Physical quantities and units,1.4 Scalars and vectors,1 understand the difference between scalar and vector quantities and give examples of scalar and vector quantities included in the syllabus,Physics,Cambridge Assessment International Education,Cambridge International AS & A Level,AS Level,Paper 2 AS Level Structured Questions,9702/2,75,60,46
1 Physical quantities and units,1.4 Scalars and vectors,2 add and subtract coplanar vectors,Physics,Cambridge Assessment International Education,Cambridge International AS & A Level,AS Level,Paper 1 Multiple Choice,9702/1,75,40,31
1 Physical quantities and units,1.4 Scalars and vectors,2 add and subtract coplanar vectors,Physics,Cambridge Assessment International Education,Cambridge International AS & A Level,AS Level,Paper 2 AS Level Structured Questions,9702/2,75,60,46
1 Physical quantities and units,1.4 Scalars and vectors,3 represent a vector as two perpendicular components,Physics,Cambridge Assessment International Education,Cambridge International AS & A Level,AS Level,Paper 1 Multiple Choice,9702/1,75,40,31
1 Physical quantities and units,1.4 Scalars and vectors,3 represent a vector as two perpendicular components,Physics,Cambridge Assessment International Education,Cambridge International AS & A Level,AS Level,Paper 2 AS Level Structured Questions,9702/2,75,60,46
2 Kinematics,2.1 Equations of motion,"1 define and use distance, displacement, speed, velocity and acceleration",Physics,Cambridge Assessment International Education,Cambridge International AS & A Level,AS Level,Paper 1 Multiple Choice,9702/1,75,40,31
2 Kinematics,2.1 Equations of motion,"1 define and use distance, displacement, speed, velocity and acceleration",Physics,Cambridge Assessment International Education,Cambridge International AS & A Level,AS Level,Paper 2 AS Level Structured Questions,9702/2,75,60,46
2 Kinematics,2.1 Equations of motion,"2 use graphical methods to represent distance, displacement, speed, velocity and acceleration",Physics,Cambridge Assessment International Education,Cambridge International AS & A Level,AS Level,Paper 1 Multiple Choice,9702/1,75,40,31
2 Kinematics,2.1 Equations of motion,"2 use graphical methods to represent distance, displacement, speed, velocity and acceleration",Physics,Cambridge Assessment International Education,Cambridge International AS & A Level,AS Level,Paper 2 AS Level Structured Questions,9702/2,75,60,46
2 Kinematics,2.1 Equations of motion,3 determine displacement from the area under a velocity-time graph,Physics,Cambridge Assessment International Education,Cambridge International AS & A Level,AS Level,Paper 1 Multiple Choice,9702/1,75,40,31
2 Kinematics,2.1 Equations of motion,3 determine displacement from the area under a velocity-time graph,Physics,Cambridge Assessment International Education,Cambridge International AS & A Level,AS Level,Paper 2 AS Level Structured Questions,9702/2,75,60,46
2 Kinematics,2.1 Equations of motion,4 determine velocity using the gradient of a displacement-time graph,Physics,Cambridge Assessment International Education,Cambridge International AS & A Level,AS Level,Paper 1 Multiple Choice,9702/1,75,40,31
2 Kinematics,2.1 Equations of motion,4 determine velocity using the gradient of a displacement-time graph,Physics,Cambridge Assessment International Education,Cambridge International AS & A Level,AS Level,Paper 2 AS Level Structured Questions,9702/2,75,60,46
2 Kinematics,2.1 Equations of motion,5 determine acceleration using the gradient of a velocity-time graph,Physics,Cambridge Assessment International Education,Cambridge International AS & A Level,AS Level,Paper 1 Multiple Choice,9702/1,75,40,31
2 Kinematics,2.1 Equations of motion,5 determine acceleration using the gradient of a velocity-time graph,Physics,Cambridge Assessment International Education,Cambridge International AS & A Level,AS Level,Paper 2 AS Level Structured Questions,9702/2,75,60,46
2 Kinematics,2.1 Equations of motion,"6 derive, from the definitions of velocity and acceleration, equations that represent uniformly accelerated motion in a straight line",Physics,Cambridge Assessment International Education,Cambridge International AS & A Level,AS Level,Paper 1 Multiple Choice,9702/1,75,40,31
2 Kinematics,2.1 Equations of motion,"6 derive, from the definitions of velocity and acceleration, equations that represent uniformly accelerated motion in a straight line",Physics,Cambridge Assessment International Education,Cambridge International AS & A Level,AS Level,Paper 2 AS Level Structured Questions,9702/2,75,60,46
2 Kinematics,2.1 Equations of motion,"7 solve problems using equations that represent uniformly accelerated motion in a straight line, including the motion of bodies falling in a uniform gravitational field without air resistance",Physics,Cambridge Assessment International Education,Cambridge International AS & A Level,AS Level,Paper 1 Multiple Choice,9702/1,75,40,31
2 Kinematics,2.1 Equations of motion,"7 solve problems using equations that represent uniformly accelerated motion in a straight line, including the motion of bodies falling in a uniform gravitational field without air resistance",Physics,Cambridge Assessment International Education,Cambridge International AS & A Level,AS Level,Paper 2 AS Level Structured Questions,9702/2,75,60,46
2 Kinematics,2.1 Equations of motion,8 describe an experiment to determine the acceleration of free fall using a falling object,Physics,Cambridge Assessment International Education,Cambridge International AS & A Level,AS Level,Paper 1 Multiple Choice,9702/1,75,40,31
2 Kinematics,2.1 Equations of motion,8 describe an experiment to determine the acceleration of free fall using a falling object,Physics,Cambridge Assessment International Education,Cambridge International AS & A Level,AS Level,Paper 2 AS Level Structured Questions,9702/2,75,60,46
2 Kinematics,2.1 Equations of motion,9 describe and explain motion due to a uniform velocity in one direction and a uniform acceleration in a perpendicular direction,Physics,Cambridge Assessment International Education,Cambridge International AS & A Level,AS Level,Paper 1 Multiple Choice,9702/1,75,40,31
2 Kinematics,2.1 Equations of motion,9 describe and explain motion due to a uniform velocity in one direction and a uniform acceleration in a perpendicular direction,Physics,Cambridge Assessment International Education,Cambridge International AS & A Level,AS Level,Paper 2 AS Level Structured Questions,9702/2,75,60,46
3 Dynamics,3.1 Momentum and Newton's laws of motion,1 understand that mass is the property of an object that resists change in motion,Physics,Cambridge Assessment International Education,Cambridge International AS & A Level,AS Level,Paper 1 Multiple Choice,9702/1,75,40,31
3 Dynamics,3.1 Momentum and Newton's laws of motion,1 understand that mass is the property of an object that resists change in motion,Physics,Cambridge Assessment International Education,Cambridge International AS & A Level,AS Level,Paper 2 AS Level Structured Questions,9702/2,75,60,46
3 Dynamics,3.1 Momentum and Newton's laws of motion,"2 recall \(F = ma\) and solve problems using it, understanding that acceleration and resultant force are always in the same direction",Physics,Cambridge Assessment International Education,Cambridge International AS & A Level,AS Level,Paper 1 Multiple Choice,9702/1,75,40,31
3 Dynamics,3.1 Momentum and Newton's laws of motion,"2 recall \(F = ma\) and solve problems using it, understanding that acceleration and resultant force are always in the same direction",Physics,Cambridge Assessment International Education,Cambridge International AS & A Level,AS Level,Paper 2 AS Level Structured Questions,9702/2,75,60,46
3 Dynamics,3.1 Momentum and Newton's laws of motion,3 define and use linear momentum as the product of mass and velocity,Physics,Cambridge Assessment International Education,Cambridge International AS & A Level,AS Level,Paper 1 Multiple Choice,9702/1,75,40,31
3 Dynamics,3.1 Momentum and Newton's laws of motion,3 define and use linear momentum as the product of mass and velocity,Physics,Cambridge Assessment International Education,Cambridge International AS & A Level,AS Level,Paper 2 AS Level Structured Questions,9702/2,75,60,46
3 Dynamics,3.1 Momentum and Newton's laws of motion,4 define and use force as rate of change of momentum,Physics,Cambridge Assessment International Education,Cambridge International AS & A Level,AS Level,Paper 1 Multiple Choice,9702/1,75,40,31
3 Dynamics,3.1 Momentum and Newton's laws of motion,4 define and use force as rate of change of momentum,Physics,Cambridge Assessment International Education,Cambridge International AS & A Level,AS Level,Paper 2 AS Level Structured Questions,9702/2,75,60,46
3 Dynamics,3.1 Momentum and Newton's laws of motion,5 state and apply each of Newton's laws of motion,Physics,Cambridge Assessment International Education,Cambridge International AS & A Level,AS Level,Paper 1 Multiple Choice,9702/1,75,40,31
3 Dynamics,3.1 Momentum and Newton's laws of motion,5 state and apply each of Newton's laws of motion,Physics,Cambridge Assessment International Education,Cambridge International AS & A Level,AS Level,Paper 2 AS Level Structured Questions,9702/2,75,60,46
3 Dynamics,3.1 Momentum and Newton's laws of motion,6 describe and use the concept of weight as the effect of a gravitational field on a mass and recall that the weight of an object is equal to the product of its mass and the acceleration of free fall,Physics,Cambridge Assessment International Education,Cambridge International AS & A Level,AS Level,Paper 1 Multiple Choice,9702/1,75,40,31
3 Dynamics,3.1 Momentum and Newton's laws of motion,6 describe and use the concept of weight as the effect of a gravitational field on a mass and recall that the weight of an object is equal to the product of its mass and the acceleration of free fall,Physics,Cambridge Assessment International Education,Cambridge International AS & A Level,AS Level,Paper 2 AS Level Structured Questions,9702/2,75,60,46
3 Dynamics,3.2 Non-uniform motion,"1 show a qualitative understanding of frictional forces and viscous/drag forces including air resistance (no treatment of the coefficients of friction and viscosity is required, and a simple model of drag force increasing as speed increases is sufficient)",Physics,Cambridge Assessment International Education,Cambridge International AS & A Level,AS Level,Paper 1 Multiple Choice,9702/1,75,40,31
3 Dynamics,3.2 Non-uniform motion,"1 show a qualitative understanding of frictional forces and viscous/drag forces including air resistance (no treatment of the coefficients of friction and viscosity is required, and a simple model of drag force increasing as speed increases is sufficient)",Physics,Cambridge Assessment International Education,Cambridge International AS & A Level,AS Level,Paper 2 AS Level Structured Questions,9702/2,75,60,46
3 Dynamics,3.2 Non-uniform motion,2 describe and explain qualitatively the motion of objects in a uniform gravitational field with air resistance,Physics,Cambridge Assessment International Education,Cambridge International AS & A Level,AS Level,Paper 1 Multiple Choice,9702/1,75,40,31
3 Dynamics,3.2 Non-uniform motion,2 describe and explain qualitatively the motion of objects in a uniform gravitational field with air resistance,Physics,Cambridge Assessment International Education,Cambridge International AS & A Level,AS Level,Paper 2 AS Level Structured Questions,9702/2,75,60,46
3 Dynamics,3.2 Non-uniform motion,3 understand that objects moving against a resistive force may reach a terminal (constant) velocity,Physics,Cambridge Assessment International Education,Cambridge International AS & A Level,AS Level,Paper 1 Multiple Choice,9702/1,75,40,31
3 Dynamics,3.2 Non-uniform motion,3 understand that objects moving against a resistive force may reach a terminal (constant) velocity,Physics,Cambridge Assessment International Education,Cambridge International AS & A Level,AS Level,Paper 2 AS Level Structured Questions,9702/2,75,60,46
3 Dynamics,3.3 Linear momentum and its conservation,1 state the principle of conservation of momentum,Physics,Cambridge Assessment International Education,Cambridge International AS & A Level,AS Level,Paper 1 Multiple Choice,9702/1,75,40,31
3 Dynamics,3.3 Linear momentum and its conservation,1 state the principle of conservation of momentum,Physics,Cambridge Assessment International Education,Cambridge International AS & A Level,AS Level,Paper 2 AS Level Structured Questions,9702/2,75,60,46
3 Dynamics,3.3 Linear momentum and its conservation,"2 apply the principle of conservation of momentum to solve simple problems, including elastic and inelastic interactions between objects in both one and two dimensions (knowledge of the concept of coefficient of restitution is not required)",Physics,Cambridge Assessment International Education,Cambridge International AS & A Level,AS Level,Paper 1 Multiple Choice,9702/1,75,40,31
3 Dynamics,3.3 Linear momentum and its conservation,"2 apply the principle of conservation of momentum to solve simple problems, including elastic and inelastic interactions between objects in both one and two dimensions (knowledge of the concept of coefficient of restitution is not required)",Physics,Cambridge Assessment International Education,Cambridge International AS & A Level,AS Level,Paper 2 AS Level Structured Questions,9702/2,75,60,46
3 Dynamics,3.3 Linear momentum and its conservation,"3 recall that, for an elastic collision, total kinetic energy is conserved and the relative speed of approach is equal to the relative speed of separation",Physics,Cambridge Assessment International Education,Cambridge International AS & A Level,AS Level,Paper 1 Multiple Choice,9702/1,75,40,31
3 Dynamics,3.3 Linear momentum and its conservation,"3 recall that, for an elastic collision, total kinetic energy is conserved and the relative speed of approach is equal to the relative speed of separation",Physics,Cambridge Assessment International Education,Cambridge International AS & A Level,AS Level,Paper 2 AS Level Structured Questions,9702/2,75,60,46
3 Dynamics,3.3 Linear momentum and its conservation,"4 understand that, while momentum of a system is always conserved in interactions between objects, some change in kinetic energy may take place",Physics,Cambridge Assessment International Education,Cambridge International AS & A Level,AS Level,Paper 1 Multiple Choice,9702/1,75,40,31
3 Dynamics,3.3 Linear momentum and its conservation,"4 understand that, while momentum of a system is always conserved in interactions between objects, some change in kinetic energy may take place",Physics,Cambridge Assessment International Education,Cambridge International AS & A Level,AS Level,Paper 2 AS Level Structured Questions,9702/2,75,60,46
"4 Forces, density and pressure",4.1 Turning effects of forces,1 understand that the weight of an object may be taken as acting at a single point known as its centre of gravity,Physics,Cambridge Assessment International Education,Cambridge International AS & A Level,AS Level,Paper 1 Multiple Choice,9702/1,75,40,31
"4 Forces, density and pressure",4.1 Turning effects of forces,1 understand that the weight of an object may be taken as acting at a single point known as its centre of gravity,Physics,Cambridge Assessment International Education,Cambridge International AS & A Level,AS Level,Paper 2 AS Level Structured Questions,9702/2,75,60,46
"4 Forces, density and pressure",4.1 Turning effects of forces,2 define and apply the moment of a force,Physics,Cambridge Assessment International Education,Cambridge International AS & A Level,AS Level,Paper 1 Multiple Choice,9702/1,75,40,31
"4 Forces, density and pressure",4.1 Turning effects of forces,2 define and apply the moment of a force,Physics,Cambridge Assessment International Education,Cambridge International AS & A Level,AS Level,Paper 2 AS Level Structured Questions,9702/2,75,60,46
"4 Forces, density and pressure",4.1 Turning effects of forces,3 understand that a couple is a pair of forces that acts to produce rotation only,Physics,Cambridge Assessment International Education,Cambridge International AS & A Level,AS Level,Paper 1 Multiple Choice,9702/1,75,40,31
"4 Forces, density and pressure",4.1 Turning effects of forces,3 understand that a couple is a pair of forces that acts to produce rotation only,Physics,Cambridge Assessment International Education,Cambridge International AS & A Level,AS Level,Paper 2 AS Level Structured Questions,9702/2,75,60,46
"4 Forces, density and pressure",4.1 Turning effects of forces,4 define and apply the torque of a couple,Physics,Cambridge Assessment International Education,Cambridge International AS & A Level,AS Level,Paper 1 Multiple Choice,9702/1,75,40,31
"4 Forces, density and pressure",4.1 Turning effects of forces,4 define and apply the torque of a couple,Physics,Cambridge Assessment International Education,Cambridge International AS & A Level,AS Level,Paper 2 AS Level Structured Questions,9702/2,75,60,46
"4 Forces, density and pressure",4.2 Equilibrium of forces,1 state and apply the principle of moments,Physics,Cambridge Assessment International Education,Cambridge International AS & A Level,AS Level,Paper 1 Multiple Choice,9702/1,75,40,31
"4 Forces, density and pressure",4.2 Equilibrium of forces,1 state and apply the principle of moments,Physics,Cambridge Assessment International Education,Cambridge International AS & A Level,AS Level,Paper 2 AS Level Structured Questions,9702/2,75,60,46
"4 Forces, density and pressure",4.2 Equilibrium of forces,"2 understand that, when there is no resultant force and no resultant torque, a system is in equilibrium",Physics,Cambridge Assessment International Education,Cambridge International AS & A Level,AS Level,Paper 1 Multiple Choice,9702/1,75,40,31
"4 Forces, density and pressure",4.2 Equilibrium of forces,"2 understand that, when there is no resultant force and no resultant torque, a system is in equilibrium",Physics,Cambridge Assessment International Education,Cambridge International AS & A Level,AS Level,Paper 2 AS Level Structured Questions,9702/2,75,60,46
"4 Forces, density and pressure",4.2 Equilibrium of forces,3 use a vector triangle to represent coplanar forces in equilibrium,Physics,Cambridge Assessment International Education,Cambridge International AS & A Level,AS Level,Paper 1 Multiple Choice,9702/1,75,40,31
"4 Forces, density and pressure",4.2 Equilibrium of forces,3 use a vector triangle to represent coplanar forces in equilibrium,Physics,Cambridge Assessment International Education,Cambridge International AS & A Level,AS Level,Paper 2 AS Level Structured Questions,9702/2,75,60,46
"4 Forces, density and pressure",4.3 Density and pressure,1 define and use density,Physics,Cambridge Assessment International Education,Cambridge International AS & A Level,AS Level,Paper 1 Multiple Choice,9702/1,75,40,31
"4 Forces, density and pressure",4.3 Density and pressure,1 define and use density,Physics,Cambridge Assessment International Education,Cambridge International AS & A Level,AS Level,Paper 2 AS Level Structured Questions,9702/2,75,60,46
"4 Forces, density and pressure",4.3 Density and pressure,2 define and use pressure,Physics,Cambridge Assessment International Education,Cambridge International AS & A Level,AS Level,Paper 1 Multiple Choice,9702/1,75,40,31
"4 Forces, density and pressure",4.3 Density and pressure,2 define and use pressure,Physics,Cambridge Assessment International Education,Cambridge International AS & A Level,AS Level,Paper 2 AS Level Structured Questions,9702/2,75,60,46
"4 Forces, density and pressure",4.3 Density and pressure,"3 derive, from the definitions of pressure and density, the equation for hydrostatic pressure \(\Delta p = \rho g\Delta h\)",Physics,Cambridge Assessment International Education,Cambridge International AS & A Level,AS Level,Paper 1 Multiple Choice,9702/1,75,40,31
"4 Forces, density and pressure",4.3 Density and pressure,"3 derive, from the definitions of pressure and density, the equation for hydrostatic pressure \(\Delta p = \rho g\Delta h\)",Physics,Cambridge Assessment International Education,Cambridge International AS & A Level,AS Level,Paper 2 AS Level Structured Questions,9702/2,75,60,46
"4 Forces, density and pressure",4.3 Density and pressure,4 use the equation \(\Delta p = \rho g\Delta h\),Physics,Cambridge Assessment International Education,Cambridge International AS & A Level,AS Level,Paper 1 Multiple Choice,9702/1,75,40,31
"4 Forces, density and pressure",4.3 Density and pressure,4 use the equation \(\Delta p = \rho g\Delta h\),Physics,Cambridge Assessment International Education,Cambridge International AS & A Level,AS Level,Paper 2 AS Level Structured Questions,9702/2,75,60,46
"4 Forces, density and pressure",4.3 Density and pressure,5 understand that the upthrust acting on an object in a fluid is due to a difference in hydrostatic pressure,Physics,Cambridge Assessment International Education,Cambridge International AS & A Level,AS Level,Paper 1 Multiple Choice,9702/1,75,40,31
"4 Forces, density and pressure",4.3 Density and pressure,5 understand that the upthrust acting on an object in a fluid is due to a difference in hydrostatic pressure,Physics,Cambridge Assessment International Education,Cambridge International AS & A Level,AS Level,Paper 2 AS Level Structured Questions,9702/2,75,60,46
"4 Forces, density and pressure",4.3 Density and pressure,6 calculate the upthrust acting on an object in a fluid using the equation \(F = \rho gV\) (Archimedes' principle),Physics,Cambridge Assessment International Education,Cambridge International AS & A Level,AS Level,Paper 1 Multiple Choice,9702/1,75,40,31
"4 Forces, density and pressure",4.3 Density and pressure,6 calculate the upthrust acting on an object in a fluid using the equation \(F = \rho gV\) (Archimedes' principle),Physics,Cambridge Assessment International Education,Cambridge International AS & A Level,AS Level,Paper 2 AS Level Structured Questions,9702/2,75,60,46
"5 Work, energy and power",5.1 Energy conservation,"1 understand the concept of work, and recall and use work done \(=\) force \(\times\) displacement in the direction of the force",Physics,Cambridge Assessment International Education,Cambridge International AS & A Level,AS Level,Paper 1 Multiple Choice,9702/1,75,40,31
"5 Work, energy and power",5.1 Energy conservation,"1 understand the concept of work, and recall and use work done \(=\) force \(\times\) displacement in the direction of the force",Physics,Cambridge Assessment International Education,Cambridge International AS & A Level,AS Level,Paper 2 AS Level Structured Questions,9702/2,75,60,46
"5 Work, energy and power",5.1 Energy conservation,2 recall and apply the principle of conservation of energy,Physics,Cambridge Assessment International Education,Cambridge International AS & A Level,AS Level,Paper 1 Multiple Choice,9702/1,75,40,31
"5 Work, energy and power",5.1 Energy conservation,2 recall and apply the principle of conservation of energy,Physics,Cambridge Assessment International Education,Cambridge International AS & A Level,AS Level,Paper 2 AS Level Structured Questions,9702/2,75,60,46
"5 Work, energy and power",5.1 Energy conservation,3 recall and understand that the efficiency of a system is the ratio of useful energy output from the system to the total energy input,Physics,Cambridge Assessment International Education,Cambridge International AS & A Level,AS Level,Paper 1 Multiple Choice,9702/1,75,40,31
"5 Work, energy and power",5.1 Energy conservation,3 recall and understand that the efficiency of a system is the ratio of useful energy output from the system to the total energy input,Physics,Cambridge Assessment International Education,Cambridge International AS & A Level,AS Level,Paper 2 AS Level Structured Questions,9702/2,75,60,46
"5 Work, energy and power",5.1 Energy conservation,4 use the concept of efficiency to solve problems,Physics,Cambridge Assessment International Education,Cambridge International AS & A Level,AS Level,Paper 1 Multiple Choice,9702/1,75,40,31
"5 Work, energy and power",5.1 Energy conservation,4 use the concept of efficiency to solve problems,Physics,Cambridge Assessment International Education,Cambridge International AS & A Level,AS Level,Paper 2 AS Level Structured Questions,9702/2,75,60,46
"5 Work, energy and power",5.1 Energy conservation,5 define power as work done per unit time,Physics,Cambridge Assessment International Education,Cambridge International AS & A Level,AS Level,Paper 1 Multiple Choice,9702/1,75,40,31
"5 Work, energy and power",5.1 Energy conservation,5 define power as work done per unit time,Physics,Cambridge Assessment International Education,Cambridge International AS & A Level,AS Level,Paper 2 AS Level Structured Questions,9702/2,75,60,46
"5 Work, energy and power",5.1 Energy conservation,6 solve problems using \(P = W / t\),Physics,Cambridge Assessment International Education,Cambridge International AS & A Level,AS Level,Paper 1 Multiple Choice,9702/1,75,40,31
"5 Work, energy and power",5.1 Energy conservation,6 solve problems using \(P = W / t\),Physics,Cambridge Assessment International Education,Cambridge International AS & A Level,AS Level,Paper 2 AS Level Structured Questions,9702/2,75,60,46
"5 Work, energy and power",5.1 Energy conservation,7 derive \(P = F\nu\) and use it to solve problems,Physics,Cambridge Assessment International Education,Cambridge International AS & A Level,AS Level,Paper 1 Multiple Choice,9702/1,75,40,31
"5 Work, energy and power",5.1 Energy conservation,7 derive \(P = F\nu\) and use it to solve problems,Physics,Cambridge Assessment International Education,Cambridge International AS & A Level,AS Level,Paper 2 AS Level Structured Questions,9702/2,75,60,46
"5 Work, energy and power",5.2 Gravitational potential energy and kinetic energy,"1 derive, using \(W = Fs\) , the formula \(\Delta E_{\mathrm{p}} = mg\Delta h\) for gravitational potential energy changes in a uniform gravitational field",Physics,Cambridge Assessment International Education,Cambridge International AS & A Level,AS Level,Paper 1 Multiple Choice,9702/1,75,40,31
"5 Work, energy and power",5.2 Gravitational potential energy and kinetic energy,"1 derive, using \(W = Fs\) , the formula \(\Delta E_{\mathrm{p}} = mg\Delta h\) for gravitational potential energy changes in a uniform gravitational field",Physics,Cambridge Assessment International Education,Cambridge International AS & A Level,AS Level,Paper 2 AS Level Structured Questions,9702/2,75,60,46
"5 Work, energy and power",5.2 Gravitational potential energy and kinetic energy,2 recall and use the formula \(\Delta E_{\mathrm{p}} = mg\Delta h\) for gravitational potential energy changes in a uniform gravitational field,Physics,Cambridge Assessment International Education,Cambridge International AS & A Level,AS Level,Paper 1 Multiple Choice,9702/1,75,40,31
"5 Work, energy and power",5.2 Gravitational potential energy and kinetic energy,2 recall and use the formula \(\Delta E_{\mathrm{p}} = mg\Delta h\) for gravitational potential energy changes in a uniform gravitational field,Physics,Cambridge Assessment International Education,Cambridge International AS & A Level,AS Level,Paper 2 AS Level Structured Questions,9702/2,75,60,46
"5 Work, energy and power",5.2 Gravitational potential energy and kinetic energy,"3 derive, using the equations of motion, the formula for kinetic energy \(E_{\mathrm{k}} = \frac{1}{2} mv^{2}\)",Physics,Cambridge Assessment International Education,Cambridge International AS & A Level,AS Level,Paper 1 Multiple Choice,9702/1,75,40,31
"5 Work, energy and power",5.2 Gravitational potential energy and kinetic energy,"3 derive, using the equations of motion, the formula for kinetic energy \(E_{\mathrm{k}} = \frac{1}{2} mv^{2}\)",Physics,Cambridge Assessment International Education,Cambridge International AS & A Level,AS Level,Paper 2 AS Level Structured Questions,9702/2,75,60,46
"5 Work, energy and power",5.2 Gravitational potential energy and kinetic energy,4 recall and use \(E_{\mathrm{k}} = \frac{1}{2} mv^{2}\),Physics,Cambridge Assessment International Education,Cambridge International AS & A Level,AS Level,Paper 1 Multiple Choice,9702/1,75,40,31
"5 Work, energy and power",5.2 Gravitational potential energy and kinetic energy,4 recall and use \(E_{\mathrm{k}} = \frac{1}{2} mv^{2}\),Physics,Cambridge Assessment International Education,Cambridge International AS & A Level,AS Level,Paper 2 AS Level Structured Questions,9702/2,75,60,46
6 Deformation of solids,6.1 Stress and strain,1 understand that deformation is caused by tensile or compressive forces (forces and deformations will be assumed to be in one dimension only),Physics,Cambridge Assessment International Education,Cambridge International AS & A Level,AS Level,Paper 1 Multiple Choice,9702/1,75,40,31
6 Deformation of solids,6.1 Stress and strain,1 understand that deformation is caused by tensile or compressive forces (forces and deformations will be assumed to be in one dimension only),Physics,Cambridge Assessment International Education,Cambridge International AS & A Level,AS Level,Paper 2 AS Level Structured Questions,9702/2,75,60,46
6 Deformation of solids,6.1 Stress and strain,"2 understand and use the terms load, extension, compression and limit of proportionality",Physics,Cambridge Assessment International Education,Cambridge International AS & A Level,AS Level,Paper 1 Multiple Choice,9702/1,75,40,31
6 Deformation of solids,6.1 Stress and strain,"2 understand and use the terms load, extension, compression and limit of proportionality",Physics,Cambridge Assessment International Education,Cambridge International AS & A Level,AS Level,Paper 2 AS Level Structured Questions,9702/2,75,60,46
6 Deformation of solids,6.1 Stress and strain,3 recall and use Hooke's law,Physics,Cambridge Assessment International Education,Cambridge International AS & A Level,AS Level,Paper 1 Multiple Choice,9702/1,75,40,31
6 Deformation of solids,6.1 Stress and strain,3 recall and use Hooke's law,Physics,Cambridge Assessment International Education,Cambridge International AS & A Level,AS Level,Paper 2 AS Level Structured Questions,9702/2,75,60,46
6 Deformation of solids,6.1 Stress and strain,4 recall and use the formula for the spring constant \(k = F / x\),Physics,Cambridge Assessment International Education,Cambridge International AS & A Level,AS Level,Paper 1 Multiple Choice,9702/1,75,40,31
6 Deformation of solids,6.1 Stress and strain,4 recall and use the formula for the spring constant \(k = F / x\),Physics,Cambridge Assessment International Education,Cambridge International AS & A Level,AS Level,Paper 2 AS Level Structured Questions,9702/2,75,60,46
6 Deformation of solids,6.1 Stress and strain,"5 define and use the terms stress, strain and the Young modulus",Physics,Cambridge Assessment International Education,Cambridge International AS & A Level,AS Level,Paper 1 Multiple Choice,9702/1,75,40,31
6 Deformation of solids,6.1 Stress and strain,"5 define and use the terms stress, strain and the Young modulus",Physics,Cambridge Assessment International Education,Cambridge International AS & A Level,AS Level,Paper 2 AS Level Structured Questions,9702/2,75,60,46
6 Deformation of solids,6.1 Stress and strain,6 describe an experiment to determine the Young modulus of a metal in the form of a wire,Physics,Cambridge Assessment International Education,Cambridge International AS & A Level,AS Level,Paper 1 Multiple Choice,9702/1,75,40,31
6 Deformation of solids,6.1 Stress and strain,6 describe an experiment to determine the Young modulus of a metal in the form of a wire,Physics,Cambridge Assessment International Education,Cambridge International AS & A Level,AS Level,Paper 2 AS Level Structured Questions,9702/2,75,60,46
6 Deformation of solids,6.2 Elastic and plastic behaviour,"1 understand and use the terms elastic deformation, plastic deformation and elastic limit",Physics,Cambridge Assessment International Education,Cambridge International AS & A Level,AS Level,Paper 1 Multiple Choice,9702/1,75,40,31
6 Deformation of solids,6.2 Elastic and plastic behaviour,"1 understand and use the terms elastic deformation, plastic deformation and elastic limit",Physics,Cambridge Assessment International Education,Cambridge International AS & A Level,AS Level,Paper 2 AS Level Structured Questions,9702/2,75,60,46
6 Deformation of solids,6.2 Elastic and plastic behaviour,2 understand that the area under the force-extension graph represents the work done,Physics,Cambridge Assessment International Education,Cambridge International AS & A Level,AS Level,Paper 1 Multiple Choice,9702/1,75,40,31
6 Deformation of solids,6.2 Elastic and plastic behaviour,2 understand that the area under the force-extension graph represents the work done,Physics,Cambridge Assessment International Education,Cambridge International AS & A Level,AS Level,Paper 2 AS Level Structured Questions,9702/2,75,60,46
6 Deformation of solids,6.2 Elastic and plastic behaviour,3 determine the elastic potential energy of a material deformed within its limit of proportionality from the area under the force-extension graph,Physics,Cambridge Assessment International Education,Cambridge International AS & A Level,AS Level,Paper 1 Multiple Choice,9702/1,75,40,31
6 Deformation of solids,6.2 Elastic and plastic behaviour,3 determine the elastic potential energy of a material deformed within its limit of proportionality from the area under the force-extension graph,Physics,Cambridge Assessment International Education,Cambridge International AS & A Level,AS Level,Paper 2 AS Level Structured Questions,9702/2,75,60,46
6 Deformation of solids,6.2 Elastic and plastic behaviour,4 recall and use \(E_{\mathrm{p}} = \frac{1}{2} Fx = \frac{1}{2} kx^2\) for a material deformed within its limit of proportionality,Physics,Cambridge Assessment International Education,Cambridge International AS & A Level,AS Level,Paper 1 Multiple Choice,9702/1,75,40,31
6 Deformation of solids,6.2 Elastic and plastic behaviour,4 recall and use \(E_{\mathrm{p}} = \frac{1}{2} Fx = \frac{1}{2} kx^2\) for a material deformed within its limit of proportionality,Physics,Cambridge Assessment International Education,Cambridge International AS & A Level,AS Level,Paper 2 AS Level Structured Questions,9702/2,75,60,46
7 Waves,7.1 Progressive waves,"1 describe what is meant by wave motion as illustrated by vibration in ropes, springs and ripple tanks",Physics,Cambridge Assessment International Education,Cambridge International AS & A Level,AS Level,Paper 1 Multiple Choice,9702/1,75,40,31
7 Waves,7.1 Progressive waves,"1 describe what is meant by wave motion as illustrated by vibration in ropes, springs and ripple tanks",Physics,Cambridge Assessment International Education,Cambridge International AS & A Level,AS Level,Paper 2 AS Level Structured Questions,9702/2,75,60,46
7 Waves,7.1 Progressive waves,"2 understand and use the terms displacement, amplitude, phase difference, period, frequency, wavelength and speed",Physics,Cambridge Assessment International Education,Cambridge International AS & A Level,AS Level,Paper 1 Multiple Choice,9702/1,75,40,31
7 Waves,7.1 Progressive waves,"2 understand and use the terms displacement, amplitude, phase difference, period, frequency, wavelength and speed",Physics,Cambridge Assessment International Education,Cambridge International AS & A Level,AS Level,Paper 2 AS Level Structured Questions,9702/2,75,60,46
7 Waves,7.1 Progressive waves,3 understand the use of the time-base and y-gain of a cathode-ray oscilloscope (CRO) to determine frequency and amplitude,Physics,Cambridge Assessment International Education,Cambridge International AS & A Level,AS Level,Paper 1 Multiple Choice,9702/1,75,40,31
7 Waves,7.1 Progressive waves,3 understand the use of the time-base and y-gain of a cathode-ray oscilloscope (CRO) to determine frequency and amplitude,Physics,Cambridge Assessment International Education,Cambridge International AS & A Level,AS Level,Paper 2 AS Level Structured Questions,9702/2,75,60,46
7 Waves,7.1 Progressive waves,"4 derive, using the definitions of speed, frequency and wavelength, the wave equation \(v = f\lambda\)",Physics,Cambridge Assessment International Education,Cambridge International AS & A Level,AS Level,Paper 1 Multiple Choice,9702/1,75,40,31
7 Waves,7.1 Progressive waves,"4 derive, using the definitions of speed, frequency and wavelength, the wave equation \(v = f\lambda\)",Physics,Cambridge Assessment International Education,Cambridge International AS & A Level,AS Level,Paper 2 AS Level Structured Questions,9702/2,75,60,46
7 Waves,7.1 Progressive waves,5 recall and use \(v = f\lambda\),Physics,Cambridge Assessment International Education,Cambridge International AS & A Level,AS Level,Paper 1 Multiple Choice,9702/1,75,40,31
7 Waves,7.1 Progressive waves,5 recall and use \(v = f\lambda\),Physics,Cambridge Assessment International Education,Cambridge International AS & A Level,AS Level,Paper 2 AS Level Structured Questions,9702/2,75,60,46
7 Waves,7.1 Progressive waves,6 understand that energy is transferred by a progressive wave,Physics,Cambridge Assessment International Education,Cambridge International AS & A Level,AS Level,Paper 1 Multiple Choice,9702/1,75,40,31
7 Waves,7.1 Progressive waves,6 understand that energy is transferred by a progressive wave,Physics,Cambridge Assessment International Education,Cambridge International AS & A Level,AS Level,Paper 2 AS Level Structured Questions,9702/2,75,60,46
7 Waves,7.1 Progressive waves,7 recall and use intensity \(=\) power/area and intensity \(\propto\) (amplitude) for a progressive wave,Physics,Cambridge Assessment International Education,Cambridge International AS & A Level,AS Level,Paper 1 Multiple Choice,9702/1,75,40,31
7 Waves,7.1 Progressive waves,7 recall and use intensity \(=\) power/area and intensity \(\propto\) (amplitude) for a progressive wave,Physics,Cambridge Assessment International Education,Cambridge International AS & A Level,AS Level,Paper 2 AS Level Structured Questions,9702/2,75,60,46
7 Waves,7.2 Transverse and longitudinal waves,1 compare transverse and longitudinal waves,Physics,Cambridge Assessment International Education,Cambridge International AS & A Level,AS Level,Paper 1 Multiple Choice,9702/1,75,40,31
7 Waves,7.2 Transverse and longitudinal waves,1 compare transverse and longitudinal waves,Physics,Cambridge Assessment International Education,Cambridge International AS & A Level,AS Level,Paper 2 AS Level Structured Questions,9702/2,75,60,46
7 Waves,7.2 Transverse and longitudinal waves,2 analyse and interpret graphical representations of transverse and longitudinal waves,Physics,Cambridge Assessment International Education,Cambridge International AS & A Level,AS Level,Paper 1 Multiple Choice,9702/1,75,40,31
7 Waves,7.2 Transverse and longitudinal waves,2 analyse and interpret graphical representations of transverse and longitudinal waves,Physics,Cambridge Assessment International Education,Cambridge International AS & A Level,AS Level,Paper 2 AS Level Structured Questions,9702/2,75,60,46
7 Waves,7.3 Doppler effect for sound waves,"1 understand that when a source of sound waves moves relative to a stationary observer, the observed frequency is different from the source frequency (understanding of the Doppler effect for a stationary source and a moving observer is not required)",Physics,Cambridge Assessment International Education,Cambridge International AS & A Level,AS Level,Paper 1 Multiple Choice,9702/1,75,40,31
7 Waves,7.3 Doppler effect for sound waves,"1 understand that when a source of sound waves moves relative to a stationary observer, the observed frequency is different from the source frequency (understanding of the Doppler effect for a stationary source and a moving observer is not required)",Physics,Cambridge Assessment International Education,Cambridge International AS & A Level,AS Level,Paper 2 AS Level Structured Questions,9702/2,75,60,46
7 Waves,7.3 Doppler effect for sound waves,2 use the expression \(f_{0} = f_{s} \nu / (\nu \pm \nu_{s})\) for the observed frequency when a source of sound waves moves relative to a stationary observer,Physics,Cambridge Assessment International Education,Cambridge International AS & A Level,AS Level,Paper 1 Multiple Choice,9702/1,75,40,31
7 Waves,7.3 Doppler effect for sound waves,2 use the expression \(f_{0} = f_{s} \nu / (\nu \pm \nu_{s})\) for the observed frequency when a source of sound waves moves relative to a stationary observer,Physics,Cambridge Assessment International Education,Cambridge International AS & A Level,AS Level,Paper 2 AS Level Structured Questions,9702/2,75,60,46
7 Waves,7.4 Electromagnetic spectrum,1 state that all electromagnetic waves are transverse waves that travel with the same speed \(c\) in free space,Physics,Cambridge Assessment International Education,Cambridge International AS & A Level,AS Level,Paper 1 Multiple Choice,9702/1,75,40,31
7 Waves,7.4 Electromagnetic spectrum,1 state that all electromagnetic waves are transverse waves that travel with the same speed \(c\) in free space,Physics,Cambridge Assessment International Education,Cambridge International AS & A Level,AS Level,Paper 2 AS Level Structured Questions,9702/2,75,60,46
7 Waves,7.4 Electromagnetic spectrum,2 recall the approximate range of wavelengths in free space of the principal regions of the electromagnetic spectrum from radio waves to \(\gamma\)-rays,Physics,Cambridge Assessment International Education,Cambridge International AS & A Level,AS Level,Paper 1 Multiple Choice,9702/1,75,40,31
7 Waves,7.4 Electromagnetic spectrum,2 recall the approximate range of wavelengths in free space of the principal regions of the electromagnetic spectrum from radio waves to \(\gamma\)-rays,Physics,Cambridge Assessment International Education,Cambridge International AS & A Level,AS Level,Paper 2 AS Level Structured Questions,9702/2,75,60,46
7 Waves,7.4 Electromagnetic spectrum,3 recall that wavelengths in the range 400-700nm in free space are visible to the human eye,Physics,Cambridge Assessment International Education,Cambridge International AS & A Level,AS Level,Paper 1 Multiple Choice,9702/1,75,40,31
7 Waves,7.4 Electromagnetic spectrum,3 recall that wavelengths in the range 400-700nm in free space are visible to the human eye,Physics,Cambridge Assessment International Education,Cambridge International AS & A Level,AS Level,Paper 2 AS Level Structured Questions,9702/2,75,60,46
7 Waves,7.5 Polarisation,1 understand that polarisation is a phenomenon associated with transverse waves,Physics,Cambridge Assessment International Education,Cambridge International AS & A Level,AS Level,Paper 1 Multiple Choice,9702/1,75,40,31
7 Waves,7.5 Polarisation,1 understand that polarisation is a phenomenon associated with transverse waves,Physics,Cambridge Assessment International Education,Cambridge International AS & A Level,AS Level,Paper 2 AS Level Structured Questions,9702/2,75,60,46
7 Waves,7.5 Polarisation,2 recall and use Malus's law \(I = I_{0} \cos^{2} \theta\) to calculate the intensity of a plane-polarised electromagnetic wave after transmission through a polarising filter or a series of polarising filters (calculation of the effect of a polarising filter on the intensity of an unpolarised wave is not required),Physics,Cambridge Assessment International Education,Cambridge International AS & A Level,AS Level,Paper 1 Multiple Choice,9702/1,75,40,31
7 Waves,7.5 Polarisation,2 recall and use Malus's law \(I = I_{0} \cos^{2} \theta\) to calculate the intensity of a plane-polarised electromagnetic wave after transmission through a polarising filter or a series of polarising filters (calculation of the effect of a polarising filter on the intensity of an unpolarised wave is not required),Physics,Cambridge Assessment International Education,Cambridge International AS & A Level,AS Level,Paper 2 AS Level Structured Questions,9702/2,75,60,46
8 Superposition,8.1 Stationary waves,1 explain and use the principle of superposition,Physics,Cambridge Assessment International Education,Cambridge International AS & A Level,AS Level,Paper 1 Multiple Choice,9702/1,75,40,31
8 Superposition,8.1 Stationary waves,1 explain and use the principle of superposition,Physics,Cambridge Assessment International Education,Cambridge International AS & A Level,AS Level,Paper 2 AS Level Structured Questions,9702/2,75,60,46
8 Superposition,8.1 Stationary waves,"2 show an understanding of experiments that demonstrate stationary waves using microwaves, stretched strings and air columns (it will be assumed that end corrections are negligible; knowledge of the concept of end corrections is not required)",Physics,Cambridge Assessment International Education,Cambridge International AS & A Level,AS Level,Paper 1 Multiple Choice,9702/1,75,40,31
8 Superposition,8.1 Stationary waves,"2 show an understanding of experiments that demonstrate stationary waves using microwaves, stretched strings and air columns (it will be assumed that end corrections are negligible; knowledge of the concept of end corrections is not required)",Physics,Cambridge Assessment International Education,Cambridge International AS & A Level,AS Level,Paper 2 AS Level Structured Questions,9702/2,75,60,46
8 Superposition,8.1 Stationary waves,"3 explain the formation of a stationary wave using a graphical method, and identify nodes and antinodes",Physics,Cambridge Assessment International Education,Cambridge International AS & A Level,AS Level,Paper 1 Multiple Choice,9702/1,75,40,31
8 Superposition,8.1 Stationary waves,"3 explain the formation of a stationary wave using a graphical method, and identify nodes and antinodes",Physics,Cambridge Assessment International Education,Cambridge International AS & A Level,AS Level,Paper 2 AS Level Structured Questions,9702/2,75,60,46
8 Superposition,8.1 Stationary waves,4 understand how wavelength may be determined from the positions of nodes or antinodes of a stationary wave,Physics,Cambridge Assessment International Education,Cambridge International AS & A Level,AS Level,Paper 1 Multiple Choice,9702/1,75,40,31
8 Superposition,8.1 Stationary waves,4 understand how wavelength may be determined from the positions of nodes or antinodes of a stationary wave,Physics,Cambridge Assessment International Education,Cambridge International AS & A Level,AS Level,Paper 2 AS Level Structured Questions,9702/2,75,60,46
8 Superposition,8.2 Diffraction,1 explain the meaning of the term diffraction,Physics,Cambridge Assessment International Education,Cambridge International AS & A Level,AS Level,Paper 1 Multiple Choice,9702/1,75,40,31
8 Superposition,8.2 Diffraction,1 explain the meaning of the term diffraction,Physics,Cambridge Assessment International Education,Cambridge International AS & A Level,AS Level,Paper 2 AS Level Structured Questions,9702/2,75,60,46
8 Superposition,8.2 Diffraction,2 show an understanding of experiments that demonstrate diffraction including the qualitative effect of the gap width relative to the wavelength of the wave; for example diffraction of water waves in a ripple tank,Physics,Cambridge Assessment International Education,Cambridge International AS & A Level,AS Level,Paper 1 Multiple Choice,9702/1,75,40,31
8 Superposition,8.2 Diffraction,2 show an understanding of experiments that demonstrate diffraction including the qualitative effect of the gap width relative to the wavelength of the wave; for example diffraction of water waves in a ripple tank,Physics,Cambridge Assessment International Education,Cambridge International AS & A Level,AS Level,Paper 2 AS Level Structured Questions,9702/2,75,60,46
8 Superposition,8.3 Interference,1 understand the terms interference and coherence,Physics,Cambridge Assessment International Education,Cambridge International AS & A Level,AS Level,Paper 1 Multiple Choice,9702/1,75,40,31
8 Superposition,8.3 Interference,1 understand the terms interference and coherence,Physics,Cambridge Assessment International Education,Cambridge International AS & A Level,AS Level,Paper 2 AS Level Structured Questions,9702/2,75,60,46
8 Superposition,8.3 Interference,"2 show an understanding of experiments that demonstrate two-source interference using water waves in a ripple tank, sound, light and microwaves",Physics,Cambridge Assessment International Education,Cambridge International AS & A Level,AS Level,Paper 1 Multiple Choice,9702/1,75,40,31
8 Superposition,8.3 Interference,"2 show an understanding of experiments that demonstrate two-source interference using water waves in a ripple tank, sound, light and microwaves",Physics,Cambridge Assessment International Education,Cambridge International AS & A Level,AS Level,Paper 2 AS Level Structured Questions,9702/2,75,60,46
8 Superposition,8.3 Interference,3 understand the conditions required if two-source interference fringes are to be observed,Physics,Cambridge Assessment International Education,Cambridge International AS & A Level,AS Level,Paper 1 Multiple Choice,9702/1,75,40,31
8 Superposition,8.3 Interference,3 understand the conditions required if two-source interference fringes are to be observed,Physics,Cambridge Assessment International Education,Cambridge International AS & A Level,AS Level,Paper 2 AS Level Structured Questions,9702/2,75,60,46
8 Superposition,8.3 Interference,4 recall and use \(\lambda = ax / D\) for double-slit interference using light,Physics,Cambridge Assessment International Education,Cambridge International AS & A Level,AS Level,Paper 1 Multiple Choice,9702/1,75,40,31
8 Superposition,8.3 Interference,4 recall and use \(\lambda = ax / D\) for double-slit interference using light,Physics,Cambridge Assessment International Education,Cambridge International AS & A Level,AS Level,Paper 2 AS Level Structured Questions,9702/2,75,60,46
8 Superposition,8.4 The diffraction grating,1 recall and use \(d\) sin \(\theta = n\lambda\),Physics,Cambridge Assessment International Education,Cambridge International AS & A Level,AS Level,Paper 1 Multiple Choice,9702/1,75,40,31
8 Superposition,8.4 The diffraction grating,1 recall and use \(d\) sin \(\theta = n\lambda\),Physics,Cambridge Assessment International Education,Cambridge International AS & A Level,AS Level,Paper 2 AS Level Structured Questions,9702/2,75,60,46
8 Superposition,8.4 The diffraction grating,2 describe the use of a diffraction grating to determine the wavelength of light (the structure and use of the spectrometer are not included),Physics,Cambridge Assessment International Education,Cambridge International AS & A Level,AS Level,Paper 1 Multiple Choice,9702/1,75,40,31
8 Superposition,8.4 The diffraction grating,2 describe the use of a diffraction grating to determine the wavelength of light (the structure and use of the spectrometer are not included),Physics,Cambridge Assessment International Education,Cambridge International AS & A Level,AS Level,Paper 2 AS Level Structured Questions,9702/2,75,60,46
9 Electricity,9.1 Electric current,1 understand that an electric current is a flow of charge carriers,Physics,Cambridge Assessment International Education,Cambridge International AS & A Level,AS Level,Paper 1 Multiple Choice,9702/1,75,40,31
9 Electricity,9.1 Electric current,1 understand that an electric current is a flow of charge carriers,Physics,Cambridge Assessment International Education,Cambridge International AS & A Level,AS Level,Paper 2 AS Level Structured Questions,9702/2,75,60,46
9 Electricity,9.1 Electric current,2 understand that the charge on charge carriers is quantised,Physics,Cambridge Assessment International Education,Cambridge International AS & A Level,AS Level,Paper 1 Multiple Choice,9702/1,75,40,31
9 Electricity,9.1 Electric current,2 understand that the charge on charge carriers is quantised,Physics,Cambridge Assessment International Education,Cambridge International AS & A Level,AS Level,Paper 2 AS Level Structured Questions,9702/2,75,60,46
9 Electricity,9.1 Electric current,3 recall and use \(Q = It\),Physics,Cambridge Assessment International Education,Cambridge International AS & A Level,AS Level,Paper 1 Multiple Choice,9702/1,75,40,31
9 Electricity,9.1 Electric current,3 recall and use \(Q = It\),Physics,Cambridge Assessment International Education,Cambridge International AS & A Level,AS Level,Paper 2 AS Level Structured Questions,9702/2,75,60,46
9 Electricity,9.1 Electric current,"4 use, for a current-carrying conductor, the expression \(I = Anvq\) , where \(n\) is the number density of charge carriers",Physics,Cambridge Assessment International Education,Cambridge International AS & A Level,AS Level,Paper 1 Multiple Choice,9702/1,75,40,31
9 Electricity,9.1 Electric current,"4 use, for a current-carrying conductor, the expression \(I = Anvq\) , where \(n\) is the number density of charge carriers",Physics,Cambridge Assessment International Education,Cambridge International AS & A Level,AS Level,Paper 2 AS Level Structured Questions,9702/2,75,60,46
9 Electricity,9.2 Potential difference and power,1 define the potential difference across a component as the energy transferred per unit charge,Physics,Cambridge Assessment International Education,Cambridge International AS & A Level,AS Level,Paper 1 Multiple Choice,9702/1,75,40,31
9 Electricity,9.2 Potential difference and power,1 define the potential difference across a component as the energy transferred per unit charge,Physics,Cambridge Assessment International Education,Cambridge International AS & A Level,AS Level,Paper 2 AS Level Structured Questions,9702/2,75,60,46
9 Electricity,9.2 Potential difference and power,2 recall and use \(V = W / Q\),Physics,Cambridge Assessment International Education,Cambridge International AS & A Level,AS Level,Paper 1 Multiple Choice,9702/1,75,40,31
9 Electricity,9.2 Potential difference and power,2 recall and use \(V = W / Q\),Physics,Cambridge Assessment International Education,Cambridge International AS & A Level,AS Level,Paper 2 AS Level Structured Questions,9702/2,75,60,46
9 Electricity,9.2 Potential difference and power,"3 recall and use \(P = VI\) , \(P = I^2 R\) and \(P = V^2 /R\)",Physics,Cambridge Assessment International Education,Cambridge International AS & A Level,AS Level,Paper 1 Multiple Choice,9702/1,75,40,31
9 Electricity,9.2 Potential difference and power,"3 recall and use \(P = VI\) , \(P = I^2 R\) and \(P = V^2 /R\)",Physics,Cambridge Assessment International Education,Cambridge International AS & A Level,AS Level,Paper 2 AS Level Structured Questions,9702/2,75,60,46
9 Electricity,9.3 Resistance and resistivity,1 define resistance,Physics,Cambridge Assessment International Education,Cambridge International AS & A Level,AS Level,Paper 1 Multiple Choice,9702/1,75,40,31
9 Electricity,9.3 Resistance and resistivity,1 define resistance,Physics,Cambridge Assessment International Education,Cambridge International AS & A Level,AS Level,Paper 2 AS Level Structured Questions,9702/2,75,60,46
9 Electricity,9.3 Resistance and resistivity,2 recall and use \(V = IR\),Physics,Cambridge Assessment International Education,Cambridge International AS & A Level,AS Level,Paper 1 Multiple Choice,9702/1,75,40,31
9 Electricity,9.3 Resistance and resistivity,2 recall and use \(V = IR\),Physics,Cambridge Assessment International Education,Cambridge International AS & A Level,AS Level,Paper 2 AS Level Structured Questions,9702/2,75,60,46
9 Electricity,9.3 Resistance and resistivity,"3 sketch the \(I - V\) characteristics of a metallic conductor at constant temperature, a semiconductor diode and a filament lamp",Physics,Cambridge Assessment International Education,Cambridge International AS & A Level,AS Level,Paper 1 Multiple Choice,9702/1,75,40,31
9 Electricity,9.3 Resistance and resistivity,"3 sketch the \(I - V\) characteristics of a metallic conductor at constant temperature, a semiconductor diode and a filament lamp",Physics,Cambridge Assessment International Education,Cambridge International AS & A Level,AS Level,Paper 2 AS Level Structured Questions,9702/2,75,60,46
9 Electricity,9.3 Resistance and resistivity,4 explain that the resistance of a filament lamp increases as current increases because its temperature increases,Physics,Cambridge Assessment International Education,Cambridge International AS & A Level,AS Level,Paper 1 Multiple Choice,9702/1,75,40,31
9 Electricity,9.3 Resistance and resistivity,4 explain that the resistance of a filament lamp increases as current increases because its temperature increases,Physics,Cambridge Assessment International Education,Cambridge International AS & A Level,AS Level,Paper 2 AS Level Structured Questions,9702/2,75,60,46
9 Electricity,9.3 Resistance and resistivity,5 state Ohm's law,Physics,Cambridge Assessment International Education,Cambridge International AS & A Level,AS Level,Paper 1 Multiple Choice,9702/1,75,40,31
9 Electricity,9.3 Resistance and resistivity,5 state Ohm's law,Physics,Cambridge Assessment International Education,Cambridge International AS & A Level,AS Level,Paper 2 AS Level Structured Questions,9702/2,75,60,46
9 Electricity,9.3 Resistance and resistivity,6 recall and use \(R = \rho L / A\),Physics,Cambridge Assessment International Education,Cambridge International AS & A Level,AS Level,Paper 1 Multiple Choice,9702/1,75,40,31
9 Electricity,9.3 Resistance and resistivity,6 recall and use \(R = \rho L / A\),Physics,Cambridge Assessment International Education,Cambridge International AS & A Level,AS Level,Paper 2 AS Level Structured Questions,9702/2,75,60,46
9 Electricity,9.3 Resistance and resistivity,7 understand that the resistance of a light-dependent resistor (LDR) decreases as the light intensity increases,Physics,Cambridge Assessment International Education,Cambridge International AS & A Level,AS Level,Paper 1 Multiple Choice,9702/1,75,40,31
9 Electricity,9.3 Resistance and resistivity,7 understand that the resistance of a light-dependent resistor (LDR) decreases as the light intensity increases,Physics,Cambridge Assessment International Education,Cambridge International AS & A Level,AS Level,Paper 2 AS Level Structured Questions,9702/2,75,60,46
9 Electricity,9.3 Resistance and resistivity,8 understand that the resistance of a thermistor decreases as the temperature increases (it will be assumed that thermistors have a negative temperature coefficient),Physics,Cambridge Assessment International Education,Cambridge International AS & A Level,AS Level,Paper 1 Multiple Choice,9702/1,75,40,31
9 Electricity,9.3 Resistance and resistivity,8 understand that the resistance of a thermistor decreases as the temperature increases (it will be assumed that thermistors have a negative temperature coefficient),Physics,Cambridge Assessment International Education,Cambridge International AS & A Level,AS Level,Paper 2 AS Level Structured Questions,9702/2,75,60,46
10 D.C. circuits,10.1 Practical circuits,1 recall and use the circuit symbols shown in section 6 of this syllabus,Physics,Cambridge Assessment International Education,Cambridge International AS & A Level,AS Level,Paper 1 Multiple Choice,9702/1,75,40,31
10 D.C. circuits,10.1 Practical circuits,1 recall and use the circuit symbols shown in section 6 of this syllabus,Physics,Cambridge Assessment International Education,Cambridge International AS & A Level,AS Level,Paper 2 AS Level Structured Questions,9702/2,75,60,46
10 D.C. circuits,10.1 Practical circuits,2 draw and interpret circuit diagrams containing the circuit symbols shown in section 6 of this syllabus,Physics,Cambridge Assessment International Education,Cambridge International AS & A Level,AS Level,Paper 1 Multiple Choice,9702/1,75,40,31
10 D.C. circuits,10.1 Practical circuits,2 draw and interpret circuit diagrams containing the circuit symbols shown in section 6 of this syllabus,Physics,Cambridge Assessment International Education,Cambridge International AS & A Level,AS Level,Paper 2 AS Level Structured Questions,9702/2,75,60,46
10 D.C. circuits,10.1 Practical circuits,3 define and use the electromotive force (e.m.f.) of a source as energy transferred per unit charge in driving charge around a complete circuit,Physics,Cambridge Assessment International Education,Cambridge International AS & A Level,AS Level,Paper 1 Multiple Choice,9702/1,75,40,31
10 D.C. circuits,10.1 Practical circuits,3 define and use the electromotive force (e.m.f.) of a source as energy transferred per unit charge in driving charge around a complete circuit,Physics,Cambridge Assessment International Education,Cambridge International AS & A Level,AS Level,Paper 2 AS Level Structured Questions,9702/2,75,60,46
10 D.C. circuits,10.1 Practical circuits,4 distinguish between e.m.f. and potential difference (p.d.) in terms of energy considerations,Physics,Cambridge Assessment International Education,Cambridge International AS & A Level,AS Level,Paper 1 Multiple Choice,9702/1,75,40,31
10 D.C. circuits,10.1 Practical circuits,4 distinguish between e.m.f. and potential difference (p.d.) in terms of energy considerations,Physics,Cambridge Assessment International Education,Cambridge International AS & A Level,AS Level,Paper 2 AS Level Structured Questions,9702/2,75,60,46
10 D.C. circuits,10.1 Practical circuits,5 understand the effects of the internal resistance of a source of e.m.f. on the terminal potential difference,Physics,Cambridge Assessment International Education,Cambridge International AS & A Level,AS Level,Paper 1 Multiple Choice,9702/1,75,40,31
10 D.C. circuits,10.1 Practical circuits,5 understand the effects of the internal resistance of a source of e.m.f. on the terminal potential difference,Physics,Cambridge Assessment International Education,Cambridge International AS & A Level,AS Level,Paper 2 AS Level Structured Questions,9702/2,75,60,46
10 D.C. circuits,10.2 Kirchhoff's laws,1 recall Kirchhoff's first law and understand that it is a consequence of conservation of charge,Physics,Cambridge Assessment International Education,Cambridge International AS & A Level,AS Level,Paper 1 Multiple Choice,9702/1,75,40,31
10 D.C. circuits,10.2 Kirchhoff's laws,1 recall Kirchhoff's first law and understand that it is a consequence of conservation of charge,Physics,Cambridge Assessment International Education,Cambridge International AS & A Level,AS Level,Paper 2 AS Level Structured Questions,9702/2,75,60,46
10 D.C. circuits,10.2 Kirchhoff's laws,2 recall Kirchhoff's second law and understand that it is a consequence of conservation of energy,Physics,Cambridge Assessment International Education,Cambridge International AS & A Level,AS Level,Paper 1 Multiple Choice,9702/1,75,40,31
10 D.C. circuits,10.2 Kirchhoff's laws,2 recall Kirchhoff's second law and understand that it is a consequence of conservation of energy,Physics,Cambridge Assessment International Education,Cambridge International AS & A Level,AS Level,Paper 2 AS Level Structured Questions,9702/2,75,60,46
10 D.C. circuits,10.2 Kirchhoff's laws,"3 derive, using Kirchhoff's laws, a formula for the combined resistance of two or more resistors in series",Physics,Cambridge Assessment International Education,Cambridge International AS & A Level,AS Level,Paper 1 Multiple Choice,9702/1,75,40,31
10 D.C. circuits,10.2 Kirchhoff's laws,"3 derive, using Kirchhoff's laws, a formula for the combined resistance of two or more resistors in series",Physics,Cambridge Assessment International Education,Cambridge International AS & A Level,AS Level,Paper 2 AS Level Structured Questions,9702/2,75,60,46
10 D.C. circuits,10.2 Kirchhoff's laws,4 use the formula for the combined resistance of two or more resistors in series,Physics,Cambridge Assessment International Education,Cambridge International AS & A Level,AS Level,Paper 1 Multiple Choice,9702/1,75,40,31
10 D.C. circuits,10.2 Kirchhoff's laws,4 use the formula for the combined resistance of two or more resistors in series,Physics,Cambridge Assessment International Education,Cambridge International AS & A Level,AS Level,Paper 2 AS Level Structured Questions,9702/2,75,60,46
10 D.C. circuits,10.2 Kirchhoff's laws,"5 derive, using Kirchhoff's laws, a formula for the combined resistance of two or more resistors in parallel",Physics,Cambridge Assessment International Education,Cambridge International AS & A Level,AS Level,Paper 1 Multiple Choice,9702/1,75,40,31
10 D.C. circuits,10.2 Kirchhoff's laws,"5 derive, using Kirchhoff's laws, a formula for the combined resistance of two or more resistors in parallel",Physics,Cambridge Assessment International Education,Cambridge International AS & A Level,AS Level,Paper 2 AS Level Structured Questions,9702/2,75,60,46
10 D.C. circuits,10.2 Kirchhoff's laws,6 use the formula for the combined resistance of two or more resistors in parallel,Physics,Cambridge Assessment International Education,Cambridge International AS & A Level,AS Level,Paper 1 Multiple Choice,9702/1,75,40,31
10 D.C. circuits,10.2 Kirchhoff's laws,6 use the formula for the combined resistance of two or more resistors in parallel,Physics,Cambridge Assessment International Education,Cambridge International AS & A Level,AS Level,Paper 2 AS Level Structured Questions,9702/2,75,60,46
10 D.C. circuits,10.2 Kirchhoff's laws,7 use Kirchhoff's laws to solve simple circuit problems,Physics,Cambridge Assessment International Education,Cambridge International AS & A Level,AS Level,Paper 1 Multiple Choice,9702/1,75,40,31
10 D.C. circuits,10.2 Kirchhoff's laws,7 use Kirchhoff's laws to solve simple circuit problems,Physics,Cambridge Assessment International Education,Cambridge International AS & A Level,AS Level,Paper 2 AS Level Structured Questions,9702/2,75,60,46
10 D.C. circuits,10.3 Potential dividers,1 understand the principle of a potential divider circuit,Physics,Cambridge Assessment International Education,Cambridge International AS & A Level,AS Level,Paper 1 Multiple Choice,9702/1,75,40,31
10 D.C. circuits,10.3 Potential dividers,1 understand the principle of a potential divider circuit,Physics,Cambridge Assessment International Education,Cambridge International AS & A Level,AS Level,Paper 2 AS Level Structured Questions,9702/2,75,60,46
10 D.C. circuits,10.3 Potential dividers,2 recall and use the principle of the potentiometer as a means of comparing potential differences,Physics,Cambridge Assessment International Education,Cambridge International AS & A Level,AS Level,Paper 1 Multiple Choice,9702/1,75,40,31
10 D.C. circuits,10.3 Potential dividers,2 recall and use the principle of the potentiometer as a means of comparing potential differences,Physics,Cambridge Assessment International Education,Cambridge International AS & A Level,AS Level,Paper 2 AS Level Structured Questions,9702/2,75,60,46
10 D.C. circuits,10.3 Potential dividers,3 understand the use of a galvanometer in null methods,Physics,Cambridge Assessment International Education,Cambridge International AS & A Level,AS Level,Paper 1 Multiple Choice,9702/1,75,40,31
10 D.C. circuits,10.3 Potential dividers,3 understand the use of a galvanometer in null methods,Physics,Cambridge Assessment International Education,Cambridge International AS & A Level,AS Level,Paper 2 AS Level Structured Questions,9702/2,75,60,46
10 D.C. circuits,10.3 Potential dividers,4 explain the use of thermistors and light-dependent resistors in potential dividers to provide a potential difference that is dependent on temperature and light intensity,Physics,Cambridge Assessment International Education,Cambridge International AS & A Level,AS Level,Paper 1 Multiple Choice,9702/1,75,40,31
10 D.C. circuits,10.3 Potential dividers,4 explain the use of thermistors and light-dependent resistors in potential dividers to provide a potential difference that is dependent on temperature and light intensity,Physics,Cambridge Assessment International Education,Cambridge International AS & A Level,AS Level,Paper 2 AS Level Structured Questions,9702/2,75,60,46
11 Particle physics,"11.1 Atoms, nuclei and radiation",1 infer from the results of the \(\alpha\)-particle scattering experiment the existence and small size of the nucleus,Physics,Cambridge Assessment International Education,Cambridge International AS & A Level,AS Level,Paper 1 Multiple Choice,9702/1,75,40,31
11 Particle physics,"11.1 Atoms, nuclei and radiation",1 infer from the results of the \(\alpha\)-particle scattering experiment the existence and small size of the nucleus,Physics,Cambridge Assessment International Education,Cambridge International AS & A Level,AS Level,Paper 2 AS Level Structured Questions,9702/2,75,60,46
11 Particle physics,"11.1 Atoms, nuclei and radiation","2 describe a simple model for the nuclear atom to include protons, neutrons and orbital electrons",Physics,Cambridge Assessment International Education,Cambridge International AS & A Level,AS Level,Paper 1 Multiple Choice,9702/1,75,40,31
11 Particle physics,"11.1 Atoms, nuclei and radiation","2 describe a simple model for the nuclear atom to include protons, neutrons and orbital electrons",Physics,Cambridge Assessment International Education,Cambridge International AS & A Level,AS Level,Paper 2 AS Level Structured Questions,9702/2,75,60,46
11 Particle physics,"11.1 Atoms, nuclei and radiation",3 distinguish between nucleon number and proton number,Physics,Cambridge Assessment International Education,Cambridge International AS & A Level,AS Level,Paper 1 Multiple Choice,9702/1,75,40,31
11 Particle physics,"11.1 Atoms, nuclei and radiation",3 distinguish between nucleon number and proton number,Physics,Cambridge Assessment International Education,Cambridge International AS & A Level,AS Level,Paper 2 AS Level Structured Questions,9702/2,75,60,46
11 Particle physics,"11.1 Atoms, nuclei and radiation",4 understand that isotopes are forms of the same element with different numbers of neutrons in their nuclei,Physics,Cambridge Assessment International Education,Cambridge International AS & A Level,AS Level,Paper 1 Multiple Choice,9702/1,75,40,31
11 Particle physics,"11.1 Atoms, nuclei and radiation",4 understand that isotopes are forms of the same element with different numbers of neutrons in their nuclei,Physics,Cambridge Assessment International Education,Cambridge International AS & A Level,AS Level,Paper 2 AS Level Structured Questions,9702/2,75,60,46
11 Particle physics,"11.1 Atoms, nuclei and radiation",5 understand and use the notation \(\frac{A}{2} X\) for the representation of nuclides,Physics,Cambridge Assessment International Education,Cambridge International AS & A Level,AS Level,Paper 1 Multiple Choice,9702/1,75,40,31
11 Particle physics,"11.1 Atoms, nuclei and radiation",5 understand and use the notation \(\frac{A}{2} X\) for the representation of nuclides,Physics,Cambridge Assessment International Education,Cambridge International AS & A Level,AS Level,Paper 2 AS Level Structured Questions,9702/2,75,60,46
11 Particle physics,"11.1 Atoms, nuclei and radiation",6 understand that nucleon number and charge are conserved in nuclear processes,Physics,Cambridge Assessment International Education,Cambridge International AS & A Level,AS Level,Paper 1 Multiple Choice,9702/1,75,40,31
11 Particle physics,"11.1 Atoms, nuclei and radiation",6 understand that nucleon number and charge are conserved in nuclear processes,Physics,Cambridge Assessment International Education,Cambridge International AS & A Level,AS Level,Paper 2 AS Level Structured Questions,9702/2,75,60,46
11 Particle physics,"11.1 Atoms, nuclei and radiation","7 describe the composition, mass and charge of \(\alpha\) , \(\beta\)- and \(\gamma\)-radiations (both \(\beta^{- }\) (electrons) and \(\beta^{+}\) (positrons) are included)",Physics,Cambridge Assessment International Education,Cambridge International AS & A Level,AS Level,Paper 1 Multiple Choice,9702/1,75,40,31
11 Particle physics,"11.1 Atoms, nuclei and radiation","7 describe the composition, mass and charge of \(\alpha\) , \(\beta\)- and \(\gamma\)-radiations (both \(\beta^{- }\) (electrons) and \(\beta^{+}\) (positrons) are included)",Physics,Cambridge Assessment International Education,Cambridge International AS & A Level,AS Level,Paper 2 AS Level Structured Questions,9702/2,75,60,46
11 Particle physics,"11.1 Atoms, nuclei and radiation","8 understand that an antiparticle has the same mass but opposite charge to the corresponding particle, and that a positron is the antiparticle of an electron",Physics,Cambridge Assessment International Education,Cambridge International AS & A Level,AS Level,Paper 1 Multiple Choice,9702/1,75,40,31
11 Particle physics,"11.1 Atoms, nuclei and radiation","8 understand that an antiparticle has the same mass but opposite charge to the corresponding particle, and that a positron is the antiparticle of an electron",Physics,Cambridge Assessment International Education,Cambridge International AS & A Level,AS Level,Paper 2 AS Level Structured Questions,9702/2,75,60,46
11 Particle physics,"11.1 Atoms, nuclei and radiation",9 state that (electron) antineutrinos are produced during \(\beta^{- }\) decay and (electron) neutrinos are produced during \(\beta^{+}\) decay,Physics,Cambridge Assessment International Education,Cambridge International AS & A Level,AS Level,Paper 1 Multiple Choice,9702/1,75,40,31
11 Particle physics,"11.1 Atoms, nuclei and radiation",9 state that (electron) antineutrinos are produced during \(\beta^{- }\) decay and (electron) neutrinos are produced during \(\beta^{+}\) decay,Physics,Cambridge Assessment International Education,Cambridge International AS & A Level,AS Level,Paper 2 AS Level Structured Questions,9702/2,75,60,46
11 Particle physics,"11.1 Atoms, nuclei and radiation",10 understand that \(\alpha\)-particles have discrete energies but that \(\beta\)-particles have a continuous range of energies because (anti)neutrinos are emitted in \(\beta\)-decay,Physics,Cambridge Assessment International Education,Cambridge International AS & A Level,AS Level,Paper 1 Multiple Choice,9702/1,75,40,31
11 Particle physics,"11.1 Atoms, nuclei and radiation",10 understand that \(\alpha\)-particles have discrete energies but that \(\beta\)-particles have a continuous range of energies because (anti)neutrinos are emitted in \(\beta\)-decay,Physics,Cambridge Assessment International Education,Cambridge International AS & A Level,AS Level,Paper 2 AS Level Structured Questions,9702/2,75,60,46
11 Particle physics,"11.1 Atoms, nuclei and radiation",11 represent \(\alpha\)- and \(\beta\)-decay by a radioactive decay equation of the form \(\frac{238}{92} U \rightarrow \frac{234}{90} Th + \frac{1}{2} \alpha\),Physics,Cambridge Assessment International Education,Cambridge International AS & A Level,AS Level,Paper 1 Multiple Choice,9702/1,75,40,31
11 Particle physics,"11.1 Atoms, nuclei and radiation",11 represent \(\alpha\)- and \(\beta\)-decay by a radioactive decay equation of the form \(\frac{238}{92} U \rightarrow \frac{234}{90} Th + \frac{1}{2} \alpha\),Physics,Cambridge Assessment International Education,Cambridge International AS & A Level,AS Level,Paper 2 AS Level Structured Questions,9702/2,75,60,46
11 Particle physics,"11.1 Atoms, nuclei and radiation",12 use the unified atomic mass unit (u) as a unit of mass,Physics,Cambridge Assessment International Education,Cambridge International AS & A Level,AS Level,Paper 1 Multiple Choice,9702/1,75,40,31
11 Particle physics,"11.1 Atoms, nuclei and radiation",12 use the unified atomic mass unit (u) as a unit of mass,Physics,Cambridge Assessment International Education,Cambridge International AS & A Level,AS Level,Paper 2 AS Level Structured Questions,9702/2,75,60,46
11 Particle physics,11.2 Fundamental particles,"1 understand that a quark is a fundamental particle and that there are six flavours (types) of quark: up, down, strange, charm, top and bottom",Physics,Cambridge Assessment International Education,Cambridge International AS & A Level,AS Level,Paper 1 Multiple Choice,9702/1,75,40,31
11 Particle physics,11.2 Fundamental particles,"1 understand that a quark is a fundamental particle and that there are six flavours (types) of quark: up, down, strange, charm, top and bottom",Physics,Cambridge Assessment International Education,Cambridge International AS & A Level,AS Level,Paper 2 AS Level Structured Questions,9702/2,75,60,46
11 Particle physics,11.2 Fundamental particles,2 recall and use the charge of each flavour of quark and understand that its respective antiquark has the opposite charge (no knowledge of any other properties of quarks is required),Physics,Cambridge Assessment International Education,Cambridge International AS & A Level,AS Level,Paper 1 Multiple Choice,9702/1,75,40,31
11 Particle physics,11.2 Fundamental particles,2 recall and use the charge of each flavour of quark and understand that its respective antiquark has the opposite charge (no knowledge of any other properties of quarks is required),Physics,Cambridge Assessment International Education,Cambridge International AS & A Level,AS Level,Paper 2 AS Level Structured Questions,9702/2,75,60,46
11 Particle physics,11.2 Fundamental particles,3 recall that protons and neutrons are not fundamental particles and describe protons and neutrons in terms of their quark composition,Physics,Cambridge Assessment International Education,Cambridge International AS & A Level,AS Level,Paper 1 Multiple Choice,9702/1,75,40,31
11 Particle physics,11.2 Fundamental particles,3 recall that protons and neutrons are not fundamental particles and describe protons and neutrons in terms of their quark composition,Physics,Cambridge Assessment International Education,Cambridge International AS & A Level,AS Level,Paper 2 AS Level Structured Questions,9702/2,75,60,46
11 Particle physics,11.2 Fundamental particles,4 understand that a hadron may be either a baryon (consisting of three quarks) or a meson (consisting of one quark and one antiquark),Physics,Cambridge Assessment International Education,Cambridge International AS & A Level,AS Level,Paper 1 Multiple Choice,9702/1,75,40,31
11 Particle physics,11.2 Fundamental particles,4 understand that a hadron may be either a baryon (consisting of three quarks) or a meson (consisting of one quark and one antiquark),Physics,Cambridge Assessment International Education,Cambridge International AS & A Level,AS Level,Paper 2 AS Level Structured Questions,9702/2,75,60,46
11 Particle physics,11.2 Fundamental particles,5 describe the changes to quark composition that take place during \(\beta^{- }\) and \(\beta^{+}\) decay,Physics,Cambridge Assessment International Education,Cambridge International AS & A Level,AS Level,Paper 1 Multiple Choice,9702/1,75,40,31
11 Particle physics,11.2 Fundamental particles,5 describe the changes to quark composition that take place during \(\beta^{- }\) and \(\beta^{+}\) decay,Physics,Cambridge Assessment International Education,Cambridge International AS & A Level,AS Level,Paper 2 AS Level Structured Questions,9702/2,75,60,46
11 Particle physics,11.2 Fundamental particles,6 recall that electrons and neutrinos are fundamental particles called leptons,Physics,Cambridge Assessment International Education,Cambridge International AS & A Level,AS Level,Paper 1 Multiple Choice,9702/1,75,40,31
11 Particle physics,11.2 Fundamental particles,6 recall that electrons and neutrinos are fundamental particles called leptons,Physics,Cambridge Assessment International Education,Cambridge International AS & A Level,AS Level,Paper 2 AS Level Structured Questions,9702/2,75,60,46
Practical Assessment (Paper 3),"Manipulation, measurement and observation",set up apparatus correctly without assistance from the supervisor,Physics,Cambridge Assessment International Education,Cambridge International AS & A Level,AS Level,Paper 3 Advanced Practical Skills,9702/3,120,40,23
Practical Assessment (Paper 3),"Manipulation, measurement and observation",follow instructions given in the form of written instructions and diagrams (including circuit diagrams),Physics,Cambridge Assessment International Education,Cambridge International AS & A Level,AS Level,Paper 3 Advanced Practical Skills,9702/3,120,40,23
Practical Assessment (Paper 3),"Manipulation, measurement and observation",use their apparatus to collect an appropriate quantity of data,Physics,Cambridge Assessment International Education,Cambridge International AS & A Level,AS Level,Paper 3 Advanced Practical Skills,9702/3,120,40,23
Practical Assessment (Paper 3),"Manipulation, measurement and observation",repeat readings where appropriate,Physics,Cambridge Assessment International Education,Cambridge International AS & A Level,AS Level,Paper 3 Advanced Practical Skills,9702/3,120,40,23
Practical Assessment (Paper 3),"Manipulation, measurement and observation","make measurements using common laboratory apparatus, such as millimetre scales, protractors, top-pan balances, newton meters, analogue or digital electrical meters, measuring cylinders, calipers, micrometer screw gauges and thermometers",Physics,Cambridge Assessment International Education,Cambridge International AS & A Level,AS Level,Paper 3 Advanced Practical Skills,9702/3,120,40,23
Practical Assessment (Paper 3),"Manipulation, measurement and observation","use a stop-watch to measure intervals of time, including the period of an oscillating system by timing an appropriate number of consecutive oscillations",Physics,Cambridge Assessment International Education,Cambridge International AS & A Level,AS Level,Paper 3 Advanced Practical Skills,9702/3,120,40,23
Practical Assessment (Paper 3),"Manipulation, measurement and observation",use both analogue scales and digital displays,Physics,Cambridge Assessment International Education,Cambridge International AS & A Level,AS Level,Paper 3 Advanced Practical Skills,9702/3,120,40,23
Practical Assessment (Paper 3),"Manipulation, measurement and observation",make and record accurate measurements,Physics,Cambridge Assessment International Education,Cambridge International AS & A Level,AS Level,Paper 3 Advanced Practical Skills,9702/3,120,40,23
Practical Assessment (Paper 3),"Manipulation, measurement and observation",make measurements that span the largest possible range of values within the limits either of the equipment provided or of the instructions given,Physics,Cambridge Assessment International Education,Cambridge International AS & A Level,AS Level,Paper 3 Advanced Practical Skills,9702/3,120,40,23
Practical Assessment (Paper 3),Presentation of data and observations,present numerical data and values in a single table of results,Physics,Cambridge Assessment International Education,Cambridge International AS & A Level,AS Level,Paper 3 Advanced Practical Skills,9702/3,120,40,23
Practical Assessment (Paper 3),Presentation of data and observations,record all data in the table,Physics,Cambridge Assessment International Education,Cambridge International AS & A Level,AS Level,Paper 3 Advanced Practical Skills,9702/3,120,40,23
Practical Assessment (Paper 3),Presentation of data and observations,draw up the table in advance of taking readings so that they do not have to copy up their results,Physics,Cambridge Assessment International Education,Cambridge International AS & A Level,AS Level,Paper 3 Advanced Practical Skills,9702/3,120,40,23
Practical Assessment (Paper 3),Presentation of data and observations,include in the table of results columns for raw data and for values calculated from them,Physics,Cambridge Assessment International Education,Cambridge International AS & A Level,AS Level,Paper 3 Advanced Practical Skills,9702/3,120,40,23
Practical Assessment (Paper 3),Presentation of data and observations,use column headings that include both the quantity and the unit and that conform to accepted scientific conventions,Physics,Cambridge Assessment International Education,Cambridge International AS & A Level,AS Level,Paper 3 Advanced Practical Skills,9702/3,120,40,23
Practical Assessment (Paper 3),Presentation of data and observations,record raw readings of a quantity to the same degree of precision,Physics,Cambridge Assessment International Education,Cambridge International AS & A Level,AS Level,Paper 3 Advanced Practical Skills,9702/3,120,40,23
Practical Assessment (Paper 3),Presentation of data and observations,calculate other quantities from their raw data,Physics,Cambridge Assessment International Education,Cambridge International AS & A Level,AS Level,Paper 3 Advanced Practical Skills,9702/3,120,40,23
Practical Assessment (Paper 3),Presentation of data and observations,"show their working in calculations, and the key steps in their reasoning",Physics,Cambridge Assessment International Education,Cambridge International AS & A Level,AS Level,Paper 3 Advanced Practical Skills,9702/3,120,40,23
Practical Assessment (Paper 3),Presentation of data and observations,use and justify the correct number of significant figures in calculated quantities,Physics,Cambridge Assessment International Education,Cambridge International AS & A Level,AS Level,Paper 3 Advanced Practical Skills,9702/3,120,40,23
Practical Assessment (Paper 3),Presentation of data and observations,"clearly label graph axes with both the quantity and the unit, following accepted scientific conventions",Physics,Cambridge Assessment International Education,Cambridge International AS & A Level,AS Level,Paper 3 Advanced Practical Skills,9702/3,120,40,23
Practical Assessment (Paper 3),Presentation of data and observations,choose scales for graph axes such that the data points occupy at least half of the graph grid in both \(x\)- and \(y\)-directions,Physics,Cambridge Assessment International Education,Cambridge International AS & A Level,AS Level,Paper 3 Advanced Practical Skills,9702/3,120,40,23
Practical Assessment (Paper 3),Presentation of data and observations,use a false origin where appropriate,Physics,Cambridge Assessment International Education,Cambridge International AS & A Level,AS Level,Paper 3 Advanced Practical Skills,9702/3,120,40,23
Practical Assessment (Paper 3),Presentation of data and observations,"choose scales for the graph axes that allow the graph to be read easily, such as 1, 2 or 5 units to a 2 cm square",Physics,Cambridge Assessment International Education,Cambridge International AS & A Level,AS Level,Paper 3 Advanced Practical Skills,9702/3,120,40,23
Practical Assessment (Paper 3),Presentation of data and observations,place regularly-spaced numerical labels along the whole of each axis at least every 2 cm,Physics,Cambridge Assessment International Education,Cambridge International AS & A Level,AS Level,Paper 3 Advanced Practical Skills,9702/3,120,40,23
Practical Assessment (Paper 3),Presentation of data and observations,plot all their data points on their graph grid to an accuracy of better than \(1mm\),Physics,Cambridge Assessment International Education,Cambridge International AS & A Level,AS Level,Paper 3 Advanced Practical Skills,9702/3,120,40,23
Practical Assessment (Paper 3),Presentation of data and observations,draw straight lines of best fit or curves to show the trend of a graph,Physics,Cambridge Assessment International Education,Cambridge International AS & A Level,AS Level,Paper 3 Advanced Practical Skills,9702/3,120,40,23
Practical Assessment (Paper 3),Presentation of data and observations,draw tangents to curved trend lines,Physics,Cambridge Assessment International Education,Cambridge International AS & A Level,AS Level,Paper 3 Advanced Practical Skills,9702/3,120,40,23
Practical Assessment (Paper 3),"Analysis, conclusions and evaluation","relate straight-line graphs to equations of the form \(y = mx + c\) , and derive expressions that equate to the gradient and/or the \(y\)-intercept of their graphs",Physics,Cambridge Assessment International Education,Cambridge International AS & A Level,AS Level,Paper 3 Advanced Practical Skills,9702/3,120,40,23
Practical Assessment (Paper 3),"Analysis, conclusions and evaluation",read the coordinates of points on the trend line of a graph,Physics,Cambridge Assessment International Education,Cambridge International AS & A Level,AS Level,Paper 3 Advanced Practical Skills,9702/3,120,40,23
Practical Assessment (Paper 3),"Analysis, conclusions and evaluation",determine the gradient of a straight-line graph or of a tangent to a curve,Physics,Cambridge Assessment International Education,Cambridge International AS & A Level,AS Level,Paper 3 Advanced Practical Skills,9702/3,120,40,23
Practical Assessment (Paper 3),"Analysis, conclusions and evaluation","determine the \(y\)-intercept of a straight-line graph or of a tangent to a curve, including where these are on graphs with a false origin",Physics,Cambridge Assessment International Education,Cambridge International AS & A Level,AS Level,Paper 3 Advanced Practical Skills,9702/3,120,40,23
Practical Assessment (Paper 3),"Analysis, conclusions and evaluation",estimate the absolute uncertainty in measurements,Physics,Cambridge Assessment International Education,Cambridge International AS & A Level,AS Level,Paper 3 Advanced Practical Skills,9702/3,120,40,23
Practical Assessment (Paper 3),"Analysis, conclusions and evaluation","express the uncertainty in a measurement as an absolute or percentage uncertainty, and translate between these forms",Physics,Cambridge Assessment International Education,Cambridge International AS & A Level,AS Level,Paper 3 Advanced Practical Skills,9702/3,120,40,23
Practical Assessment (Paper 3),"Analysis, conclusions and evaluation","express the absolute uncertainty in a repeated measurement as half the range of the repeated readings, where this is appropriate",Physics,Cambridge Assessment International Education,Cambridge International AS & A Level,AS Level,Paper 3 Advanced Practical Skills,9702/3,120,40,23
Practical Assessment (Paper 3),"Analysis, conclusions and evaluation","draw conclusions from an experiment, including determining the values of constants",Physics,Cambridge Assessment International Education,Cambridge International AS & A Level,AS Level,Paper 3 Advanced Practical Skills,9702/3,120,40,23
Practical Assessment (Paper 3),"Analysis, conclusions and evaluation",explain whether experimental data supports a given hypothesis,Physics,Cambridge Assessment International Education,Cambridge International AS & A Level,AS Level,Paper 3 Advanced Practical Skills,9702/3,120,40,23
Practical Assessment (Paper 3),"Analysis, conclusions and evaluation",make predictions,Physics,Cambridge Assessment International Education,Cambridge International AS & A Level,AS Level,Paper 3 Advanced Practical Skills,9702/3,120,40,23
Practical Assessment (Paper 3),"Analysis, conclusions and evaluation",identify and describe the limitations in an experimental procedure,Physics,Cambridge Assessment International Education,Cambridge International AS & A Level,AS Level,Paper 3 Advanced Practical Skills,9702/3,120,40,23
Practical Assessment (Paper 3),"Analysis, conclusions and evaluation",identify the most significant sources of uncertainty in an experiment,Physics,Cambridge Assessment International Education,Cambridge International AS & A Level,AS Level,Paper 3 Advanced Practical Skills,9702/3,120,40,23
Practical Assessment (Paper 3),"Analysis, conclusions and evaluation",suggest modifications to an experimental arrangement that will improve the accuracy of the experiment or to extend the investigation to answer a new question,Physics,Cambridge Assessment International Education,Cambridge International AS & A Level,AS Level,Paper 3 Advanced Practical Skills,9702/3,120,40,23
Practical Assessment (Paper 3),"Analysis, conclusions and evaluation",describe these modifications clearly in words or diagrams,Physics,Cambridge Assessment International Education,Cambridge International AS & A Level,AS Level,Paper 3 Advanced Practical Skills,9702/3,120,40,23
12 Motion in a circle,12.1 Kinematics of uniform circular motion,1 define the radian and express angular displacement in radians,Physics,Cambridge Assessment International Education,Cambridge International AS & A Level,A Level,Paper 4 A Level Structured Questions,9702/4,120,100,38.5
12 Motion in a circle,12.1 Kinematics of uniform circular motion,2 understand and use the concept of angular speed,Physics,Cambridge Assessment International Education,Cambridge International AS & A Level,A Level,Paper 4 A Level Structured Questions,9702/4,120,100,38.5
12 Motion in a circle,12.1 Kinematics of uniform circular motion,3 recall and use \(\omega = 2\pi /T\) and \(v = r\omega\),Physics,Cambridge Assessment International Education,Cambridge International AS & A Level,A Level,Paper 4 A Level Structured Questions,9702/4,120,100,38.5
12 Motion in a circle,12.2 Centripetal acceleration,1 understand that a force of constant magnitude that is always perpendicular to the direction of motion causes centripetal acceleration,Physics,Cambridge Assessment International Education,Cambridge International AS & A Level,A Level,Paper 4 A Level Structured Questions,9702/4,120,100,38.5
12 Motion in a circle,12.2 Centripetal acceleration,2 understand that centripetal acceleration causes circular motion with a constant angular speed,Physics,Cambridge Assessment International Education,Cambridge International AS & A Level,A Level,Paper 4 A Level Structured Questions,9702/4,120,100,38.5
12 Motion in a circle,12.2 Centripetal acceleration,3 recall and use \(a = r\omega^2\) and \(a = \sqrt{r} /r\),Physics,Cambridge Assessment International Education,Cambridge International AS & A Level,A Level,Paper 4 A Level Structured Questions,9702/4,120,100,38.5
12 Motion in a circle,12.2 Centripetal acceleration,4 recall and use \(F = m\omega^2\) and \(F = m\nu^2 /r\),Physics,Cambridge Assessment International Education,Cambridge International AS & A Level,A Level,Paper 4 A Level Structured Questions,9702/4,120,100,38.5
13 Gravitational fields,13.1 Gravitational field,1 understand that a gravitational field is an example of a field of force and define gravitational field as force per unit mass,Physics,Cambridge Assessment International Education,Cambridge International AS & A Level,A Level,Paper 4 A Level Structured Questions,9702/4,120,100,38.5
13 Gravitational fields,13.1 Gravitational field,2 represent a gravitational field by means of field lines,Physics,Cambridge Assessment International Education,Cambridge International AS & A Level,A Level,Paper 4 A Level Structured Questions,9702/4,120,100,38.5
13 Gravitational fields,13.2 Gravitational force between point masses,"1 understand that, for a point outside a uniform sphere, the mass of the sphere may be considered to be a point mass at its centre",Physics,Cambridge Assessment International Education,Cambridge International AS & A Level,A Level,Paper 4 A Level Structured Questions,9702/4,120,100,38.5
13 Gravitational fields,13.2 Gravitational force between point masses,2 recall and use Newton's law of gravitation \(F = Gm_{1}m_{2} / r^{2}\) for the force between two point masses,Physics,Cambridge Assessment International Education,Cambridge International AS & A Level,A Level,Paper 4 A Level Structured Questions,9702/4,120,100,38.5
13 Gravitational fields,13.2 Gravitational force between point masses,3 analyse circular orbits in gravitational fields by relating the gravitational force to the centripetal acceleration it causes,Physics,Cambridge Assessment International Education,Cambridge International AS & A Level,A Level,Paper 4 A Level Structured Questions,9702/4,120,100,38.5
13 Gravitational fields,13.2 Gravitational force between point masses,"4 understand that a satellite in a geostationary orbit remains at the same point above the Earth's surface, with an orbital period of 24 hours, orbiting from west to east, directly above the Equator",Physics,Cambridge Assessment International Education,Cambridge International AS & A Level,A Level,Paper 4 A Level Structured Questions,9702/4,120,100,38.5
13 Gravitational fields,13.3 Gravitational field of a point mass,"1 derive, from Newton's law of gravitation and the definition of gravitational field, the equation \(g = GM / r^2\) for the gravitational field strength due to a point mass",Physics,Cambridge Assessment International Education,Cambridge International AS & A Level,A Level,Paper 4 A Level Structured Questions,9702/4,120,100,38.5
13 Gravitational fields,13.3 Gravitational field of a point mass,2 recall and use \(g = GM / r^2\),Physics,Cambridge Assessment International Education,Cambridge International AS & A Level,A Level,Paper 4 A Level Structured Questions,9702/4,120,100,38.5
13 Gravitational fields,13.3 Gravitational field of a point mass,3 understand why \(g\) is approximately constant for small changes in height near the Earth's surface,Physics,Cambridge Assessment International Education,Cambridge International AS & A Level,A Level,Paper 4 A Level Structured Questions,9702/4,120,100,38.5
13 Gravitational fields,13.4 Gravitational potential,1 define gravitational potential at a point as the work done per unit mass in bringing a small test mass from infinity to the point,Physics,Cambridge Assessment International Education,Cambridge International AS & A Level,A Level,Paper 4 A Level Structured Questions,9702/4,120,100,38.5
13 Gravitational fields,13.4 Gravitational potential,2 use \(\phi = - GM / r\) for the gravitational potential in the field due to a point mass,Physics,Cambridge Assessment International Education,Cambridge International AS & A Level,A Level,Paper 4 A Level Structured Questions,9702/4,120,100,38.5
13 Gravitational fields,13.4 Gravitational potential,3 understand how the concept of gravitational potential leads to the gravitational potential energy of two point masses and use \(E_{\mathrm{p}} = - GMm / r\),Physics,Cambridge Assessment International Education,Cambridge International AS & A Level,A Level,Paper 4 A Level Structured Questions,9702/4,120,100,38.5
14 Temperature,14.1 Thermal equilibrium,1 understand that (thermal) energy is transferred from a region of higher temperature to a region of lower temperature,Physics,Cambridge Assessment International Education,Cambridge International AS & A Level,A Level,Paper 4 A Level Structured Questions,9702/4,120,100,38.5
14 Temperature,14.1 Thermal equilibrium,2 understand that regions of equal temperature are in thermal equilibrium,Physics,Cambridge Assessment International Education,Cambridge International AS & A Level,A Level,Paper 4 A Level Structured Questions,9702/4,120,100,38.5
14 Temperature,14.2 Temperature scales,"1 understand that a physical property that varies with temperature may be used for the measurement of temperature and state examples of such properties, including the density of a liquid, volume of a gas at constant pressure, resistance of a metal, e.m.f. of a thermocouple",Physics,Cambridge Assessment International Education,Cambridge International AS & A Level,A Level,Paper 4 A Level Structured Questions,9702/4,120,100,38.5
14 Temperature,14.2 Temperature scales,2 understand that the scale of thermodynamic temperature does not depend on the property of any particular substance,Physics,Cambridge Assessment International Education,Cambridge International AS & A Level,A Level,Paper 4 A Level Structured Questions,9702/4,120,100,38.5
14 Temperature,14.2 Temperature scales,3 convert temperatures between kelvin and degrees Celsius and recall that \(T / K = \theta /^{\circ}C + 273.15\),Physics,Cambridge Assessment International Education,Cambridge International AS & A Level,A Level,Paper 4 A Level Structured Questions,9702/4,120,100,38.5
14 Temperature,14.2 Temperature scales,4 understand that the lowest possible temperature is zero kelvin on the thermodynamic temperature scale and that this is known as absolute zero,Physics,Cambridge Assessment International Education,Cambridge International AS & A Level,A Level,Paper 4 A Level Structured Questions,9702/4,120,100,38.5
14 Temperature,14.3 Specific heat capacity and specific latent heat,1 define and use specific heat capacity,Physics,Cambridge Assessment International Education,Cambridge International AS & A Level,A Level,Paper 4 A Level Structured Questions,9702/4,120,100,38.5
14 Temperature,14.3 Specific heat capacity and specific latent heat,2 define and use specific latent heat and distinguish between specific latent heat of fusion and specific latent heat of vaporisation,Physics,Cambridge Assessment International Education,Cambridge International AS & A Level,A Level,Paper 4 A Level Structured Questions,9702/4,120,100,38.5
15 Ideal gases,15.1 The mole,1 understand that amount of substance is an SI base quantity with the base unit mol,Physics,Cambridge Assessment International Education,Cambridge International AS & A Level,A Level,Paper 4 A Level Structured Questions,9702/4,120,100,38.5
15 Ideal gases,15.1 The mole,2 use molar quantities where one mole of any substance is the amount containing a number of particles of that substance equal to the Avogadro constant \(N_{\mathrm{A}}\),Physics,Cambridge Assessment International Education,Cambridge International AS & A Level,A Level,Paper 4 A Level Structured Questions,9702/4,120,100,38.5
15 Ideal gases,15.2 Equation of state,"1 understand that a gas obeying \(pV \propto T\) , where \(T\) is the thermodynamic temperature, is known as an ideal gas",Physics,Cambridge Assessment International Education,Cambridge International AS & A Level,A Level,Paper 4 A Level Structured Questions,9702/4,120,100,38.5
15 Ideal gases,15.2 Equation of state,"2 recall and use the equation of state for an ideal gas expressed as \(pV = nRT\) , where \(n =\) amount of substance (number of moles) and as \(pV = NkT\) , where \(N =\) number of molecules",Physics,Cambridge Assessment International Education,Cambridge International AS & A Level,A Level,Paper 4 A Level Structured Questions,9702/4,120,100,38.5
15 Ideal gases,15.2 Equation of state,3 recall that the Boltzmann constant \(k\) is given by \(k = R / N_{\mathrm{A}}\),Physics,Cambridge Assessment International Education,Cambridge International AS & A Level,A Level,Paper 4 A Level Structured Questions,9702/4,120,100,38.5
15 Ideal gases,15.3 Kinetic theory of gases,1 state the basic assumptions of the kinetic theory of gases,Physics,Cambridge Assessment International Education,Cambridge International AS & A Level,A Level,Paper 4 A Level Structured Questions,9702/4,120,100,38.5
15 Ideal gases,15.3 Kinetic theory of gases,"2 explain how molecular movement causes the pressure exerted by a gas and derive and use the relationship \(pV = \frac{1}{3} Nm < c^2 >\) , where \(< c^2 >\) is the mean-square speed (a simple model considering one-dimensional collisions and then extending to three dimensions using \(\frac{1}{3} < c^2 > = < c_x^2 >\) is sufficient)",Physics,Cambridge Assessment International Education,Cambridge International AS & A Level,A Level,Paper 4 A Level Structured Questions,9702/4,120,100,38.5
15 Ideal gases,15.3 Kinetic theory of gases,"3 understand that the root-mean-square speed \(c_{r,m.s.}\) is given by \(\sqrt{c^2 >}\)",Physics,Cambridge Assessment International Education,Cambridge International AS & A Level,A Level,Paper 4 A Level Structured Questions,9702/4,120,100,38.5
15 Ideal gases,15.3 Kinetic theory of gases,"4 compare \(pV = \frac{1}{3} Nm < c^2 >\) with \(pV = NkT\) to deduce that the average translational kinetic energy of a molecule is \(\frac{3}{2} kT\) , and recall and use this expression",Physics,Cambridge Assessment International Education,Cambridge International AS & A Level,A Level,Paper 4 A Level Structured Questions,9702/4,120,100,38.5
16 Thermodynamics,16.1 Internal energy,1 understand that internal energy is determined by the state of the system and that it can be expressed as the sum of a random distribution of kinetic and potential energies associated with the molecules of a system,Physics,Cambridge Assessment International Education,Cambridge International AS & A Level,A Level,Paper 4 A Level Structured Questions,9702/4,120,100,38.5
16 Thermodynamics,16.1 Internal energy,2 relate a rise in temperature of an object to an increase in its internal energy,Physics,Cambridge Assessment International Education,Cambridge International AS & A Level,A Level,Paper 4 A Level Structured Questions,9702/4,120,100,38.5
16 Thermodynamics,16.2 The first law of thermodynamics,1 recall and use \(W = \rho \Delta V\) for the work done when the volume of a gas changes at constant pressure and understand the difference between the work done by the gas and the work done on the gas,Physics,Cambridge Assessment International Education,Cambridge International AS & A Level,A Level,Paper 4 A Level Structured Questions,9702/4,120,100,38.5
16 Thermodynamics,16.2 The first law of thermodynamics,"2 recall and use the first law of thermodynamics \(\Delta U = q + W\) expressed in terms of the increase in internal energy, the heating of the system (energy transferred to the system by heating) and the work done on the system",Physics,Cambridge Assessment International Education,Cambridge International AS & A Level,A Level,Paper 4 A Level Structured Questions,9702/4,120,100,38.5
17 Oscillations,17.1 Simple harmonic oscillations,"1 understand and use the terms displacement, amplitude, period, frequency, angular frequency and phase difference in the context of oscillations, and express the period in terms of both frequency and angular frequency",Physics,Cambridge Assessment International Education,Cambridge International AS & A Level,A Level,Paper 4 A Level Structured Questions,9702/4,120,100,38.5
17 Oscillations,17.1 Simple harmonic oscillations,2 understand that simple harmonic motion occurs when acceleration is proportional to displacement from a fixed point and in the opposite direction,Physics,Cambridge Assessment International Education,Cambridge International AS & A Level,A Level,Paper 4 A Level Structured Questions,9702/4,120,100,38.5
17 Oscillations,17.1 Simple harmonic oscillations,"3 use \(a = - \omega^2 x\) and recall and use, as a solution to this equation, \(x = x_0 \sin \omega t\)",Physics,Cambridge Assessment International Education,Cambridge International AS & A Level,A Level,Paper 4 A Level Structured Questions,9702/4,120,100,38.5
17 Oscillations,17.1 Simple harmonic oscillations,4 use the equations \(v = v_0 \cos \omega t\) and \(v = \pm \omega \sqrt{(x_0^2 - x^2)}\),Physics,Cambridge Assessment International Education,Cambridge International AS & A Level,A Level,Paper 4 A Level Structured Questions,9702/4,120,100,38.5
17 Oscillations,17.1 Simple harmonic oscillations,"5 analyse and interpret graphical representations of the variations of displacement, velocity and acceleration for simple harmonic motion",Physics,Cambridge Assessment International Education,Cambridge International AS & A Level,A Level,Paper 4 A Level Structured Questions,9702/4,120,100,38.5
17 Oscillations,17.2 Energy in simple harmonic motion,1 describe the interchange between kinetic and potential energy during simple harmonic motion,Physics,Cambridge Assessment International Education,Cambridge International AS & A Level,A Level,Paper 4 A Level Structured Questions,9702/4,120,100,38.5
17 Oscillations,17.2 Energy in simple harmonic motion,2 recall and use \(E = \frac{1}{2} m\omega^2 x_0^2\) for the total energy of a system undergoing simple harmonic motion,Physics,Cambridge Assessment International Education,Cambridge International AS & A Level,A Level,Paper 4 A Level Structured Questions,9702/4,120,100,38.5
17 Oscillations,"17.3 Damped and forced oscillations, resonance",1 understand that a resistive force acting on an oscillating system causes damping,Physics,Cambridge Assessment International Education,Cambridge International AS & A Level,A Level,Paper 4 A Level Structured Questions,9702/4,120,100,38.5
17 Oscillations,"17.3 Damped and forced oscillations, resonance","2 understand and use the terms light, critical and heavy damping and sketch displacement-time graphs illustrating these types of damping",Physics,Cambridge Assessment International Education,Cambridge International AS & A Level,A Level,Paper 4 A Level Structured Questions,9702/4,120,100,38.5
17 Oscillations,"17.3 Damped and forced oscillations, resonance",3 understand that resonance involves a maximum amplitude of oscillations and that this occurs when an oscillating system is forced to oscillate at its natural frequency,Physics,Cambridge Assessment International Education,Cambridge International AS & A Level,A Level,Paper 4 A Level Structured Questions,9702/4,120,100,38.5
18 Electric fields,18.1 Electric fields and field lines,1 understand that an electric field is an example of a field of force and define electric field as force per unit positive charge,Physics,Cambridge Assessment International Education,Cambridge International AS & A Level,A Level,Paper 4 A Level Structured Questions,9702/4,120,100,38.5
18 Electric fields,18.1 Electric fields and field lines,2 recall and use \(F = qE\) for the force on a charge in an electric field,Physics,Cambridge Assessment International Education,Cambridge International AS & A Level,A Level,Paper 4 A Level Structured Questions,9702/4,120,100,38.5
18 Electric fields,18.1 Electric fields and field lines,3 represent an electric field by means of field lines,Physics,Cambridge Assessment International Education,Cambridge International AS & A Level,A Level,Paper 4 A Level Structured Questions,9702/4,120,100,38.5
18 Electric fields,18.2 Uniform electric fields,1 recall and use \(E = \Delta V / \Delta d\) to calculate the field strength of the uniform field between charged parallel plates,Physics,Cambridge Assessment International Education,Cambridge International AS & A Level,A Level,Paper 4 A Level Structured Questions,9702/4,120,100,38.5
18 Electric fields,18.2 Uniform electric fields,2 describe the effect of a uniform electric field on the motion of charged particles,Physics,Cambridge Assessment International Education,Cambridge International AS & A Level,A Level,Paper 4 A Level Structured Questions,9702/4,120,100,38.5
18 Electric fields,18.3 Electric force between point charges,"1 understand that, for a point outside a spherical conductor, the charge on the sphere may be considered to be a point charge at its centre",Physics,Cambridge Assessment International Education,Cambridge International AS & A Level,A Level,Paper 4 A Level Structured Questions,9702/4,120,100,38.5
18 Electric fields,18.3 Electric force between point charges,2 recall and use Coulomb's law \(F = Q_1 Q_2 / (4\pi \epsilon_0 r^2)\) for the force between two point charges in free space,Physics,Cambridge Assessment International Education,Cambridge International AS & A Level,A Level,Paper 4 A Level Structured Questions,9702/4,120,100,38.5
18 Electric fields,18.4 Electric field of a point charge,1 recall and use \(E = Q / (4\pi \epsilon_0 r^2)\) for the electric field strength due to a point charge in free space,Physics,Cambridge Assessment International Education,Cambridge International AS & A Level,A Level,Paper 4 A Level Structured Questions,9702/4,120,100,38.5
18 Electric fields,18.5 Electric potential,1 define electric potential at a point as the work done per unit positive charge in bringing a small test charge from infinity to the point,Physics,Cambridge Assessment International Education,Cambridge International AS & A Level,A Level,Paper 4 A Level Structured Questions,9702/4,120,100,38.5
18 Electric fields,18.5 Electric potential,2 recall and use the fact that the electric field at a point is equal to the negative of potential gradient at that point,Physics,Cambridge Assessment International Education,Cambridge International AS & A Level,A Level,Paper 4 A Level Structured Questions,9702/4,120,100,38.5
18 Electric fields,18.5 Electric potential,3 use \(V = Q / (4\pi \epsilon_0 r)\) for the electric potential in the field due to a point charge,Physics,Cambridge Assessment International Education,Cambridge International AS & A Level,A Level,Paper 4 A Level Structured Questions,9702/4,120,100,38.5
18 Electric fields,18.5 Electric potential,4 understand how the concept of electric potential leads to the electric potential energy of two point charges and use \(E_{\mathrm{p}} = Qq / (4\pi \epsilon_0 r)\),Physics,Cambridge Assessment International Education,Cambridge International AS & A Level,A Level,Paper 4 A Level Structured Questions,9702/4,120,100,38.5
19 Capacitance,19.1 Capacitors and capacitance,"1 define capacitance, as applied to both isolated spherical conductors and to parallel plate capacitors",Physics,Cambridge Assessment International Education,Cambridge International AS & A Level,A Level,Paper 4 A Level Structured Questions,9702/4,120,100,38.5
19 Capacitance,19.1 Capacitors and capacitance,2 recall and use \(C = Q / V\),Physics,Cambridge Assessment International Education,Cambridge International AS & A Level,A Level,Paper 4 A Level Structured Questions,9702/4,120,100,38.5
19 Capacitance,19.1 Capacitors and capacitance,"3 derive, using \(C = Q / V,\) formulae for the combined capacitance of capacitors in series and in parallel",Physics,Cambridge Assessment International Education,Cambridge International AS & A Level,A Level,Paper 4 A Level Structured Questions,9702/4,120,100,38.5
19 Capacitance,19.1 Capacitors and capacitance,4 use the capacitance formulae for capacitors in series and in parallel,Physics,Cambridge Assessment International Education,Cambridge International AS & A Level,A Level,Paper 4 A Level Structured Questions,9702/4,120,100,38.5
19 Capacitance,19.2 Energy stored in a capacitor,1 determine the electric potential energy stored in a capacitor from the area under the potential-charge graph,Physics,Cambridge Assessment International Education,Cambridge International AS & A Level,A Level,Paper 4 A Level Structured Questions,9702/4,120,100,38.5
19 Capacitance,19.2 Energy stored in a capacitor,2 recall and use \(W = \frac{1}{2} QV = \frac{1}{2} CV^2\),Physics,Cambridge Assessment International Education,Cambridge International AS & A Level,A Level,Paper 4 A Level Structured Questions,9702/4,120,100,38.5
19 Capacitance,19.3 Discharging a capacitor,"1 analyse graphs of the variation with time of potential difference, charge and current for a capacitor discharging through a resistor",Physics,Cambridge Assessment International Education,Cambridge International AS & A Level,A Level,Paper 4 A Level Structured Questions,9702/4,120,100,38.5
19 Capacitance,19.3 Discharging a capacitor,2 recall and use \(\tau = RC\) for the time constant for a capacitor discharging through a resistor,Physics,Cambridge Assessment International Education,Cambridge International AS & A Level,A Level,Paper 4 A Level Structured Questions,9702/4,120,100,38.5
19 Capacitance,19.3 Discharging a capacitor,"3 use equations of the form \(x = x_0 e^{- (t / RC)}\) where \(x\) could represent current, charge or potential difference for a capacitor discharging through a resistor",Physics,Cambridge Assessment International Education,Cambridge International AS & A Level,A Level,Paper 4 A Level Structured Questions,9702/4,120,100,38.5
20 Magnetic fields,20.1 Concept of a magnetic field,1 understand that a magnetic field is an example of a field of force produced either by moving charges or by permanent magnets,Physics,Cambridge Assessment International Education,Cambridge International AS & A Level,A Level,Paper 4 A Level Structured Questions,9702/4,120,100,38.5
20 Magnetic fields,20.1 Concept of a magnetic field,2 represent a magnetic field by field lines,Physics,Cambridge Assessment International Education,Cambridge International AS & A Level,A Level,Paper 4 A Level Structured Questions,9702/4,120,100,38.5
20 Magnetic fields,20.2 Force on a current-carrying conductor,1 understand that a force might act on a current-carrying conductor placed in a magnetic field,Physics,Cambridge Assessment International Education,Cambridge International AS & A Level,A Level,Paper 4 A Level Structured Questions,9702/4,120,100,38.5
20 Magnetic fields,20.2 Force on a current-carrying conductor,"2 recall and use the equation \(F = BIL\) sin \(\theta\) , with directions as interpreted by Fleming's left-hand rule",Physics,Cambridge Assessment International Education,Cambridge International AS & A Level,A Level,Paper 4 A Level Structured Questions,9702/4,120,100,38.5
20 Magnetic fields,20.2 Force on a current-carrying conductor,3 define magnetic flux density as the force acting per unit current per unit length on a wire placed at right-angles to the magnetic field,Physics,Cambridge Assessment International Education,Cambridge International AS & A Level,A Level,Paper 4 A Level Structured Questions,9702/4,120,100,38.5
20 Magnetic fields,20.3 Force on a moving charge,1 determine the direction of the force on a charge moving in a magnetic field,Physics,Cambridge Assessment International Education,Cambridge International AS & A Level,A Level,Paper 4 A Level Structured Questions,9702/4,120,100,38.5
20 Magnetic fields,20.3 Force on a moving charge,2 recall and use \(F = BQv\) sin \(\theta\),Physics,Cambridge Assessment International Education,Cambridge International AS & A Level,A Level,Paper 4 A Level Structured Questions,9702/4,120,100,38.5
20 Magnetic fields,20.3 Force on a moving charge,"3 understand the origin of the Hall voltage and derive and use the expression \(V_{\mathrm{H}} = BI / (ntq)\) , where \(t =\) thickness",Physics,Cambridge Assessment International Education,Cambridge International AS & A Level,A Level,Paper 4 A Level Structured Questions,9702/4,120,100,38.5
20 Magnetic fields,20.3 Force on a moving charge,4 understand the use of a Hall probe to measure magnetic flux density,Physics,Cambridge Assessment International Education,Cambridge International AS & A Level,A Level,Paper 4 A Level Structured Questions,9702/4,120,100,38.5
20 Magnetic fields,20.3 Force on a moving charge,5 describe the motion of a charged particle moving in a uniform magnetic field perpendicular to the direction of motion of the particle,Physics,Cambridge Assessment International Education,Cambridge International AS & A Level,A Level,Paper 4 A Level Structured Questions,9702/4,120,100,38.5
20 Magnetic fields,20.3 Force on a moving charge,6 explain how electric and magnetic fields can be used in velocity selection,Physics,Cambridge Assessment International Education,Cambridge International AS & A Level,A Level,Paper 4 A Level Structured Questions,9702/4,120,100,38.5
20 Magnetic fields,20.4 Magnetic fields due to currents,"1 sketch magnetic field patterns due to the currents in a long straight wire, a flat circular coil and a long solenoid",Physics,Cambridge Assessment International Education,Cambridge International AS & A Level,A Level,Paper 4 A Level Structured Questions,9702/4,120,100,38.5
20 Magnetic fields,20.4 Magnetic fields due to currents,2 understand that the magnetic field due to the current in a solenoid is increased by a ferrous core,Physics,Cambridge Assessment International Education,Cambridge International AS & A Level,A Level,Paper 4 A Level Structured Questions,9702/4,120,100,38.5
20 Magnetic fields,20.4 Magnetic fields due to currents,3 explain the origin of the forces between current-carrying conductors and determine the direction of the forces,Physics,Cambridge Assessment International Education,Cambridge International AS & A Level,A Level,Paper 4 A Level Structured Questions,9702/4,120,100,38.5
20 Magnetic fields,20.5 Electromagnetic induction,1 define magnetic flux as the product of the magnetic flux density and the cross-sectional area perpendicular to the direction of the magnetic flux density,Physics,Cambridge Assessment International Education,Cambridge International AS & A Level,A Level,Paper 4 A Level Structured Questions,9702/4,120,100,38.5
20 Magnetic fields,20.5 Electromagnetic induction,2 recall and use \(\Phi = BA\),Physics,Cambridge Assessment International Education,Cambridge International AS & A Level,A Level,Paper 4 A Level Structured Questions,9702/4,120,100,38.5
20 Magnetic fields,20.5 Electromagnetic induction,3 understand and use the concept of magnetic flux linkage,Physics,Cambridge Assessment International Education,Cambridge International AS & A Level,A Level,Paper 4 A Level Structured Questions,9702/4,120,100,38.5
20 Magnetic fields,20.5 Electromagnetic induction,4 understand and explain experiments that demonstrate: that a changing magnetic flux can induce an e.m.f. in a circuit; that the induced e.m.f. is in such a direction as to oppose the change producing it; the factors affecting the magnitude of the induced e.m.f.,Physics,Cambridge Assessment International Education,Cambridge International AS & A Level,A Level,Paper 4 A Level Structured Questions,9702/4,120,100,38.5
20 Magnetic fields,20.5 Electromagnetic induction,5 recall and use Faraday's and Lenz's laws of electromagnetic induction,Physics,Cambridge Assessment International Education,Cambridge International AS & A Level,A Level,Paper 4 A Level Structured Questions,9702/4,120,100,38.5
21 Alternating currents,21.1 Characteristics of alternating currents,"1 understand and use the terms period, frequency and peak value as applied to an alternating current or voltage",Physics,Cambridge Assessment International Education,Cambridge International AS & A Level,A Level,Paper 4 A Level Structured Questions,9702/4,120,100,38.5
21 Alternating currents,21.1 Characteristics of alternating currents,2 use equations of the form \(x = x_0\) sin \(\omega t\) representing a sinusoidally alternating current or voltage,Physics,Cambridge Assessment International Education,Cambridge International AS & A Level,A Level,Paper 4 A Level Structured Questions,9702/4,120,100,38.5
21 Alternating currents,21.1 Characteristics of alternating currents,3 recall and use the fact that the mean power in a resistive load is half the maximum power for a sinusoidal alternating current,Physics,Cambridge Assessment International Education,Cambridge International AS & A Level,A Level,Paper 4 A Level Structured Questions,9702/4,120,100,38.5
21 Alternating currents,21.1 Characteristics of alternating currents,4 distinguish between root-mean-square (r.m.s.) and peak values and recall and use \(I_{\mathrm{r.m.s.}} = I_0 / \sqrt{2}\) and \(V_{\mathrm{r.m.s.}} = V_0 / \sqrt{2}\) for a sinusoidal alternating current,Physics,Cambridge Assessment International Education,Cambridge International AS & A Level,A Level,Paper 4 A Level Structured Questions,9702/4,120,100,38.5
21 Alternating currents,21.2 Rectification and smoothing,1 distinguish graphically between half-wave and full-wave rectification,Physics,Cambridge Assessment International Education,Cambridge International AS & A Level,A Level,Paper 4 A Level Structured Questions,9702/4,120,100,38.5
21 Alternating currents,21.2 Rectification and smoothing,2 explain the use of a single diode for the half-wave rectification of an alternating current,Physics,Cambridge Assessment International Education,Cambridge International AS & A Level,A Level,Paper 4 A Level Structured Questions,9702/4,120,100,38.5
21 Alternating currents,21.2 Rectification and smoothing,3 explain the use of four diodes (bridge rectifier) for the full-wave rectification of an alternating current,Physics,Cambridge Assessment International Education,Cambridge International AS & A Level,A Level,Paper 4 A Level Structured Questions,9702/4,120,100,38.5
21 Alternating currents,21.2 Rectification and smoothing,"4 analyse the effect of a single capacitor in smoothing, including the effect of the values of capacitance and the load resistance",Physics,Cambridge Assessment International Education,Cambridge International AS & A Level,A Level,Paper 4 A Level Structured Questions,9702/4,120,100,38.5
22 Quantum physics,22.1 Energy and momentum of a photon,1 understand that electromagnetic radiation has a particulate nature,Physics,Cambridge Assessment International Education,Cambridge International AS & A Level,A Level,Paper 4 A Level Structured Questions,9702/4,120,100,38.5
22 Quantum physics,22.1 Energy and momentum of a photon,2 understand that a photon is a quantum of electromagnetic energy,Physics,Cambridge Assessment International Education,Cambridge International AS & A Level,A Level,Paper 4 A Level Structured Questions,9702/4,120,100,38.5
22 Quantum physics,22.1 Energy and momentum of a photon,3 recall and use \(E = hf\),Physics,Cambridge Assessment International Education,Cambridge International AS & A Level,A Level,Paper 4 A Level Structured Questions,9702/4,120,100,38.5
22 Quantum physics,22.1 Energy and momentum of a photon,4 use the electronvolt (eV) as a unit of energy,Physics,Cambridge Assessment International Education,Cambridge International AS & A Level,A Level,Paper 4 A Level Structured Questions,9702/4,120,100,38.5
22 Quantum physics,22.1 Energy and momentum of a photon,5 understand that a photon has momentum and that the momentum is given by \(p = E / c\),Physics,Cambridge Assessment International Education,Cambridge International AS & A Level,A Level,Paper 4 A Level Structured Questions,9702/4,120,100,38.5
22 Quantum physics,22.2 Photoelectric effect,1 understand that photoelectrons may be emitted from a metal surface when it is illuminated by electromagnetic radiation,Physics,Cambridge Assessment International Education,Cambridge International AS & A Level,A Level,Paper 4 A Level Structured Questions,9702/4,120,100,38.5
22 Quantum physics,22.2 Photoelectric effect,2 understand and use the terms threshold frequency and threshold wavelength,Physics,Cambridge Assessment International Education,Cambridge International AS & A Level,A Level,Paper 4 A Level Structured Questions,9702/4,120,100,38.5
22 Quantum physics,22.2 Photoelectric effect,3 explain photoelectric emission in terms of photon energy and work function energy,Physics,Cambridge Assessment International Education,Cambridge International AS & A Level,A Level,Paper 4 A Level Structured Questions,9702/4,120,100,38.5
22 Quantum physics,22.2 Photoelectric effect,4 recall and use \(hf = \Phi + \frac{1}{2} mv_{\text{max}}^2\),Physics,Cambridge Assessment International Education,Cambridge International AS & A Level,A Level,Paper 4 A Level Structured Questions,9702/4,120,100,38.5
22 Quantum physics,22.2 Photoelectric effect,"5 explain why the maximum kinetic energy of photoelectrons is independent of intensity, whereas the photoelectric current is proportional to intensity",Physics,Cambridge Assessment International Education,Cambridge International AS & A Level,A Level,Paper 4 A Level Structured Questions,9702/4,120,100,38.5
22 Quantum physics,22.3 Wave-particle duality,1 understand that the photoelectric effect provides evidence for a particulate nature of electromagnetic radiation while phenomena such as interference and diffraction provide evidence for a wave nature,Physics,Cambridge Assessment International Education,Cambridge International AS & A Level,A Level,Paper 4 A Level Structured Questions,9702/4,120,100,38.5
22 Quantum physics,22.3 Wave-particle duality,2 describe and interpret qualitatively the evidence provided by electron diffraction for the wave nature of particles,Physics,Cambridge Assessment International Education,Cambridge International AS & A Level,A Level,Paper 4 A Level Structured Questions,9702/4,120,100,38.5
22 Quantum physics,22.3 Wave-particle duality,3 understand the de Broglie wavelength as the wavelength associated with a moving particle,Physics,Cambridge Assessment International Education,Cambridge International AS & A Level,A Level,Paper 4 A Level Structured Questions,9702/4,120,100,38.5
22 Quantum physics,22.3 Wave-particle duality,4 recall and use \(\lambda = h / p\),Physics,Cambridge Assessment International Education,Cambridge International AS & A Level,A Level,Paper 4 A Level Structured Questions,9702/4,120,100,38.5
22 Quantum physics,22.4 Energy levels in atoms and line spectra,1 understand that there are discrete electron energy levels in isolated atoms (e.g. atomic hydrogen),Physics,Cambridge Assessment International Education,Cambridge International AS & A Level,A Level,Paper 4 A Level Structured Questions,9702/4,120,100,38.5
22 Quantum physics,22.4 Energy levels in atoms and line spectra,2 understand the appearance and formation of emission and absorption line spectra,Physics,Cambridge Assessment International Education,Cambridge International AS & A Level,A Level,Paper 4 A Level Structured Questions,9702/4,120,100,38.5
22 Quantum physics,22.4 Energy levels in atoms and line spectra,3 recall and use \(hf = E_1 - E_2\),Physics,Cambridge Assessment International Education,Cambridge International AS & A Level,A Level,Paper 4 A Level Structured Questions,9702/4,120,100,38.5
23 Nuclear physics,23.1 Mass defect and nuclear binding energy,1 understand the equivalence between energy and mass as represented by \(E = mc^2\) and recall and use this equation,Physics,Cambridge Assessment International Education,Cambridge International AS & A Level,A Level,Paper 4 A Level Structured Questions,9702/4,120,100,38.5
23 Nuclear physics,23.1 Mass defect and nuclear binding energy,2 represent simple nuclear reactions by nuclear equations of the form \(\mathrm{^{14}N + \frac{1}{2}He\rightarrow^{17}O + \frac{1}{2}H}\),Physics,Cambridge Assessment International Education,Cambridge International AS & A Level,A Level,Paper 4 A Level Structured Questions,9702/4,120,100,38.5
23 Nuclear physics,23.1 Mass defect and nuclear binding energy,3 define and use the terms mass defect and binding energy,Physics,Cambridge Assessment International Education,Cambridge International AS & A Level,A Level,Paper 4 A Level Structured Questions,9702/4,120,100,38.5
23 Nuclear physics,23.1 Mass defect and nuclear binding energy,4 sketch the variation of binding energy per nucleon with nucleon number,Physics,Cambridge Assessment International Education,Cambridge International AS & A Level,A Level,Paper 4 A Level Structured Questions,9702/4,120,100,38.5
23 Nuclear physics,23.1 Mass defect and nuclear binding energy,5 explain what is meant by nuclear fusion and nuclear fission,Physics,Cambridge Assessment International Education,Cambridge International AS & A Level,A Level,Paper 4 A Level Structured Questions,9702/4,120,100,38.5
23 Nuclear physics,23.1 Mass defect and nuclear binding energy,"6 explain the relevance of binding energy per nucleon to nuclear reactions, including nuclear fusion and nuclear fission",Physics,Cambridge Assessment International Education,Cambridge International AS & A Level,A Level,Paper 4 A Level Structured Questions,9702/4,120,100,38.5
23 Nuclear physics,23.1 Mass defect and nuclear binding energy,7 calculate the energy released in nuclear reactions using \(E = c^2 \Delta m\),Physics,Cambridge Assessment International Education,Cambridge International AS & A Level,A Level,Paper 4 A Level Structured Questions,9702/4,120,100,38.5
23 Nuclear physics,23.2 Radioactive decay,1 understand that fluctuations in count rate provide evidence for the random nature of radioactive decay,Physics,Cambridge Assessment International Education,Cambridge International AS & A Level,A Level,Paper 4 A Level Structured Questions,9702/4,120,100,38.5
23 Nuclear physics,23.2 Radioactive decay,2 understand that radioactive decay is both spontaneous and random,Physics,Cambridge Assessment International Education,Cambridge International AS & A Level,A Level,Paper 4 A Level Structured Questions,9702/4,120,100,38.5
23 Nuclear physics,23.2 Radioactive decay,"3 define activity and decay constant, and recall and use \(A = \lambda N\)",Physics,Cambridge Assessment International Education,Cambridge International AS & A Level,A Level,Paper 4 A Level Structured Questions,9702/4,120,100,38.5
23 Nuclear physics,23.2 Radioactive decay,4 define half-life,Physics,Cambridge Assessment International Education,Cambridge International AS & A Level,A Level,Paper 4 A Level Structured Questions,9702/4,120,100,38.5
23 Nuclear physics,23.2 Radioactive decay,5 use \(\lambda = 0.693 / t_{\frac{1}{2}}\),Physics,Cambridge Assessment International Education,Cambridge International AS & A Level,A Level,Paper 4 A Level Structured Questions,9702/4,120,100,38.5
23 Nuclear physics,23.2 Radioactive decay,"6 understand the exponential nature of radioactive decay, and sketch and use the relationship \(x = x_{0}e^{-\lambda t}\) where \(x\) could represent activity, number of undecayed nuclei or received count rate",Physics,Cambridge Assessment International Education,Cambridge International AS & A Level,A Level,Paper 4 A Level Structured Questions,9702/4,120,100,38.5
24 Medical physics,24.1 Production and use of ultrasound,1 understand that a piezo-electric crystal changes shape when a p.d. is applied across it and that the crystal generates an e.m.f. when its shape changes,Physics,Cambridge Assessment International Education,Cambridge International AS & A Level,A Level,Paper 4 A Level Structured Questions,9702/4,120,100,38.5
24 Medical physics,24.1 Production and use of ultrasound,2 understand how ultrasound waves are generated and detected by a piezoelectric transducer,Physics,Cambridge Assessment International Education,Cambridge International AS & A Level,A Level,Paper 4 A Level Structured Questions,9702/4,120,100,38.5
24 Medical physics,24.1 Production and use of ultrasound,3 understand how the reflection of pulses of ultrasound at boundaries between tissues can be used to obtain diagnostic information about internal structures,Physics,Cambridge Assessment International Education,Cambridge International AS & A Level,A Level,Paper 4 A Level Structured Questions,9702/4,120,100,38.5
24 Medical physics,24.1 Production and use of ultrasound,"4 define the specific acoustic impedance of a medium as \(Z = \rho c\) , where \(c\) is the speed of sound in the medium",Physics,Cambridge Assessment International Education,Cambridge International AS & A Level,A Level,Paper 4 A Level Structured Questions,9702/4,120,100,38.5
24 Medical physics,24.1 Production and use of ultrasound,5 use \(I_{\mathrm{R}} / I_0 = (Z_1 - Z_2)^2 /(Z_1 + Z_2)^2\) for the intensity reflection coefficient of a boundary between two media,Physics,Cambridge Assessment International Education,Cambridge International AS & A Level,A Level,Paper 4 A Level Structured Questions,9702/4,120,100,38.5
24 Medical physics,24.1 Production and use of ultrasound,6 recall and use \(I = I_0 e^{-\mu x}\) for the attenuation of ultrasound in matter,Physics,Cambridge Assessment International Education,Cambridge International AS & A Level,A Level,Paper 4 A Level Structured Questions,9702/4,120,100,38.5
24 Medical physics,24.2 Production and use of X-rays,1 explain that X-rays are produced by electron bombardment of a metal target and calculate the minimum wavelength of X-rays produced from the accelerating p.d.,Physics,Cambridge Assessment International Education,Cambridge International AS & A Level,A Level,Paper 4 A Level Structured Questions,9702/4,120,100,38.5
24 Medical physics,24.2 Production and use of X-rays,"2 understand the use of X-rays in imaging internal body structures, including an understanding of the term contrast in X-ray imaging",Physics,Cambridge Assessment International Education,Cambridge International AS & A Level,A Level,Paper 4 A Level Structured Questions,9702/4,120,100,38.5
24 Medical physics,24.2 Production and use of X-rays,3 recall and use \(I = I_0 e^{-\mu x}\) for the attenuation of X-rays in matter,Physics,Cambridge Assessment International Education,Cambridge International AS & A Level,A Level,Paper 4 A Level Structured Questions,9702/4,120,100,38.5
24 Medical physics,24.2 Production and use of X-rays,"4 understand that computed tomography (CT) scanning produces a 3D image of an internal structure by first combining multiple X-ray images taken in the same section from different angles to obtain a 2D image of the section, then repeating this process along an axis and combining 2D images of multiple sections",Physics,Cambridge Assessment International Education,Cambridge International AS & A Level,A Level,Paper 4 A Level Structured Questions,9702/4,120,100,38.5
24 Medical physics,24.3 PET scanning,1 understand that a tracer is a substance containing radioactive nuclei that can be introduced into the body and is then absorbed by the tissue being studied,Physics,Cambridge Assessment International Education,Cambridge International AS & A Level,A Level,Paper 4 A Level Structured Questions,9702/4,120,100,38.5
24 Medical physics,24.3 PET scanning,2 recall that a tracer that decays by \(\beta^{+}\) decay is used in positron emission tomography (PET scanning),Physics,Cambridge Assessment International Education,Cambridge International AS & A Level,A Level,Paper 4 A Level Structured Questions,9702/4,120,100,38.5
24 Medical physics,24.3 PET scanning,3 understand that annihilation occurs when a particle interacts with its antiparticle and that mass-energy and momentum are conserved in the process,Physics,Cambridge Assessment International Education,Cambridge International AS & A Level,A Level,Paper 4 A Level Structured Questions,9702/4,120,100,38.5
24 Medical physics,24.3 PET scanning,"4 explain that, in PET scanning, positrons emitted by the decay of the tracer annihilate when they interact with electrons in the tissue, producing a pair of gamma-ray photons travelling in opposite directions",Physics,Cambridge Assessment International Education,Cambridge International AS & A Level,A Level,Paper 4 A Level Structured Questions,9702/4,120,100,38.5
24 Medical physics,24.3 PET scanning,5 calculate the energy of the gamma-ray photons emitted during the annihilation of an electron-positron pair,Physics,Cambridge Assessment International Education,Cambridge International AS & A Level,A Level,Paper 4 A Level Structured Questions,9702/4,120,100,38.5
24 Medical physics,24.3 PET scanning,"6 understand that the gamma-ray photons from an annihilation event travel outside the body and can be detected, and an image of the tracer concentration in the tissue can be created by processing the arrival times of the gamma-ray photons",Physics,Cambridge Assessment International Education,Cambridge International AS & A Level,A Level,Paper 4 A Level Structured Questions,9702/4,120,100,38.5
25 Astronomy and cosmology,25.1 Standard candles,1 understand the term luminosity as the total power of radiation emitted by a star,Physics,Cambridge Assessment International Education,Cambridge International AS & A Level,A Level,Paper 4 A Level Structured Questions,9702/4,120,100,38.5
25 Astronomy and cosmology,25.1 Standard candles,2 recall and use the inverse square law for radiant flux intensity \(F\) in terms of the luminosity \(L\) of the source \(F = L / (4\pi d^2)\),Physics,Cambridge Assessment International Education,Cambridge International AS & A Level,A Level,Paper 4 A Level Structured Questions,9702/4,120,100,38.5
25 Astronomy and cosmology,25.1 Standard candles,3 understand that an object of known luminosity is called a standard candle,Physics,Cambridge Assessment International Education,Cambridge International AS & A Level,A Level,Paper 4 A Level Structured Questions,9702/4,120,100,38.5
25 Astronomy and cosmology,25.1 Standard candles,4 understand the use of standard candles to determine distances to galaxies,Physics,Cambridge Assessment International Education,Cambridge International AS & A Level,A Level,Paper 4 A Level Structured Questions,9702/4,120,100,38.5
25 Astronomy and cosmology,25.2 Stellar radii,1 recall and use Wien's displacement law \(\lambda_{\mathrm{max}} \propto 1 / T\) to estimate the peak surface temperature of a star,Physics,Cambridge Assessment International Education,Cambridge International AS & A Level,A Level,Paper 4 A Level Structured Questions,9702/4,120,100,38.5
25 Astronomy and cosmology,25.2 Stellar radii,2 use the Stefan-Boltzmann law \(L = 4\pi \sigma r^2 T^4\),Physics,Cambridge Assessment International Education,Cambridge International AS & A Level,A Level,Paper 4 A Level Structured Questions,9702/4,120,100,38.5
25 Astronomy and cosmology,25.2 Stellar radii,3 use Wien's displacement law and the Stefan-Boltzmann law to estimate the radius of a star,Physics,Cambridge Assessment International Education,Cambridge International AS & A Level,A Level,Paper 4 A Level Structured Questions,9702/4,120,100,38.5
25 Astronomy and cosmology,25.3 Hubble's law and the Big Bang theory,1 understand that the lines in the emission and absorption spectra from distant objects show an increase in wavelength from their known values,Physics,Cambridge Assessment International Education,Cambridge International AS & A Level,A Level,Paper 4 A Level Structured Questions,9702/4,120,100,38.5
25 Astronomy and cosmology,25.3 Hubble's law and the Big Bang theory,2 use \(\Delta \lambda /\lambda \approx \Delta f / f\approx \nu /c\) for the redshift of electromagnetic radiation from a source moving relative to an observer,Physics,Cambridge Assessment International Education,Cambridge International AS & A Level,A Level,Paper 4 A Level Structured Questions,9702/4,120,100,38.5
25 Astronomy and cosmology,25.3 Hubble's law and the Big Bang theory,3 explain why redshift leads to the idea that the Universe is expanding,Physics,Cambridge Assessment International Education,Cambridge International AS & A Level,A Level,Paper 4 A Level Structured Questions,9702/4,120,100,38.5
25 Astronomy and cosmology,25.3 Hubble's law and the Big Bang theory,4 recall and use Hubble's law \(\nu \approx H_0d\) and explain how this leads to the Big Bang theory (candidates will only be required to use SI units),Physics,Cambridge Assessment International Education,Cambridge International AS & A Level,A Level,Paper 4 A Level Structured Questions,9702/4,120,100,38.5
Practical Assessment (Paper 5),Planning,identify the independent variable in the experiment,Physics,Cambridge Assessment International Education,Cambridge International AS & A Level,A Level,"Paper 5 Planning, Analysis and Evaluation",9702/5,75,30,11.5
Practical Assessment (Paper 5),Planning,identify the dependent variable in the experiment,Physics,Cambridge Assessment International Education,Cambridge International AS & A Level,A Level,"Paper 5 Planning, Analysis and Evaluation",9702/5,75,30,11.5
Practical Assessment (Paper 5),Planning,identify the variables that are to be kept constant,Physics,Cambridge Assessment International Education,Cambridge International AS & A Level,A Level,"Paper 5 Planning, Analysis and Evaluation",9702/5,75,30,11.5
Practical Assessment (Paper 5),Planning,describe the method to be used to vary the independent variable,Physics,Cambridge Assessment International Education,Cambridge International AS & A Level,A Level,"Paper 5 Planning, Analysis and Evaluation",9702/5,75,30,11.5
Practical Assessment (Paper 5),Planning,describe how the independent and dependent variables are to be measured,Physics,Cambridge Assessment International Education,Cambridge International AS & A Level,A Level,"Paper 5 Planning, Analysis and Evaluation",9702/5,75,30,11.5
Practical Assessment (Paper 5),Planning,describe how other variables are to be kept constant,Physics,Cambridge Assessment International Education,Cambridge International AS & A Level,A Level,"Paper 5 Planning, Analysis and Evaluation",9702/5,75,30,11.5
Practical Assessment (Paper 5),Planning,"describe, with the aid of a clear labelled diagram, the arrangement of apparatus for the experiment and the procedures to be followed",Physics,Cambridge Assessment International Education,Cambridge International AS & A Level,A Level,"Paper 5 Planning, Analysis and Evaluation",9702/5,75,30,11.5
Practical Assessment (Paper 5),Planning,"describe how the data should be used in order to reach a conclusion, including details of derived quantities to be calculated from graphs",Physics,Cambridge Assessment International Education,Cambridge International AS & A Level,A Level,"Paper 5 Planning, Analysis and Evaluation",9702/5,75,30,11.5
Practical Assessment (Paper 5),Planning,assess the risks of their experiment,Physics,Cambridge Assessment International Education,Cambridge International AS & A Level,A Level,"Paper 5 Planning, Analysis and Evaluation",9702/5,75,30,11.5
Practical Assessment (Paper 5),Planning,describe precautions that should be taken to keep risks to a minimum,Physics,Cambridge Assessment International Education,Cambridge International AS & A Level,A Level,"Paper 5 Planning, Analysis and Evaluation",9702/5,75,30,11.5
Practical Assessment (Paper 5),Planning,"describe the use of an oscilloscope (or storage oscilloscope) to measure voltage, current, time and frequency",Physics,Cambridge Assessment International Education,Cambridge International AS & A Level,A Level,"Paper 5 Planning, Analysis and Evaluation",9702/5,75,30,11.5
Practical Assessment (Paper 5),Planning,"describe how to use light gates connected to a data logger to determine time, velocity and acceleration",Physics,Cambridge Assessment International Education,Cambridge International AS & A Level,A Level,"Paper 5 Planning, Analysis and Evaluation",9702/5,75,30,11.5
Practical Assessment (Paper 5),Planning,"describe how other sensors can be used with a data logger, e.g. motion sensor",Physics,Cambridge Assessment International Education,Cambridge International AS & A Level,A Level,"Paper 5 Planning, Analysis and Evaluation",9702/5,75,30,11.5
Practical Assessment (Paper 5),"Analysis, conclusions and evaluation","rearrange expressions into the forms \(y = mx + c\) , \(y = ax^n\) and \(y = ae^{kx}\)",Physics,Cambridge Assessment International Education,Cambridge International AS & A Level,A Level,"Paper 5 Planning, Analysis and Evaluation",9702/5,75,30,11.5
Practical Assessment (Paper 5),"Analysis, conclusions and evaluation",understand how a graph of \(y\) against \(x\) is used to find the constants \(m\) and \(c\) in an equation of the form \(y = mx + c\),Physics,Cambridge Assessment International Education,Cambridge International AS & A Level,A Level,"Paper 5 Planning, Analysis and Evaluation",9702/5,75,30,11.5
Practical Assessment (Paper 5),"Analysis, conclusions and evaluation",understand how a graph of log \(y\) against log \(x\) is used to find the constants \(a\) and \(n\) in an equation of the form \(y = ax^n\),Physics,Cambridge Assessment International Education,Cambridge International AS & A Level,A Level,"Paper 5 Planning, Analysis and Evaluation",9702/5,75,30,11.5
Practical Assessment (Paper 5),"Analysis, conclusions and evaluation",understand how a graph of \(\ln y\) against \(x\) is used to find the constants \(a\) and \(k\) in an equation of the form \(y = ae^{kx}\),Physics,Cambridge Assessment International Education,Cambridge International AS & A Level,A Level,"Paper 5 Planning, Analysis and Evaluation",9702/5,75,30,11.5
Practical Assessment (Paper 5),"Analysis, conclusions and evaluation",decide what derived quantities to calculate from raw data in order to enable an appropriate graph to be plotted,Physics,Cambridge Assessment International Education,Cambridge International AS & A Level,A Level,"Paper 5 Planning, Analysis and Evaluation",9702/5,75,30,11.5
Practical Assessment (Paper 5),"Analysis, conclusions and evaluation",complete a table of results following the conventions required for Paper 3,Physics,Cambridge Assessment International Education,Cambridge International AS & A Level,A Level,"Paper 5 Planning, Analysis and Evaluation",9702/5,75,30,11.5
Practical Assessment (Paper 5),"Analysis, conclusions and evaluation",calculate other quantities from raw data and record them in a table,Physics,Cambridge Assessment International Education,Cambridge International AS & A Level,A Level,"Paper 5 Planning, Analysis and Evaluation",9702/5,75,30,11.5
Practical Assessment (Paper 5),"Analysis, conclusions and evaluation",use the correct number of significant figures for calculated quantities following the conventions required for Paper 3,Physics,Cambridge Assessment International Education,Cambridge International AS & A Level,A Level,"Paper 5 Planning, Analysis and Evaluation",9702/5,75,30,11.5
Practical Assessment (Paper 5),"Analysis, conclusions and evaluation",plot a graph following the conventions required for Paper 3,Physics,Cambridge Assessment International Education,Cambridge International AS & A Level,A Level,"Paper 5 Planning, Analysis and Evaluation",9702/5,75,30,11.5
Practical Assessment (Paper 5),"Analysis, conclusions and evaluation","show error bars, in both directions where appropriate, for each point on the graph",Physics,Cambridge Assessment International Education,Cambridge International AS & A Level,A Level,"Paper 5 Planning, Analysis and Evaluation",9702/5,75,30,11.5
Practical Assessment (Paper 5),"Analysis, conclusions and evaluation",draw a straight line of best fit and a worst acceptable straight line through the points on the graph,Physics,Cambridge Assessment International Education,Cambridge International AS & A Level,A Level,"Paper 5 Planning, Analysis and Evaluation",9702/5,75,30,11.5
Practical Assessment (Paper 5),"Analysis, conclusions and evaluation",determine the gradient and y-intercept of a straight-line graph,Physics,Cambridge Assessment International Education,Cambridge International AS & A Level,A Level,"Paper 5 Planning, Analysis and Evaluation",9702/5,75,30,11.5
Practical Assessment (Paper 5),"Analysis, conclusions and evaluation",derive expressions that equate to the gradient or the y-intercept of their straight lines of best fit,Physics,Cambridge Assessment International Education,Cambridge International AS & A Level,A Level,"Paper 5 Planning, Analysis and Evaluation",9702/5,75,30,11.5
Practical Assessment (Paper 5),"Analysis, conclusions and evaluation","draw the required conclusions, with correct units and appropriate number of significant figures, from these expressions",Physics,Cambridge Assessment International Education,Cambridge International AS & A Level,A Level,"Paper 5 Planning, Analysis and Evaluation",9702/5,75,30,11.5
Practical Assessment (Paper 5),"Analysis, conclusions and evaluation",convert absolute uncertainty estimates into fractional or percentage uncertainty estimates and vice versa,Physics,Cambridge Assessment International Education,Cambridge International AS & A Level,A Level,"Paper 5 Planning, Analysis and Evaluation",9702/5,75,30,11.5
Practical Assessment (Paper 5),"Analysis, conclusions and evaluation","show uncertainty estimates, in absolute terms, beside every value in a table of results",Physics,Cambridge Assessment International Education,Cambridge International AS & A Level,A Level,"Paper 5 Planning, Analysis and Evaluation",9702/5,75,30,11.5
Practical Assessment (Paper 5),"Analysis, conclusions and evaluation",calculate uncertainty estimates in derived quantities,Physics,Cambridge Assessment International Education,Cambridge International AS & A Level,A Level,"Paper 5 Planning, Analysis and Evaluation",9702/5,75,30,11.5
Practical Assessment (Paper 5),"Analysis, conclusions and evaluation",estimate the absolute uncertainty in the gradient of a graph by recalling that absolute uncertainty = gradient of line of best fit - gradient of worst acceptable line,Physics,Cambridge Assessment International Education,Cambridge International AS & A Level,A Level,"Paper 5 Planning, Analysis and Evaluation",9702/5,75,30,11.5
Practical Assessment (Paper 5),"Analysis, conclusions and evaluation",estimate the absolute uncertainty in the y-intercept of a graph by recalling that absolute uncertainty = y-intercept of line of best fit - y-intercept of worst acceptable line,Physics,Cambridge Assessment International Education,Cambridge International AS & A Level,A Level,"Paper 5 Planning, Analysis and Evaluation",9702/5,75,30,11.5
Practical Assessment (Paper 5),"Analysis, conclusions and evaluation","express a quantity as a value, an uncertainty estimate and a unit",Physics,Cambridge Assessment International Education,Cambridge International AS & A Level,A Level,"Paper 5 Planning, Analysis and Evaluation",9702/5,75,30,11.5
