Main Topic,Subtopic,Learning Outcome,Subject,Exam Board,Qualification,Level,Component Name,Paper Code,Duration (min),Total Marks,Weighting (%)
Basic economic ideas and resource allocation,"Scarcity, choice and opportunity cost",Explain the fundamental economic problem of scarcity,Economics,Cambridge Assessment International Education,Cambridge International AS & A Level,AS Level,Paper 1,9708/1,60,30,33
Basic economic ideas and resource allocation,"Scarcity, choice and opportunity cost",Explain the fundamental economic problem of scarcity,Economics,Cambridge Assessment International Education,Cambridge International AS & A Level,AS Level,Paper 2,9708/2,120,60,67
Basic economic ideas and resource allocation,"Scarcity, choice and opportunity cost","Explain the need to make choices at all levels (individuals, firms, governments)",Economics,Cambridge Assessment International Education,Cambridge International AS & A Level,AS Level,Paper 1,9708/1,60,30,33
Basic economic ideas and resource allocation,"Scarcity, choice and opportunity cost","Explain the need to make choices at all levels (individuals, firms, governments)",Economics,Cambridge Assessment International Education,Cambridge International AS & A Level,AS Level,Paper 2,9708/2,120,60,67
Basic economic ideas and resource allocation,"Scarcity, choice and opportunity cost",Explain the nature and definition of opportunity cost arising from choices,Economics,Cambridge Assessment International Education,Cambridge International AS & A Level,AS Level,Paper 1,9708/1,60,30,33
Basic economic ideas and resource allocation,"Scarcity, choice and opportunity cost",Explain the nature and definition of opportunity cost arising from choices,Economics,Cambridge Assessment International Education,Cambridge International AS & A Level,AS Level,Paper 2,9708/2,120,60,67
Basic economic ideas and resource allocation,"Scarcity, choice and opportunity cost","Explain the basic questions of resource allocation: what to produce, how to produce, for whom to produce",Economics,Cambridge Assessment International Education,Cambridge International AS & A Level,AS Level,Paper 1,9708/1,60,30,33
Basic economic ideas and resource allocation,"Scarcity, choice and opportunity cost","Explain the basic questions of resource allocation: what to produce, how to produce, for whom to produce",Economics,Cambridge Assessment International Education,Cambridge International AS & A Level,AS Level,Paper 2,9708/2,120,60,67
Basic economic ideas and resource allocation,Economic methodology,Explain economics as a social science,Economics,Cambridge Assessment International Education,Cambridge International AS & A Level,AS Level,Paper 1,9708/1,60,30,33
Basic economic ideas and resource allocation,Economic methodology,Explain economics as a social science,Economics,Cambridge Assessment International Education,Cambridge International AS & A Level,AS Level,Paper 2,9708/2,120,60,67
Basic economic ideas and resource allocation,Economic methodology,Distinguish between positive and normative statements (the distinction between facts and value judgements),Economics,Cambridge Assessment International Education,Cambridge International AS & A Level,AS Level,Paper 1,9708/1,60,30,33
Basic economic ideas and resource allocation,Economic methodology,Distinguish between positive and normative statements (the distinction between facts and value judgements),Economics,Cambridge Assessment International Education,Cambridge International AS & A Level,AS Level,Paper 2,9708/2,120,60,67
Basic economic ideas and resource allocation,Economic methodology,Explain the meaning of the term ceteris paribus,Economics,Cambridge Assessment International Education,Cambridge International AS & A Level,AS Level,Paper 1,9708/1,60,30,33
Basic economic ideas and resource allocation,Economic methodology,Explain the meaning of the term ceteris paribus,Economics,Cambridge Assessment International Education,Cambridge International AS & A Level,AS Level,Paper 2,9708/2,120,60,67
Basic economic ideas and resource allocation,Economic methodology,"Explain the importance of the time period (short run, long run, very long run)",Economics,Cambridge Assessment International Education,Cambridge International AS & A Level,AS Level,Paper 1,9708/1,60,30,33
Basic economic ideas and resource allocation,Economic methodology,"Explain the importance of the time period (short run, long run, very long run)",Economics,Cambridge Assessment International Education,Cambridge International AS & A Level,AS Level,Paper 2,9708/2,120,60,67
Basic economic ideas and resource allocation,Factors of production,"Explain the nature and definition of factors of production: land, labour, capital and enterprise",Economics,Cambridge Assessment International Education,Cambridge International AS & A Level,AS Level,Paper 1,9708/1,60,30,33
Basic economic ideas and resource allocation,Factors of production,"Explain the nature and definition of factors of production: land, labour, capital and enterprise",Economics,Cambridge Assessment International Education,Cambridge International AS & A Level,AS Level,Paper 2,9708/2,120,60,67
Basic economic ideas and resource allocation,Factors of production,Explain the difference between human capital and physical capital,Economics,Cambridge Assessment International Education,Cambridge International AS & A Level,AS Level,Paper 1,9708/1,60,30,33
Basic economic ideas and resource allocation,Factors of production,Explain the difference between human capital and physical capital,Economics,Cambridge Assessment International Education,Cambridge International AS & A Level,AS Level,Paper 2,9708/2,120,60,67
Basic economic ideas and resource allocation,Factors of production,Explain the rewards to the factors of production,Economics,Cambridge Assessment International Education,Cambridge International AS & A Level,AS Level,Paper 1,9708/1,60,30,33
Basic economic ideas and resource allocation,Factors of production,Explain the rewards to the factors of production,Economics,Cambridge Assessment International Education,Cambridge International AS & A Level,AS Level,Paper 2,9708/2,120,60,67
Basic economic ideas and resource allocation,Factors of production,Explain division of labour and specialisation,Economics,Cambridge Assessment International Education,Cambridge International AS & A Level,AS Level,Paper 1,9708/1,60,30,33
Basic economic ideas and resource allocation,Factors of production,Explain division of labour and specialisation,Economics,Cambridge Assessment International Education,Cambridge International AS & A Level,AS Level,Paper 2,9708/2,120,60,67
Basic economic ideas and resource allocation,Factors of production,Explain the role of the entrepreneur in contemporary economies: risk and organisation of the other factors of production,Economics,Cambridge Assessment International Education,Cambridge International AS & A Level,AS Level,Paper 1,9708/1,60,30,33
Basic economic ideas and resource allocation,Factors of production,Explain the role of the entrepreneur in contemporary economies: risk and organisation of the other factors of production,Economics,Cambridge Assessment International Education,Cambridge International AS & A Level,AS Level,Paper 2,9708/2,120,60,67
Basic economic ideas and resource allocation,Resource allocation in different economic systems,"Explain decision-making in market, planned and mixed economies",Economics,Cambridge Assessment International Education,Cambridge International AS & A Level,AS Level,Paper 1,9708/1,60,30,33
Basic economic ideas and resource allocation,Resource allocation in different economic systems,"Explain decision-making in market, planned and mixed economies",Economics,Cambridge Assessment International Education,Cambridge International AS & A Level,AS Level,Paper 2,9708/2,120,60,67
Basic economic ideas and resource allocation,Resource allocation in different economic systems,Explain resource allocation in these economic systems,Economics,Cambridge Assessment International Education,Cambridge International AS & A Level,AS Level,Paper 1,9708/1,60,30,33
Basic economic ideas and resource allocation,Resource allocation in different economic systems,Explain resource allocation in these economic systems,Economics,Cambridge Assessment International Education,Cambridge International AS & A Level,AS Level,Paper 2,9708/2,120,60,67
Basic economic ideas and resource allocation,Production possibility curves,Explain the nature and meaning of a production possibility curve (PPC),Economics,Cambridge Assessment International Education,Cambridge International AS & A Level,AS Level,Paper 1,9708/1,60,30,33
Basic economic ideas and resource allocation,Production possibility curves,Explain the nature and meaning of a production possibility curve (PPC),Economics,Cambridge Assessment International Education,Cambridge International AS & A Level,AS Level,Paper 2,9708/2,120,60,67
Basic economic ideas and resource allocation,Production possibility curves,Explain the shape of the PPC: constant and increasing opportunity costs,Economics,Cambridge Assessment International Education,Cambridge International AS & A Level,AS Level,Paper 1,9708/1,60,30,33
Basic economic ideas and resource allocation,Production possibility curves,Explain the shape of the PPC: constant and increasing opportunity costs,Economics,Cambridge Assessment International Education,Cambridge International AS & A Level,AS Level,Paper 2,9708/2,120,60,67
Basic economic ideas and resource allocation,Production possibility curves,Explain the causes and consequences of shifts in a PPC,Economics,Cambridge Assessment International Education,Cambridge International AS & A Level,AS Level,Paper 1,9708/1,60,30,33
Basic economic ideas and resource allocation,Production possibility curves,Explain the causes and consequences of shifts in a PPC,Economics,Cambridge Assessment International Education,Cambridge International AS & A Level,AS Level,Paper 2,9708/2,120,60,67
Basic economic ideas and resource allocation,Production possibility curves,Explain the significance of a position within a PPC,Economics,Cambridge Assessment International Education,Cambridge International AS & A Level,AS Level,Paper 1,9708/1,60,30,33
Basic economic ideas and resource allocation,Production possibility curves,Explain the significance of a position within a PPC,Economics,Cambridge Assessment International Education,Cambridge International AS & A Level,AS Level,Paper 2,9708/2,120,60,67
Basic economic ideas and resource allocation,Classification of goods and services,Explain the nature and definition of free goods and private goods (economic goods),Economics,Cambridge Assessment International Education,Cambridge International AS & A Level,AS Level,Paper 1,9708/1,60,30,33
Basic economic ideas and resource allocation,Classification of goods and services,Explain the nature and definition of free goods and private goods (economic goods),Economics,Cambridge Assessment International Education,Cambridge International AS & A Level,AS Level,Paper 2,9708/2,120,60,67
Basic economic ideas and resource allocation,Classification of goods and services,Explain the nature and definition of public goods,Economics,Cambridge Assessment International Education,Cambridge International AS & A Level,AS Level,Paper 1,9708/1,60,30,33
Basic economic ideas and resource allocation,Classification of goods and services,Explain the nature and definition of public goods,Economics,Cambridge Assessment International Education,Cambridge International AS & A Level,AS Level,Paper 2,9708/2,120,60,67
Basic economic ideas and resource allocation,Classification of goods and services,Explain the nature and definition of merit goods: under-consumption as a result of imperfect information in the market,Economics,Cambridge Assessment International Education,Cambridge International AS & A Level,AS Level,Paper 1,9708/1,60,30,33
Basic economic ideas and resource allocation,Classification of goods and services,Explain the nature and definition of merit goods: under-consumption as a result of imperfect information in the market,Economics,Cambridge Assessment International Education,Cambridge International AS & A Level,AS Level,Paper 2,9708/2,120,60,67
Basic economic ideas and resource allocation,Classification of goods and services,Explain the nature and definition of demerit goods: over-consumption as a result of imperfect information in the market,Economics,Cambridge Assessment International Education,Cambridge International AS & A Level,AS Level,Paper 1,9708/1,60,30,33
Basic economic ideas and resource allocation,Classification of goods and services,Explain the nature and definition of demerit goods: over-consumption as a result of imperfect information in the market,Economics,Cambridge Assessment International Education,Cambridge International AS & A Level,AS Level,Paper 2,9708/2,120,60,67
The price system and the microeconomy,Demand and supply curves,Explain effective demand,Economics,Cambridge Assessment International Education,Cambridge International AS & A Level,AS Level,Paper 1,9708/1,60,30,33
The price system and the microeconomy,Demand and supply curves,Explain effective demand,Economics,Cambridge Assessment International Education,Cambridge International AS & A Level,AS Level,Paper 2,9708/2,120,60,67
The price system and the microeconomy,Demand and supply curves,Explain individual and market demand and supply,Economics,Cambridge Assessment International Education,Cambridge International AS & A Level,AS Level,Paper 1,9708/1,60,30,33
The price system and the microeconomy,Demand and supply curves,Explain individual and market demand and supply,Economics,Cambridge Assessment International Education,Cambridge International AS & A Level,AS Level,Paper 2,9708/2,120,60,67
The price system and the microeconomy,Demand and supply curves,Explain the determinants of demand,Economics,Cambridge Assessment International Education,Cambridge International AS & A Level,AS Level,Paper 1,9708/1,60,30,33
The price system and the microeconomy,Demand and supply curves,Explain the determinants of demand,Economics,Cambridge Assessment International Education,Cambridge International AS & A Level,AS Level,Paper 2,9708/2,120,60,67
The price system and the microeconomy,Demand and supply curves,Explain the determinants of supply,Economics,Cambridge Assessment International Education,Cambridge International AS & A Level,AS Level,Paper 1,9708/1,60,30,33
The price system and the microeconomy,Demand and supply curves,Explain the determinants of supply,Economics,Cambridge Assessment International Education,Cambridge International AS & A Level,AS Level,Paper 2,9708/2,120,60,67
The price system and the microeconomy,Demand and supply curves,Explain the causes of a shift in the demand curve (D),Economics,Cambridge Assessment International Education,Cambridge International AS & A Level,AS Level,Paper 1,9708/1,60,30,33
The price system and the microeconomy,Demand and supply curves,Explain the causes of a shift in the demand curve (D),Economics,Cambridge Assessment International Education,Cambridge International AS & A Level,AS Level,Paper 2,9708/2,120,60,67
The price system and the microeconomy,Demand and supply curves,Explain the causes of a shift in the supply curve (S),Economics,Cambridge Assessment International Education,Cambridge International AS & A Level,AS Level,Paper 1,9708/1,60,30,33
The price system and the microeconomy,Demand and supply curves,Explain the causes of a shift in the supply curve (S),Economics,Cambridge Assessment International Education,Cambridge International AS & A Level,AS Level,Paper 2,9708/2,120,60,67
The price system and the microeconomy,Demand and supply curves,Distinguish between the shift in the demand or supply curve and the movement along these curves,Economics,Cambridge Assessment International Education,Cambridge International AS & A Level,AS Level,Paper 1,9708/1,60,30,33
The price system and the microeconomy,Demand and supply curves,Distinguish between the shift in the demand or supply curve and the movement along these curves,Economics,Cambridge Assessment International Education,Cambridge International AS & A Level,AS Level,Paper 2,9708/2,120,60,67
The price system and the microeconomy,"Price elasticity, income elasticity and cross elasticity of demand","Define price elasticity, income elasticity and cross elasticity of demand (PED, YED, XED)",Economics,Cambridge Assessment International Education,Cambridge International AS & A Level,AS Level,Paper 1,9708/1,60,30,33
The price system and the microeconomy,"Price elasticity, income elasticity and cross elasticity of demand","Define price elasticity, income elasticity and cross elasticity of demand (PED, YED, XED)",Economics,Cambridge Assessment International Education,Cambridge International AS & A Level,AS Level,Paper 2,9708/2,120,60,67
The price system and the microeconomy,"Price elasticity, income elasticity and cross elasticity of demand","Use formulae for and calculation of price elasticity, income elasticity and cross elasticity of demand",Economics,Cambridge Assessment International Education,Cambridge International AS & A Level,AS Level,Paper 1,9708/1,60,30,33
The price system and the microeconomy,"Price elasticity, income elasticity and cross elasticity of demand","Use formulae for and calculation of price elasticity, income elasticity and cross elasticity of demand",Economics,Cambridge Assessment International Education,Cambridge International AS & A Level,AS Level,Paper 2,9708/2,120,60,67
The price system and the microeconomy,"Price elasticity, income elasticity and cross elasticity of demand","Explain the significance of relative percentage changes, the size and sign of the coefficient of price elasticity of demand",Economics,Cambridge Assessment International Education,Cambridge International AS & A Level,AS Level,Paper 1,9708/1,60,30,33
The price system and the microeconomy,"Price elasticity, income elasticity and cross elasticity of demand","Explain the significance of relative percentage changes, the size and sign of the coefficient of price elasticity of demand",Economics,Cambridge Assessment International Education,Cambridge International AS & A Level,AS Level,Paper 2,9708/2,120,60,67
The price system and the microeconomy,"Price elasticity, income elasticity and cross elasticity of demand","Explain the significance of relative percentage changes, the size and sign of the coefficient of income elasticity of demand",Economics,Cambridge Assessment International Education,Cambridge International AS & A Level,AS Level,Paper 1,9708/1,60,30,33
The price system and the microeconomy,"Price elasticity, income elasticity and cross elasticity of demand","Explain the significance of relative percentage changes, the size and sign of the coefficient of income elasticity of demand",Economics,Cambridge Assessment International Education,Cambridge International AS & A Level,AS Level,Paper 2,9708/2,120,60,67
The price system and the microeconomy,"Price elasticity, income elasticity and cross elasticity of demand","Explain the significance of relative percentage changes, the size and sign of the coefficient of cross elasticity of demand",Economics,Cambridge Assessment International Education,Cambridge International AS & A Level,AS Level,Paper 1,9708/1,60,30,33
The price system and the microeconomy,"Price elasticity, income elasticity and cross elasticity of demand","Explain the significance of relative percentage changes, the size and sign of the coefficient of cross elasticity of demand",Economics,Cambridge Assessment International Education,Cambridge International AS & A Level,AS Level,Paper 2,9708/2,120,60,67
The price system and the microeconomy,"Price elasticity, income elasticity and cross elasticity of demand","Describe elasticity values: perfectly elastic, (highly) elastic, unitary elasticity, (highly) inelastic, perfectly inelastic",Economics,Cambridge Assessment International Education,Cambridge International AS & A Level,AS Level,Paper 1,9708/1,60,30,33
The price system and the microeconomy,"Price elasticity, income elasticity and cross elasticity of demand","Describe elasticity values: perfectly elastic, (highly) elastic, unitary elasticity, (highly) inelastic, perfectly inelastic",Economics,Cambridge Assessment International Education,Cambridge International AS & A Level,AS Level,Paper 2,9708/2,120,60,67
The price system and the microeconomy,"Price elasticity, income elasticity and cross elasticity of demand",Explain variation in price elasticity of demand along the length of a straight-line demand curve,Economics,Cambridge Assessment International Education,Cambridge International AS & A Level,AS Level,Paper 1,9708/1,60,30,33
The price system and the microeconomy,"Price elasticity, income elasticity and cross elasticity of demand",Explain variation in price elasticity of demand along the length of a straight-line demand curve,Economics,Cambridge Assessment International Education,Cambridge International AS & A Level,AS Level,Paper 2,9708/2,120,60,67
The price system and the microeconomy,"Price elasticity, income elasticity and cross elasticity of demand",Explain factors affecting price elasticity of demand,Economics,Cambridge Assessment International Education,Cambridge International AS & A Level,AS Level,Paper 1,9708/1,60,30,33
The price system and the microeconomy,"Price elasticity, income elasticity and cross elasticity of demand",Explain factors affecting price elasticity of demand,Economics,Cambridge Assessment International Education,Cambridge International AS & A Level,AS Level,Paper 2,9708/2,120,60,67
The price system and the microeconomy,"Price elasticity, income elasticity and cross elasticity of demand",Explain factors affecting income elasticity of demand,Economics,Cambridge Assessment International Education,Cambridge International AS & A Level,AS Level,Paper 1,9708/1,60,30,33
The price system and the microeconomy,"Price elasticity, income elasticity and cross elasticity of demand",Explain factors affecting income elasticity of demand,Economics,Cambridge Assessment International Education,Cambridge International AS & A Level,AS Level,Paper 2,9708/2,120,60,67
The price system and the microeconomy,"Price elasticity, income elasticity and cross elasticity of demand",Explain factors affecting cross elasticity of demand,Economics,Cambridge Assessment International Education,Cambridge International AS & A Level,AS Level,Paper 1,9708/1,60,30,33
The price system and the microeconomy,"Price elasticity, income elasticity and cross elasticity of demand",Explain factors affecting cross elasticity of demand,Economics,Cambridge Assessment International Education,Cambridge International AS & A Level,AS Level,Paper 2,9708/2,120,60,67
The price system and the microeconomy,"Price elasticity, income elasticity and cross elasticity of demand",Explain the relationship between price elasticity of demand and total expenditure on a product,Economics,Cambridge Assessment International Education,Cambridge International AS & A Level,AS Level,Paper 1,9708/1,60,30,33
The price system and the microeconomy,"Price elasticity, income elasticity and cross elasticity of demand",Explain the relationship between price elasticity of demand and total expenditure on a product,Economics,Cambridge Assessment International Education,Cambridge International AS & A Level,AS Level,Paper 2,9708/2,120,60,67
The price system and the microeconomy,"Price elasticity, income elasticity and cross elasticity of demand","Explain the implications for decision-making of price elasticity, income elasticity and cross elasticity of demand",Economics,Cambridge Assessment International Education,Cambridge International AS & A Level,AS Level,Paper 1,9708/1,60,30,33
The price system and the microeconomy,"Price elasticity, income elasticity and cross elasticity of demand","Explain the implications for decision-making of price elasticity, income elasticity and cross elasticity of demand",Economics,Cambridge Assessment International Education,Cambridge International AS & A Level,AS Level,Paper 2,9708/2,120,60,67
The price system and the microeconomy,Price elasticity of supply,Define price elasticity of supply (PES),Economics,Cambridge Assessment International Education,Cambridge International AS & A Level,AS Level,Paper 1,9708/1,60,30,33
The price system and the microeconomy,Price elasticity of supply,Define price elasticity of supply (PES),Economics,Cambridge Assessment International Education,Cambridge International AS & A Level,AS Level,Paper 2,9708/2,120,60,67
The price system and the microeconomy,Price elasticity of supply,Use formula for and calculation of price elasticity of supply,Economics,Cambridge Assessment International Education,Cambridge International AS & A Level,AS Level,Paper 1,9708/1,60,30,33
The price system and the microeconomy,Price elasticity of supply,Use formula for and calculation of price elasticity of supply,Economics,Cambridge Assessment International Education,Cambridge International AS & A Level,AS Level,Paper 2,9708/2,120,60,67
The price system and the microeconomy,Price elasticity of supply,"Explain the significance of relative percentage changes, the size and sign of the coefficient of price elasticity of supply",Economics,Cambridge Assessment International Education,Cambridge International AS & A Level,AS Level,Paper 1,9708/1,60,30,33
The price system and the microeconomy,Price elasticity of supply,"Explain the significance of relative percentage changes, the size and sign of the coefficient of price elasticity of supply",Economics,Cambridge Assessment International Education,Cambridge International AS & A Level,AS Level,Paper 2,9708/2,120,60,67
The price system and the microeconomy,Price elasticity of supply,Explain factors affecting price elasticity of supply,Economics,Cambridge Assessment International Education,Cambridge International AS & A Level,AS Level,Paper 1,9708/1,60,30,33
The price system and the microeconomy,Price elasticity of supply,Explain factors affecting price elasticity of supply,Economics,Cambridge Assessment International Education,Cambridge International AS & A Level,AS Level,Paper 2,9708/2,120,60,67
The price system and the microeconomy,Price elasticity of supply,Explain the implications for speed and ease with which firms react to changed market conditions,Economics,Cambridge Assessment International Education,Cambridge International AS & A Level,AS Level,Paper 1,9708/1,60,30,33
The price system and the microeconomy,Price elasticity of supply,Explain the implications for speed and ease with which firms react to changed market conditions,Economics,Cambridge Assessment International Education,Cambridge International AS & A Level,AS Level,Paper 2,9708/2,120,60,67
The price system and the microeconomy,The interaction of demand and supply,Define market equilibrium and disequilibrium,Economics,Cambridge Assessment International Education,Cambridge International AS & A Level,AS Level,Paper 1,9708/1,60,30,33
The price system and the microeconomy,The interaction of demand and supply,Define market equilibrium and disequilibrium,Economics,Cambridge Assessment International Education,Cambridge International AS & A Level,AS Level,Paper 2,9708/2,120,60,67
The price system and the microeconomy,The interaction of demand and supply,Explain the effects of shifts in demand and supply curves on equilibrium price and quantity,Economics,Cambridge Assessment International Education,Cambridge International AS & A Level,AS Level,Paper 1,9708/1,60,30,33
The price system and the microeconomy,The interaction of demand and supply,Explain the effects of shifts in demand and supply curves on equilibrium price and quantity,Economics,Cambridge Assessment International Education,Cambridge International AS & A Level,AS Level,Paper 2,9708/2,120,60,67
The price system and the microeconomy,The interaction of demand and supply,"Explain relationships between different markets: joint demand (complements), alternative demand (substitutes), derived demand, joint supply",Economics,Cambridge Assessment International Education,Cambridge International AS & A Level,AS Level,Paper 1,9708/1,60,30,33
The price system and the microeconomy,The interaction of demand and supply,"Explain relationships between different markets: joint demand (complements), alternative demand (substitutes), derived demand, joint supply",Economics,Cambridge Assessment International Education,Cambridge International AS & A Level,AS Level,Paper 2,9708/2,120,60,67
The price system and the microeconomy,The interaction of demand and supply,"Explain the functions of price in resource allocation; rationing, signalling (transmission of preferences) and incentivising",Economics,Cambridge Assessment International Education,Cambridge International AS & A Level,AS Level,Paper 1,9708/1,60,30,33
The price system and the microeconomy,The interaction of demand and supply,"Explain the functions of price in resource allocation; rationing, signalling (transmission of preferences) and incentivising",Economics,Cambridge Assessment International Education,Cambridge International AS & A Level,AS Level,Paper 2,9708/2,120,60,67
The price system and the microeconomy,Consumer and producer surplus,Explain the meaning and significance of consumer surplus,Economics,Cambridge Assessment International Education,Cambridge International AS & A Level,AS Level,Paper 1,9708/1,60,30,33
The price system and the microeconomy,Consumer and producer surplus,Explain the meaning and significance of consumer surplus,Economics,Cambridge Assessment International Education,Cambridge International AS & A Level,AS Level,Paper 2,9708/2,120,60,67
The price system and the microeconomy,Consumer and producer surplus,Explain the meaning and significance of producer surplus,Economics,Cambridge Assessment International Education,Cambridge International AS & A Level,AS Level,Paper 1,9708/1,60,30,33
The price system and the microeconomy,Consumer and producer surplus,Explain the meaning and significance of producer surplus,Economics,Cambridge Assessment International Education,Cambridge International AS & A Level,AS Level,Paper 2,9708/2,120,60,67
The price system and the microeconomy,Consumer and producer surplus,Explain the causes of changes in consumer and producer surplus,Economics,Cambridge Assessment International Education,Cambridge International AS & A Level,AS Level,Paper 1,9708/1,60,30,33
The price system and the microeconomy,Consumer and producer surplus,Explain the causes of changes in consumer and producer surplus,Economics,Cambridge Assessment International Education,Cambridge International AS & A Level,AS Level,Paper 2,9708/2,120,60,67
The price system and the microeconomy,Consumer and producer surplus,Explain the significance of price elasticity of demand and of supply in determining the extent of these changes,Economics,Cambridge Assessment International Education,Cambridge International AS & A Level,AS Level,Paper 1,9708/1,60,30,33
The price system and the microeconomy,Consumer and producer surplus,Explain the significance of price elasticity of demand and of supply in determining the extent of these changes,Economics,Cambridge Assessment International Education,Cambridge International AS & A Level,AS Level,Paper 2,9708/2,120,60,67
Government microeconomy intervention,Reasons for government intervention in markets,Explain addressing the non-provision of public goods,Economics,Cambridge Assessment International Education,Cambridge International AS & A Level,AS Level,Paper 1,9708/1,60,30,33
Government microeconomy intervention,Reasons for government intervention in markets,Explain addressing the non-provision of public goods,Economics,Cambridge Assessment International Education,Cambridge International AS & A Level,AS Level,Paper 2,9708/2,120,60,67
Government microeconomy intervention,Reasons for government intervention in markets,Explain addressing the over-consumption of demerit goods and the under-consumption of merit goods,Economics,Cambridge Assessment International Education,Cambridge International AS & A Level,AS Level,Paper 1,9708/1,60,30,33
Government microeconomy intervention,Reasons for government intervention in markets,Explain addressing the over-consumption of demerit goods and the under-consumption of merit goods,Economics,Cambridge Assessment International Education,Cambridge International AS & A Level,AS Level,Paper 2,9708/2,120,60,67
Government microeconomy intervention,Reasons for government intervention in markets,Explain controlling prices in markets,Economics,Cambridge Assessment International Education,Cambridge International AS & A Level,AS Level,Paper 1,9708/1,60,30,33
Government microeconomy intervention,Reasons for government intervention in markets,Explain controlling prices in markets,Economics,Cambridge Assessment International Education,Cambridge International AS & A Level,AS Level,Paper 2,9708/2,120,60,67
Government microeconomy intervention,Methods and effects of government intervention in markets,Explain the impact and incidence of specific indirect taxes,Economics,Cambridge Assessment International Education,Cambridge International AS & A Level,AS Level,Paper 1,9708/1,60,30,33
Government microeconomy intervention,Methods and effects of government intervention in markets,Explain the impact and incidence of specific indirect taxes,Economics,Cambridge Assessment International Education,Cambridge International AS & A Level,AS Level,Paper 2,9708/2,120,60,67
Government microeconomy intervention,Methods and effects of government intervention in markets,Explain the impact and incidence of subsidies,Economics,Cambridge Assessment International Education,Cambridge International AS & A Level,AS Level,Paper 1,9708/1,60,30,33
Government microeconomy intervention,Methods and effects of government intervention in markets,Explain the impact and incidence of subsidies,Economics,Cambridge Assessment International Education,Cambridge International AS & A Level,AS Level,Paper 2,9708/2,120,60,67
Government microeconomy intervention,Methods and effects of government intervention in markets,Explain direct provision of goods and services,Economics,Cambridge Assessment International Education,Cambridge International AS & A Level,AS Level,Paper 1,9708/1,60,30,33
Government microeconomy intervention,Methods and effects of government intervention in markets,Explain direct provision of goods and services,Economics,Cambridge Assessment International Education,Cambridge International AS & A Level,AS Level,Paper 2,9708/2,120,60,67
Government microeconomy intervention,Methods and effects of government intervention in markets,Explain maximum and minimum prices,Economics,Cambridge Assessment International Education,Cambridge International AS & A Level,AS Level,Paper 1,9708/1,60,30,33
Government microeconomy intervention,Methods and effects of government intervention in markets,Explain maximum and minimum prices,Economics,Cambridge Assessment International Education,Cambridge International AS & A Level,AS Level,Paper 2,9708/2,120,60,67
Government microeconomy intervention,Methods and effects of government intervention in markets,Explain buffer stock schemes,Economics,Cambridge Assessment International Education,Cambridge International AS & A Level,AS Level,Paper 1,9708/1,60,30,33
Government microeconomy intervention,Methods and effects of government intervention in markets,Explain buffer stock schemes,Economics,Cambridge Assessment International Education,Cambridge International AS & A Level,AS Level,Paper 2,9708/2,120,60,67
Government microeconomy intervention,Methods and effects of government intervention in markets,Explain provision of information,Economics,Cambridge Assessment International Education,Cambridge International AS & A Level,AS Level,Paper 1,9708/1,60,30,33
Government microeconomy intervention,Methods and effects of government intervention in markets,Explain provision of information,Economics,Cambridge Assessment International Education,Cambridge International AS & A Level,AS Level,Paper 2,9708/2,120,60,67
Government microeconomy intervention,Addressing income and wealth inequality,Explain the difference between income as a flow concept and wealth as a stock concept,Economics,Cambridge Assessment International Education,Cambridge International AS & A Level,AS Level,Paper 1,9708/1,60,30,33
Government microeconomy intervention,Addressing income and wealth inequality,Explain the difference between income as a flow concept and wealth as a stock concept,Economics,Cambridge Assessment International Education,Cambridge International AS & A Level,AS Level,Paper 2,9708/2,120,60,67
Government microeconomy intervention,Addressing income and wealth inequality,Explain measuring income and wealth inequality: Gini coefficient (calculation not required),Economics,Cambridge Assessment International Education,Cambridge International AS & A Level,AS Level,Paper 1,9708/1,60,30,33
Government microeconomy intervention,Addressing income and wealth inequality,Explain measuring income and wealth inequality: Gini coefficient (calculation not required),Economics,Cambridge Assessment International Education,Cambridge International AS & A Level,AS Level,Paper 2,9708/2,120,60,67
Government microeconomy intervention,Addressing income and wealth inequality,Explain economic reasons for inequality of income and wealth,Economics,Cambridge Assessment International Education,Cambridge International AS & A Level,AS Level,Paper 1,9708/1,60,30,33
Government microeconomy intervention,Addressing income and wealth inequality,Explain economic reasons for inequality of income and wealth,Economics,Cambridge Assessment International Education,Cambridge International AS & A Level,AS Level,Paper 2,9708/2,120,60,67
Government microeconomy intervention,Addressing income and wealth inequality,"Explain policies to redistribute income and wealth: minimum wage, transfer payments, progressive income taxes, inheritance and capital taxes, state provision of essential goods and services",Economics,Cambridge Assessment International Education,Cambridge International AS & A Level,AS Level,Paper 1,9708/1,60,30,33
Government microeconomy intervention,Addressing income and wealth inequality,"Explain policies to redistribute income and wealth: minimum wage, transfer payments, progressive income taxes, inheritance and capital taxes, state provision of essential goods and services",Economics,Cambridge Assessment International Education,Cambridge International AS & A Level,AS Level,Paper 2,9708/2,120,60,67
The macroeconomy,National income statistics,Explain the meaning of national income,Economics,Cambridge Assessment International Education,Cambridge International AS & A Level,AS Level,Paper 1,9708/1,60,30,33
The macroeconomy,National income statistics,Explain the meaning of national income,Economics,Cambridge Assessment International Education,Cambridge International AS & A Level,AS Level,Paper 2,9708/2,120,60,67
The macroeconomy,National income statistics,"Explain the measurement of national income: Gross Domestic Product (GDP), Gross National Income (GNI), Net National Income (NNI)",Economics,Cambridge Assessment International Education,Cambridge International AS & A Level,AS Level,Paper 1,9708/1,60,30,33
The macroeconomy,National income statistics,"Explain the measurement of national income: Gross Domestic Product (GDP), Gross National Income (GNI), Net National Income (NNI)",Economics,Cambridge Assessment International Education,Cambridge International AS & A Level,AS Level,Paper 2,9708/2,120,60,67
The macroeconomy,National income statistics,Explain adjustment of measures from market prices to basic prices,Economics,Cambridge Assessment International Education,Cambridge International AS & A Level,AS Level,Paper 1,9708/1,60,30,33
The macroeconomy,National income statistics,Explain adjustment of measures from market prices to basic prices,Economics,Cambridge Assessment International Education,Cambridge International AS & A Level,AS Level,Paper 2,9708/2,120,60,67
The macroeconomy,National income statistics,Explain adjustment of measures from gross values to net values,Economics,Cambridge Assessment International Education,Cambridge International AS & A Level,AS Level,Paper 1,9708/1,60,30,33
The macroeconomy,National income statistics,Explain adjustment of measures from gross values to net values,Economics,Cambridge Assessment International Education,Cambridge International AS & A Level,AS Level,Paper 2,9708/2,120,60,67
The macroeconomy,Introduction to the circular flow of income,"Explain the circular flow of income in a closed economy and an open economy: the flow of income between households, firms and government and the international economy",Economics,Cambridge Assessment International Education,Cambridge International AS & A Level,AS Level,Paper 1,9708/1,60,30,33
The macroeconomy,Introduction to the circular flow of income,"Explain the circular flow of income in a closed economy and an open economy: the flow of income between households, firms and government and the international economy",Economics,Cambridge Assessment International Education,Cambridge International AS & A Level,AS Level,Paper 2,9708/2,120,60,67
The macroeconomy,Introduction to the circular flow of income,Explain injections and leakages (multiplier not required),Economics,Cambridge Assessment International Education,Cambridge International AS & A Level,AS Level,Paper 1,9708/1,60,30,33
The macroeconomy,Introduction to the circular flow of income,Explain injections and leakages (multiplier not required),Economics,Cambridge Assessment International Education,Cambridge International AS & A Level,AS Level,Paper 2,9708/2,120,60,67
The macroeconomy,Introduction to the circular flow of income,Explain equilibrium and disequilibrium (marginal and average propensities not required),Economics,Cambridge Assessment International Education,Cambridge International AS & A Level,AS Level,Paper 1,9708/1,60,30,33
The macroeconomy,Introduction to the circular flow of income,Explain equilibrium and disequilibrium (marginal and average propensities not required),Economics,Cambridge Assessment International Education,Cambridge International AS & A Level,AS Level,Paper 2,9708/2,120,60,67
The macroeconomy,Aggregate Demand and Aggregate Supply analysis,Define Aggregate Demand (AD),Economics,Cambridge Assessment International Education,Cambridge International AS & A Level,AS Level,Paper 1,9708/1,60,30,33
The macroeconomy,Aggregate Demand and Aggregate Supply analysis,Define Aggregate Demand (AD),Economics,Cambridge Assessment International Education,Cambridge International AS & A Level,AS Level,Paper 2,9708/2,120,60,67
The macroeconomy,Aggregate Demand and Aggregate Supply analysis,Explain the components of AD and their meanings: AD = C + I + G + (X - M),Economics,Cambridge Assessment International Education,Cambridge International AS & A Level,AS Level,Paper 1,9708/1,60,30,33
The macroeconomy,Aggregate Demand and Aggregate Supply analysis,Explain the components of AD and their meanings: AD = C + I + G + (X - M),Economics,Cambridge Assessment International Education,Cambridge International AS & A Level,AS Level,Paper 2,9708/2,120,60,67
The macroeconomy,Aggregate Demand and Aggregate Supply analysis,Explain the determinants of AD (detailed knowledge of the components of AD is not required),Economics,Cambridge Assessment International Education,Cambridge International AS & A Level,AS Level,Paper 1,9708/1,60,30,33
The macroeconomy,Aggregate Demand and Aggregate Supply analysis,Explain the determinants of AD (detailed knowledge of the components of AD is not required),Economics,Cambridge Assessment International Education,Cambridge International AS & A Level,AS Level,Paper 2,9708/2,120,60,67
The macroeconomy,Aggregate Demand and Aggregate Supply analysis,Explain the shape of the AD curve (downward sloping),Economics,Cambridge Assessment International Education,Cambridge International AS & A Level,AS Level,Paper 1,9708/1,60,30,33
The macroeconomy,Aggregate Demand and Aggregate Supply analysis,Explain the shape of the AD curve (downward sloping),Economics,Cambridge Assessment International Education,Cambridge International AS & A Level,AS Level,Paper 2,9708/2,120,60,67
The macroeconomy,Aggregate Demand and Aggregate Supply analysis,Explain the causes of a shift in the AD curve,Economics,Cambridge Assessment International Education,Cambridge International AS & A Level,AS Level,Paper 1,9708/1,60,30,33
The macroeconomy,Aggregate Demand and Aggregate Supply analysis,Explain the causes of a shift in the AD curve,Economics,Cambridge Assessment International Education,Cambridge International AS & A Level,AS Level,Paper 2,9708/2,120,60,67
The macroeconomy,Aggregate Demand and Aggregate Supply analysis,Define Aggregate Supply (AS),Economics,Cambridge Assessment International Education,Cambridge International AS & A Level,AS Level,Paper 1,9708/1,60,30,33
The macroeconomy,Aggregate Demand and Aggregate Supply analysis,Define Aggregate Supply (AS),Economics,Cambridge Assessment International Education,Cambridge International AS & A Level,AS Level,Paper 2,9708/2,120,60,67
The macroeconomy,Aggregate Demand and Aggregate Supply analysis,Explain the determinants of AS,Economics,Cambridge Assessment International Education,Cambridge International AS & A Level,AS Level,Paper 1,9708/1,60,30,33
The macroeconomy,Aggregate Demand and Aggregate Supply analysis,Explain the determinants of AS,Economics,Cambridge Assessment International Education,Cambridge International AS & A Level,AS Level,Paper 2,9708/2,120,60,67
The macroeconomy,Aggregate Demand and Aggregate Supply analysis,"Explain the shape of the AS curve in the short run (SRAS, upward sloping line or sweeping curve) and the long run (LRAS, either a vertical line or in three sections)",Economics,Cambridge Assessment International Education,Cambridge International AS & A Level,AS Level,Paper 1,9708/1,60,30,33
The macroeconomy,Aggregate Demand and Aggregate Supply analysis,"Explain the shape of the AS curve in the short run (SRAS, upward sloping line or sweeping curve) and the long run (LRAS, either a vertical line or in three sections)",Economics,Cambridge Assessment International Education,Cambridge International AS & A Level,AS Level,Paper 2,9708/2,120,60,67
The macroeconomy,Aggregate Demand and Aggregate Supply analysis,Explain the causes of a shift in the AS curve in the short run (SRAS) and in the long run (LRAS),Economics,Cambridge Assessment International Education,Cambridge International AS & A Level,AS Level,Paper 1,9708/1,60,30,33
The macroeconomy,Aggregate Demand and Aggregate Supply analysis,Explain the causes of a shift in the AS curve in the short run (SRAS) and in the long run (LRAS),Economics,Cambridge Assessment International Education,Cambridge International AS & A Level,AS Level,Paper 2,9708/2,120,60,67
The macroeconomy,Aggregate Demand and Aggregate Supply analysis,Distinguish between a movement along and a shift in AD and AS,Economics,Cambridge Assessment International Education,Cambridge International AS & A Level,AS Level,Paper 1,9708/1,60,30,33
The macroeconomy,Aggregate Demand and Aggregate Supply analysis,Distinguish between a movement along and a shift in AD and AS,Economics,Cambridge Assessment International Education,Cambridge International AS & A Level,AS Level,Paper 2,9708/2,120,60,67
The macroeconomy,Aggregate Demand and Aggregate Supply analysis,"Explain the establishment of equilibrium in the AD/AS model and the determination of the level of real output, the price level and employment",Economics,Cambridge Assessment International Education,Cambridge International AS & A Level,AS Level,Paper 1,9708/1,60,30,33
The macroeconomy,Aggregate Demand and Aggregate Supply analysis,"Explain the establishment of equilibrium in the AD/AS model and the determination of the level of real output, the price level and employment",Economics,Cambridge Assessment International Education,Cambridge International AS & A Level,AS Level,Paper 2,9708/2,120,60,67
The macroeconomy,Aggregate Demand and Aggregate Supply analysis,"Explain the effects of shifts in the AD curve and the AS curve on the level of real output, the price level and employment",Economics,Cambridge Assessment International Education,Cambridge International AS & A Level,AS Level,Paper 1,9708/1,60,30,33
The macroeconomy,Aggregate Demand and Aggregate Supply analysis,"Explain the effects of shifts in the AD curve and the AS curve on the level of real output, the price level and employment",Economics,Cambridge Assessment International Education,Cambridge International AS & A Level,AS Level,Paper 2,9708/2,120,60,67
The macroeconomy,Economic growth,Explain the meaning of economic growth,Economics,Cambridge Assessment International Education,Cambridge International AS & A Level,AS Level,Paper 1,9708/1,60,30,33
The macroeconomy,Economic growth,Explain the meaning of economic growth,Economics,Cambridge Assessment International Education,Cambridge International AS & A Level,AS Level,Paper 2,9708/2,120,60,67
The macroeconomy,Economic growth,Explain the measurement of economic growth,Economics,Cambridge Assessment International Education,Cambridge International AS & A Level,AS Level,Paper 1,9708/1,60,30,33
The macroeconomy,Economic growth,Explain the measurement of economic growth,Economics,Cambridge Assessment International Education,Cambridge International AS & A Level,AS Level,Paper 2,9708/2,120,60,67
The macroeconomy,Economic growth,Distinguish between growth in nominal GDP and real GDP,Economics,Cambridge Assessment International Education,Cambridge International AS & A Level,AS Level,Paper 1,9708/1,60,30,33
The macroeconomy,Economic growth,Distinguish between growth in nominal GDP and real GDP,Economics,Cambridge Assessment International Education,Cambridge International AS & A Level,AS Level,Paper 2,9708/2,120,60,67
The macroeconomy,Economic growth,Explain the causes of economic growth,Economics,Cambridge Assessment International Education,Cambridge International AS & A Level,AS Level,Paper 1,9708/1,60,30,33
The macroeconomy,Economic growth,Explain the causes of economic growth,Economics,Cambridge Assessment International Education,Cambridge International AS & A Level,AS Level,Paper 2,9708/2,120,60,67
The macroeconomy,Economic growth,Explain the consequences of economic growth,Economics,Cambridge Assessment International Education,Cambridge International AS & A Level,AS Level,Paper 1,9708/1,60,30,33
The macroeconomy,Economic growth,Explain the consequences of economic growth,Economics,Cambridge Assessment International Education,Cambridge International AS & A Level,AS Level,Paper 2,9708/2,120,60,67
The macroeconomy,Unemployment,Explain the meaning of unemployment,Economics,Cambridge Assessment International Education,Cambridge International AS & A Level,AS Level,Paper 1,9708/1,60,30,33
The macroeconomy,Unemployment,Explain the meaning of unemployment,Economics,Cambridge Assessment International Education,Cambridge International AS & A Level,AS Level,Paper 2,9708/2,120,60,67
The macroeconomy,Unemployment,Explain measures of unemployment with reference to possible difficulties in measurement,Economics,Cambridge Assessment International Education,Cambridge International AS & A Level,AS Level,Paper 1,9708/1,60,30,33
The macroeconomy,Unemployment,Explain measures of unemployment with reference to possible difficulties in measurement,Economics,Cambridge Assessment International Education,Cambridge International AS & A Level,AS Level,Paper 2,9708/2,120,60,67
The macroeconomy,Unemployment,"Explain causes and types of unemployment: frictional, structural, cyclical, seasonal and technological",Economics,Cambridge Assessment International Education,Cambridge International AS & A Level,AS Level,Paper 1,9708/1,60,30,33
The macroeconomy,Unemployment,"Explain causes and types of unemployment: frictional, structural, cyclical, seasonal and technological",Economics,Cambridge Assessment International Education,Cambridge International AS & A Level,AS Level,Paper 2,9708/2,120,60,67
The macroeconomy,Unemployment,Explain the consequences of unemployment,Economics,Cambridge Assessment International Education,Cambridge International AS & A Level,AS Level,Paper 1,9708/1,60,30,33
The macroeconomy,Unemployment,Explain the consequences of unemployment,Economics,Cambridge Assessment International Education,Cambridge International AS & A Level,AS Level,Paper 2,9708/2,120,60,67
The macroeconomy,Price stability,"Define inflation, deflation and disinflation",Economics,Cambridge Assessment International Education,Cambridge International AS & A Level,AS Level,Paper 1,9708/1,60,30,33
The macroeconomy,Price stability,"Define inflation, deflation and disinflation",Economics,Cambridge Assessment International Education,Cambridge International AS & A Level,AS Level,Paper 2,9708/2,120,60,67
The macroeconomy,Price stability,"Explain measurement of changes in the price level: consumer price index (CPI), possible difficulties in measurement",Economics,Cambridge Assessment International Education,Cambridge International AS & A Level,AS Level,Paper 1,9708/1,60,30,33
The macroeconomy,Price stability,"Explain measurement of changes in the price level: consumer price index (CPI), possible difficulties in measurement",Economics,Cambridge Assessment International Education,Cambridge International AS & A Level,AS Level,Paper 2,9708/2,120,60,67
The macroeconomy,Price stability,Distinguish between money values (nominal) and real data,Economics,Cambridge Assessment International Education,Cambridge International AS & A Level,AS Level,Paper 1,9708/1,60,30,33
The macroeconomy,Price stability,Distinguish between money values (nominal) and real data,Economics,Cambridge Assessment International Education,Cambridge International AS & A Level,AS Level,Paper 2,9708/2,120,60,67
The macroeconomy,Price stability,Explain causes of inflation: cost-push and demand-pull inflation,Economics,Cambridge Assessment International Education,Cambridge International AS & A Level,AS Level,Paper 1,9708/1,60,30,33
The macroeconomy,Price stability,Explain causes of inflation: cost-push and demand-pull inflation,Economics,Cambridge Assessment International Education,Cambridge International AS & A Level,AS Level,Paper 2,9708/2,120,60,67
The macroeconomy,Price stability,Explain the consequences of inflation,Economics,Cambridge Assessment International Education,Cambridge International AS & A Level,AS Level,Paper 1,9708/1,60,30,33
The macroeconomy,Price stability,Explain the consequences of inflation,Economics,Cambridge Assessment International Education,Cambridge International AS & A Level,AS Level,Paper 2,9708/2,120,60,67
Government macroeconomic intervention,Government macroeconomic policy objectives,"Explain the use of government policy to achieve macroeconomic objectives: price stability, low unemployment, economic growth (policy conflicts and trade-offs are not required)",Economics,Cambridge Assessment International Education,Cambridge International AS & A Level,AS Level,Paper 1,9708/1,60,30,33
Government macroeconomic intervention,Government macroeconomic policy objectives,"Explain the use of government policy to achieve macroeconomic objectives: price stability, low unemployment, economic growth (policy conflicts and trade-offs are not required)",Economics,Cambridge Assessment International Education,Cambridge International AS & A Level,AS Level,Paper 2,9708/2,120,60,67
Government macroeconomic intervention,Fiscal policy,Explain the meaning of government budget,Economics,Cambridge Assessment International Education,Cambridge International AS & A Level,AS Level,Paper 1,9708/1,60,30,33
Government macroeconomic intervention,Fiscal policy,Explain the meaning of government budget,Economics,Cambridge Assessment International Education,Cambridge International AS & A Level,AS Level,Paper 2,9708/2,120,60,67
Government macroeconomic intervention,Fiscal policy,Distinguish between a government budget deficit and a government budget surplus,Economics,Cambridge Assessment International Education,Cambridge International AS & A Level,AS Level,Paper 1,9708/1,60,30,33
Government macroeconomic intervention,Fiscal policy,Distinguish between a government budget deficit and a government budget surplus,Economics,Cambridge Assessment International Education,Cambridge International AS & A Level,AS Level,Paper 2,9708/2,120,60,67
Government macroeconomic intervention,Fiscal policy,Explain the meaning and significance of the national debt,Economics,Cambridge Assessment International Education,Cambridge International AS & A Level,AS Level,Paper 1,9708/1,60,30,33
Government macroeconomic intervention,Fiscal policy,Explain the meaning and significance of the national debt,Economics,Cambridge Assessment International Education,Cambridge International AS & A Level,AS Level,Paper 2,9708/2,120,60,67
Government macroeconomic intervention,Fiscal policy,"Explain taxation: types of taxes (direct/indirect, progressive/regressive/proportional), rates of tax (marginal and average rates), reasons for taxation",Economics,Cambridge Assessment International Education,Cambridge International AS & A Level,AS Level,Paper 1,9708/1,60,30,33
Government macroeconomic intervention,Fiscal policy,"Explain taxation: types of taxes (direct/indirect, progressive/regressive/proportional), rates of tax (marginal and average rates), reasons for taxation",Economics,Cambridge Assessment International Education,Cambridge International AS & A Level,AS Level,Paper 2,9708/2,120,60,67
Government macroeconomic intervention,Fiscal policy,"Explain government spending: types of spending (capital and current), reasons for government spending",Economics,Cambridge Assessment International Education,Cambridge International AS & A Level,AS Level,Paper 1,9708/1,60,30,33
Government macroeconomic intervention,Fiscal policy,"Explain government spending: types of spending (capital and current), reasons for government spending",Economics,Cambridge Assessment International Education,Cambridge International AS & A Level,AS Level,Paper 2,9708/2,120,60,67
Government macroeconomic intervention,Fiscal policy,Distinguish between expansionary and contractionary fiscal policy,Economics,Cambridge Assessment International Education,Cambridge International AS & A Level,AS Level,Paper 1,9708/1,60,30,33
Government macroeconomic intervention,Fiscal policy,Distinguish between expansionary and contractionary fiscal policy,Economics,Cambridge Assessment International Education,Cambridge International AS & A Level,AS Level,Paper 2,9708/2,120,60,67
Government macroeconomic intervention,Fiscal policy,"Explain AD/AS analysis of the impact of expansionary and contractionary fiscal policy on the equilibrium level of national income and the level of real output, the price level and employment",Economics,Cambridge Assessment International Education,Cambridge International AS & A Level,AS Level,Paper 1,9708/1,60,30,33
Government macroeconomic intervention,Fiscal policy,"Explain AD/AS analysis of the impact of expansionary and contractionary fiscal policy on the equilibrium level of national income and the level of real output, the price level and employment",Economics,Cambridge Assessment International Education,Cambridge International AS & A Level,AS Level,Paper 2,9708/2,120,60,67
Government macroeconomic intervention,Monetary policy,Define monetary policy,Economics,Cambridge Assessment International Education,Cambridge International AS & A Level,AS Level,Paper 1,9708/1,60,30,33
Government macroeconomic intervention,Monetary policy,Define monetary policy,Economics,Cambridge Assessment International Education,Cambridge International AS & A Level,AS Level,Paper 2,9708/2,120,60,67
Government macroeconomic intervention,Monetary policy,"Explain the tools of monetary policy: interest rates, money supply and credit regulations",Economics,Cambridge Assessment International Education,Cambridge International AS & A Level,AS Level,Paper 1,9708/1,60,30,33
Government macroeconomic intervention,Monetary policy,"Explain the tools of monetary policy: interest rates, money supply and credit regulations",Economics,Cambridge Assessment International Education,Cambridge International AS & A Level,AS Level,Paper 2,9708/2,120,60,67
Government macroeconomic intervention,Monetary policy,Distinguish between expansionary and contractionary monetary policy,Economics,Cambridge Assessment International Education,Cambridge International AS & A Level,AS Level,Paper 1,9708/1,60,30,33
Government macroeconomic intervention,Monetary policy,Distinguish between expansionary and contractionary monetary policy,Economics,Cambridge Assessment International Education,Cambridge International AS & A Level,AS Level,Paper 2,9708/2,120,60,67
Government macroeconomic intervention,Monetary policy,"Explain AD/AS analysis of the impact of expansionary and contractionary monetary policy on the equilibrium national income and the level of real output, the price level and employment",Economics,Cambridge Assessment International Education,Cambridge International AS & A Level,AS Level,Paper 1,9708/1,60,30,33
Government macroeconomic intervention,Monetary policy,"Explain AD/AS analysis of the impact of expansionary and contractionary monetary policy on the equilibrium national income and the level of real output, the price level and employment",Economics,Cambridge Assessment International Education,Cambridge International AS & A Level,AS Level,Paper 2,9708/2,120,60,67
Government macroeconomic intervention,Supply-side policy,Explain the meaning of supply-side policy in terms of its effect on LRAS curves,Economics,Cambridge Assessment International Education,Cambridge International AS & A Level,AS Level,Paper 1,9708/1,60,30,33
Government macroeconomic intervention,Supply-side policy,Explain the meaning of supply-side policy in terms of its effect on LRAS curves,Economics,Cambridge Assessment International Education,Cambridge International AS & A Level,AS Level,Paper 2,9708/2,120,60,67
Government macroeconomic intervention,Supply-side policy,Explain the objectives of supply-side policy: increasing productivity and productive capacity,Economics,Cambridge Assessment International Education,Cambridge International AS & A Level,AS Level,Paper 1,9708/1,60,30,33
Government macroeconomic intervention,Supply-side policy,Explain the objectives of supply-side policy: increasing productivity and productive capacity,Economics,Cambridge Assessment International Education,Cambridge International AS & A Level,AS Level,Paper 2,9708/2,120,60,67
Government macroeconomic intervention,Supply-side policy,"Explain the tools of supply-side policy for example training, infrastructure development, support for technological improvement",Economics,Cambridge Assessment International Education,Cambridge International AS & A Level,AS Level,Paper 1,9708/1,60,30,33
Government macroeconomic intervention,Supply-side policy,"Explain the tools of supply-side policy for example training, infrastructure development, support for technological improvement",Economics,Cambridge Assessment International Education,Cambridge International AS & A Level,AS Level,Paper 2,9708/2,120,60,67
Government macroeconomic intervention,Supply-side policy,"Explain AD/AS analysis of the impact of supply-side policy on the equilibrium national income and the level of real output, the price level and employment",Economics,Cambridge Assessment International Education,Cambridge International AS & A Level,AS Level,Paper 1,9708/1,60,30,33
Government macroeconomic intervention,Supply-side policy,"Explain AD/AS analysis of the impact of supply-side policy on the equilibrium national income and the level of real output, the price level and employment",Economics,Cambridge Assessment International Education,Cambridge International AS & A Level,AS Level,Paper 2,9708/2,120,60,67
International economic issues,The reasons for international trade,Distinguish between absolute and comparative advantage,Economics,Cambridge Assessment International Education,Cambridge International AS & A Level,AS Level,Paper 1,9708/1,60,30,33
International economic issues,The reasons for international trade,Distinguish between absolute and comparative advantage,Economics,Cambridge Assessment International Education,Cambridge International AS & A Level,AS Level,Paper 2,9708/2,120,60,67
International economic issues,The reasons for international trade,Explain the benefits of specialisation and free trade (trade liberalisation) including the trading possibility curve,Economics,Cambridge Assessment International Education,Cambridge International AS & A Level,AS Level,Paper 1,9708/1,60,30,33
International economic issues,The reasons for international trade,Explain the benefits of specialisation and free trade (trade liberalisation) including the trading possibility curve,Economics,Cambridge Assessment International Education,Cambridge International AS & A Level,AS Level,Paper 2,9708/2,120,60,67
International economic issues,The reasons for international trade,"Explain exports, imports and the terms of trade: measurement of the terms of trade, causes of changes in the terms of trade, impact of changes in the terms of trade",Economics,Cambridge Assessment International Education,Cambridge International AS & A Level,AS Level,Paper 1,9708/1,60,30,33
International economic issues,The reasons for international trade,"Explain exports, imports and the terms of trade: measurement of the terms of trade, causes of changes in the terms of trade, impact of changes in the terms of trade",Economics,Cambridge Assessment International Education,Cambridge International AS & A Level,AS Level,Paper 2,9708/2,120,60,67
International economic issues,The reasons for international trade,Explain the limitations of the theories of absolute and comparative advantage,Economics,Cambridge Assessment International Education,Cambridge International AS & A Level,AS Level,Paper 1,9708/1,60,30,33
International economic issues,The reasons for international trade,Explain the limitations of the theories of absolute and comparative advantage,Economics,Cambridge Assessment International Education,Cambridge International AS & A Level,AS Level,Paper 2,9708/2,120,60,67
International economic issues,Protectionism,Explain the meaning of protectionism in the context of international trade,Economics,Cambridge Assessment International Education,Cambridge International AS & A Level,AS Level,Paper 1,9708/1,60,30,33
International economic issues,Protectionism,Explain the meaning of protectionism in the context of international trade,Economics,Cambridge Assessment International Education,Cambridge International AS & A Level,AS Level,Paper 2,9708/2,120,60,67
International economic issues,Protectionism,"Explain different tools of protection and their impact: tariffs, import quotas, export subsidies, embargoes, excessive administrative burdens (red tape)",Economics,Cambridge Assessment International Education,Cambridge International AS & A Level,AS Level,Paper 1,9708/1,60,30,33
International economic issues,Protectionism,"Explain different tools of protection and their impact: tariffs, import quotas, export subsidies, embargoes, excessive administrative burdens (red tape)",Economics,Cambridge Assessment International Education,Cambridge International AS & A Level,AS Level,Paper 2,9708/2,120,60,67
International economic issues,Protectionism,Explain arguments for and against protectionism,Economics,Cambridge Assessment International Education,Cambridge International AS & A Level,AS Level,Paper 1,9708/1,60,30,33
International economic issues,Protectionism,Explain arguments for and against protectionism,Economics,Cambridge Assessment International Education,Cambridge International AS & A Level,AS Level,Paper 2,9708/2,120,60,67
International economic issues,Current account of the balance of payments,"Explain the components of the current account of the balance of payments: trade in goods, trade in services, primary income and secondary income; definition of balance and imbalances (deficit and surplus)",Economics,Cambridge Assessment International Education,Cambridge International AS & A Level,AS Level,Paper 1,9708/1,60,30,33
International economic issues,Current account of the balance of payments,"Explain the components of the current account of the balance of payments: trade in goods, trade in services, primary income and secondary income; definition of balance and imbalances (deficit and surplus)",Economics,Cambridge Assessment International Education,Cambridge International AS & A Level,AS Level,Paper 2,9708/2,120,60,67
International economic issues,Current account of the balance of payments,"Calculate: balance of trade in goods, balance of trade in services, balance of trade in goods and services, current account balance (CAB)",Economics,Cambridge Assessment International Education,Cambridge International AS & A Level,AS Level,Paper 1,9708/1,60,30,33
International economic issues,Current account of the balance of payments,"Calculate: balance of trade in goods, balance of trade in services, balance of trade in goods and services, current account balance (CAB)",Economics,Cambridge Assessment International Education,Cambridge International AS & A Level,AS Level,Paper 2,9708/2,120,60,67
International economic issues,Current account of the balance of payments,Explain the causes of imbalances in the current account of the balance of payments,Economics,Cambridge Assessment International Education,Cambridge International AS & A Level,AS Level,Paper 1,9708/1,60,30,33
International economic issues,Current account of the balance of payments,Explain the causes of imbalances in the current account of the balance of payments,Economics,Cambridge Assessment International Education,Cambridge International AS & A Level,AS Level,Paper 2,9708/2,120,60,67
International economic issues,Current account of the balance of payments,Explain the consequences of imbalances in the current account of the balance of payments for the domestic and external economy,Economics,Cambridge Assessment International Education,Cambridge International AS & A Level,AS Level,Paper 1,9708/1,60,30,33
International economic issues,Current account of the balance of payments,Explain the consequences of imbalances in the current account of the balance of payments for the domestic and external economy,Economics,Cambridge Assessment International Education,Cambridge International AS & A Level,AS Level,Paper 2,9708/2,120,60,67
International economic issues,Exchange rates,Define exchange rate,Economics,Cambridge Assessment International Education,Cambridge International AS & A Level,AS Level,Paper 1,9708/1,60,30,33
International economic issues,Exchange rates,Define exchange rate,Economics,Cambridge Assessment International Education,Cambridge International AS & A Level,AS Level,Paper 2,9708/2,120,60,67
International economic issues,Exchange rates,Explain the determination of a floating exchange rate,Economics,Cambridge Assessment International Education,Cambridge International AS & A Level,AS Level,Paper 1,9708/1,60,30,33
International economic issues,Exchange rates,Explain the determination of a floating exchange rate,Economics,Cambridge Assessment International Education,Cambridge International AS & A Level,AS Level,Paper 2,9708/2,120,60,67
International economic issues,Exchange rates,Distinguish between depreciation and appreciation of a floating exchange rate,Economics,Cambridge Assessment International Education,Cambridge International AS & A Level,AS Level,Paper 1,9708/1,60,30,33
International economic issues,Exchange rates,Distinguish between depreciation and appreciation of a floating exchange rate,Economics,Cambridge Assessment International Education,Cambridge International AS & A Level,AS Level,Paper 2,9708/2,120,60,67
International economic issues,Exchange rates,Explain the causes of changes in a floating exchange rate: demand and supply of the currency,Economics,Cambridge Assessment International Education,Cambridge International AS & A Level,AS Level,Paper 1,9708/1,60,30,33
International economic issues,Exchange rates,Explain the causes of changes in a floating exchange rate: demand and supply of the currency,Economics,Cambridge Assessment International Education,Cambridge International AS & A Level,AS Level,Paper 2,9708/2,120,60,67
International economic issues,Exchange rates,"Explain AD/AS analysis of the impact of exchange rate changes on the domestic economy's equilibrium national income and the level of real output, the price level and employment",Economics,Cambridge Assessment International Education,Cambridge International AS & A Level,AS Level,Paper 1,9708/1,60,30,33
International economic issues,Exchange rates,"Explain AD/AS analysis of the impact of exchange rate changes on the domestic economy's equilibrium national income and the level of real output, the price level and employment",Economics,Cambridge Assessment International Education,Cambridge International AS & A Level,AS Level,Paper 2,9708/2,120,60,67
International economic issues,Policies to correct imbalances in the current account of the balance of payments,Explain the government policy objective of stability of the current account,Economics,Cambridge Assessment International Education,Cambridge International AS & A Level,AS Level,Paper 1,9708/1,60,30,33
International economic issues,Policies to correct imbalances in the current account of the balance of payments,Explain the government policy objective of stability of the current account,Economics,Cambridge Assessment International Education,Cambridge International AS & A Level,AS Level,Paper 2,9708/2,120,60,67
International economic issues,Policies to correct imbalances in the current account of the balance of payments,"Explain the effect of fiscal, monetary, supply-side and protectionist policies on the current account",Economics,Cambridge Assessment International Education,Cambridge International AS & A Level,AS Level,Paper 1,9708/1,60,30,33
International economic issues,Policies to correct imbalances in the current account of the balance of payments,"Explain the effect of fiscal, monetary, supply-side and protectionist policies on the current account",Economics,Cambridge Assessment International Education,Cambridge International AS & A Level,AS Level,Paper 2,9708/2,120,60,67
The price system and the microeconomy,Utility,Define and calculate total utility and marginal utility,Economics,Cambridge Assessment International Education,Cambridge International AS & A Level,A Level,Paper 3,9708/3,75,30,17
The price system and the microeconomy,Utility,Define and calculate total utility and marginal utility,Economics,Cambridge Assessment International Education,Cambridge International AS & A Level,A Level,Paper 4,9708/4,120,60,33
The price system and the microeconomy,Utility,Explain diminishing marginal utility,Economics,Cambridge Assessment International Education,Cambridge International AS & A Level,A Level,Paper 3,9708/3,75,30,17
The price system and the microeconomy,Utility,Explain diminishing marginal utility,Economics,Cambridge Assessment International Education,Cambridge International AS & A Level,A Level,Paper 4,9708/4,120,60,33
The price system and the microeconomy,Utility,Explain the equi-marginal principle,Economics,Cambridge Assessment International Education,Cambridge International AS & A Level,A Level,Paper 3,9708/3,75,30,17
The price system and the microeconomy,Utility,Explain the equi-marginal principle,Economics,Cambridge Assessment International Education,Cambridge International AS & A Level,A Level,Paper 4,9708/4,120,60,33
The price system and the microeconomy,Utility,Explain the derivation of an individual demand curve,Economics,Cambridge Assessment International Education,Cambridge International AS & A Level,A Level,Paper 3,9708/3,75,30,17
The price system and the microeconomy,Utility,Explain the derivation of an individual demand curve,Economics,Cambridge Assessment International Education,Cambridge International AS & A Level,A Level,Paper 4,9708/4,120,60,33
The price system and the microeconomy,Utility,Explain the limitations of marginal utility theory and its assumptions of rational behaviour,Economics,Cambridge Assessment International Education,Cambridge International AS & A Level,A Level,Paper 3,9708/3,75,30,17
The price system and the microeconomy,Utility,Explain the limitations of marginal utility theory and its assumptions of rational behaviour,Economics,Cambridge Assessment International Education,Cambridge International AS & A Level,A Level,Paper 4,9708/4,120,60,33
The price system and the microeconomy,Indifference curves and budget lines,Explain the meaning of an indifference curve and a budget line,Economics,Cambridge Assessment International Education,Cambridge International AS & A Level,A Level,Paper 3,9708/3,75,30,17
The price system and the microeconomy,Indifference curves and budget lines,Explain the meaning of an indifference curve and a budget line,Economics,Cambridge Assessment International Education,Cambridge International AS & A Level,A Level,Paper 4,9708/4,120,60,33
The price system and the microeconomy,Indifference curves and budget lines,Explain the causes of a shift in the budget line,Economics,Cambridge Assessment International Education,Cambridge International AS & A Level,A Level,Paper 3,9708/3,75,30,17
The price system and the microeconomy,Indifference curves and budget lines,Explain the causes of a shift in the budget line,Economics,Cambridge Assessment International Education,Cambridge International AS & A Level,A Level,Paper 4,9708/4,120,60,33
The price system and the microeconomy,Indifference curves and budget lines,"Explain income, substitution and price effects for normal, inferior and Giffen goods",Economics,Cambridge Assessment International Education,Cambridge International AS & A Level,A Level,Paper 3,9708/3,75,30,17
The price system and the microeconomy,Indifference curves and budget lines,"Explain income, substitution and price effects for normal, inferior and Giffen goods",Economics,Cambridge Assessment International Education,Cambridge International AS & A Level,A Level,Paper 4,9708/4,120,60,33
The price system and the microeconomy,Indifference curves and budget lines,Explain the limitations of the model of indifference curves,Economics,Cambridge Assessment International Education,Cambridge International AS & A Level,A Level,Paper 3,9708/3,75,30,17
The price system and the microeconomy,Indifference curves and budget lines,Explain the limitations of the model of indifference curves,Economics,Cambridge Assessment International Education,Cambridge International AS & A Level,A Level,Paper 4,9708/4,120,60,33
The price system and the microeconomy,Efficiency and market failure,Define productive efficiency and allocative efficiency,Economics,Cambridge Assessment International Education,Cambridge International AS & A Level,A Level,Paper 3,9708/3,75,30,17
The price system and the microeconomy,Efficiency and market failure,Define productive efficiency and allocative efficiency,Economics,Cambridge Assessment International Education,Cambridge International AS & A Level,A Level,Paper 4,9708/4,120,60,33
The price system and the microeconomy,Efficiency and market failure,Explain the conditions for productive efficiency and allocative efficiency,Economics,Cambridge Assessment International Education,Cambridge International AS & A Level,A Level,Paper 3,9708/3,75,30,17
The price system and the microeconomy,Efficiency and market failure,Explain the conditions for productive efficiency and allocative efficiency,Economics,Cambridge Assessment International Education,Cambridge International AS & A Level,A Level,Paper 4,9708/4,120,60,33
The price system and the microeconomy,Efficiency and market failure,Explain Pareto optimality,Economics,Cambridge Assessment International Education,Cambridge International AS & A Level,A Level,Paper 3,9708/3,75,30,17
The price system and the microeconomy,Efficiency and market failure,Explain Pareto optimality,Economics,Cambridge Assessment International Education,Cambridge International AS & A Level,A Level,Paper 4,9708/4,120,60,33
The price system and the microeconomy,Efficiency and market failure,Define dynamic efficiency,Economics,Cambridge Assessment International Education,Cambridge International AS & A Level,A Level,Paper 3,9708/3,75,30,17
The price system and the microeconomy,Efficiency and market failure,Define dynamic efficiency,Economics,Cambridge Assessment International Education,Cambridge International AS & A Level,A Level,Paper 4,9708/4,120,60,33
The price system and the microeconomy,Efficiency and market failure,Define market failure,Economics,Cambridge Assessment International Education,Cambridge International AS & A Level,A Level,Paper 3,9708/3,75,30,17
The price system and the microeconomy,Efficiency and market failure,Define market failure,Economics,Cambridge Assessment International Education,Cambridge International AS & A Level,A Level,Paper 4,9708/4,120,60,33
The price system and the microeconomy,Efficiency and market failure,Explain reasons for market failure,Economics,Cambridge Assessment International Education,Cambridge International AS & A Level,A Level,Paper 3,9708/3,75,30,17
The price system and the microeconomy,Efficiency and market failure,Explain reasons for market failure,Economics,Cambridge Assessment International Education,Cambridge International AS & A Level,A Level,Paper 4,9708/4,120,60,33
The price system and the microeconomy,"Private costs and benefits, externalities and social costs and benefits","Define and calculate social costs (SC) as the sum of private costs (PC) and external costs (EC), including marginal social costs (MSC), marginal private costs (MPC) and marginal external costs (MEC)",Economics,Cambridge Assessment International Education,Cambridge International AS & A Level,A Level,Paper 3,9708/3,75,30,17
The price system and the microeconomy,"Private costs and benefits, externalities and social costs and benefits","Define and calculate social costs (SC) as the sum of private costs (PC) and external costs (EC), including marginal social costs (MSC), marginal private costs (MPC) and marginal external costs (MEC)",Economics,Cambridge Assessment International Education,Cambridge International AS & A Level,A Level,Paper 4,9708/4,120,60,33
The price system and the microeconomy,"Private costs and benefits, externalities and social costs and benefits","Define and calculate social benefits (SB) as the sum of private benefits (PB) and external benefits (EB), including marginal social benefits (MSB), marginal private benefits (MPB) and marginal external benefits (MEB)",Economics,Cambridge Assessment International Education,Cambridge International AS & A Level,A Level,Paper 3,9708/3,75,30,17
The price system and the microeconomy,"Private costs and benefits, externalities and social costs and benefits","Define and calculate social benefits (SB) as the sum of private benefits (PB) and external benefits (EB), including marginal social benefits (MSB), marginal private benefits (MPB) and marginal external benefits (MEB)",Economics,Cambridge Assessment International Education,Cambridge International AS & A Level,A Level,Paper 4,9708/4,120,60,33
The price system and the microeconomy,"Private costs and benefits, externalities and social costs and benefits",Define positive externality and negative externality,Economics,Cambridge Assessment International Education,Cambridge International AS & A Level,A Level,Paper 3,9708/3,75,30,17
The price system and the microeconomy,"Private costs and benefits, externalities and social costs and benefits",Define positive externality and negative externality,Economics,Cambridge Assessment International Education,Cambridge International AS & A Level,A Level,Paper 4,9708/4,120,60,33
The price system and the microeconomy,"Private costs and benefits, externalities and social costs and benefits",Explain positive and negative externalities of both consumption and production,Economics,Cambridge Assessment International Education,Cambridge International AS & A Level,A Level,Paper 3,9708/3,75,30,17
The price system and the microeconomy,"Private costs and benefits, externalities and social costs and benefits",Explain positive and negative externalities of both consumption and production,Economics,Cambridge Assessment International Education,Cambridge International AS & A Level,A Level,Paper 4,9708/4,120,60,33
The price system and the microeconomy,"Private costs and benefits, externalities and social costs and benefits",Explain deadweight welfare losses arising from positive and negative externalities,Economics,Cambridge Assessment International Education,Cambridge International AS & A Level,A Level,Paper 3,9708/3,75,30,17
The price system and the microeconomy,"Private costs and benefits, externalities and social costs and benefits",Explain deadweight welfare losses arising from positive and negative externalities,Economics,Cambridge Assessment International Education,Cambridge International AS & A Level,A Level,Paper 4,9708/4,120,60,33
The price system and the microeconomy,"Private costs and benefits, externalities and social costs and benefits",Explain asymmetric information and moral hazard,Economics,Cambridge Assessment International Education,Cambridge International AS & A Level,A Level,Paper 3,9708/3,75,30,17
The price system and the microeconomy,"Private costs and benefits, externalities and social costs and benefits",Explain asymmetric information and moral hazard,Economics,Cambridge Assessment International Education,Cambridge International AS & A Level,A Level,Paper 4,9708/4,120,60,33
The price system and the microeconomy,"Private costs and benefits, externalities and social costs and benefits",Explain the use of costs and benefits in analysing decisions (knowledge of net present value is not required),Economics,Cambridge Assessment International Education,Cambridge International AS & A Level,A Level,Paper 3,9708/3,75,30,17
The price system and the microeconomy,"Private costs and benefits, externalities and social costs and benefits",Explain the use of costs and benefits in analysing decisions (knowledge of net present value is not required),Economics,Cambridge Assessment International Education,Cambridge International AS & A Level,A Level,Paper 4,9708/4,120,60,33
The price system and the microeconomy,"Types of cost, revenue and profit, short-run and long-run production","Explain the short-run production function: fixed and variable factors of production; definition and calculation of total product, average product and marginal product; law of diminishing returns (law of variable proportions)",Economics,Cambridge Assessment International Education,Cambridge International AS & A Level,A Level,Paper 3,9708/3,75,30,17
The price system and the microeconomy,"Types of cost, revenue and profit, short-run and long-run production","Explain the short-run production function: fixed and variable factors of production; definition and calculation of total product, average product and marginal product; law of diminishing returns (law of variable proportions)",Economics,Cambridge Assessment International Education,Cambridge International AS & A Level,A Level,Paper 4,9708/4,120,60,33
The price system and the microeconomy,"Types of cost, revenue and profit, short-run and long-run production",Explain the short-run cost function: definition and calculation of fixed costs (FC) and variable costs (VC),Economics,Cambridge Assessment International Education,Cambridge International AS & A Level,A Level,Paper 3,9708/3,75,30,17
The price system and the microeconomy,"Types of cost, revenue and profit, short-run and long-run production",Explain the short-run cost function: definition and calculation of fixed costs (FC) and variable costs (VC),Economics,Cambridge Assessment International Education,Cambridge International AS & A Level,A Level,Paper 4,9708/4,120,60,33
The price system and the microeconomy,"Types of cost, revenue and profit, short-run and long-run production","Explain the short-run cost function: definition and calculation of total, average and marginal costs (TC, AC, MC), including average total cost (ATC), total and average fixed costs (TFC, AFC) and total and average variable costs (TVC, AVC)",Economics,Cambridge Assessment International Education,Cambridge International AS & A Level,A Level,Paper 3,9708/3,75,30,17
The price system and the microeconomy,"Types of cost, revenue and profit, short-run and long-run production","Explain the short-run cost function: definition and calculation of total, average and marginal costs (TC, AC, MC), including average total cost (ATC), total and average fixed costs (TFC, AFC) and total and average variable costs (TVC, AVC)",Economics,Cambridge Assessment International Education,Cambridge International AS & A Level,A Level,Paper 4,9708/4,120,60,33
The price system and the microeconomy,"Types of cost, revenue and profit, short-run and long-run production",Explain the short-run cost function: explanation of shape of short-run average cost and marginal cost curves,Economics,Cambridge Assessment International Education,Cambridge International AS & A Level,A Level,Paper 3,9708/3,75,30,17
The price system and the microeconomy,"Types of cost, revenue and profit, short-run and long-run production",Explain the short-run cost function: explanation of shape of short-run average cost and marginal cost curves,Economics,Cambridge Assessment International Education,Cambridge International AS & A Level,A Level,Paper 4,9708/4,120,60,33
The price system and the microeconomy,"Types of cost, revenue and profit, short-run and long-run production",Explain the long-run production function: no fixed factors of production; returns to scale,Economics,Cambridge Assessment International Education,Cambridge International AS & A Level,A Level,Paper 3,9708/3,75,30,17
The price system and the microeconomy,"Types of cost, revenue and profit, short-run and long-run production",Explain the long-run production function: no fixed factors of production; returns to scale,Economics,Cambridge Assessment International Education,Cambridge International AS & A Level,A Level,Paper 4,9708/4,120,60,33
The price system and the microeconomy,"Types of cost, revenue and profit, short-run and long-run production",Explain the long-run cost function: explanation of shape of long-run average cost curve; concept of minimum efficient scale,Economics,Cambridge Assessment International Education,Cambridge International AS & A Level,A Level,Paper 3,9708/3,75,30,17
The price system and the microeconomy,"Types of cost, revenue and profit, short-run and long-run production",Explain the long-run cost function: explanation of shape of long-run average cost curve; concept of minimum efficient scale,Economics,Cambridge Assessment International Education,Cambridge International AS & A Level,A Level,Paper 4,9708/4,120,60,33
The price system and the microeconomy,"Types of cost, revenue and profit, short-run and long-run production",Explain the relationship between economies of scale and decreasing average costs,Economics,Cambridge Assessment International Education,Cambridge International AS & A Level,A Level,Paper 3,9708/3,75,30,17
The price system and the microeconomy,"Types of cost, revenue and profit, short-run and long-run production",Explain the relationship between economies of scale and decreasing average costs,Economics,Cambridge Assessment International Education,Cambridge International AS & A Level,A Level,Paper 4,9708/4,120,60,33
The price system and the microeconomy,"Types of cost, revenue and profit, short-run and long-run production",Explain internal and external economies of scale,Economics,Cambridge Assessment International Education,Cambridge International AS & A Level,A Level,Paper 3,9708/3,75,30,17
The price system and the microeconomy,"Types of cost, revenue and profit, short-run and long-run production",Explain internal and external economies of scale,Economics,Cambridge Assessment International Education,Cambridge International AS & A Level,A Level,Paper 4,9708/4,120,60,33
The price system and the microeconomy,"Types of cost, revenue and profit, short-run and long-run production",Explain internal and external diseconomies of scale,Economics,Cambridge Assessment International Education,Cambridge International AS & A Level,A Level,Paper 3,9708/3,75,30,17
The price system and the microeconomy,"Types of cost, revenue and profit, short-run and long-run production",Explain internal and external diseconomies of scale,Economics,Cambridge Assessment International Education,Cambridge International AS & A Level,A Level,Paper 4,9708/4,120,60,33
The price system and the microeconomy,"Types of cost, revenue and profit, short-run and long-run production","Define and calculate revenue: total, average and marginal revenue (TR, AR, MR)",Economics,Cambridge Assessment International Education,Cambridge International AS & A Level,A Level,Paper 3,9708/3,75,30,17
The price system and the microeconomy,"Types of cost, revenue and profit, short-run and long-run production","Define and calculate revenue: total, average and marginal revenue (TR, AR, MR)",Economics,Cambridge Assessment International Education,Cambridge International AS & A Level,A Level,Paper 4,9708/4,120,60,33
The price system and the microeconomy,"Types of cost, revenue and profit, short-run and long-run production","Define normal, subnormal and supernormal profit",Economics,Cambridge Assessment International Education,Cambridge International AS & A Level,A Level,Paper 3,9708/3,75,30,17
The price system and the microeconomy,"Types of cost, revenue and profit, short-run and long-run production","Define normal, subnormal and supernormal profit",Economics,Cambridge Assessment International Education,Cambridge International AS & A Level,A Level,Paper 4,9708/4,120,60,33
The price system and the microeconomy,"Types of cost, revenue and profit, short-run and long-run production",Calculate supernormal and subnormal profit,Economics,Cambridge Assessment International Education,Cambridge International AS & A Level,A Level,Paper 3,9708/3,75,30,17
The price system and the microeconomy,"Types of cost, revenue and profit, short-run and long-run production",Calculate supernormal and subnormal profit,Economics,Cambridge Assessment International Education,Cambridge International AS & A Level,A Level,Paper 4,9708/4,120,60,33
The price system and the microeconomy,Different market structures,"Explain perfect competition and imperfect competition: monopoly, monopolistic competition, oligopoly, natural monopoly",Economics,Cambridge Assessment International Education,Cambridge International AS & A Level,A Level,Paper 3,9708/3,75,30,17
The price system and the microeconomy,Different market structures,"Explain perfect competition and imperfect competition: monopoly, monopolistic competition, oligopoly, natural monopoly",Economics,Cambridge Assessment International Education,Cambridge International AS & A Level,A Level,Paper 4,9708/4,120,60,33
The price system and the microeconomy,Different market structures,"Explain structure of the listed markets as explained by number of buyers and sellers, product differentiation, degree of freedom of entry and availability of information",Economics,Cambridge Assessment International Education,Cambridge International AS & A Level,A Level,Paper 3,9708/3,75,30,17
The price system and the microeconomy,Different market structures,"Explain structure of the listed markets as explained by number of buyers and sellers, product differentiation, degree of freedom of entry and availability of information",Economics,Cambridge Assessment International Education,Cambridge International AS & A Level,A Level,Paper 4,9708/4,120,60,33
The price system and the microeconomy,Different market structures,"Explain barriers to entry and exit: legal barriers, market barriers, cost barriers, physical barriers",Economics,Cambridge Assessment International Education,Cambridge International AS & A Level,A Level,Paper 3,9708/3,75,30,17
The price system and the microeconomy,Different market structures,"Explain barriers to entry and exit: legal barriers, market barriers, cost barriers, physical barriers",Economics,Cambridge Assessment International Education,Cambridge International AS & A Level,A Level,Paper 4,9708/4,120,60,33
The price system and the microeconomy,Different market structures,"Explain performance of firms in different market structures: revenues and revenue curves; output in the short run and the long run; profits in the short run and the long run; shutdown price in the short run and the long run; derivation of a firm's supply curve in a perfectly competitive market; efficiency and X-inefficiency in the short run and the long run; contestable markets: features and implications; price competition and non-price competition; collusion and the Prisoner's Dilemma in oligopolistic markets, including a two-player pay-off matrix",Economics,Cambridge Assessment International Education,Cambridge International AS & A Level,A Level,Paper 3,9708/3,75,30,17
The price system and the microeconomy,Different market structures,"Explain performance of firms in different market structures: revenues and revenue curves; output in the short run and the long run; profits in the short run and the long run; shutdown price in the short run and the long run; derivation of a firm's supply curve in a perfectly competitive market; efficiency and X-inefficiency in the short run and the long run; contestable markets: features and implications; price competition and non-price competition; collusion and the Prisoner's Dilemma in oligopolistic markets, including a two-player pay-off matrix",Economics,Cambridge Assessment International Education,Cambridge International AS & A Level,A Level,Paper 4,9708/4,120,60,33
The price system and the microeconomy,Different market structures,Define and calculate the concentration ratio,Economics,Cambridge Assessment International Education,Cambridge International AS & A Level,A Level,Paper 3,9708/3,75,30,17
The price system and the microeconomy,Different market structures,Define and calculate the concentration ratio,Economics,Cambridge Assessment International Education,Cambridge International AS & A Level,A Level,Paper 4,9708/4,120,60,33
The price system and the microeconomy,Growth and survival of firms,Explain reasons for different sizes of firms,Economics,Cambridge Assessment International Education,Cambridge International AS & A Level,A Level,Paper 3,9708/3,75,30,17
The price system and the microeconomy,Growth and survival of firms,Explain reasons for different sizes of firms,Economics,Cambridge Assessment International Education,Cambridge International AS & A Level,A Level,Paper 4,9708/4,120,60,33
The price system and the microeconomy,Growth and survival of firms,Explain internal growth of firms: organic growth and diversification,Economics,Cambridge Assessment International Education,Cambridge International AS & A Level,A Level,Paper 3,9708/3,75,30,17
The price system and the microeconomy,Growth and survival of firms,Explain internal growth of firms: organic growth and diversification,Economics,Cambridge Assessment International Education,Cambridge International AS & A Level,A Level,Paper 4,9708/4,120,60,33
The price system and the microeconomy,Growth and survival of firms,"Explain external growth of firms - integration (mergers and takeovers): methods of integration (horizontal, vertical (forwards and backwards), conglomerate); reasons for integration; consequences of integration",Economics,Cambridge Assessment International Education,Cambridge International AS & A Level,A Level,Paper 3,9708/3,75,30,17
The price system and the microeconomy,Growth and survival of firms,"Explain external growth of firms - integration (mergers and takeovers): methods of integration (horizontal, vertical (forwards and backwards), conglomerate); reasons for integration; consequences of integration",Economics,Cambridge Assessment International Education,Cambridge International AS & A Level,A Level,Paper 4,9708/4,120,60,33
The price system and the microeconomy,Growth and survival of firms,Explain cartels: conditions for an effective cartel; consequences of a cartel,Economics,Cambridge Assessment International Education,Cambridge International AS & A Level,A Level,Paper 3,9708/3,75,30,17
The price system and the microeconomy,Growth and survival of firms,Explain cartels: conditions for an effective cartel; consequences of a cartel,Economics,Cambridge Assessment International Education,Cambridge International AS & A Level,A Level,Paper 4,9708/4,120,60,33
The price system and the microeconomy,Growth and survival of firms,Explain the principal-agent problem arising from differing objectives of shareholders/owners and managers,Economics,Cambridge Assessment International Education,Cambridge International AS & A Level,A Level,Paper 3,9708/3,75,30,17
The price system and the microeconomy,Growth and survival of firms,Explain the principal-agent problem arising from differing objectives of shareholders/owners and managers,Economics,Cambridge Assessment International Education,Cambridge International AS & A Level,A Level,Paper 4,9708/4,120,60,33
The price system and the microeconomy,Differing objectives and policies of firms,Explain the traditional profit-maximising objective of firms,Economics,Cambridge Assessment International Education,Cambridge International AS & A Level,A Level,Paper 3,9708/3,75,30,17
The price system and the microeconomy,Differing objectives and policies of firms,Explain the traditional profit-maximising objective of firms,Economics,Cambridge Assessment International Education,Cambridge International AS & A Level,A Level,Paper 4,9708/4,120,60,33
The price system and the microeconomy,Differing objectives and policies of firms,"Explain other objectives of firms: survival, profit satisficing, sales maximisation, revenue maximisation",Economics,Cambridge Assessment International Education,Cambridge International AS & A Level,A Level,Paper 3,9708/3,75,30,17
The price system and the microeconomy,Differing objectives and policies of firms,"Explain other objectives of firms: survival, profit satisficing, sales maximisation, revenue maximisation",Economics,Cambridge Assessment International Education,Cambridge International AS & A Level,A Level,Paper 4,9708/4,120,60,33
The price system and the microeconomy,Differing objectives and policies of firms,"Explain price discrimination - first, second and third degree: conditions for effective price discrimination; consequences of price discrimination",Economics,Cambridge Assessment International Education,Cambridge International AS & A Level,A Level,Paper 3,9708/3,75,30,17
The price system and the microeconomy,Differing objectives and policies of firms,"Explain price discrimination - first, second and third degree: conditions for effective price discrimination; consequences of price discrimination",Economics,Cambridge Assessment International Education,Cambridge International AS & A Level,A Level,Paper 4,9708/4,120,60,33
The price system and the microeconomy,Differing objectives and policies of firms,"Explain other pricing policies: limit pricing, predatory pricing, price leadership",Economics,Cambridge Assessment International Education,Cambridge International AS & A Level,A Level,Paper 3,9708/3,75,30,17
The price system and the microeconomy,Differing objectives and policies of firms,"Explain other pricing policies: limit pricing, predatory pricing, price leadership",Economics,Cambridge Assessment International Education,Cambridge International AS & A Level,A Level,Paper 4,9708/4,120,60,33
The price system and the microeconomy,Differing objectives and policies of firms,Explain the relationship between price elasticity of demand and a firm's revenue: in a normal downward sloping demand curve; in a kinked demand curve,Economics,Cambridge Assessment International Education,Cambridge International AS & A Level,A Level,Paper 3,9708/3,75,30,17
The price system and the microeconomy,Differing objectives and policies of firms,Explain the relationship between price elasticity of demand and a firm's revenue: in a normal downward sloping demand curve; in a kinked demand curve,Economics,Cambridge Assessment International Education,Cambridge International AS & A Level,A Level,Paper 4,9708/4,120,60,33
Government microeconomic intervention,Government policies to achieve efficient resource allocation and correct market failure,"Explain the application and effectiveness of measures to tackle different forms of market failure: specific and ad valorem indirect taxes, subsidies, price controls, production quotas, prohibitions and licences, regulation and deregulation, direct provision, pollution permits, property rights, nationalisation and privatisation, provision of information, behavioural insights and 'nudge' theory",Economics,Cambridge Assessment International Education,Cambridge International AS & A Level,A Level,Paper 3,9708/3,75,30,17
Government microeconomic intervention,Government policies to achieve efficient resource allocation and correct market failure,"Explain the application and effectiveness of measures to tackle different forms of market failure: specific and ad valorem indirect taxes, subsidies, price controls, production quotas, prohibitions and licences, regulation and deregulation, direct provision, pollution permits, property rights, nationalisation and privatisation, provision of information, behavioural insights and 'nudge' theory",Economics,Cambridge Assessment International Education,Cambridge International AS & A Level,A Level,Paper 4,9708/4,120,60,33
Government microeconomic intervention,Government policies to achieve efficient resource allocation and correct market failure,Explain government failure in microeconomic intervention: definition of government failure; causes of government failure; consequences of government failure,Economics,Cambridge Assessment International Education,Cambridge International AS & A Level,A Level,Paper 3,9708/3,75,30,17
Government microeconomic intervention,Government policies to achieve efficient resource allocation and correct market failure,Explain government failure in microeconomic intervention: definition of government failure; causes of government failure; consequences of government failure,Economics,Cambridge Assessment International Education,Cambridge International AS & A Level,A Level,Paper 4,9708/4,120,60,33
Government microeconomic intervention,Equity and redistribution of income and wealth,Explain the difference between equity and equality,Economics,Cambridge Assessment International Education,Cambridge International AS & A Level,A Level,Paper 3,9708/3,75,30,17
Government microeconomic intervention,Equity and redistribution of income and wealth,Explain the difference between equity and equality,Economics,Cambridge Assessment International Education,Cambridge International AS & A Level,A Level,Paper 4,9708/4,120,60,33
Government microeconomic intervention,Equity and redistribution of income and wealth,Explain the difference between equity and efficiency,Economics,Cambridge Assessment International Education,Cambridge International AS & A Level,A Level,Paper 3,9708/3,75,30,17
Government microeconomic intervention,Equity and redistribution of income and wealth,Explain the difference between equity and efficiency,Economics,Cambridge Assessment International Education,Cambridge International AS & A Level,A Level,Paper 4,9708/4,120,60,33
Government microeconomic intervention,Equity and redistribution of income and wealth,Distinguish between absolute poverty and relative poverty,Economics,Cambridge Assessment International Education,Cambridge International AS & A Level,A Level,Paper 3,9708/3,75,30,17
Government microeconomic intervention,Equity and redistribution of income and wealth,Distinguish between absolute poverty and relative poverty,Economics,Cambridge Assessment International Education,Cambridge International AS & A Level,A Level,Paper 4,9708/4,120,60,33
Government microeconomic intervention,Equity and redistribution of income and wealth,Explain the poverty trap,Economics,Cambridge Assessment International Education,Cambridge International AS & A Level,A Level,Paper 3,9708/3,75,30,17
Government microeconomic intervention,Equity and redistribution of income and wealth,Explain the poverty trap,Economics,Cambridge Assessment International Education,Cambridge International AS & A Level,A Level,Paper 4,9708/4,120,60,33
Government microeconomic intervention,Equity and redistribution of income and wealth,"Explain policies towards equity and equality for example: negative income tax, universal benefits and means-tested benefits, universal basic income",Economics,Cambridge Assessment International Education,Cambridge International AS & A Level,A Level,Paper 3,9708/3,75,30,17
Government microeconomic intervention,Equity and redistribution of income and wealth,"Explain policies towards equity and equality for example: negative income tax, universal benefits and means-tested benefits, universal basic income",Economics,Cambridge Assessment International Education,Cambridge International AS & A Level,A Level,Paper 4,9708/4,120,60,33
Government microeconomic intervention,Labour market forces and government intervention,Explain the demand for labour as a derived demand,Economics,Cambridge Assessment International Education,Cambridge International AS & A Level,A Level,Paper 3,9708/3,75,30,17
Government microeconomic intervention,Labour market forces and government intervention,Explain the demand for labour as a derived demand,Economics,Cambridge Assessment International Education,Cambridge International AS & A Level,A Level,Paper 4,9708/4,120,60,33
Government microeconomic intervention,Labour market forces and government intervention,Explain factors affecting demand for labour in a firm or an occupation,Economics,Cambridge Assessment International Education,Cambridge International AS & A Level,A Level,Paper 3,9708/3,75,30,17
Government microeconomic intervention,Labour market forces and government intervention,Explain factors affecting demand for labour in a firm or an occupation,Economics,Cambridge Assessment International Education,Cambridge International AS & A Level,A Level,Paper 4,9708/4,120,60,33
Government microeconomic intervention,Labour market forces and government intervention,Explain causes of shifts in and movement along the demand curve for labour in a firm or an occupation,Economics,Cambridge Assessment International Education,Cambridge International AS & A Level,A Level,Paper 3,9708/3,75,30,17
Government microeconomic intervention,Labour market forces and government intervention,Explain causes of shifts in and movement along the demand curve for labour in a firm or an occupation,Economics,Cambridge Assessment International Education,Cambridge International AS & A Level,A Level,Paper 4,9708/4,120,60,33
Government microeconomic intervention,Labour market forces and government intervention,Explain marginal revenue product (MRP) theory: definition and calculation of marginal revenue product; derivation of an individual firm's demand for labour using marginal revenue product,Economics,Cambridge Assessment International Education,Cambridge International AS & A Level,A Level,Paper 3,9708/3,75,30,17
Government microeconomic intervention,Labour market forces and government intervention,Explain marginal revenue product (MRP) theory: definition and calculation of marginal revenue product; derivation of an individual firm's demand for labour using marginal revenue product,Economics,Cambridge Assessment International Education,Cambridge International AS & A Level,A Level,Paper 4,9708/4,120,60,33
Government microeconomic intervention,Labour market forces and government intervention,Explain factors affecting the supply of labour to a firm or to an occupation: wage and non-wage factors,Economics,Cambridge Assessment International Education,Cambridge International AS & A Level,A Level,Paper 3,9708/3,75,30,17
Government microeconomic intervention,Labour market forces and government intervention,Explain factors affecting the supply of labour to a firm or to an occupation: wage and non-wage factors,Economics,Cambridge Assessment International Education,Cambridge International AS & A Level,A Level,Paper 4,9708/4,120,60,33
Government microeconomic intervention,Labour market forces and government intervention,Explain causes of shifts in and movement along the supply curve of labour to a firm or an occupation,Economics,Cambridge Assessment International Education,Cambridge International AS & A Level,A Level,Paper 3,9708/3,75,30,17
Government microeconomic intervention,Labour market forces and government intervention,Explain causes of shifts in and movement along the supply curve of labour to a firm or an occupation,Economics,Cambridge Assessment International Education,Cambridge International AS & A Level,A Level,Paper 4,9708/4,120,60,33
Government microeconomic intervention,Labour market forces and government intervention,Explain wage determination in perfect markets: equilibrium wage rate and employment in a labour market,Economics,Cambridge Assessment International Education,Cambridge International AS & A Level,A Level,Paper 3,9708/3,75,30,17
Government microeconomic intervention,Labour market forces and government intervention,Explain wage determination in perfect markets: equilibrium wage rate and employment in a labour market,Economics,Cambridge Assessment International Education,Cambridge International AS & A Level,A Level,Paper 4,9708/4,120,60,33
Government microeconomic intervention,Labour market forces and government intervention,Explain wage determination in imperfect markets: influence of trade unions on wage determination and employment in a labour market; influence of government on wage determination and employment in a labour market using a national minimum wage; influence of monopsony employers on wage determination and employment in a labour market,Economics,Cambridge Assessment International Education,Cambridge International AS & A Level,A Level,Paper 3,9708/3,75,30,17
Government microeconomic intervention,Labour market forces and government intervention,Explain wage determination in imperfect markets: influence of trade unions on wage determination and employment in a labour market; influence of government on wage determination and employment in a labour market using a national minimum wage; influence of monopsony employers on wage determination and employment in a labour market,Economics,Cambridge Assessment International Education,Cambridge International AS & A Level,A Level,Paper 4,9708/4,120,60,33
Government microeconomic intervention,Labour market forces and government intervention,Explain the determination of wage differentials by labour market forces,Economics,Cambridge Assessment International Education,Cambridge International AS & A Level,A Level,Paper 3,9708/3,75,30,17
Government microeconomic intervention,Labour market forces and government intervention,Explain the determination of wage differentials by labour market forces,Economics,Cambridge Assessment International Education,Cambridge International AS & A Level,A Level,Paper 4,9708/4,120,60,33
Government microeconomic intervention,Labour market forces and government intervention,Explain transfer earnings and economic rent: definition of transfer earnings; definition of economic rent; factors affecting transfer earnings and economic rent in an occupation,Economics,Cambridge Assessment International Education,Cambridge International AS & A Level,A Level,Paper 3,9708/3,75,30,17
Government microeconomic intervention,Labour market forces and government intervention,Explain transfer earnings and economic rent: definition of transfer earnings; definition of economic rent; factors affecting transfer earnings and economic rent in an occupation,Economics,Cambridge Assessment International Education,Cambridge International AS & A Level,A Level,Paper 4,9708/4,120,60,33
The macroeconomy,The circular flow of income,Explain the multiplier process: definition of the multiplier; formulae for and calculation of multiplier in a closed and open economy with and without a government sector; calculation of average and marginal propensities to save (aps and mps); average and marginal propensities to consume (apc and mpc); average and marginal propensities to import (apm and mpm); average and marginal rates of tax (art and mrt); national income determination using AD and income approach with the multiplier process; calculation of effect of changing AD on national income using the multiplier,Economics,Cambridge Assessment International Education,Cambridge International AS & A Level,A Level,Paper 3,9708/3,75,30,17
The macroeconomy,The circular flow of income,Explain the multiplier process: definition of the multiplier; formulae for and calculation of multiplier in a closed and open economy with and without a government sector; calculation of average and marginal propensities to save (aps and mps); average and marginal propensities to consume (apc and mpc); average and marginal propensities to import (apm and mpm); average and marginal rates of tax (art and mrt); national income determination using AD and income approach with the multiplier process; calculation of effect of changing AD on national income using the multiplier,Economics,Cambridge Assessment International Education,Cambridge International AS & A Level,A Level,Paper 4,9708/4,120,60,33
The macroeconomy,The circular flow of income,Explain components of Aggregate Demand (AD) and their determinants: consumption function (autonomous and induced consumer expenditure); savings function (autonomous and induced savings); autonomous and induced investment; the accelerator; government spending; net exports (exports minus imports),Economics,Cambridge Assessment International Education,Cambridge International AS & A Level,A Level,Paper 3,9708/3,75,30,17
The macroeconomy,The circular flow of income,Explain components of Aggregate Demand (AD) and their determinants: consumption function (autonomous and induced consumer expenditure); savings function (autonomous and induced savings); autonomous and induced investment; the accelerator; government spending; net exports (exports minus imports),Economics,Cambridge Assessment International Education,Cambridge International AS & A Level,A Level,Paper 4,9708/4,120,60,33
The macroeconomy,The circular flow of income,Explain full employment level of national income and equilibrium level of national income: inflationary and deflationary gaps,Economics,Cambridge Assessment International Education,Cambridge International AS & A Level,A Level,Paper 3,9708/3,75,30,17
The macroeconomy,The circular flow of income,Explain full employment level of national income and equilibrium level of national income: inflationary and deflationary gaps,Economics,Cambridge Assessment International Education,Cambridge International AS & A Level,A Level,Paper 4,9708/4,120,60,33
The macroeconomy,Economic growth and sustainability,Explain actual growth versus potential growth in national output,Economics,Cambridge Assessment International Education,Cambridge International AS & A Level,A Level,Paper 3,9708/3,75,30,17
The macroeconomy,Economic growth and sustainability,Explain actual growth versus potential growth in national output,Economics,Cambridge Assessment International Education,Cambridge International AS & A Level,A Level,Paper 4,9708/4,120,60,33
The macroeconomy,Economic growth and sustainability,Explain positive and negative output gaps,Economics,Cambridge Assessment International Education,Cambridge International AS & A Level,A Level,Paper 3,9708/3,75,30,17
The macroeconomy,Economic growth and sustainability,Explain positive and negative output gaps,Economics,Cambridge Assessment International Education,Cambridge International AS & A Level,A Level,Paper 4,9708/4,120,60,33
The macroeconomy,Economic growth and sustainability,Explain the business (trade) cycle: phases of the cycle; causes of the cycle; role of automatic stabilisers,Economics,Cambridge Assessment International Education,Cambridge International AS & A Level,A Level,Paper 3,9708/3,75,30,17
The macroeconomy,Economic growth and sustainability,Explain the business (trade) cycle: phases of the cycle; causes of the cycle; role of automatic stabilisers,Economics,Cambridge Assessment International Education,Cambridge International AS & A Level,A Level,Paper 4,9708/4,120,60,33
The macroeconomy,Economic growth and sustainability,Explain policies to promote economic growth and their effectiveness,Economics,Cambridge Assessment International Education,Cambridge International AS & A Level,A Level,Paper 3,9708/3,75,30,17
The macroeconomy,Economic growth and sustainability,Explain policies to promote economic growth and their effectiveness,Economics,Cambridge Assessment International Education,Cambridge International AS & A Level,A Level,Paper 4,9708/4,120,60,33
The macroeconomy,Economic growth and sustainability,Explain inclusive economic growth: definition of inclusive economic growth; impact of economic growth on equity and equality; policies to promote inclusive growth,Economics,Cambridge Assessment International Education,Cambridge International AS & A Level,A Level,Paper 3,9708/3,75,30,17
The macroeconomy,Economic growth and sustainability,Explain inclusive economic growth: definition of inclusive economic growth; impact of economic growth on equity and equality; policies to promote inclusive growth,Economics,Cambridge Assessment International Education,Cambridge International AS & A Level,A Level,Paper 4,9708/4,120,60,33
The macroeconomy,Economic growth and sustainability,Explain sustainable economic growth: definition of sustainable economic growth using and conserving resources; impact of economic growth on the environment and climate change; policies to mitigate the impact of economic growth on the environment and climate change,Economics,Cambridge Assessment International Education,Cambridge International AS & A Level,A Level,Paper 3,9708/3,75,30,17
The macroeconomy,Economic growth and sustainability,Explain sustainable economic growth: definition of sustainable economic growth using and conserving resources; impact of economic growth on the environment and climate change; policies to mitigate the impact of economic growth on the environment and climate change,Economics,Cambridge Assessment International Education,Cambridge International AS & A Level,A Level,Paper 4,9708/4,120,60,33
The macroeconomy,Employment/unemployment,Define full employment,Economics,Cambridge Assessment International Education,Cambridge International AS & A Level,A Level,Paper 3,9708/3,75,30,17
The macroeconomy,Employment/unemployment,Define full employment,Economics,Cambridge Assessment International Education,Cambridge International AS & A Level,A Level,Paper 4,9708/4,120,60,33
The macroeconomy,Employment/unemployment,Explain equilibrium and disequilibrium unemployment (including hysteresis),Economics,Cambridge Assessment International Education,Cambridge International AS & A Level,A Level,Paper 3,9708/3,75,30,17
The macroeconomy,Employment/unemployment,Explain equilibrium and disequilibrium unemployment (including hysteresis),Economics,Cambridge Assessment International Education,Cambridge International AS & A Level,A Level,Paper 4,9708/4,120,60,33
The macroeconomy,Employment/unemployment,Explain voluntary and involuntary unemployment,Economics,Cambridge Assessment International Education,Cambridge International AS & A Level,A Level,Paper 3,9708/3,75,30,17
The macroeconomy,Employment/unemployment,Explain voluntary and involuntary unemployment,Economics,Cambridge Assessment International Education,Cambridge International AS & A Level,A Level,Paper 4,9708/4,120,60,33
The macroeconomy,Employment/unemployment,Explain natural rate of unemployment: definition; determinants; policy implications,Economics,Cambridge Assessment International Education,Cambridge International AS & A Level,A Level,Paper 3,9708/3,75,30,17
The macroeconomy,Employment/unemployment,Explain natural rate of unemployment: definition; determinants; policy implications,Economics,Cambridge Assessment International Education,Cambridge International AS & A Level,A Level,Paper 4,9708/4,120,60,33
The macroeconomy,Employment/unemployment,Explain patterns and trends in (un)employment,Economics,Cambridge Assessment International Education,Cambridge International AS & A Level,A Level,Paper 3,9708/3,75,30,17
The macroeconomy,Employment/unemployment,Explain patterns and trends in (un)employment,Economics,Cambridge Assessment International Education,Cambridge International AS & A Level,A Level,Paper 4,9708/4,120,60,33
The macroeconomy,Employment/unemployment,Explain mobility of labour: forms of labour mobility (geographical and occupational); factors affecting labour mobility,Economics,Cambridge Assessment International Education,Cambridge International AS & A Level,A Level,Paper 3,9708/3,75,30,17
The macroeconomy,Employment/unemployment,Explain mobility of labour: forms of labour mobility (geographical and occupational); factors affecting labour mobility,Economics,Cambridge Assessment International Education,Cambridge International AS & A Level,A Level,Paper 4,9708/4,120,60,33
The macroeconomy,Employment/unemployment,Explain policies to reduce unemployment and their effectiveness,Economics,Cambridge Assessment International Education,Cambridge International AS & A Level,A Level,Paper 3,9708/3,75,30,17
The macroeconomy,Employment/unemployment,Explain policies to reduce unemployment and their effectiveness,Economics,Cambridge Assessment International Education,Cambridge International AS & A Level,A Level,Paper 4,9708/4,120,60,33
The macroeconomy,Money and banking,"Explain the definition, functions and characteristics of money",Economics,Cambridge Assessment International Education,Cambridge International AS & A Level,A Level,Paper 3,9708/3,75,30,17
The macroeconomy,Money and banking,"Explain the definition, functions and characteristics of money",Economics,Cambridge Assessment International Education,Cambridge International AS & A Level,A Level,Paper 4,9708/4,120,60,33
The macroeconomy,Money and banking,Define money supply,Economics,Cambridge Assessment International Education,Cambridge International AS & A Level,A Level,Paper 3,9708/3,75,30,17
The macroeconomy,Money and banking,Define money supply,Economics,Cambridge Assessment International Education,Cambridge International AS & A Level,A Level,Paper 4,9708/4,120,60,33
The macroeconomy,Money and banking,Explain the quantity theory of money (MV = PT),Economics,Cambridge Assessment International Education,Cambridge International AS & A Level,A Level,Paper 3,9708/3,75,30,17
The macroeconomy,Money and banking,Explain the quantity theory of money (MV = PT),Economics,Cambridge Assessment International Education,Cambridge International AS & A Level,A Level,Paper 4,9708/4,120,60,33
The macroeconomy,Money and banking,"Explain the functions of commercial banks: providing deposit accounts (demand deposit account, savings account); lending money (overdrafts, loans); holding or providing cash, securities, loans, deposits, equity; reserve ratio and capital ratio; objectives of commercial banks: liquidity, security, profitability",Economics,Cambridge Assessment International Education,Cambridge International AS & A Level,A Level,Paper 3,9708/3,75,30,17
The macroeconomy,Money and banking,"Explain the functions of commercial banks: providing deposit accounts (demand deposit account, savings account); lending money (overdrafts, loans); holding or providing cash, securities, loans, deposits, equity; reserve ratio and capital ratio; objectives of commercial banks: liquidity, security, profitability",Economics,Cambridge Assessment International Education,Cambridge International AS & A Level,A Level,Paper 4,9708/4,120,60,33
The macroeconomy,Money and banking,Explain causes of changes in the money supply in an open economy: commercial banks as sources of credit creation and the bank credit multiplier; role of a central bank; government deficit financing; quantitative easing; changes in the balance of payments,Economics,Cambridge Assessment International Education,Cambridge International AS & A Level,A Level,Paper 3,9708/3,75,30,17
The macroeconomy,Money and banking,Explain causes of changes in the money supply in an open economy: commercial banks as sources of credit creation and the bank credit multiplier; role of a central bank; government deficit financing; quantitative easing; changes in the balance of payments,Economics,Cambridge Assessment International Education,Cambridge International AS & A Level,A Level,Paper 4,9708/4,120,60,33
The macroeconomy,Money and banking,Explain policies to reduce inflation and their effectiveness,Economics,Cambridge Assessment International Education,Cambridge International AS & A Level,A Level,Paper 3,9708/3,75,30,17
The macroeconomy,Money and banking,Explain policies to reduce inflation and their effectiveness,Economics,Cambridge Assessment International Education,Cambridge International AS & A Level,A Level,Paper 4,9708/4,120,60,33
The macroeconomy,Money and banking,Explain the demand for money: liquidity preference theory,Economics,Cambridge Assessment International Education,Cambridge International AS & A Level,A Level,Paper 3,9708/3,75,30,17
The macroeconomy,Money and banking,Explain the demand for money: liquidity preference theory,Economics,Cambridge Assessment International Education,Cambridge International AS & A Level,A Level,Paper 4,9708/4,120,60,33
The macroeconomy,Money and banking,Explain interest rate determination: loanable funds theory and Keynesian theory,Economics,Cambridge Assessment International Education,Cambridge International AS & A Level,A Level,Paper 3,9708/3,75,30,17
The macroeconomy,Money and banking,Explain interest rate determination: loanable funds theory and Keynesian theory,Economics,Cambridge Assessment International Education,Cambridge International AS & A Level,A Level,Paper 4,9708/4,120,60,33
Government macroeconomic intervention,Government macroeconomic policy objectives,"Explain objectives in terms of inflation, balance of payments, unemployment, growth, development, sustainability and redistribution of income and wealth",Economics,Cambridge Assessment International Education,Cambridge International AS & A Level,A Level,Paper 3,9708/3,75,30,17
Government macroeconomic intervention,Government macroeconomic policy objectives,"Explain objectives in terms of inflation, balance of payments, unemployment, growth, development, sustainability and redistribution of income and wealth",Economics,Cambridge Assessment International Education,Cambridge International AS & A Level,A Level,Paper 4,9708/4,120,60,33
Government macroeconomic intervention,Links between macroeconomic problems and their interrelatedness,Explain the relationship between the internal value of money and the external value of money,Economics,Cambridge Assessment International Education,Cambridge International AS & A Level,A Level,Paper 3,9708/3,75,30,17
Government macroeconomic intervention,Links between macroeconomic problems and their interrelatedness,Explain the relationship between the internal value of money and the external value of money,Economics,Cambridge Assessment International Education,Cambridge International AS & A Level,A Level,Paper 4,9708/4,120,60,33
Government macroeconomic intervention,Links between macroeconomic problems and their interrelatedness,Explain the relationship between the balance of payments and inflation,Economics,Cambridge Assessment International Education,Cambridge International AS & A Level,A Level,Paper 3,9708/3,75,30,17
Government macroeconomic intervention,Links between macroeconomic problems and their interrelatedness,Explain the relationship between the balance of payments and inflation,Economics,Cambridge Assessment International Education,Cambridge International AS & A Level,A Level,Paper 4,9708/4,120,60,33
Government macroeconomic intervention,Links between macroeconomic problems and their interrelatedness,Explain the relationship between growth and inflation,Economics,Cambridge Assessment International Education,Cambridge International AS & A Level,A Level,Paper 3,9708/3,75,30,17
Government macroeconomic intervention,Links between macroeconomic problems and their interrelatedness,Explain the relationship between growth and inflation,Economics,Cambridge Assessment International Education,Cambridge International AS & A Level,A Level,Paper 4,9708/4,120,60,33
Government macroeconomic intervention,Links between macroeconomic problems and their interrelatedness,Explain the relationship between growth and the balance of payments,Economics,Cambridge Assessment International Education,Cambridge International AS & A Level,A Level,Paper 3,9708/3,75,30,17
Government macroeconomic intervention,Links between macroeconomic problems and their interrelatedness,Explain the relationship between growth and the balance of payments,Economics,Cambridge Assessment International Education,Cambridge International AS & A Level,A Level,Paper 4,9708/4,120,60,33
Government macroeconomic intervention,Links between macroeconomic problems and their interrelatedness,Explain the relationship between inflation and unemployment: traditional Phillips curve; expectations-augmented Phillips curve (short- and long-run Phillips curve),Economics,Cambridge Assessment International Education,Cambridge International AS & A Level,A Level,Paper 3,9708/3,75,30,17
Government macroeconomic intervention,Links between macroeconomic problems and their interrelatedness,Explain the relationship between inflation and unemployment: traditional Phillips curve; expectations-augmented Phillips curve (short- and long-run Phillips curve),Economics,Cambridge Assessment International Education,Cambridge International AS & A Level,A Level,Paper 4,9708/4,120,60,33
Government macroeconomic intervention,Effectiveness of policy options to meet all macroeconomic objectives,Explain the effectiveness of different policies in relation to different macroeconomic objectives: fiscal policy including Laffer curve analysis; monetary policy; supply-side policy including market-based and interventionist policies; exchange rate policy; international trade policy,Economics,Cambridge Assessment International Education,Cambridge International AS & A Level,A Level,Paper 3,9708/3,75,30,17
Government macroeconomic intervention,Effectiveness of policy options to meet all macroeconomic objectives,Explain the effectiveness of different policies in relation to different macroeconomic objectives: fiscal policy including Laffer curve analysis; monetary policy; supply-side policy including market-based and interventionist policies; exchange rate policy; international trade policy,Economics,Cambridge Assessment International Education,Cambridge International AS & A Level,A Level,Paper 4,9708/4,120,60,33
Government macroeconomic intervention,Effectiveness of policy options to meet all macroeconomic objectives,Explain problems and conflicts arising from the outcome of these policies,Economics,Cambridge Assessment International Education,Cambridge International AS & A Level,A Level,Paper 3,9708/3,75,30,17
Government macroeconomic intervention,Effectiveness of policy options to meet all macroeconomic objectives,Explain problems and conflicts arising from the outcome of these policies,Economics,Cambridge Assessment International Education,Cambridge International AS & A Level,A Level,Paper 4,9708/4,120,60,33
Government macroeconomic intervention,Effectiveness of policy options to meet all macroeconomic objectives,Explain the existence of government failure in macroeconomic policies,Economics,Cambridge Assessment International Education,Cambridge International AS & A Level,A Level,Paper 3,9708/3,75,30,17
Government macroeconomic intervention,Effectiveness of policy options to meet all macroeconomic objectives,Explain the existence of government failure in macroeconomic policies,Economics,Cambridge Assessment International Education,Cambridge International AS & A Level,A Level,Paper 4,9708/4,120,60,33
International economic issues,Policies to correct disequilibrium in the balance of payments,"Explain components of the balance of payments accounts: current account, financial account and capital account",Economics,Cambridge Assessment International Education,Cambridge International AS & A Level,A Level,Paper 3,9708/3,75,30,17
International economic issues,Policies to correct disequilibrium in the balance of payments,"Explain components of the balance of payments accounts: current account, financial account and capital account",Economics,Cambridge Assessment International Education,Cambridge International AS & A Level,A Level,Paper 4,9708/4,120,60,33
International economic issues,Policies to correct disequilibrium in the balance of payments,"Explain the effect of fiscal, monetary, supply-side, protectionist and exchange rate policies on the balance of payments",Economics,Cambridge Assessment International Education,Cambridge International AS & A Level,A Level,Paper 3,9708/3,75,30,17
International economic issues,Policies to correct disequilibrium in the balance of payments,"Explain the effect of fiscal, monetary, supply-side, protectionist and exchange rate policies on the balance of payments",Economics,Cambridge Assessment International Education,Cambridge International AS & A Level,A Level,Paper 4,9708/4,120,60,33
International economic issues,Policies to correct disequilibrium in the balance of payments,Explain the difference between expenditure-switching and expenditure-reducing policies,Economics,Cambridge Assessment International Education,Cambridge International AS & A Level,A Level,Paper 3,9708/3,75,30,17
International economic issues,Policies to correct disequilibrium in the balance of payments,Explain the difference between expenditure-switching and expenditure-reducing policies,Economics,Cambridge Assessment International Education,Cambridge International AS & A Level,A Level,Paper 4,9708/4,120,60,33
International economic issues,Exchange rates,Explain measurement of exchange rates: distinction between nominal and real exchange rates; trade-weighted exchange rates,Economics,Cambridge Assessment International Education,Cambridge International AS & A Level,A Level,Paper 3,9708/3,75,30,17
International economic issues,Exchange rates,Explain measurement of exchange rates: distinction between nominal and real exchange rates; trade-weighted exchange rates,Economics,Cambridge Assessment International Education,Cambridge International AS & A Level,A Level,Paper 4,9708/4,120,60,33
International economic issues,Exchange rates,Explain the determination of exchange rates under fixed and managed systems,Economics,Cambridge Assessment International Education,Cambridge International AS & A Level,A Level,Paper 3,9708/3,75,30,17
International economic issues,Exchange rates,Explain the determination of exchange rates under fixed and managed systems,Economics,Cambridge Assessment International Education,Cambridge International AS & A Level,A Level,Paper 4,9708/4,120,60,33
International economic issues,Exchange rates,Distinguish between revaluation and devaluation of a fixed exchange rate,Economics,Cambridge Assessment International Education,Cambridge International AS & A Level,A Level,Paper 3,9708/3,75,30,17
International economic issues,Exchange rates,Distinguish between revaluation and devaluation of a fixed exchange rate,Economics,Cambridge Assessment International Education,Cambridge International AS & A Level,A Level,Paper 4,9708/4,120,60,33
International economic issues,Exchange rates,Explain changes in the exchange rate under different exchange rate systems,Economics,Cambridge Assessment International Education,Cambridge International AS & A Level,A Level,Paper 3,9708/3,75,30,17
International economic issues,Exchange rates,Explain changes in the exchange rate under different exchange rate systems,Economics,Cambridge Assessment International Education,Cambridge International AS & A Level,A Level,Paper 4,9708/4,120,60,33
International economic issues,Exchange rates,Explain the effects of changing exchange rates on the external economy using Marshall-Lerner and J curve analysis,Economics,Cambridge Assessment International Education,Cambridge International AS & A Level,A Level,Paper 3,9708/3,75,30,17
International economic issues,Exchange rates,Explain the effects of changing exchange rates on the external economy using Marshall-Lerner and J curve analysis,Economics,Cambridge Assessment International Education,Cambridge International AS & A Level,A Level,Paper 4,9708/4,120,60,33
International economic issues,Economic development,Explain classification of economies in terms of their level of development,Economics,Cambridge Assessment International Education,Cambridge International AS & A Level,A Level,Paper 3,9708/3,75,30,17
International economic issues,Economic development,Explain classification of economies in terms of their level of development,Economics,Cambridge Assessment International Education,Cambridge International AS & A Level,A Level,Paper 4,9708/4,120,60,33
International economic issues,Economic development,Explain classification of economies in terms of their level of national income,Economics,Cambridge Assessment International Education,Cambridge International AS & A Level,A Level,Paper 3,9708/3,75,30,17
International economic issues,Economic development,Explain classification of economies in terms of their level of national income,Economics,Cambridge Assessment International Education,Cambridge International AS & A Level,A Level,Paper 4,9708/4,120,60,33
International economic issues,Economic development,"Explain indicators of living standards and economic development: monetary indicators including real per capita national income statistics (GDP, GNI, NNI) and purchasing power parity; issues of comparison using monetary indicators; non-monetary indicators; composite indicators: Human Development Index (HDI), Measure of Economic Welfare (MEV), Multidimensional Poverty Index (MPI); the Kuznets curve",Economics,Cambridge Assessment International Education,Cambridge International AS & A Level,A Level,Paper 3,9708/3,75,30,17
International economic issues,Economic development,"Explain indicators of living standards and economic development: monetary indicators including real per capita national income statistics (GDP, GNI, NNI) and purchasing power parity; issues of comparison using monetary indicators; non-monetary indicators; composite indicators: Human Development Index (HDI), Measure of Economic Welfare (MEV), Multidimensional Poverty Index (MPI); the Kuznets curve",Economics,Cambridge Assessment International Education,Cambridge International AS & A Level,A Level,Paper 4,9708/4,120,60,33
International economic issues,Economic development,Explain comparison of economic growth rates and living standards: over time; between countries,Economics,Cambridge Assessment International Education,Cambridge International AS & A Level,A Level,Paper 3,9708/3,75,30,17
International economic issues,Economic development,Explain comparison of economic growth rates and living standards: over time; between countries,Economics,Cambridge Assessment International Education,Cambridge International AS & A Level,A Level,Paper 4,9708/4,120,60,33
International economic issues,Characteristics of countries at different levels of development,"Explain population growth and structure: measurement and causes of changes in birth rate, death rate, infant mortality and net migration; optimum population; level of urbanisation",Economics,Cambridge Assessment International Education,Cambridge International AS & A Level,A Level,Paper 3,9708/3,75,30,17
International economic issues,Characteristics of countries at different levels of development,"Explain population growth and structure: measurement and causes of changes in birth rate, death rate, infant mortality and net migration; optimum population; level of urbanisation",Economics,Cambridge Assessment International Education,Cambridge International AS & A Level,A Level,Paper 4,9708/4,120,60,33
International economic issues,Characteristics of countries at different levels of development,Explain income distribution: calculation of Gini coefficient and Lorenz curve analysis,Economics,Cambridge Assessment International Education,Cambridge International AS & A Level,A Level,Paper 3,9708/3,75,30,17
International economic issues,Characteristics of countries at different levels of development,Explain income distribution: calculation of Gini coefficient and Lorenz curve analysis,Economics,Cambridge Assessment International Education,Cambridge International AS & A Level,A Level,Paper 4,9708/4,120,60,33
International economic issues,Characteristics of countries at different levels of development,"Explain economic structure: employment composition (primary, secondary and tertiary sectors); pattern of trade at different levels of development",Economics,Cambridge Assessment International Education,Cambridge International AS & A Level,A Level,Paper 3,9708/3,75,30,17
International economic issues,Characteristics of countries at different levels of development,"Explain economic structure: employment composition (primary, secondary and tertiary sectors); pattern of trade at different levels of development",Economics,Cambridge Assessment International Education,Cambridge International AS & A Level,A Level,Paper 4,9708/4,120,60,33
International economic issues,Relationship between countries at different levels of development,Explain international aid: forms of aid; reasons for giving aid; effects of aid; importance of aid,Economics,Cambridge Assessment International Education,Cambridge International AS & A Level,A Level,Paper 3,9708/3,75,30,17
International economic issues,Relationship between countries at different levels of development,Explain international aid: forms of aid; reasons for giving aid; effects of aid; importance of aid,Economics,Cambridge Assessment International Education,Cambridge International AS & A Level,A Level,Paper 4,9708/4,120,60,33
International economic issues,Relationship between countries at different levels of development,Explain trade and investment,Economics,Cambridge Assessment International Education,Cambridge International AS & A Level,A Level,Paper 3,9708/3,75,30,17
International economic issues,Relationship between countries at different levels of development,Explain trade and investment,Economics,Cambridge Assessment International Education,Cambridge International AS & A Level,A Level,Paper 4,9708/4,120,60,33
International economic issues,Relationship between countries at different levels of development,Explain the role of multinational companies (MNCs): definition of MNC; activities of MNCs; consequences of MNCs,Economics,Cambridge Assessment International Education,Cambridge International AS & A Level,A Level,Paper 3,9708/3,75,30,17
International economic issues,Relationship between countries at different levels of development,Explain the role of multinational companies (MNCs): definition of MNC; activities of MNCs; consequences of MNCs,Economics,Cambridge Assessment International Education,Cambridge International AS & A Level,A Level,Paper 4,9708/4,120,60,33
International economic issues,Relationship between countries at different levels of development,Explain Foreign Direct Investment (FDI): definition of FDI; consequences of FDI,Economics,Cambridge Assessment International Education,Cambridge International AS & A Level,A Level,Paper 3,9708/3,75,30,17
International economic issues,Relationship between countries at different levels of development,Explain Foreign Direct Investment (FDI): definition of FDI; consequences of FDI,Economics,Cambridge Assessment International Education,Cambridge International AS & A Level,A Level,Paper 4,9708/4,120,60,33
International economic issues,Relationship between countries at different levels of development,Explain external debt: causes of debt; consequences of debt,Economics,Cambridge Assessment International Education,Cambridge International AS & A Level,A Level,Paper 3,9708/3,75,30,17
International economic issues,Relationship between countries at different levels of development,Explain external debt: causes of debt; consequences of debt,Economics,Cambridge Assessment International Education,Cambridge International AS & A Level,A Level,Paper 4,9708/4,120,60,33
International economic issues,Relationship between countries at different levels of development,Explain the role of the International Monetary Fund (IMF),Economics,Cambridge Assessment International Education,Cambridge International AS & A Level,A Level,Paper 3,9708/3,75,30,17
International economic issues,Relationship between countries at different levels of development,Explain the role of the International Monetary Fund (IMF),Economics,Cambridge Assessment International Education,Cambridge International AS & A Level,A Level,Paper 4,9708/4,120,60,33
International economic issues,Relationship between countries at different levels of development,Explain the role of the World Bank,Economics,Cambridge Assessment International Education,Cambridge International AS & A Level,A Level,Paper 3,9708/3,75,30,17
International economic issues,Relationship between countries at different levels of development,Explain the role of the World Bank,Economics,Cambridge Assessment International Education,Cambridge International AS & A Level,A Level,Paper 4,9708/4,120,60,33
International economic issues,Globalisation,Explain the meaning of globalisation and its causes and consequences,Economics,Cambridge Assessment International Education,Cambridge International AS & A Level,A Level,Paper 3,9708/3,75,30,17
International economic issues,Globalisation,Explain the meaning of globalisation and its causes and consequences,Economics,Cambridge Assessment International Education,Cambridge International AS & A Level,A Level,Paper 4,9708/4,120,60,33
International economic issues,Globalisation,"Distinguish between a free trade area, a customs union, a monetary union and full economic union",Economics,Cambridge Assessment International Education,Cambridge International AS & A Level,A Level,Paper 3,9708/3,75,30,17
International economic issues,Globalisation,"Distinguish between a free trade area, a customs union, a monetary union and full economic union",Economics,Cambridge Assessment International Education,Cambridge International AS & A Level,A Level,Paper 4,9708/4,120,60,33
International economic issues,Globalisation,Explain trade creation and trade diversion,Economics,Cambridge Assessment International Education,Cambridge International AS & A Level,A Level,Paper 3,9708/3,75,30,17
International economic issues,Globalisation,Explain trade creation and trade diversion,Economics,Cambridge Assessment International Education,Cambridge International AS & A Level,A Level,Paper 4,9708/4,120,60,33
